Date,Ticker,Open,High,Low,Close,Volume,return_1,return_5,return_10,return_20,ma_dist_5,ma_dist_10,ma_dist_20,ma_dist_50,volatility_5,volatility_10,volatility_20,volume_change,volume_ratio_20,intraday_return,range_pct,close_position,target
1989-11-02,NEOG,0.0,0.4778969883918762,0.4445559978485107,0.4445559978485107,86603,-0.04761739369830298,-0.02438829137026366,-0.09090796067351992,-0.16666635009632869,-0.02438872526697823,-0.03845997902287756,-0.08045861374760374,-0.06933330678663202,0.0262412644076578,0.02005915365217723,0.020092707353548057,2.3477521357609494,1.051909191558053,inf,0.07499840448610254,0.0,0
1989-11-03,NEOG,0.0,0.4778969883918762,0.4445559978485107,0.4445559978485107,43864,0.0,-0.02438829137026366,-0.06976606120820728,-0.14893567493557758,-0.019606703921306538,-0.031475565067988286,-0.07300001292607589,-0.06716292558628159,0.0262412644076578,0.01965241523587346,0.01998009359278538,-0.4935048439430505,0.6382980271462924,inf,0.07499840448610254,0.0,0
1989-11-06,NEOG,0.0,0.4778969883918762,0.4445559978485107,0.4445559978485107,62984,0.0,-0.02438829137026366,-0.06976606120820728,-0.14893567493557758,-0.014777572894770672,-0.02438894221519047,-0.06541942597104457,-0.06629195987408437,0.0262412644076578,0.01965241523587346,0.01998009359278538,0.4358927594382638,0.9010431866691846,inf,0.07499840448610254,0.0,1
1989-11-07,NEOG,0.0,0.4778969883918762,0.4556689858436584,0.4556689858436584,26993,0.02499794862498872,0.0,-0.023809782234640142,-0.12766081266105633,0.009850966722192633,0.0024443446454224514,-0.03529480664495067,-0.04250415939840264,0.029523649446289404,0.021096461237572944,0.021238502443957644,-0.5714308395783056,0.40885537761527035,inf,0.04878103017492688,0.0,1
1989-11-08,NEOG,0.0,0.5112389922142029,0.4778969883918762,0.4778969883918762,123719,0.048781030174926965,0.023809782234640364,0.023809782234640364,-0.08510720844070419,0.05392075803185007,0.04878033051766903,0.01654831304125294,0.003266270229440556,0.03582951582144988,0.02658777982110295,0.024574031083039273,3.583373467195199,1.7944554475550494,inf,0.06976818149560333,0.0,0
1989-11-09,NEOG,0.0,0.500124990940094,0.4778969883918762,0.4778969883918762,57361,0.0,0.07499840448610251,0.048781030174926965,-0.08510720844070419,0.03864685361076183,0.04368911091283076,0.02137757190148966,0.003266270229440556,0.02188503368647755,0.024969421890435495,0.024574031083039273,-0.5363606236713844,0.8846552164213576,inf,0.04651212099706889,0.0,0
1989-11-10,NEOG,0.0,0.500124990940094,0.4778969883918762,0.4778969883918762,127093,0.0,0.07499840448610251,0.048781030174926965,-0.0444448946780992,0.023809337743520766,0.038647082344721036,0.02380944886626449,0.0037346533912051122,0.02188503368647755,0.024969421890435495,0.022856017153628373,1.2156691828943011,1.866226344168125,inf,0.04651212099706889,0.0,0
1989-11-13,NEOG,0.0,0.5112389922142029,0.4778969883918762,0.4778969883918762,125969,0.0,0.07499840448610251,0.048781030174926965,0.0,0.00938977184020707,0.033653535319925106,0.02380944886626449,0.0037346533912051122,0.02188503368647755,0.024969421890435495,0.020559448939103254,-0.008843917446279548,1.8421152687517912,inf,0.06976818149560333,0.0,0
1989-11-14,NEOG,0.0,0.4890109896659851,0.4556689858436584,0.4556689858436584,74231,-0.04651212099706903,0.0,0.0,-0.04651212099706903,-0.03755908736082852,-0.01442388298392339,-0.0214802666797105,-0.04205672676527165,0.033696946133149996,0.029867382814506446,0.023061713697126385,-0.41072009780184016,1.1568749990259504,inf,0.07317154526239025,0.0,0
1989-11-15,NEOG,0.0,0.4778969883918762,0.4556689858436584,0.4556689858436584,50612,0.0,-0.04651212099706903,-0.023809782234640142,-0.06818252457905027,-0.02843632613500284,-0.0120489762523017,-0.017964589684153938,-0.0416088757709386,0.02080085286542832,0.02866252972383331,0.022287938162056122,-0.3181824305209414,0.7846517576838107,inf,0.04878103017492688,0.0,0
1989-11-16,NEOG,0.0,0.4778969883918762,0.4556689858436584,0.4556689858436584,4499,0.0,-0.04651212099706903,0.02499794862498872,-0.06818252457905027,-0.01913896470407229,-0.01442366698081943,-0.014423558979231947,-0.0416088757709386,0.02080085286542832,0.023789623290153272,0.022287938162056122,-0.9111080376195368,0.07476856064288664,inf,0.04878103017492688,0.0,0
1989-11-17,NEOG,0.0,0.4890109896659851,0.4556689858436584,0.4556689858436584,13497,0.0,-0.04651212099706903,0.02499794862498872,-0.04651212099706903,-0.009661942136800713,-0.01678696922174417,-0.012048650684244157,-0.04205668595315179,0.02080085286542832,0.023789623290153272,0.021819071790500168,2.0,0.23301644684878792,inf,0.07317154526239025,0.0,0
1989-11-20,NEOG,0.0,0.4890109896659851,0.4556689858436584,0.4556689858436584,22494,0.0,-0.04651212099706903,0.02499794862498872,-0.04651212099706903,0.0,-0.01913896470407229,-0.009662269279783144,-0.04250407785039115,0.02080085286542832,0.023789623290153272,0.021819071790500168,0.6665925761280285,0.416226813451968,inf,0.07317154526239025,0.0,0
1989-11-21,NEOG,0.0,0.4890109896659851,0.4556689858436584,0.4556689858436584,76481,0.0,0.0,0.0,-0.023809782234640142,0.0,-0.01913896470407229,-0.008464750149033121,-0.042504077850390926,0.0,0.02246590381911462,0.021247341162856415,2.4000622388192405,1.4255810919122445,inf,0.07317154526239025,0.0,1
1989-11-22,NEOG,0.0,0.4890109896659851,0.4667829871177673,0.4667829871177673,57361,0.024390515087463482,0.024390515087463482,-0.02325606049853457,0.0,0.019417690574984207,0.0071943232513741314,0.01571930532220866,-0.019608176973508334,0.010907769948360506,0.01735043413185892,0.021993913699002686,-0.24999673121428856,1.070311683658999,inf,0.04761956446928046,0.0,0
1989-11-24,NEOG,0.4667829871177673,0.4667829871177673,0.4667829871177673,0.4667829871177673,0,0.0,0.024390515087463482,-0.02325606049853457,0.024390515087463482,0.014492913205200951,0.009615489982884664,0.01449257808303255,-0.020065667465999054,0.010907769948360506,0.01735043413185892,0.0212561566621417,-1.0,0.0,0.0,0.0,0.5,0
1989-11-27,NEOG,0.0,0.4890109896659851,0.4667829871177673,0.4667829871177673,26993,0.0,0.024390515087463482,-0.02325606049853457,0.024390515087463482,0.009615489982884664,0.01204832511597168,0.013268810410384243,-0.020522731190488138,0.010907769948360506,0.01735043413185892,0.0212561566621417,inf,0.529212768314285,inf,0.04761956446928046,0.0,0
1989-11-28,NEOG,0.0,0.4890109896659851,0.4667829871177673,0.4667829871177673,11247,0.0,0.024390515087463482,-0.02325606049853457,0.024390515087463482,0.004784741176018103,0.01449291320520083,0.012047991606921589,-0.02097936874386006,0.010907769948360506,0.01735043413185892,0.0212561566621417,-0.5833364205534768,0.2185757304563038,inf,0.04761956446928046,0.0,0
1989-11-29,NEOG,0.0,0.4890109896659851,0.4556689858436584,0.4556689858436584,11247,-0.023809782234640142,0.0,0.0,0.0,-0.019138964704072173,-0.009661942136800713,-0.012048650684244157,-0.044289636777288706,0.01704212065855874,0.011361578681523902,0.021993913699002686,0.0,0.2185757304563038,inf,0.07317154526239025,0.0,0
1989-11-30,NEOG,0.0,0.4778969883918762,0.4556689858436584,0.4556689858436584,29243,0.0,-0.023809782234640142,0.0,-0.023809782234640142,-0.014423234974327117,-0.009661942136800713,-0.010856899310639902,-0.044289636777288706,0.010648058321224426,0.011361578681523902,0.021247341162856415,1.6000711300791322,0.566455300821024,inf,0.04878103017492688,0.0,0
1989-12-01,NEOG,0.0,0.4890109896659851,0.4556689858436584,0.4556689858436584,14621,0.0,-0.023809782234640142,0.0,0.02499794862498872,-0.009661942136800713,-0.009661942136800713,-0.012048542161510627,-0.044289636777288706,0.010648058321224426,0.011361578681523902,0.01819614227631374,-0.5000170981089491,0.30444274858434434,inf,0.07317154526239025,0.0,1
1989-12-04,NEOG,0.0,0.4890109896659851,0.4667829871177673,0.4667829871177673,30367,0.024390515087463482,0.0,0.024390515087463482,0.049998176555545504,0.014492913205200951,0.012048325115971923,0.009615379347010088,-0.02143558072188707,0.01704212065855874,0.01372080277921496,0.018901577402809705,1.0769441214691198,0.6413223908461562,inf,0.04761956446928046,0.0,0
1989-12-05,NEOG,0.0,0.4890109896659851,0.4556689858436584,0.4556689858436584,11247,-0.023809782234640142,-0.023809782234640142,0.0,0.02499794862498872,-0.004854422643745961,-0.012048325115971684,-0.015606413308333528,-0.04339769052788108,0.02012952395933133,0.016067465444621627,0.019803058208454186,-0.6296308492771758,0.251252408477842,inf,0.07317154526239025,0.0,0
1989-12-06,NEOG,0.0,0.4890109896659851,0.4556689858436584,0.4556689858436584,12372,0.0,0.0,0.0,0.0,-0.004854422643745961,-0.012048325115971684,-0.015606413308333528,-0.042504077850390926,0.01704212065855874,0.016067465444621627,0.019009670452536303,0.10002667377967467,0.2809730041537312,inf,0.07317154526239025,0.0,0
1989-12-07,NEOG,0.0,0.4890109896659851,0.4556689858436584,0.4556689858436584,5624,0.0,0.0,-0.023809782234640142,-0.04651212099706903,-0.004854422643746202,-0.009661942136800595,-0.013237209007793656,-0.04160879407035666,0.01704212065855874,0.013641235740843752,0.015190282931884737,-0.5454251535725833,0.14750334072511112,inf,0.07317154526239025,0.0,0
1989-12-08,NEOG,0.0,0.4890109896659851,0.4556689858436584,0.4556689858436584,56236,0.0,0.0,-0.023809782234640142,-0.04651212099706903,-0.004854422643745961,-0.007264002696033074,-0.010856572956437232,-0.040711834495816945,0.01704212065855874,0.013641235740843752,0.015190282931884737,8.999288762446657,1.4771076679003041,inf,0.07317154526239025,0.0,0
1989-12-11,NEOG,0.0,0.4890109896659851,0.4556689858436584,0.4556689858436584,28118,0.0,-0.023809782234640142,-0.023809782234640142,-0.04651212099706903,0.0,-0.004854422643745961,-0.008464422214407817,-0.03981319441722957,0.010648058321224426,0.013641235740843752,0.015190282931884737,-0.5,0.8488978185819802,inf,0.07317154526239025,0.0,0
1989-12-12,NEOG,0.0,0.4890109896659851,0.4556689858436584,0.4556689858436584,33742,0.0,0.0,-0.023809782234640142,-0.04651212099706903,0.0,-0.0024331170110295326,-0.0060606730375751755,-0.03801085382134013,0.0,0.013641235740843752,0.015190282931884737,0.20001422576285655,1.1834481404060102,inf,0.07317154526239025,0.0,0
1989-12-13,NEOG,0.0,0.4890109896659851,0.4556689858436584,0.4556689858436584,103474,0.0,0.0,0.0,0.0,0.0,-0.0024331170110295326,-0.0060606730375751755,-0.0357483906604482,0.0,0.011361578681523904,0.011058548640034761,2.066623199573232,3.4521539680553817,inf,0.07317154526239025,0.0,0
1989-12-14,NEOG,0.0,0.4890109896659851,0.4556689858436584,0.4556689858436584,33742,0.0,0.0,0.0,0.0,0.0,-0.0024331170110295326,-0.006060673037574935,-0.03210623065396427,0.0,0.011361578681523904,0.011058548640034761,-0.6739084214392022,1.1583148102058856,inf,0.07317154526239025,0.0,1
1989-12-15,NEOG,0.0,0.5112389922142029,0.4667829871177673,0.4667829871177673,143964,0.024390515087463482,0.024390515087463482,0.024390515087463482,0.024390515087463482,0.019417690574984207,0.01941769057498396,0.016949339624077336,-0.005682008271408457,0.010907769948360506,0.01372080277921496,0.012324254974161527,3.2666113449113867,3.987535834475882,inf,0.0952391289385608,0.0,1
1989-12-18,NEOG,0.0,0.5556939840316772,0.5112389922142029,0.5112389922142029,133842,0.09523912893856079,0.12195257543731697,0.09523912893856079,0.12195257543731697,0.09004836609417535,0.10577038981173285,0.10710105469942101,0.08953185347395108,0.0412405703199196,0.032169948098422156,0.024343452821611756,-0.07030924397766103,3.1775787468171863,inf,0.0869554014746361,0.0,0
1989-12-19,NEOG,0.0,0.5556939840316772,0.5112389922142029,0.5112389922142029,183329,0.0,0.12195257543731697,0.12195257543731697,0.12195257543731697,0.06481549876379768,0.09263758264813707,0.10047956469637934,0.09004822479234542,0.0412405703199196,0.03024761466119318,0.024343452821611756,0.36974193451980697,3.6547022177921753,inf,0.0869554014746361,0.0,0
1989-12-20,NEOG,0.0,0.5556939840316772,0.5112389922142029,0.5112389922142029,124844,0.0,0.12195257543731697,0.12195257543731697,0.12195257543731697,0.04072440191180877,0.07981306064176028,0.09393680907843012,0.09056508579953267,0.0412405703199196,0.03024761466119318,0.024343452821611756,-0.3190166313021944,2.374333523834338,inf,0.0869554014746361,0.0,0
1989-12-21,NEOG,0.0,0.5556939840316772,0.5112389922142029,0.5112389922142029,69733,0.0,0.12195257543731697,0.12195257543731697,0.09523912893856079,0.017699293547480167,0.0672860944973159,0.08875835410918967,0.09108243719242083,0.0412405703199196,0.03024761466119318,0.02398403401077861,-0.4414389157668771,1.3107891558621596,inf,0.0869554014746361,0.0,0
1989-12-22,NEOG,0.0,0.5556939840316772,0.5112389922142029,0.5112389922142029,88853,0.0,0.09523912893856079,0.12195257543731697,0.09523912893856079,0.0,0.05504644709417178,0.08362869547049898,0.09160027966924084,0.04259223328489786,0.03024761466119318,0.02398403401077861,0.27418869115053135,1.541465496453101,inf,0.0869554014746361,0.0,0
1989-12-26,NEOG,0.0,0.5556939840316772,0.5112389922142029,0.5112389922142029,6748,0.0,0.0,0.12195257543731697,0.09523912893856079,0.0,0.04308434558500433,0.07854714668847157,0.09108243719242083,0.0,0.03024761466119318,0.02398403401077861,-0.9240543369385389,0.1191601925846266,inf,0.0869554014746361,0.0,0
1989-12-27,NEOG,0.0,0.5334669947624207,0.5112389922142029,0.5112389922142029,59610,0.0,0.0,0.12195257543731697,0.09523912893856079,0.0,0.03139045537124389,0.07351303410567257,0.08953185347395108,0.0,0.03024761466119318,0.02398403401077861,7.833728512151749,1.009521099854694,inf,0.04347869174052458,0.0,0
1989-12-28,NEOG,0.0,0.5334669947624207,0.4890109896659851,0.4890109896659851,60735,-0.043478691740524544,-0.043478691740524544,0.07317154526239023,0.07317154526239023,-0.03508807006887852,-0.020044746938471074,0.023256060498534684,0.041666981438676684,0.01944426206091428,0.03492195869089358,0.025570543212803932,0.018872672370407573,0.9872046188205233,inf,0.09091003277206684,0.0,1
1989-12-29,NEOG,0.0,0.5556939840316772,0.5112389922142029,0.5112389922142029,17996,0.04545501638603344,0.0,0.12195257543731697,0.12195257543731697,0.00877201751721974,0.013215991731316658,0.06358448521225389,0.08798567070222565,0.03144747199021423,0.03673197652617542,0.02718094099311461,-0.7036963859389149,0.29521070015756273,inf,0.0869554014746361,0.0,1
1990-01-02,NEOG,0.0,0.6001499891281128,0.5556939840316772,0.5556939840316772,287928,0.0869554014746361,0.0869554014746361,0.19047608710614417,0.21951241206997074,0.0775854277038384,0.08225013398115598,0.14416429662834557,0.17924495844655103,0.04983980992538889,0.04371167946061453,0.03257216110091527,14.99955545676817,3.858321317731812,inf,0.08000087525493409,0.0,0
1990-01-03,NEOG,0.0,0.6001499891281128,0.5556939840316772,0.5556939840316772,864909,0.0,0.0869554014746361,0.0869554014746361,0.19047608710614417,0.059321493700211614,0.07296055049022203,0.13378639802624104,0.1753640485740158,0.04983980992538889,0.03452360191821501,0.03247949488459829,2.0039072268067017,7.4335359077560135,inf,0.08000087525493409,0.0,0
1990-01-04,NEOG,0.0,0.6001499891281128,0.5556939840316772,0.5556939840316772,156336,0.0,0.0869554014746361,0.0869554014746361,0.21951241206997074,0.04166635009596776,0.06382908559095052,0.1223340054798877,0.17150859915643635,0.04983980992538889,0.03452360191821501,0.031629677642068754,-0.8192457241166412,1.2647852969194644,inf,0.08000087525493409,0.0,0
1990-01-05,NEOG,0.0,0.6001499891281128,0.5556939840316772,0.5556939840316772,111347,0.0,0.13636297705955314,0.0869554014746361,0.21951241206997074,0.0162599667458476,0.05485173633068336,0.11111066087727425,0.16713322001944167,0.03911807960733211,0.03452360191821501,0.031629677642068754,-0.2877712107256166,0.8661395272858804,inf,0.08000087525493409,0.0,0
1990-01-08,NEOG,0.0,0.6001499891281128,0.5556939840316772,0.5556939840316772,24744,0.0,0.0869554014746361,0.0869554014746361,0.21951241206997074,0.0,0.04602463374516139,0.1001095608114012,0.16279040182033847,0.03888763774161434,0.03452360191821501,0.031629677642068754,-0.7777757820147826,0.1910563926755539,inf,0.08000087525493409,0.0,0
1990-01-09,NEOG,0.0,0.577921986579895,0.5556939840316772,0.5556939840316772,76481,0.0,0.0,0.0869554014746361,0.21951241206997074,0.0,0.0373440372989074,0.08932416867565024,0.15794319505304322,0.0,0.03452360191821501,0.031629677642068754,2.0908907209828644,0.5859546634233234,inf,0.04000043762746704,0.0,1
1990-01-10,NEOG,0.0,0.6001499891281128,0.577921986579895,0.577921986579895,110222,0.04000043762746697,0.04000043762746697,0.13043409321516064,0.2682934422448977,0.03174637631285347,0.06557390831618887,0.11948329426473402,0.1981568640277404,0.017888739532951285,0.03567676137715486,0.03219518785483063,0.4411683947647127,0.8187094974743544,inf,0.038461943072561844,0.0,0
1990-01-11,NEOG,0.0,0.6001499891281128,0.577921986579895,0.577921986579895,132717,0.0,0.04000043762746697,0.13043409321516064,0.2682934422448977,0.023622301615524664,0.05263177322047191,0.10638292919564707,0.192113876059689,0.017888739532951285,0.03567676137715486,0.03219518785483063,0.20408811308087316,0.950846732680077,inf,0.038461943072561844,0.0,0
1990-01-12,NEOG,0.0,0.6001499891281128,0.5556939840316772,0.5556939840316772,104599,-0.0384619430725619,0.0,0.13636297705955314,0.21951241206997074,-0.015748201077016376,-1.8234474460563825e-07,0.05374028574135542,0.1415521882508345,0.02774384022718723,0.03482101109299136,0.03407070382298695,-0.21186434292517164,0.749094328420846,inf,0.08000087525493409,0.0,0
1990-01-15,NEOG,0.0,0.6001499891281128,0.5556939840316772,0.5556939840316772,193452,0.0,0.0,0.0869554014746361,0.21951241206997074,-0.015748201077016376,-0.007936594078213467,0.04384084338148381,0.13739731528353166,0.02774384022718723,0.03309494919079593,0.03407070382298695,0.8494631879845889,1.3104777182139615,inf,0.08000087525493409,0.0,1
1990-01-16,NEOG,0.0,0.6334919929504395,0.5890359878540039,0.5890359878540039,96726,0.06000065644120056,0.06000065644120056,0.06000065644120056,0.2619054338100646,0.03112873595916405,0.04536538098914121,0.0939113827068794,0.19855312097933478,0.0384773356263676,0.02645904201286856,0.03572486467995525,-0.5,0.6658930981556553,inf,0.07547247708650058,0.0,1
1990-01-17,NEOG,0.0,0.6446059942245483,0.6001499891281128,0.6001499891281128,103474,0.018868119271625128,0.0384619430725619,0.08000087525493416,0.17391278495568518,0.04247149098667169,0.05675207524450145,0.10542512502094867,0.21348383115506356,0.035738156563876466,0.02664354802519598,0.030017059171133925,0.06976407584310329,0.7198734652319845,inf,0.0740748244634986,0.0,1
1990-01-18,NEOG,0.0,0.6446059942245483,0.6112639904022217,0.6112639904022217,302549,0.018518706115874695,0.05769291460884274,0.10000109406866753,0.19565213082594757,0.04961883860517852,0.06589217141251434,0.11561922206079611,0.22767950266737733,0.03565075180064981,0.02666614243107682,0.030027754202065122,1.9239132535709453,2.0210333790580703,inf,0.054545997058303854,0.0,0
1990-01-19,NEOG,0.0,0.6446059942245483,0.6112639904022217,0.6112639904022217,151837,0.0,0.10000109406866753,0.10000109406866753,0.19565213082594757,0.02996285375525122,0.055662772535788135,0.10552819073666136,0.22005413237233798,0.024505932195298636,0.02666614243107682,0.030027754202065122,-0.49814079702791947,1.0052115262648478,inf,0.054545997058303854,0.0,0
1990-01-22,NEOG,0.0,0.6446059942245483,0.6112639904022217,0.6112639904022217,239565,0.0,0.10000109406866753,0.10000109406866753,0.19565213082594757,0.01102952267392599,0.045627850945398715,0.09561807437333178,0.21359310216243937,0.024505932195298636,0.02666614243107682,0.030027754202065122,0.5777774850662223,1.501585168489182,inf,0.054545997058303854,0.0,0
1990-01-23,NEOG,0.0,0.6446059942245483,0.6001499891281128,0.6001499891281128,521870,-0.018181999019434625,0.018868119271625128,0.08000087525493416,0.17391278495568518,-0.010989121087193418,0.018868119271625145,0.06719401773754677,0.18577136821421636,0.015457752247914465,0.028002002606995004,0.030596932350680603,1.1784066954688708,2.8802004500744376,inf,0.0740748244634986,0.0,0
1990-01-24,NEOG,0.0,0.6001499891281128,0.5668079853057861,0.5668079853057861,379030,-0.05555611834762397,-0.05555611834762397,-0.01923097153628095,0.10869474734489848,-0.055556118347623945,-0.03591719560915343,0.0029496145029687176,0.11597366059660591,0.028063201771263462,0.031926085407519074,0.03376550999099051,-0.27370801157376357,1.8969867574278796,inf,0.058824160362418054,0.0,0
1990-01-25,NEOG,0.0,0.6001499891281128,0.5556939840316772,0.5556939840316772,51737,-0.019608053454139407,-0.09090999509717312,-0.0384619430725619,0.0869554014746361,-0.05660435781487544,-0.051233928394900596,-0.020568465840303557,0.09075013084558556,0.022687229960168403,0.03242326562247284,0.03422149362983641,-0.863501569796586,0.25944686572119025,inf,0.08000087525493409,0.0,0
1990-01-26,NEOG,0.0,0.6001499891281128,0.5556939840316772,0.5556939840316772,42739,0.0,-0.09090999509717312,0.0,0.13636297705955314,-0.038461943072561844,-0.051233928394900596,-0.026290532042623077,0.08648383081783399,0.022687229960168403,0.02999803158249953,0.032326672754737405,-0.17391808570268863,0.21529583216002587,inf,0.08000087525493409,0.0,0
1990-01-29,NEOG,0.0,0.6001499891281128,0.5556939840316772,0.5556939840316772,44989,0.0,-0.09090999509717312,0.0,0.0869554014746361,-0.01960805345413935,-0.051233928394900596,-0.030068214319410917,0.08225077470389708,0.022687229960168403,0.02999803158249953,0.031045831996496725,0.05264512506141927,0.22509969976866603,inf,0.08000087525493409,0.0,0
1990-01-30,NEOG,0.0,0.5556939840316772,0.5334669947624207,0.5334669947624207,161960,-0.03999861417968764,-0.11111054831904277,-0.0943388761254369,-0.03999861417968764,-0.03614349749706781,-0.08045902730958575,-0.06705441714621883,0.03582335143086983,0.024588380016835165,0.02398978410002381,0.025874782278420327,2.5999911089377403,0.836725189039396,inf,0.04166516295756099,0.0,0
1990-01-31,NEOG,0.0,0.5556939840316772,0.5334669947624207,0.5334669947624207,21370,0.0,-0.058822372668900225,-0.11111054831904277,-0.03999861417968764,-0.024389385150498374,-0.06976674331641472,-0.06523764435847831,0.03270336852967564,0.017844984808581293,0.022175742271803984,0.025874782278420327,-0.8680538404544332,0.1411612078167771,inf,0.04166516295756099,0.0,0
1990-02-01,NEOG,0.0,0.577921986579895,0.5334669947624207,0.5334669947624207,22494,0.0,-0.03999861417968764,-0.12727233545789163,-0.03999861417968764,-0.016392860698093807,-0.05697378758328223,-0.06341378197512741,0.02960212446241389,0.01788792406231368,0.020064753790500302,0.025874782278420327,0.0525970987365465,0.1554579249746536,inf,0.0833322253371502,0.0,0
1990-02-02,NEOG,0.0,0.577921986579895,0.5334669947624207,0.5334669947624207,15746,0.0,-0.03999861417968764,-0.12727233545789163,-0.03999861417968764,-0.008264167018406161,-0.04382405721049106,-0.06158278841642566,0.026519450914433234,0.01788792406231368,0.020064753790500302,0.025874782278420327,-0.2999911087401085,0.11253971606342564,inf,0.0833322253371502,0.0,1
1990-02-05,NEOG,0.0,0.577921986579895,0.5556939840316772,0.5556939840316772,24744,0.041665162957561064,0.0,-0.09090999509717312,0.0,0.03305666807362444,0.006035545532198826,-0.022483482373616043,0.06564321308860235,0.028876112375152828,0.026451008729416987,0.027637860990246847,0.5714467166264448,0.1768501672979426,inf,0.04000043762746704,0.0,0
1990-02-06,NEOG,0.0,0.577921986579895,0.5556939840316772,0.5556939840316772,46113,0.0,0.041665162957561064,-0.07407482446349856,0.0,0.024589291047140506,0.01419819027319431,-0.022483482373616043,0.0620216589857677,0.018633227333342516,0.026387376880443385,0.027637860990246847,0.8636032977691561,0.33319448122479844,inf,0.04000043762746704,0.0,0
1990-02-07,NEOG,0.0,0.6001499891281128,0.5556939840316772,0.5556939840316772,85479,0.0,0.041665162957561064,-0.019608053454139407,-0.0384619430725619,0.016259590100332386,0.016259590100332386,-0.02056864076108861,0.058424636981104026,0.018633227333342516,0.020243410290844328,0.02601833848793368,0.8536855116778348,0.6232087460219671,inf,0.08000087525493409,0.0,0
1990-02-08,NEOG,0.0,0.6001499891281128,0.5556939840316772,0.5556939840316772,56236,0.0,0.041665162957561064,0.0,-0.0384619430725619,0.008064234476634667,0.016259590100332386,-0.01864628251858562,0.054851898648513385,0.018633227333342516,0.019251543089935284,0.02601833848793368,-0.3421074181962821,0.4217633045075409,inf,0.08000087525493409,0.0,0
1990-02-09,NEOG,0.0,0.6001499891281128,0.5556939840316772,0.5556939840316772,21370,0.0,0.041665162957561064,0.0,0.0,0.0,0.016259590100332386,-0.01864628251858562,0.05086128453807721,0.018633227333342516,0.019251543089935284,0.024532273336734526,-0.6199943096948574,0.16543576880796446,inf,0.08000087525493409,0.0,0
1990-02-12,NEOG,0.0,0.5890359878540039,0.5556939840316772,0.5556939840316772,14621,0.0,0.0,0.0,0.0,0.0,0.016259590100332386,-0.01864628251858562,0.0469007504457488,0.0,0.019251543089935284,0.024532273336734526,-0.3158165652784277,0.12160610550645853,inf,0.06000065644120057,0.0,0
1990-02-13,NEOG,0.0,0.6001499891281128,0.5334669947624207,0.5334669947624207,44989,-0.03999861417968764,-0.03999861417968764,0.0,-0.0943388761254369,-0.03225693790653847,-0.024389385150498374,-0.053253639820610245,0.002088694369365338,0.01788792406231368,0.019251543089935284,0.02175426407628761,2.077012516243759,0.3824112418993995,inf,0.12499928771673942,0.0,1
1990-02-14,NEOG,0.0,0.6001499891281128,0.5556939840316772,0.5556939840316772,26993,0.041665162957561064,0.0,0.041665162957561064,-0.07407482446349856,0.008064234476634667,0.012145323081513806,-0.009901544229482633,0.04036576049692184,0.028876112375152828,0.023295438324710357,0.023575928027846527,-0.4000088910622597,0.23715192773249003,inf,0.08000087525493409,0.0,1
1990-02-15,NEOG,0.0,0.6001499891281128,0.577921986579895,0.577921986579895,82104,0.04000043762746697,0.04000043762746697,0.08333222533715023,-0.054545997058303874,0.04000005835030762,0.04417680976218402,0.03277049427226647,0.07705051662161141,0.033869906996270065,0.02577136878937236,0.02507700229695219,2.041677471937169,0.7986824813009427,inf,0.038461943072561844,0.0,0
1990-02-16,NEOG,0.0,0.6001499891281128,0.577921986579895,0.577921986579895,22494,0.0,0.04000043762746697,0.08333222533715023,-0.054545997058303874,0.031746003032140396,0.035856776307226605,0.035856494111539496,0.07216491589551606,0.033869906996270065,0.02577136878937236,0.02507700229695219,-0.7260304004676995,0.2335045984128871,inf,0.038461943072561844,0.0,0
1990-02-20,NEOG,0.0,0.6001499891281128,0.5556939840316772,0.5556939840316772,140590,-0.0384619430725619,0.0,0.0,-0.09090999509717312,-0.007936953001825007,-0.003984288054429373,0.001000555188762287,0.027115393908654115,0.040041155563146816,0.026696241486615025,0.026319156058513142,5.250111140748644,1.5384632219856125,inf,0.08000087525493409,0.0,0
1990-02-21,NEOG,0.0,0.6001499891281128,0.5556939840316772,0.5556939840316772,33742,0.0,0.041665162957561064,0.0,-0.07407482446349856,-0.015748201077016376,-0.003984288054429373,0.005024720427918769,0.023331504493300067,0.03332428046895795,0.026696241486615025,0.02613226646825636,-0.7599971548474287,0.5037848813771891,inf,0.08000087525493409,0.0,0
1990-02-22,NEOG,0.0,0.6001499891281128,0.5556939840316772,0.5556939840316772,127093,0.0,0.0,0.0,-0.019608053454139407,-0.015748201077016376,-0.003984288054429373,0.006035822361056042,0.019575392416312874,0.027743840227187226,0.026696241486615025,0.023084197775775344,2.7666113449113863,2.3371211738106643,inf,0.08000087525493409,0.0,0
1990-02-23,NEOG,0.0,0.577921986579895,0.5556939840316772,0.5556939840316772,94476,0.0,-0.0384619430725619,0.0,0.0,-0.007936594078213467,-0.003984288054429373,0.006035822361056042,0.015846752928240736,0.017200703851395077,0.026696241486615025,0.02265289494218588,-0.2566388392751765,1.671635664250289,inf,0.04000043762746704,0.0,0
1990-02-26,NEOG,0.0,0.577921986579895,0.5334669947624207,0.5334669947624207,101225,-0.03999861417968764,-0.07692213283068905,-0.03999861417968764,-0.03999861417968764,-0.03225693790653847,-0.039998964282039084,-0.0322571157924378,-0.02755174320116994,0.02149417591084729,0.029589306376554242,0.0243756778138208,0.07143613192768528,1.7029376831635863,inf,0.0833322253371502,0.0,0
1990-02-27,NEOG,0.0,0.577921986579895,0.5334669947624207,0.5334669947624207,97851,0.0,-0.03999861417968764,-0.03999861417968764,-0.03999861417968764,-0.024389385150498374,-0.03614367395701863,-0.03030214844017363,-0.030302130579643517,0.01788792406231368,0.029589306376554242,0.0243756778138208,-0.03333168683625587,1.5760938720614646,inf,0.0833322253371502,0.0,0
1990-02-28,NEOG,0.0,0.577921986579895,0.5334669947624207,0.5334669947624207,112472,0.0,-0.03999861417968764,0.0,0.0,-0.016392860698093807,-0.03614367395701863,-0.03030214844017363,-0.03264725259665162,0.01788792406231368,0.026696241486615025,0.02265289494218588,0.14942105854820076,1.886794351963845,inf,0.0833322253371502,0.0,0
1990-03-01,NEOG,0.0,0.577921986579895,0.5334669947624207,0.5334669947624207,20245,0.0,-0.03999861417968764,-0.03999861417968764,0.0,-0.008264167018406161,-0.03225729367827153,-0.03030214844017363,-0.03342644131958642,0.01788792406231368,0.022438377668247335,0.02265289494218588,-0.8199996443559285,0.3399444368416148,inf,0.0833322253371502,0.0,0
1990-03-02,NEOG,0.0,0.5556939840316772,0.5334669947624207,0.5334669947624207,55111,0.0,-0.03999861417968764,-0.07692213283068905,0.0,0.0,-0.024389565940506352,-0.03030214844017363,-0.03420437580217815,0.01788792406231368,0.01654490286321553,0.02265289494218588,1.722203013089652,0.9007317188774319,inf,0.04166516295756099,0.0,0
1990-03-05,NEOG,0.0,0.5556939840316772,0.5334669947624207,0.5334669947624207,76481,0.0,0.0,-0.07692213283068905,0.0,0.0,-0.016392860698093807,-0.03030214844017363,-0.034981059070369566,0.0,0.01654490286321553,0.02265289494218588,0.38776287855419067,1.1908949424218855,inf,0.04166516295756099,0.0,0
1990-03-06,NEOG,0.0,0.5556939840316772,0.5334669947624207,0.5334669947624207,13497,0.0,0.0,-0.03999861417968764,-0.03999861417968764,0.0,-0.012345238969247142,-0.028339266519334685,-0.03575649414037771,0.0,0.012648672405811993,0.02045203864422642,-0.8235247970084073,0.21201996258194036,inf,0.04166516295756099,0.0,0
1990-03-07,NEOG,0.0,0.5556939840316772,0.5334669947624207,0.5334669947624207,32617,0.0,0.0,-0.03999861417968764,-0.03999861417968764,0.0,-0.008264167018406161,-0.026368421869947044,-0.03653068401873257,0.0,0.012648672405811993,0.02045203864422642,1.4166110987626879,0.5178592125339172,inf,0.04166516295756099,0.0,0
1990-03-08,NEOG,0.0,0.577921986579895,0.5334669947624207,0.5334669947624207,60735,0.0,0.0,-0.03999861417968764,-0.03999861417968764,0.0,-0.004149228467730403,-0.024389565940506352,-0.0373036317023167,0.0,0.012648672405811993,0.02045203864422642,0.8620657939111507,0.9836089468169356,inf,0.0833322253371502,0.0,0
1990-03-09,NEOG,0.0,0.577921986579895,0.5334669947624207,0.5334669947624207,50612,0.0,0.0,-0.03999861417968764,-0.03999861417968764,0.0,0.0,-0.02240264978399067,-0.038075340178402736,0.0,0.012648672405811993,0.02045203864422642,-0.16667489915205402,0.823415910285215,inf,0.0833322253371502,0.0,0
1990-03-12,NEOG,0.0,0.5668079853057861,0.5334669947624207,0.5334669947624207,21370,0.0,0.0,0.0,-0.03999861417968764,0.0,0.0,-0.020407624053824548,-0.03961505140935564,0.0,0.0,0.02045203864422642,-0.5777681182328301,0.34767244927675345,inf,0.062498694147355593,0.0,0
1990-03-13,NEOG,0.0,0.5668079853057861,0.5334669947624207,0.5334669947624207,16871,0.0,0.0,0.0,-0.03999861417968764,0.0,0.0,-0.018404438999794524,-0.04038306009106708,0.0,0.0,0.02045203864422642,-0.2105287786616753,0.27397593961518973,inf,0.062498694147355593,0.0,0
1990-03-14,NEOG,0.0,0.5556939840316772,0.5334669947624207,0.5334669947624207,47238,0.0,0.0,0.0,0.0,0.0,0.0,-0.018404438999794524,-0.0396150864475843,0.0,0.0,0.018374349112343452,1.799952581352617,0.7657213346873969,inf,0.04166516295756099,0.0,0
1990-03-15,NEOG,0.0,0.5556939840316772,0.5112389922142029,0.5112389922142029,29243,-0.04166706237958917,-0.04166706237958917,-0.04166706237958917,-0.07999905180715472,-0.033613767291379874,-0.03765726289383445,-0.055441466906851804,-0.07815598235573527,0.01863407678069708,0.013176282052781669,0.01790967253241413,-0.38094330835344425,0.47316205351328045,inf,0.0869554014746361,0.0,1
1990-03-16,NEOG,0.0,0.5556939840316772,0.5334669947624207,0.5334669947624207,15746,0.043478691740524544,0.0,0.0,-0.07692213283068905,0.008403441822845073,0.004184140321537208,-0.010308910134225904,-0.03730373732357568,0.030107658172896175,0.020072680501722243,0.018370453990723155,-0.4615463529733611,0.26922935533538683,inf,0.04166516295756099,0.0,0
1990-03-19,NEOG,0.0,0.5556939840316772,0.5112389922142029,0.5112389922142029,28118,-0.04166706237958917,-0.04166706237958917,-0.04166706237958917,-0.11538407590325084,-0.025423974357957606,-0.033613767291379874,-0.04564322416544087,-0.07593382384271638,0.03551405954666343,0.0240458803495093,0.020185927007225907,0.7857233583132224,0.47846865526620963,inf,0.0869554014746361,0.0,0
1990-03-20,NEOG,0.0,0.5556939840316772,0.5112389922142029,0.5112389922142029,76481,0.0,-0.04166706237958917,-0.04166706237958917,-0.07999905180715472,-0.01709418360048129,-0.029536149035000795,-0.041666789337707524,-0.07444641211006355,0.03551405954666343,0.0240458803495093,0.01869948001494114,1.7200014225762859,1.3765181457563913,inf,0.0869554014746361,0.0,0
1990-03-21,NEOG,0.0,0.5556939840316772,0.5112389922142029,0.5112389922142029,1125,0.0,-0.04166706237958917,-0.04166706237958917,-0.07999905180715472,-0.008620774349999354,-0.025423974357957606,-0.03765707933948325,-0.07295420426948403,0.03551405954666343,0.0240458803495093,0.01869948001494114,-0.9852904642983225,0.020860239178866816,inf,0.0869554014746361,0.0,0
1990-03-22,NEOG,0.0,0.5334669947624207,0.5112389922142029,0.5112389922142029,33742,0.0,0.0,-0.04166706237958917,-0.07999905180715472,-0.008620774349999354,-0.021276802110176046,-0.03361367474134863,-0.07070683182275918,0.03010765817289618,0.0240458803495093,0.01869948001494114,28.99288888888889,0.6849387367344121,inf,0.04347869174052458,0.0,0
1990-03-23,NEOG,0.0,0.5334669947624207,0.5112389922142029,0.5112389922142029,35991,0.0,-0.04166706237958917,-0.04166706237958917,-0.07999905180715472,0.0,-0.01709418360048129,-0.029536149035000795,-0.06844853660024418,0.018634076780697083,0.0240458803495093,0.01869948001494114,0.06665283622784668,0.776696724433544,inf,0.04347869174052458,0.0,0
1990-03-26,NEOG,0.0,0.5334669947624207,0.4890109896659851,0.4890109896659851,2249,-0.043478691740524544,-0.043478691740524544,-0.08333412475917845,-0.08333412475917845,-0.03508807006887852,-0.05172464609999569,-0.06779726495455354,-0.10678054379506018,0.01944426206091428,0.02699511027881083,0.019064782395759212,-0.937512155816732,0.05433712452962388,inf,0.09091003277206684,0.0,0
1990-03-27,NEOG,0.0,0.5334669947624207,0.4890109896659851,0.4890109896659851,68608,0.0,-0.043478691740524544,-0.08333412475917845,-0.08333412475917845,-0.02654894032122036,-0.04347869174052458,-0.06383040633052814,-0.10459931075004535,0.01944426206091428,0.02699511027881083,0.019064782395759212,29.50600266785238,1.7183101413558541,inf,0.09091003277206684,0.0,0
1990-03-28,NEOG,0.0,0.5334669947624207,0.4890109896659851,0.4890109896659851,17996,0.0,-0.043478691740524544,-0.08333412475917845,-0.08333412475917845,-0.01785732456217949,-0.03508807006887852,-0.059829642601684614,-0.10130739645133224,0.01944426206091428,0.02699511027881083,0.019064782395759212,-0.7376982276119404,0.5111948141961947,inf,0.09091003277206684,0.0,0
1990-03-29,NEOG,0.0,0.5334669947624207,0.4890109896659851,0.4890109896659851,23619,0.0,-0.043478691740524544,-0.043478691740524544,-0.08333412475917845,-0.00900910150589191,-0.03083731403973916,-0.055794537217338507,-0.09762120482835618,0.01944426206091428,0.02436601218807602,0.019064782395759212,0.312458324072016,0.6677221005018023,inf,0.09091003277206684,0.0,0
1990-03-30,NEOG,0.0,0.5334669947624207,0.4890109896659851,0.4890109896659851,49488,0.0,-0.043478691740524544,-0.08333412475917845,-0.08333412475917845,0.0,-0.02222244733904958,-0.05172464609999569,-0.09353130571264044,0.01944426206091428,0.01795537919505472,0.019064782395759212,1.0952622888352597,1.4102620731319828,inf,0.09091003277206684,0.0,0
1990-04-02,NEOG,0.0,0.5334669947624207,0.4667829871177673,0.4667829871177673,188953,-0.04545501638603355,-0.04545501638603355,-0.08695738348104931,-0.12500118713876773,-0.03669763139611468,-0.058296559975167396,-0.08893797273305104,-0.13007516895221574,0.020328101311507547,0.018754657809633857,0.02113852533873786,2.8181579372777237,4.640875157650937,inf,0.14285869340784113,0.0,1
1990-04-03,NEOG,0.0,0.5112389922142029,0.4778969883918762,0.4778969883918762,83229,0.023809782234640364,-0.02272750819301672,-0.06521803761078682,-0.10416765594897304,-0.009216686670293602,-0.029345674434082616,-0.062159832846069206,-0.10491295684891884,0.025196036456265513,0.021342051103723534,0.022165777795697058,-0.5595253846194557,1.8829430189665293,inf,0.06976818149560333,0.0,0
1990-04-04,NEOG,0.0,0.500124990940094,0.4667829871177673,0.4667829871177673,41615,-0.02325606049853457,-0.04545501638603355,-0.08695738348104931,-0.12500118713876773,-0.02325606049853456,-0.04328063165779198,-0.07793711368113103,-0.12133949950830353,0.026318640458708846,0.021815394744326175,0.022483647742888822,-0.4999939924785832,0.9319966092926434,inf,0.07142934670392063,0.0,1
1990-04-05,NEOG,0.0,0.5112389922142029,0.4778969883918762,0.4778969883918762,33742,0.023809782234640364,-0.02272750819301672,-0.06521803761078682,-0.10416765594897304,0.004672946967181981,-0.013761611773542974,-0.050773137865080475,-0.09739752447631407,0.030215244271291363,0.024069990152985325,0.023450575220582418,-0.18918659137330285,0.7792285771030303,inf,0.06976818149560333,0.0,0
1990-04-06,NEOG,0.4778969883918762,0.4778969883918762,0.4778969883918762,0.4778969883918762,0,0.0,-0.02272750819301672,-0.06521803761078682,-0.10416765594897304,0.00938977184020707,-0.006928479408673002,-0.04550545491627577,-0.09473723002958989,0.030215244271291363,0.024069990152985325,0.023450575220582418,-1.0,0.0,0.0,0.0,0.5,0
1990-04-09,NEOG,0.0,0.4890109896659851,0.4445559978485107,0.4445559978485107,95601,-0.06976606120820728,-0.04761739369830298,-0.09090796067351992,-0.16666635009632869,-0.05213151366870834,-0.06759785884388908,-0.10414244986557279,-0.15433317412892558,0.03914613858926773,0.029406363167633006,0.02747636465414906,inf,2.14917018394771,inf,0.09999863241665934,0.0,0
1990-04-10,NEOG,0.0,0.4667829871177673,0.4334419965744018,0.4334419965744018,95601,-0.025000227930556784,-0.09302212170674162,-0.11363546886653664,-0.18749988128612338,-0.05797028041614275,-0.08018778667171822,-0.11764639147228988,-0.17162214206449433,0.03473061762242187,0.029610107132684305,0.02762754088146245,0.0,1.9744419833020959,inf,0.07692145848087516,0.0,0
1990-04-11,NEOG,0.4334419965744018,0.4334419965744018,0.4334419965744018,0.4334419965744018,0,0.0,-0.07142717593294312,-0.11363546886653664,-0.18749988128612338,-0.04411718699105013,-0.06921159516892425,-0.1085707545661501,-0.16844286677221917,0.03553960906067031,0.029610107132684305,0.02762754088146245,-1.0,0.0,0.0,0.0,0.5,0
1990-04-12,NEOG,0.0,0.4667829871177673,0.4334419965744018,0.4334419965744018,41615,0.0,-0.09302212170674162,-0.11363546886653664,-0.15217343908542302,-0.024999783465872408,-0.05797028041614275,-0.10138183018145058,-0.16523909364003816,0.030398128156437297,0.029610107132684305,0.026664940749378332,inf,0.8915726407282552,inf,0.07692145848087516,0.0,0
1990-04-16,NEOG,0.0,0.4667829871177673,0.4334419965744018,0.4334419965744018,31492,0.0,-0.09302212170674162,-0.11363546886653664,-0.18749988128612338,-0.005102088282090555,-0.046454119146560585,-0.09196673920722735,-0.16201053842142654,0.030398128156437297,0.029610107132684305,0.02388519500807811,-0.24325363450678839,0.6635028153360758,inf,0.07692145848087516,0.0,0
1990-04-17,NEOG,0.0,0.4667829871177673,0.4334419965744018,0.4334419965744018,33742,0.0,-0.025000227930556784,-0.07142717593294312,-0.15217343908542302,0.0,-0.03940835813469779,-0.08450639416629172,-0.1587569124553321,0.011180441821142716,0.027226040000907604,0.022773622493984857,0.07144671662644475,0.7067208858830712,inf,0.07692145848087516,0.0,0
1990-04-18,NEOG,0.0,0.4556689858436584,0.4334419965744018,0.4334419965744018,50612,0.0,0.0,-0.09302212170674162,-0.15217343908542302,0.0,-0.029850356990707972,-0.07692244614517252,-0.15474580980196107,0.0,0.02519361468352989,0.022773622493984857,0.4999703633453856,1.0895782652687778,inf,0.05128019307063443,0.0,0
1990-04-19,NEOG,0.0,0.4556689858436584,0.4223279953002929,0.4223279953002929,174331,-0.0256412654102407,-0.0256412654102407,-0.09523695816758326,-0.1739127849556854,-0.020618750498987065,-0.045226107630547456,-0.09199483581199974,-0.17211291413291568,0.011467122497282392,0.025349954971199823,0.02302191357027644,2.4444598119023158,3.16325327110774,inf,0.0789457268151467,0.0,1
1990-04-20,NEOG,0.0,0.4556689858436584,0.4334419965744018,0.4334419965744018,2249,0.026316042028438957,0.0,-0.09302212170674162,-0.15217343908542302,0.005154687624746799,-0.010152149181768424,-0.06024035771643651,-0.1462341053778979,0.018370611688128907,0.025727205617848064,0.024295177338407768,-0.987099253718501,0.042008605319907015,inf,0.05128019307063443,0.0,0
1990-04-23,NEOG,0.0,0.4445559978485107,0.4223279953002929,0.4223279953002929,91102,-0.0256412654102407,-0.0256412654102407,-0.11627818220527608,-0.1739127849556854,-0.015544188309355106,-0.023136463689829155,-0.07542543453022993,-0.163732064081939,0.02169572503512349,0.02596194636964669,0.024529927204669285,39.50778123610493,1.6183769687452259,inf,0.05263208405687795,0.0,0
1990-04-24,NEOG,0.0,0.4445559978485107,0.4223279953002929,0.4223279953002929,6748,0.0,-0.0256412654102407,-0.05000045586111357,-0.13636297705955336,-0.010416765594897279,-0.018088025747853072,-0.06862712783751529,-0.15929172658767546,0.02169572503512349,0.016271403580431498,0.023225482864982733,-0.925929178283682,0.11939738645703118,inf,0.05263208405687795,0.0,0
1990-04-25,NEOG,0.0,0.4445559978485107,0.4000999927520752,0.4000999927520752,86603,-0.052632084056877804,-0.07692379623072199,-0.07692379623072199,-0.18181799344558658,-0.0476195070409226,-0.0625005935693838,-0.10891106984079363,-0.19857539308287367,0.02988859156204833,0.021539280584990914,0.025276866792226908,11.833876704208654,1.5083189792552367,inf,0.11111223669524775,0.0,0
1990-04-26,NEOG,0.0,0.4223279953002929,0.3778719902038574,0.3778719902038574,44989,-0.05555611834762397,-0.10526416811375572,-0.1282063270512035,-0.22727300983162002,-0.08108188025382133,-0.10290336483830724,-0.1478703442289202,-0.2383518327915008,0.0349814228307148,0.026015133268883904,0.02714180069097805,-0.4805145318291514,0.7655545544191381,inf,0.11764832072483597,0.0,0
1990-04-27,NEOG,0.0,0.4223279953002929,0.3778719902038574,0.3778719902038574,21370,0.0,-0.1282063270512035,-0.1282063270512035,-0.22727300983162002,-0.055556118347623945,-0.09090997736782211,-0.13705650710157752,-0.23285257596523065,0.027074100902654247,0.026015133268883904,0.02714180069097805,-0.5249949987774789,0.364339406793387,inf,0.11764832072483597,0.0,0
1990-04-30,NEOG,0.0,0.4223279953002929,0.3778719902038574,0.3778719902038574,30367,0.0,-0.10526416811375572,-0.1282063270512035,-0.22727300983162002,-0.034091262289524984,-0.07859156263437664,-0.12596467906802494,-0.2265702050761367,0.029646589728508223,0.026015133268883904,0.02714180069097805,0.4210107627515207,0.5263089480493708,inf,0.11764832072483597,0.0,0
1990-05-01,NEOG,0.0,0.4000999927520752,0.3556439876556396,0.3556439876556396,94476,-0.05882416036241822,-0.15789625217063386,-0.17948885787168511,-0.23809565157542434,-0.0588241603624182,-0.11602326828760405,-0.1666678538059982,-0.26538213680380696,0.03057071530472866,0.029133401043968794,0.02814356782700603,2.1111403826522213,1.78343420004455,inf,0.1250014245692272,0.0,0
1990-05-02,NEOG,0.0,0.4000999927520752,0.3556439876556396,0.3556439876556396,44989,0.0,-0.11111223669524806,-0.17948885787168511,-0.25581454519648283,-0.03614497534791561,-0.09859256212068498,-0.15455864737907843,-0.2592603223107646,0.031345631659935105,0.029133401043968794,0.026978716573181058,-0.5238049875100554,0.8810627039179668,inf,0.1250014245692272,0.0,0
1990-05-03,NEOG,0.0,0.4000999927520752,0.3556439876556396,0.3556439876556396,530867,0.0,-0.05882416036241822,-0.15789625217063386,-0.23809565157542434,-0.02439051508746347,-0.08309542417483662,-0.14324081463627417,-0.253035620196701,0.026306964257943134,0.02962748293143371,0.027073830575640136,10.799928871501923,7.029042115967205,inf,0.1250014245692272,0.0,0
1990-05-04,NEOG,0.0,0.4000999927520752,0.3556439876556396,0.3556439876556396,382404,0.0,-0.05882416036241822,-0.17948885787168511,-0.25581454519648283,-0.012345817973506604,-0.06432817133203439,-0.1304359675039806,-0.2467054146750902,0.026306964257943134,0.026379353979169583,0.02585949826464818,-0.27966138411315833,4.113733206107281,inf,0.1250014245692272,0.0,0
1990-05-07,NEOG,0.0,0.4000999927520752,0.3556439876556396,0.3556439876556396,28118,0.0,-0.05882416036241822,-0.15789625217063386,-0.25581454519648283,0.0,-0.04761956446928051,-0.11724255880465954,-0.24026700053082248,0.026306964257943134,0.026931162182848505,0.02585949826464818,-0.9264704344096819,0.2979744351117695,inf,0.1250014245692272,0.0,0
1990-05-08,NEOG,0.0,0.4000999927520752,0.3556439876556396,0.3556439876556396,7873,0.0,0.0,-0.15789625217063386,-0.20000182344445439,0.0,-0.030303365187875277,-0.10739300319883273,-0.23445083777633238,0.0,0.026931162182848505,0.02247267206123235,-0.7200014225762856,0.08749974993720645,inf,0.1250014245692272,0.0,0
1990-05-09,NEOG,0.0,0.4000999927520752,0.3556439876556396,0.3556439876556396,24744,0.0,0.0,-0.11111223669524806,-0.17948885787168511,0.0,-0.018405113867465288,-0.09859256212068498,-0.22854493634632966,0.0,0.02412577992388131,0.022339002333414213,2.1428934332528895,0.28627441225759837,inf,0.1250014245692272,0.0,1
1990-05-10,NEOG,0.0,0.4000999927520752,0.3667579889297485,0.3667579889297485,37116,0.03125035614230676,0.03125035614230676,-0.02941208018120922,-0.1538475924614443,0.024845001882409193,0.015384788018773105,-0.06250064753079601,-0.1986409176426242,0.013975584131055154,0.022012206546589832,0.024071478809189854,0.5,0.42038569334021214,inf,0.09091009556362599,0.0,0
1990-05-11,NEOG,0.0,0.4000999927520752,0.3667579889297485,0.3667579889297485,182204,0.0,0.03125035614230676,-0.02941208018120922,-0.1538475924614443,0.018518726960259982,0.018518726960259982,-0.05444182963178955,-0.1927600789207756,0.013975584131055154,0.022012206546589832,0.024071478809189854,3.909041922620972,1.9115021223292537,inf,0.09091009556362599,0.0,0
1990-05-14,NEOG,0.0,0.4000999927520752,0.3667579889297485,0.3667579889297485,47238,0.0,0.03125035614230676,-0.02941208018120922,-0.1538475924614443,0.012270075911643474,0.02167207131552911,-0.04624326197254813,-0.18679228806830858,0.013975584131055154,0.022012206546589832,0.024071478809189854,-0.7407411472854603,0.4915141545213621,inf,0.09091009556362599,0.0,0
1990-05-15,NEOG,0.0,0.4000999927520752,0.3667579889297485,0.3667579889297485,16871,0.0,0.03125035614230676,0.03125035614230676,-0.1538475924614443,0.006097628771865906,0.018518726960259982,-0.03790127761075449,-0.1807356022541543,0.013975584131055154,0.009882230310112185,0.024071478809189854,-0.6428510944578517,0.1770981660876589,inf,0.09091009556362599,0.0,0
1990-05-16,NEOG,0.0,0.4000999927520752,0.3667579889297485,0.3667579889297485,104599,0.0,0.03125035614230676,0.03125035614230676,-0.1538475924614443,0.0,0.015384788018773105,-0.02941208018120903,-0.17458802033291626,0.013975584131055154,0.009882230310112185,0.024071478809189854,5.199928872028925,1.0677409509110083,inf,0.09091009556362599,0.0,0
1990-05-17,NEOG,0.0,0.4000999927520752,0.3667579889297485,0.3667579889297485,1125,0.0,0.0,0.03125035614230676,-0.1315802101421949,0.0,0.012270075911643629,-0.022222462347000243,-0.16834748064043828,0.0,0.009882230310112185,0.023765372569228612,-0.9892446390500865,0.012597617538571105,inf,0.09091009556362599,0.0,0
1990-05-18,NEOG,0.0,0.4000999927520752,0.3667579889297485,0.3667579889297485,130467,0.0,0.0,0.03125035614230676,-0.1538475924614443,0.0,0.009174414243928257,-0.013453061468978707,-0.16201185868861165,0.0,0.009882230310112185,0.022534662002825917,114.97066666666667,1.3630992493221958,inf,0.09091009556362599,0.0,0
1990-05-21,NEOG,0.0,0.4000999927520752,0.3667579889297485,0.3667579889297485,61860,0.0,0.0,0.03125035614230676,-0.1315802101421949,0.0,0.006097628771865906,-0.006024162557985961,-0.1555789647540047,0.0,0.009882230310112185,0.02220943260638417,-0.5258571132930165,0.6563297733508469,inf,0.09091009556362599,0.0,0
1990-05-22,NEOG,0.0,0.4223279953002929,0.3667579889297485,0.3667579889297485,284554,0.0,0.0,0.03125035614230676,-0.1315802101421949,0.0,0.0030395473701840116,0.0015174674779509568,-0.14904654135456796,0.0,0.009882230310112185,0.02220943260638417,3.5999676689298417,2.631306887167485,inf,0.1515168259393764,0.0,0
1990-05-23,NEOG,0.0,0.4223279953002929,0.3667579889297485,0.3667579889297485,174331,0.0,0.0,0.03125035614230676,-0.08333417752143601,0.0,0.0,0.006097628771865753,-0.14241226060830442,0.0,0.009882230310112185,0.019436563057010588,-0.38735354273705513,1.5492219276785086,inf,0.1515168259393764,0.0,0
1990-05-24,NEOG,0.0,0.4223279953002929,0.3667579889297485,0.3667579889297485,128218,0.0,0.0,0.0,-0.02941208018120922,0.0,0.0,0.007633672790542962,-0.13567372146741405,0.0,0.0,0.015215730896200218,-0.2645140565934917,1.0987959076026945,inf,0.1515168259393764,0.0,0
1990-05-25,NEOG,0.0,0.4223279953002929,0.3667579889297485,0.3667579889297485,309298,0.0,0.0,0.0,-0.02941208018120922,0.0,0.0,0.009174414243928102,-0.12974741370053913,0.0,0.0,0.015215730896200218,1.4122822068664305,2.3595053474457024,inf,0.1515168259393764,0.0,1
1990-05-29,NEOG,0.0,0.4223279953002929,0.3778719902038574,0.3778719902038574,16871,0.030303365187875464,0.030303365187875464,0.030303365187875464,0.0,0.024096650231943847,0.027190631904259483,0.039755795057022134,-0.09670591288195848,0.013552076901417997,0.009582765476154222,0.016787821428392687,-0.945453898828961,0.1293677726176021,inf,0.11764832072483597,0.0,0
1990-05-30,NEOG,0.0,0.4223279953002929,0.3778719902038574,0.3778719902038574,12372,0.0,0.030303365187875464,0.030303365187875464,0.06250071228461374,0.017964268003270802,0.024096650231943694,0.036585772631195126,-0.0909093568468918,0.013552076901417997,0.009582765476154222,0.009474163399397184,-0.2666706182206152,0.09795263010174897,inf,0.11764832072483597,0.0,0
1990-05-31,NEOG,0.0,0.4223279953002929,0.3778719902038574,0.3778719902038574,11247,0.0,0.030303365187875464,0.030303365187875464,0.06250071228461374,0.011904891117320054,0.021021251235642826,0.03343502107202397,-0.08503792581617556,0.013552076901417997,0.009582765476154222,0.009474163399397184,-0.09093113482056259,0.09025119394056356,inf,0.11764832072483597,0.0,0
1990-06-01,NEOG,0.0,0.4223279953002929,0.3778719902038574,0.3778719902038574,5624,0.0,0.030303365187875464,0.030303365187875464,0.06250071228461374,0.005917223607279354,0.017964268003270802,0.03030336518787543,-0.07909015960151775,0.013552076901417997,0.009582765476154222,0.009474163399397184,-0.4999555437005424,0.057179632907570103,inf,0.11764832072483597,0.0,0
1990-06-04,NEOG,0.0,0.4223279953002929,0.3778719902038574,0.3778719902038574,26993,0.0,0.030303365187875464,0.030303365187875464,0.06250071228461374,0.0,0.014925535615743382,0.027190631904259483,-0.07306455979802841,0.013552076901417997,0.009582765476154222,0.009474163399397184,3.7996088193456616,0.3349583023881896,inf,0.11764832072483597,0.0,0
1990-06-05,NEOG,0.0,0.4223279953002929,0.3778719902038574,0.3778719902038574,12372,0.0,0.0,0.030303365187875464,0.06250071228461374,0.0,0.011904891117320054,0.024096650231943694,-0.06695958852571107,0.0,0.009582765476154222,0.009474163399397184,-0.5416589486163079,0.15503982826820184,inf,0.11764832072483597,0.0,0
1990-06-06,NEOG,0.0,0.4223279953002929,0.3778719902038574,0.3778719902038574,37116,0.0,0.0,0.030303365187875464,0.06250071228461374,0.0,0.008902173486474011,0.021021251235642826,-0.06181035167916822,0.0,0.009582765476154222,0.009474163399397184,2.0,0.4567504707055045,inf,0.11764832072483597,0.0,0
1990-06-07,NEOG,0.0,0.4000999927520752,0.3667579889297485,0.3667579889297485,73107,-0.02941208018120922,-0.02941208018120922,0.0,0.03125035614230676,-0.023668894429117265,-0.020771738135106372,-0.01049486738610655,-0.08384278767023921,0.013153482128971581,0.01407631960815872,0.011939088624587122,0.9696896217264792,0.8736584919899402,inf,0.09091009556362599,0.0,0
1990-06-08,NEOG,0.0,0.4000999927520752,0.3445309996604919,0.3445309996604919,75356,-0.06060396757577957,-0.0882335590033505,-0.06060396757577957,-0.06060396757577957,-0.0662635548186959,-0.07462520836165978,-0.0676673009323286,-0.13310816238662854,0.027006173256101645,0.023803932546866156,0.01666689922419787,0.03076312801783687,0.8804181273414367,inf,0.16128880462525047,0.0,0
1990-06-11,NEOG,0.0,0.4000999927520752,0.3445309996604919,0.3445309996604919,127093,0.0,-0.0882335590033505,-0.06060396757577957,-0.06060396757577957,-0.049078570723522015,-0.06906759734068597,-0.06485493231112871,-0.1267591179341485,0.027006173256101645,0.023803932546866156,0.01666689922419787,0.6865677583735867,1.5342799472690485,inf,0.16128880462525047,0.0,0
1990-06-12,NEOG,0.0,0.3667579889297485,0.3445309996604919,0.3445309996604919,22494,0.0,-0.0882335590033505,-0.0882335590033505,-0.06060396757577957,-0.031249163067010033,-0.06060474618413364,-0.062025545412861746,-0.12031638757602874,0.027006173256101645,0.020351419445808695,0.01666689922419787,-0.8230114955190294,0.27566716994450874,inf,0.06451375722695356,0.0,1
1990-06-13,NEOG,0.0,0.3778719902038574,0.3556439876556396,0.3556439876556396,23619,0.03225540809418792,-0.05882416036241822,-0.05882416036241822,-0.030303365187875242,0.012656620901867636,-0.024391328641631904,-0.030303767049384037,-0.08675884630335715,0.03503949342878488,0.02414008549282712,0.018437549705145922,0.05001333688983722,0.2882622736337474,inf,0.06250071228461368,0.0,0
1990-06-14,NEOG,0.0,0.3778719902038574,0.3556439876556396,0.3556439876556396,24744,0.0,-0.030303365187875242,-0.05882416036241822,-0.030303365187875242,0.019106726749058774,-0.01840593743462203,-0.02883228516312681,-0.08098878619877471,0.033736197445446016,0.02414008549282712,0.018437549705145922,0.047631144417629834,0.31746255759814374,inf,0.06250071228461368,0.0,0
1990-06-15,NEOG,0.0,0.3778719902038574,0.3556439876556396,0.3556439876556396,74231,0.0,0.03225540809418792,-0.05882416036241822,-0.030303365187875242,0.012657205245362551,-0.012346651739651254,-0.02735633063983097,-0.07567964427225216,0.014425057028120187,0.02414008549282712,0.018437549705145922,1.9999595861623019,0.9097120223631973,inf,0.06250071228461368,0.0,0
1990-06-18,NEOG,0.0,0.3778719902038574,0.333416998386383,0.333416998386383,16871,-0.06249786314615946,-0.032258349132765596,-0.1176456391845595,-0.09090733276365481,-0.04458471116642251,-0.062498931574297346,-0.0839681268321366,-0.12689056693605497,0.03450895909631502,0.02988514094902054,0.02293928278390476,-0.7727229863534103,0.22222500298016756,inf,0.13333150988887912,0.0,1
1990-06-19,NEOG,0.0,0.3667579889297485,0.3445309996604919,0.3445309996604919,47238,0.03333363724074245,0.0,-0.0882335590033505,-0.06060396757577957,-0.012737244514184908,-0.022080803163586148,-0.0505344226281008,-0.0914405175588698,0.038908914593545445,0.033065328840481883,0.024444815609871582,1.799952581352617,0.6282697444852832,inf,0.06451375722695356,0.0,0
1990-06-20,NEOG,0.0,0.3778719902038574,0.3445309996604919,0.3445309996604919,23619,0.0,-0.031247507003852704,-0.0882335590033505,-0.06060396757577957,-0.006409151223384842,-0.012737817832705693,-0.04761758043200945,-0.0866219920822627,0.0348102134976254,0.033065328840481883,0.024444815609871582,-0.5,0.3800890559649312,inf,0.09677210635971929,0.0,0
1990-06-21,NEOG,0.0,0.4000999927520752,0.3445309996604919,0.3445309996604919,224944,0.0,-0.031247507003852704,-0.06060396757577957,-0.06060396757577957,5.882080614124521e-07,-0.0064094415693263995,-0.044682761415326136,-0.0822957535303199,0.0348102134976254,0.032317168568364904,0.024444815609871582,8.523857911003853,3.478263558747421,inf,0.16128880462525047,0.0,0
1990-06-22,NEOG,0.0,0.3889859914779663,0.3445309996604919,0.3445309996604919,112472,0.0,-0.031247507003852704,0.0,-0.06060396757577957,0.006493564158501371,-0.0064094415693263995,-0.04172979887464897,-0.07792833725750566,0.0348102134976254,0.025941322848398684,0.024444815609871582,-0.5,1.7605646479833386,inf,0.12903045549248487,0.0,0
1990-06-25,NEOG,0.0,0.3889859914779663,0.3445309996604919,0.3445309996604919,11247,0.0,0.03333363724074245,0.0,-0.06060396757577957,0.0,-0.0064094415693263995,-0.0387585240390109,-0.07351915254993786,0.014907255761523703,0.025941322848398684,0.024444815609871582,-0.9000017782203571,0.22961730449251247,inf,0.12903045549248487,0.0,0
1990-06-26,NEOG,0.0,0.3778719902038574,0.3445309996604919,0.3445309996604919,92227,0.0,0.0,0.0,-0.0882335590033505,0.0,-0.0064094415693263995,-0.03426683329739296,-0.06906759734068611,0.0,0.025941322848398684,0.023189880227857878,7.200142260158264,1.7484023484671833,inf,0.09677210635971929,0.0,0
1990-06-27,NEOG,0.0,0.3778719902038574,0.3445309996604919,0.3445309996604919,37116,0.0,0.0,-0.031247507003852704,-0.0882335590033505,0.0,-0.003214877931104928,-0.029732967922385976,-0.06457305793570903,0.0,0.023409539988520488,0.023189880227857878,-0.5975581987921108,0.6875052096357422,inf,0.09677210635971929,0.0,0
1990-06-28,NEOG,0.0,0.3778719902038574,0.3445309996604919,0.3445309996604919,2249,0.0,0.0,-0.031247507003852704,-0.0882335590033505,0.0,2.941039442896311e-07,-0.025156331115459934,-0.0600349087318149,0.0,0.023409539988520488,0.023189880227857878,-0.9394061860114237,0.04200864455344568,inf,0.09677210635971929,0.0,0
1990-06-29,NEOG,0.0,0.3667579889297485,0.333416998386383,0.333416998386383,26993,-0.032258349132765596,-0.032258349132765596,-0.06249786314615946,-0.1176456391845595,-0.02597425663400516,-0.025974256634005318,-0.050632390961029505,-0.08592205456912688,0.014426372300557024,0.025122902534612513,0.02398004227512239,11.002223210315696,0.49433156823407354,inf,0.09999787264813656,0.0,1
1990-07-02,NEOG,0.0,0.3778719902038574,0.3445309996604919,0.3445309996604919,94476,0.03333363724074245,0.0,0.03333363724074245,-0.0882335590033505,0.006493564158501207,0.0032362746008730366,-0.014307693267890496,-0.05082521721848178,0.02319213881666467,0.018691847354754067,0.02552466498602957,2.500018523320861,1.6294809172944782,inf,0.09677210635971929,0.0,0
1990-07-03,NEOG,0.0,0.3556439876556396,0.333416998386383,0.333416998386383,49488,-0.032258349132765596,-0.032258349132765596,-0.032258349132765596,-0.1176456391845595,-0.019608018401011996,-0.02597425663400516,-0.03999964989853708,-0.07692191164349298,0.02737634421478271,0.018544526655091608,0.026248104092339377,-0.4761844277911851,0.8270744547505641,inf,0.06666423540739415,0.0,0
1990-07-05,NEOG,0.0,0.3556439876556396,0.333416998386383,0.333416998386383,13497,0.0,-0.032258349132765596,-0.032258349132765596,-0.1176456391845595,-0.01315801312181236,-0.02280150607606216,-0.033816155604920434,-0.0723550488357565,0.02737634421478271,0.018544526655091608,0.026248104092339377,-0.7272672162948594,0.23011198715178235,inf,0.06666423540739415,0.0,0
1990-07-06,NEOG,0.0,0.3556439876556396,0.333416998386383,0.333416998386383,23619,0.0,-0.032258349132765596,-0.032258349132765596,-0.09090733276365481,-0.006622576535382483,-0.019608018401011996,-0.029126041715074262,-0.06890014953401588,0.02737634421478271,0.018544526655091608,0.025679556068354203,0.7499444320960214,0.4204191375346767,inf,0.06666423540739415,0.0,0
1990-07-09,NEOG,0.0,0.3556439876556396,0.333416998386383,0.333416998386383,12372,0.0,0.0,-0.032258349132765596,-0.032258349132765596,-0.006622576535382648,-0.0163935896353815,-0.027552487425832065,-0.06658256834654389,0.02319213881666467,0.018544526655091608,0.022017219920193846,-0.4761844277911851,0.233299924854494,inf,0.06666423540739415,0.0,0
1990-07-10,NEOG,0.0,0.3556439876556396,0.333416998386383,0.333416998386383,51737,0.0,-0.032258349132765596,-0.032258349132765596,-0.032258349132765596,0.0,-0.01315801312181236,-0.025973824146454494,-0.06425342108435624,0.014426372300557027,0.018544526655091608,0.022017219920193846,3.181781441965729,1.0502277080100237,inf,0.06666423540739415,0.0,0
1990-07-11,NEOG,0.0,0.3556439876556396,0.333416998386383,0.333416998386383,3374,0.0,0.0,-0.032258349132765596,-0.032258349132765596,0.0,-0.00990107947477168,-0.024390026954805365,-0.06191262094873027,0.0,0.018544526655091608,0.022017219920193846,-0.934785549993235,0.06984545606039748,inf,0.06666423540739415,0.0,0
1990-07-12,NEOG,0.0,0.3556439876556396,0.333416998386383,0.333416998386383,11247,0.0,0.0,-0.032258349132765596,-0.06249786314615946,0.0,-0.006622576535382648,-0.021207075910100216,-0.06073785050211321,0.0,0.018544526655091608,0.02055462307683177,2.3334321280379373,0.23584524844274402,inf,0.06666423540739415,0.0,0
1990-07-13,NEOG,0.0,0.3556439876556396,0.333416998386383,0.333416998386383,2249,0.0,0.0,-0.032258349132765596,-0.06249786314615946,0.0,-0.0033222893253560867,-0.018003287975584613,-0.05956013402704133,0.0,0.018544526655091608,0.02055462307683177,-0.8000355650395661,0.04829984129131741,inf,0.06666423540739415,0.0,0
1990-07-16,NEOG,0.0,0.3556439876556396,0.333416998386383,0.333416998386383,28118,0.0,0.0,0.0,-0.06249786314615946,0.0,-0.0033222893253560867,-0.014778457869218591,-0.05837946042775598,0.0,0.015461841330684189,0.02055462307683177,11.502445531347265,0.6353251923678731,inf,0.06666423540739415,0.0,0
1990-07-17,NEOG,0.0,0.3556439876556396,0.333416998386383,0.333416998386383,46113,0.0,0.0,-0.032258349132765596,0.0,0.0,0.0,-0.014778457869218591,-0.05719581855270741,0.0,0.010200985681645602,0.015049451243771748,0.6399815065082866,1.008601315623992,inf,0.06666423540739415,0.0,0
1990-07-18,NEOG,0.0,0.3556439876556396,0.3111889958381653,0.3111889958381653,93352,-0.06666727448148468,-0.06666727448148468,-0.06666727448148468,-0.09677504739829657,-0.05405455353670873,-0.060403238964497945,-0.07590827597324873,-0.1178321365634447,0.029814511523047347,0.021082043275711216,0.01940987896610129,1.0244182768416716,1.9438027129365785,inf,0.14285528219832444,0.0,0
1990-07-19,NEOG,0.0,0.3556439876556396,0.3111889958381653,0.3111889958381653,61860,0.0,-0.06666727448148468,-0.06666727448148468,-0.09677504739829657,-0.04109627535663801,-0.05405455353670889,-0.07131076300180655,-0.11560306114529527,0.029814511523047347,0.021082043275711216,0.01940987896610129,-0.3373468163510155,1.2387484355444305,inf,0.14285528219832444,0.0,0
1990-07-20,NEOG,0.0,0.3556439876556396,0.3111889958381653,0.3111889958381653,16871,0.0,-0.06666727448148468,-0.06666727448148468,-0.09677504739829657,-0.02777804158639274,-0.04761949063284569,-0.06666727448148464,-0.11336269226608366,0.029814511523047347,0.021082043275711216,0.01940987896610129,-0.7272712576786291,0.4267482170342631,inf,0.14285528219832444,0.0,0
1990-07-23,NEOG,0.0,0.3556439876556396,0.3111889958381653,0.3111889958381653,3374,0.0,-0.06666727448148468,-0.06666727448148468,-0.09677504739829657,-0.01408464268835974,-0.041096275356637846,-0.061977117307205114,-0.11054620569086854,0.029814511523047347,0.021082043275711216,0.01940987896610129,-0.8000118546618458,0.09900539776020095,inf,0.14285528219832444,0.0,0
1990-07-24,NEOG,0.0,0.3445309996604919,0.3111889958381653,0.3111889958381653,14621,0.0,-0.06666727448148468,-0.06666727448148468,-0.09677504739829657,0.0,-0.0344830838486968,-0.05723958437163851,-0.10771176842601499,0.029814511523047347,0.021082043275711216,0.01940987896610129,3.333432128037937,0.4269198032565738,inf,0.10714390376344222,0.0,1
1990-07-25,NEOG,0.0,0.3556439876556396,0.3223029971122741,0.3223029971122741,569108,0.035714634587813876,0.035714634587813876,-0.03333363724074245,-0.06451669826553119,0.02836906948023466,0.0034602403607192646,-0.02027045757626592,-0.07348199072177544,0.01597207014598338,0.02499834220923893,0.02142226079442093,37.92401340537583,9.796717947658616,inf,0.10344610767535357,0.0,1
1990-07-26,NEOG,0.0,0.3778719902038574,0.3445309996604919,0.3445309996604919,3374,0.06896616769739405,0.1071439037634423,0.03333363724074245,0.0,0.07638961436258013,0.06896616769739394,0.04729773434462036,-0.008316312143960027,0.030984888805638742,0.03388196843912262,0.02681946826547646,-0.9940714240530796,0.05981781627739582,inf,0.09677210635971929,0.0,1
1990-07-27,NEOG,0.0,0.3778719902038574,0.3556439876556396,0.3556439876556396,22494,0.03225540809418792,0.14285528219832444,0.06666423540739408,0.03225540809418792,0.08107941613787209,0.09588852900166321,0.07925583224501982,0.024326215431718135,0.028818282475343314,0.03499687591374072,0.0277514840923477,5.666864256075875,0.3917665284668177,inf,0.06250071228461368,0.0,0
1990-07-30,NEOG,0.0,0.3778719902038574,0.333416998386383,0.333416998386383,64109,-0.06249786314615946,0.0714292691756282,0.0,0.0,6.078151874711567e-07,0.027397837692671245,0.011804648941676129,-0.03784409144650244,0.04967405799811823,0.041388066166983095,0.030410011078417686,1.8500489019294033,1.0815949683369985,inf,0.13333150988887912,0.0,0
1990-07-31,NEOG,0.0,0.3778719902038574,0.333416998386383,0.333416998386383,224944,0.0,0.0714292691756282,0.0,-0.032258349132765596,-0.013157421196676993,0.027397837692671245,0.0135137944725501,-0.03598907329202084,0.04967405799811823,0.041388066166983095,0.029409456857220753,2.5087741190784447,3.4188070560466772,inf,0.13333150988887912,0.0,1
1990-08-01,NEOG,0.0,0.4000999927520752,0.3667579889297485,0.3667579889297485,385779,0.09999787264813653,0.1379291915240506,0.17856991678613854,0.09999787264813653,0.057691127577512435,0.11110974676712154,0.10924197717482931,0.06040996858833576,0.06295547121756984,0.04464058531235585,0.036158754054772625,0.7150001778220356,4.669848663488705,inf,0.09091009556362599,0.0,0
1990-08-02,NEOG,0.0,0.4000999927520752,0.3667579889297485,0.3667579889297485,5624,0.0,0.06451375722695363,0.17856991678613854,0.09999787264813653,0.044303103559353164,0.09271404220169353,0.10367733375915071,0.06040996858833576,0.05910331024255016,0.04464058531235585,0.036158754054772625,-0.9854217051731691,0.06840438620016918,inf,0.09091009556362599,0.0,1
1990-08-03,NEOG,0.0,0.4223279953002929,0.3889859914779663,0.3889859914779663,181080,0.060606730375750706,0.09375106842692049,0.24999918596176696,0.16666514712962144,0.08695627552708407,0.13268564490044307,0.1608614923375891,0.12323418976978101,0.06255746701421966,0.04609952170660467,0.03816723521687236,31.197724039829303,2.00999000999001,inf,0.08571517883109996,0.0,0
1990-08-06,NEOG,0.0,0.4000999927520752,0.3556439876556396,0.3556439876556396,61860,-0.08571517883110025,0.06666423540739408,0.14285528219832444,0.06666423540739408,-0.0184056629123901,0.022362988828469165,0.05784954587382014,0.02761555029416927,0.07053041367355987,0.057511569378012904,0.0435895879901309,-0.6583830351225978,0.6682914813902537,inf,0.1250014245692272,0.0,0
1990-08-07,NEOG,0.3556439876556396,0.3556439876556396,0.3556439876556396,0.3556439876556396,0,0.0,0.06666423540739408,0.14285528219832444,0.06666423540739408,-0.030303365187875277,0.00946266994487801,0.05436416923670216,0.028275978061340072,0.07053041367355987,0.057511569378012904,0.0435895879901309,-1.0,0.0,0.0,0.0,0.5,1
1990-08-08,NEOG,0.0,0.4112139940261841,0.3778719902038574,0.3778719902038574,67483,0.06250071228461374,0.030303365187875464,0.17241227537274773,0.1333315098888792,0.024096650231943694,0.055900357319316654,0.11292881275886986,0.09254395911533161,0.06051233429251231,0.05918642765764381,0.04547722364138037,inf,0.7241986199199425,inf,0.08823624054362708,0.0,0
1990-08-09,NEOG,0.0,0.4223279953002929,0.3778719902038574,0.3778719902038574,35991,0.0,0.030303365187875464,0.09677210635971933,0.1333315098888792,0.017964268003270955,0.04615377710022191,0.10569034339337878,0.09254395911533161,0.06051233429251231,0.05649435852346241,0.04547722364138037,-0.4666656787635405,0.3811790273691435,inf,0.11764832072483597,0.0,0
1990-08-10,NEOG,0.0,0.4000999927520752,0.3778719902038574,0.3778719902038574,118095,0.0,-0.028571726277033416,0.06250071228461374,0.1333315098888792,0.024096650231943694,0.03975521525893658,0.09854542333894377,0.09254395911533161,0.05278647702471716,0.0560468840014891,0.04547722364138037,2.281236975910644,1.1784458026693276,inf,0.058824160362418054,0.0,0
1990-08-13,NEOG,0.0,0.4000999927520752,0.3667579889297485,0.3667579889297485,34866,-0.02941208018120922,0.03125035614230676,0.09999787264813653,0.09999787264813653,-0.011976178668847303,-2.762799208003408e-07,0.061092408645785176,0.06109191093662199,0.03373587845964239,0.05230819525292057,0.04619418155574409,-0.704763114441763,0.3467532041304865,inf,0.09091009556362599,0.0,0
1990-08-14,NEOG,0.0,0.4000999927520752,0.3667579889297485,0.3667579889297485,33742,0.0,0.03125035614230676,0.09999787264813653,0.09999787264813653,-0.017857336675980304,-0.009009107672418418,0.055999267120296105,0.06177473095418726,0.03373587845964239,0.05230819525292057,0.04619418155574409,-0.032237710090059046,0.33765179795929906,inf,0.09091009556362599,0.0,1
1990-08-15,NEOG,0.0,0.4223279953002929,0.4000999927520752,0.4000999927520752,273307,0.09091009556362595,0.058824160362418,0.09091009556362595,0.28571382054958105,0.058824160362418054,0.07142934670392047,0.1374410313405269,0.15681194016932298,0.045752909079036404,0.05063858200652888,0.04662210344299573,7.099905162705234,2.509035693859584,inf,0.055556118347623806,0.0,1
1990-08-16,NEOG,0.0,0.4445559978485107,0.4223279953002929,0.4223279953002929,136091,0.05555611834762386,0.117648320724836,0.15151682593937643,0.35714308972520925,0.09195498662805571,0.11437072461444074,0.18196045542795888,0.21794891650768042,0.048672025274203,0.05244831946772247,0.047413329403840916,-0.5020581251120535,1.2081872751977196,inf,0.05263208405687795,0.0,0
1990-08-17,NEOG,0.0,0.4334419965744018,0.4112139940261841,0.4112139940261841,104599,-0.026316042028438846,0.088236240543627,0.05714345255406683,0.3214284551373954,0.04519820573822715,0.07871803811464383,0.13496988277708716,0.1828643066284913,0.05306140789863564,0.05132274697397716,0.04825145132310039,-0.23140398703808485,0.8938019030642915,inf,0.054054586835880755,0.0,0
1990-08-20,NEOG,0.0,0.4334419965744018,0.4112139940261841,0.4112139940261841,12372,0.0,0.12121346075150119,0.156251780711534,0.3214284551373954,0.022099670150019728,0.06321905330678841,0.11951643173827028,0.17834383068225954,0.04784466811618497,0.04009275110601904,0.04825145132310039,-0.8817197105134849,0.10531427654531378,inf,0.054054586835880755,0.0,0
1990-08-21,NEOG,0.0,0.4000999927520752,0.3778719902038574,0.3778719902038574,119220,-0.08108188025382135,0.030303365187875464,0.06250071228461374,0.21428455137395286,-0.06593472652316092,-0.028571726277033364,0.019489910585496935,0.08073643844316276,0.06766215126017429,0.05040798048280987,0.05278290840034434,8.63627546071775,0.9715835050840662,inf,0.058824160362418054,0.0,0
1990-08-22,NEOG,0.0,0.4000999927520752,0.3778719902038574,0.3778719902038574,44989,0.0,-0.05555611834762397,0.0,0.17241227537274773,-0.055556118347623945,-0.028571726277033364,0.011904479252406085,0.07867924131888378,0.04953729184249305,0.046516041860623886,0.05250883914577128,-0.6226388189901023,0.4662026643261025,inf,0.058824160362418054,0.0,0
1990-08-23,NEOG,0.0,0.3778719902038574,0.3556439876556396,0.3556439876556396,96726,-0.05882416036241822,-0.15789625217063386,-0.05882416036241822,0.03225540809418792,-0.0804606132995489,-0.0804606132995489,-0.049034964410826255,0.015226840647930156,0.03605943380078997,0.05022343047452221,0.05263967806896975,1.1499922203205228,0.9560876379072349,inf,0.06250071228461368,0.0,0
1990-08-24,NEOG,0.0,0.3778719902038574,0.3556439876556396,0.3556439876556396,20245,0.0,-0.1351364670897024,-0.05882416036241822,0.0,-0.053255012465513736,-0.07514530070539084,-0.049034964410826255,0.015226840647930156,0.039114617177137066,0.05022343047452221,0.052185076769500585,-0.7906974339887931,0.2003342697768863,inf,0.06250071228461368,0.0,1
1990-08-27,NEOG,0.0,0.4000999927520752,0.3667579889297485,0.3667579889297485,80980,0.03125035614230676,-0.10810917367176187,0.0,0.09999787264813653,-1.5135635189092183e-16,-0.04624326197254813,-0.02366902610724423,0.04628914540268924,0.04650249012999132,0.050598185531878496,0.050331724316560245,3.0,0.7947034165475544,inf,0.09091009556362599,0.0,0
1990-08-28,NEOG,0.0,0.3889859914779663,0.3556439876556396,0.3556439876556396,142839,-0.030303365187875242,-0.05882416036241822,-0.030303365187875242,0.06666423540739408,-0.018405113867465437,-0.07246453410926475,-0.05604780058477511,0.01329801352107208,0.03422428668116428,0.051572727816080896,0.05097305182653011,0.7638799703630526,1.4606051062228513,inf,0.09375106842692044,0.0,0
1990-08-29,NEOG,0.3556439876556396,0.3556439876556396,0.3556439876556396,0.3556439876556396,0,0.0,-0.05882416036241822,-0.11111223669524806,-0.030303365187875242,-0.0062112504706023355,-0.06158423633085284,-0.05465346916783859,0.012656737770512764,0.03422428668116428,0.04014504658987772,0.045744661921872556,-1.0,0.0,0.0,0.0,0.5,0
1990-08-30,NEOG,0.0,0.3667579889297485,0.3223029971122741,0.3223029971122741,209198,-0.09374821928846622,-0.09374821928846622,-0.23684197898578052,-0.12121069795153006,-0.08227707493308123,-0.1265049074367043,-0.13818612635164076,-0.08111487086854148,0.0473317909137927,0.040416425392176936,0.05026596782283157,inf,2.358910808752184,inf,0.13792919152405053,0.0,0
1990-08-31,NEOG,0.0,0.3667579889297485,0.3223029971122741,0.3223029971122741,114721,0.0,-0.09374821928846622,-0.21621588322757457,-0.17142775273815836,-0.06451504748713066,-0.10493714254614099,-0.13043371285930272,-0.07994876138593707,0.0473317909137927,0.04123495438217175,0.047857266877916374,-0.4516152162066559,1.3438691191595737,inf,0.13792919152405053,0.0,0
1990-09-04,NEOG,0.0,0.3667579889297485,0.3223029971122741,0.3223029971122741,6748,0.0,-0.12121069795153006,-0.21621588322757457,-0.09374821928846622,-0.039734299615566696,-0.08227733971462946,-0.12650502737436245,-0.07877968844437327,0.040710144433697054,0.04123495438217175,0.04425849305833302,-0.9411790343529084,0.0816844327483398,inf,0.13792919152405053,0.0,0
1990-09-05,NEOG,0.3223029971122741,0.3223029971122741,0.3223029971122741,0.3223029971122741,0,0.0,-0.09374821928846622,-0.1470577193657685,-0.09374821928846622,-0.020269854034468023,-0.0675230694336019,-0.12254068130903598,-0.0776076407328255,0.041925478219713486,0.03627803638122525,0.04425849305833302,-1.0,0.0,0.0,0.0,0.5,0
1990-09-06,NEOG,0.3223029971122741,0.3223029971122741,0.3223029971122741,0.3223029971122741,0,0.0,-0.09374821928846622,-0.1470577193657685,-0.1470577193657685,0.0,-0.05228663722102623,-0.11585278142313185,-0.07643260688263248,0.041925478219713486,0.03627803638122525,0.04143424111183864,,0.0,0.0,0.0,0.5,0
1990-09-07,NEOG,0.3223029971122741,0.3223029971122741,0.3223029971122741,0.3223029971122741,0,0.0,0.0,-0.09374821928846622,-0.1470577193657685,0.0,-0.042903525768828166,-0.10906214962867398,-0.07525457546712856,0.0,0.033036008170309016,0.04143424111183864,,0.0,0.0,0.0,0.5,0
1990-09-10,NEOG,0.3223029971122741,0.3223029971122741,0.3223029971122741,0.3223029971122741,0,0.0,0.0,-0.09374821928846622,-0.1470577193657685,0.0,-0.03333275590872957,-0.1021664005287497,-0.07407353500127462,0.0,0.033036008170309016,0.04143424111183864,,0.0,0.0,0.0,0.5,0
1990-09-11,NEOG,0.0,0.3445309996604919,0.2889609932899475,0.2889609932899475,46113,-0.10344925154609075,-0.10344925154609075,-0.21212079351515578,-0.21212079351515578,-0.08450785613015846,-0.11262848549174329,-0.1862286829604534,-0.16773407461447654,0.04626391173570683,0.04114082477407983,0.046527090473689754,inf,0.6396188336142147,inf,0.19230971536280903,0.0,0
1990-09-12,NEOG,0.0,0.3445309996604919,0.2889609932899475,0.2889609932899475,7873,0.0,-0.10344925154609075,-0.18749928771538638,-0.21212079351515578,-0.06474883847932024,-0.09407726383419883,-0.17721541813292463,-0.1650613889763312,0.04626391173570683,0.041635711187566565,0.046527090473689754,-0.8292672348361634,0.11119891583528775,inf,0.19230971536280903,0.0,0
1990-09-13,NEOG,0.0,0.3223029971122741,0.2778469920158386,0.2778469920158386,42739,-0.0384619430725619,-0.13793233539478778,-0.21874964385769313,-0.305556118347624,-0.0740748244634986,-0.10714390376344225,-0.19484755523780486,-0.19458830261716095,0.04514784402035364,0.04138741273196882,0.040206005059225655,4.428553283373555,0.7210576884954528,inf,0.16000175050986798,0.0,0
1990-09-14,NEOG,0.0,0.2889609932899475,0.2556189894676208,0.2556189894676208,101225,-0.08000087525493427,-0.20689850309218183,-0.20689850309218183,-0.3947382311564144,-0.1085282823264942,-0.16058554461396593,-0.24092523939973576,-0.2556647271394972,0.046723161817247984,0.038953978653392916,0.03868017393725638,1.3684456819298534,1.7595366538992705,inf,0.13043633374722396,0.0,0
1990-09-17,NEOG,0.0,0.2889609932899475,0.2445060014724731,0.2445060014724731,56236,-0.04347481389505836,-0.24137844307014145,-0.24137844307014145,-0.4054044730372086,-0.09835869556903305,-0.17602863247925923,-0.2554976295692308,-0.28431877647917003,0.03995381264611168,0.038626773080462105,0.03892268950977835,-0.44444554210916276,1.0204096445005735,inf,0.18181554460731403,0.0,0
1990-09-18,NEOG,0.0,0.2778469920158386,0.2333920001983642,0.2333920001983642,35991,-0.045454922198955194,-0.1923062087339401,-0.2758615269188385,-0.432431766455149,-0.10256280381317565,-0.1891882377930699,-0.2695640316339542,-0.31282622155688566,0.02843121601294869,0.037822913856729146,0.038718483803887246,-0.3600007112881428,0.6393609055614327,inf,0.19047350286081483,0.0,1
1990-09-19,NEOG,0.0,0.2778469920158386,0.2667329907417297,0.2667329907417297,209198,0.1428540417624784,-0.07692388614512391,-0.1724154192434849,-0.2941181202718137,0.04347712336978142,-0.05511938209245814,-0.1504433861007727,-0.21156468833256561,0.0886141972632257,0.06676884378448635,0.0523052559412764,4.8125086827262376,3.441263146466462,inf,0.04166714152307589,0.0,0
1990-09-20,NEOG,0.0,0.2778469920158386,0.2556189894676208,0.2556189894676208,11247,-0.04166714152307571,-0.08000087525493427,-0.20689850309218183,-0.3235302004530227,0.017697687017812307,-0.07258212754178572,-0.16967635572650042,-0.24092535360206274,0.08885653505578504,0.06690401759090067,0.05246480659184601,-0.9462375357316991,0.1902918502062891,inf,0.08695755583148272,0.0,0
1990-09-21,NEOG,0.0,0.2667329907417297,0.2556189894676208,0.2556189894676208,61860,0.0,0.0,-0.20689850309218183,-0.28125035614230676,0.017697687017812307,-0.04958805343435678,-0.15596458581051803,-0.237401761335867,0.08073039965113137,0.06690401759090067,0.051702828868303984,4.500133368898373,1.0784396620331185,inf,0.04347877791574125,0.0,0
1990-09-24,NEOG,0.0,0.2556189894676208,0.2333920001983642,0.2333920001983642,23619,-0.08695359181079965,-0.045454922198955194,-0.2758615269188385,-0.3437482192884662,-0.06249821928991582,-0.1025624541488222,-0.21348191831232824,-0.29953190417020126,0.08884754805030802,0.0694775048529993,0.05397045185580944,-0.6181862269641125,0.41055565550453815,inf,0.09523458066414213,0.0,1
1990-09-25,NEOG,0.0,0.2889609932899475,0.2667329907417297,0.2667329907417297,55111,0.1428540417624784,0.1428540417624784,-0.07692388614512391,-0.2727275238909065,0.043477950642105696,0.03448194554971281,-0.0857153376072401,-0.19625002783466436,0.10627363876950381,0.08279441839197192,0.06427623904757389,1.3333333333333335,0.9799967636331951,inf,0.08333428304615158,0.0,0
1990-09-26,NEOG,0.2667329907417297,0.2667329907417297,0.2667329907417297,0.2667329907417297,0,0.0,0.0,-0.07692388614512391,-0.25,0.043477950642105696,0.04347753700577948,-0.07156781583974792,-0.19300688741557445,0.0861159649043288,0.08279441839197192,0.06422612206966355,-1.0,0.0,0.0,0.0,0.5,0
1990-09-27,NEOG,0.0,0.2889609932899475,0.2556189894676208,0.2556189894676208,15746,-0.04166714152307571,0.0,-0.08000087525493427,-0.28125035614230676,-7.928035081211363e-07,0.008770824896183766,-0.09448969400652937,-0.22402275268443367,0.0861159649043288,0.0829442892732023,0.06447887071937872,inf,0.3156697155744894,inf,0.13043633374722396,0.0,0
1990-09-28,NEOG,0.2556189894676208,0.2556189894676208,0.2556189894676208,0.2556189894676208,0,0.0,0.0,0.0,-0.20689850309218183,-7.928035081211363e-07,0.008770824896183766,-0.0836667496234494,-0.22139585579092405,0.0861159649043288,0.07869336967098077,0.06176173278804038,-1.0,0.0,0.0,0.0,0.5,0
1990-10-01,NEOG,0.0,0.2889609932899475,0.2556189894676208,0.2556189894676208,11247,0.0,0.09523458066414214,0.04545077801044828,-0.20689850309218183,-0.017094216902163388,0.004366064641494733,-0.07258195706826981,-0.21875111294367483,0.07087959892410539,0.07704574313066122,0.06176173278804038,inf,0.32840209474226695,inf,0.13043633374722396,0.0,0
1990-10-02,NEOG,0.2556189894676208,0.2556189894676208,0.2556189894676208,0.2556189894676208,0,0.0,-0.04166714152307571,0.09523458066414214,-0.20689850309218183,-0.008620791289164216,-0.0043294485641781795,-0.06122569732652981,-0.21608834166680452,0.018634112174740244,0.0749189195308742,0.06176173278804038,-1.0,0.0,0.0,0.0,0.5,0
1990-10-03,NEOG,0.0,0.2667329907417297,0.2333920001983642,0.2333920001983642,1125,-0.08695359181079965,-0.12499762571795503,-0.12499762571795503,-0.2758615269188385,-0.07079403253009225,-0.07894505333209745,-0.1286290414645295,-0.2808206175457973,0.03869243854693835,0.06471560396864315,0.06405562586523143,inf,0.033120869091604964,inf,0.14285404176247837,0.0,0
1990-10-04,NEOG,0.0,0.2667329907417297,0.2222779989242553,0.2222779989242553,32617,-0.04761946109833637,-0.13043236972654104,-0.13043236972654104,-0.3103446107675355,-0.0909075839277051,-0.11110949026864063,-0.15433278291655203,-0.31081917569411965,0.03939085836281721,0.06505103112455485,0.06438736304708156,27.99288888888889,0.916276071112035,inf,0.19999726483331862,0.0,0
1990-10-05,NEOG,0.0,0.2556189894676208,0.2222779989242553,0.2222779989242553,5624,0.0,-0.13043236972654104,-0.13043236972654104,-0.3103446107675355,-0.06541952551296339,-0.09909769314590122,-0.13792974712037875,-0.3055545882563207,0.03939085836281721,0.06505103112455485,0.06438736304708156,-0.8275745776742189,0.15675103926998163,inf,0.149996808972205,0.0,0
1990-10-08,NEOG,0.2222779989242553,0.2222779989242553,0.2222779989242553,0.2222779989242553,0,0.0,-0.13043236972654104,-0.04761946109833637,-0.3103446107675355,-0.03846103269820256,-0.09502116839442001,-0.12087779970013662,-0.29971894009871713,0.03939085836281721,0.05949837030043241,0.06438736304708156,-1.0,0.0,0.0,0.0,0.5,0
1990-10-09,NEOG,0.0,0.2556189894676208,0.2222779989242553,0.2222779989242553,4499,0.0,-0.13043236972654104,-0.16666476724103074,-0.230768151806502,-0.00990107947477156,-0.07833973595212437,-0.10913011875196141,-0.2947804209559562,0.03939085836281721,0.03065693735781469,0.06110640108303283,inf,0.1331149762484892,inf,0.149996808972205,0.0,0
1990-10-10,NEOG,0.0,0.2333920001983642,0.2000499963760376,0.2000499963760376,64109,-0.10000091172222692,-0.14285838329500844,-0.24999905028718183,-0.3076920379516255,-0.08163341251344967,-0.14691922649460476,-0.18367313185301365,-0.35988596216569496,0.04446751771303455,0.039347396298347624,0.06414644076758146,13.249611024672149,1.7511503114615954,inf,0.16666835504287156,0.0,0
1990-10-11,NEOG,0.0,0.2333920001983642,0.2000499963760376,0.2000499963760376,14621,0.0,-0.10000091172222692,-0.21738992555802317,-0.27999941649671056,-0.06250059356938367,-0.1262135492636818,-0.1705066026550601,-0.35298323424308603,0.044721767284570973,0.03989740740822942,0.06402434768845976,-0.7719352976961114,0.4153250719028513,inf,0.16666835504287156,0.0,0
1990-10-12,NEOG,0.0,0.2222779989242553,0.1889359951019287,0.1889359951019287,28118,-0.05555611834762397,-0.15000136758334048,-0.26086870347376445,-0.26086870347376445,-0.08602234868572334,-0.1500005926199878,-0.2056077055816981,-0.3818183361330296,0.045406680979513676,0.04013540738036064,0.06293016388772565,0.9231242733055194,0.8912654841449962,inf,0.17647248108725372,0.0,1
1990-10-15,NEOG,0.0,0.2222779989242553,0.2000499963760376,0.2000499963760376,23619,0.058824160362418,-0.10000091172222692,-0.21738992555802317,-0.18181968879582056,-0.010989121087193464,-0.07692336464626938,-0.15094305136837236,-0.33726045005064975,0.06057123256362761,0.04833361344036099,0.0644767928776737,-0.160004267728857,0.789469725963523,inf,0.11111223669524747,0.0,0
1990-10-16,NEOG,0.0,0.2222779989242553,0.2000499963760376,0.2000499963760376,46113,0.0,-0.10000091172222692,-0.21738992555802317,-0.14285838329500844,0.011236070158219208,-0.0526320840568777,-0.14489270012081182,-0.33035693086787576,0.06057123256362761,0.04833361344036099,0.06388797544907933,0.9523688555823702,1.5156958484599974,inf,0.11111223669524747,0.0,0
1990-10-17,NEOG,0.0,0.2222779989242553,0.2000499963760376,0.2000499963760376,11247,0.0,0.0,-0.14285838329500844,-0.24999905028718183,0.011236070158219208,-0.03743352009263249,-0.13252976050399182,-0.32330807481774115,0.04044943790856856,0.04311586458198089,0.053542250586942085,-0.756099147745755,0.5479365295891573,inf,0.11111223669524747,0.0,0
1990-10-18,NEOG,0.0,0.2222779989242553,0.2000499963760376,0.2000499963760376,5624,0.0,0.0,-0.10000091172222692,-0.21738992555802317,0.011236070158219208,-0.027027293417940183,-0.12195093747995779,-0.31506830305385536,0.04044943790856856,0.04164829150196222,0.05317489303947359,-0.4999555437005424,0.2777976729999333,inf,0.11111223669524747,0.0,0
1990-10-19,NEOG,0.0,0.2222779989242553,0.2000499963760376,0.2000499963760376,5624,0.0,0.058824160362418,-0.10000091172222692,-0.21738992555802317,0.0,-0.01639360597025881,-0.1111109110072194,-0.3066253938226917,0.02630696425794303,0.04164829150196222,0.05317489303947359,0.0,0.3226037749918976,inf,0.11111223669524747,0.0,0
1990-10-22,NEOG,0.0,0.2222779989242553,0.2000499963760376,0.2000499963760376,12372,0.0,0.0,-0.10000091172222692,-0.14285838329500844,0.0,-0.005524917537505001,-0.10447734113806277,-0.2979717413609523,0.0,0.04164829150196222,0.05009063711698862,1.1998577524893315,0.7333380752542855,inf,0.11111223669524747,0.0,0
1990-10-23,NEOG,0.0,0.2222779989242553,0.2000499963760376,0.2000499963760376,1125,0.0,0.0,-0.10000091172222692,-0.24999905028718183,0.0,0.0055866490885554945,-0.09090888160620716,-0.2896604509220612,0.0,0.04164829150196222,0.03582554416010508,-0.9090688651794374,0.0793846805207635,inf,0.11111223669524747,0.0,0
1990-10-24,NEOG,0.0,0.2222779989242553,0.2000499963760376,0.2000499963760376,14621,0.0,0.0,0.0,-0.24999905028718183,0.0,0.0055866490885554945,-0.07692293306141314,-0.2811500085179564,0.0,0.026968492147396373,0.03582554416010508,11.996444444444444,0.9811072601668842,inf,0.11111223669524747,0.0,1
1990-10-25,NEOG,0.0,0.2222779989242553,0.2111639976501464,0.2111639976501464,8998,0.05555611834762364,0.05555611834762364,0.05555611834762364,-0.17391114764228222,0.04395648434877358,0.05555611834762353,-0.015543490730719658,-0.2307686628942153,0.024845451438261917,0.03212340481092578,0.03833204601237166,-0.38458381779632034,0.6177759926948916,inf,0.05263208405687796,0.0,0
1990-10-26,NEOG,0.0,0.2222779989242553,0.2111639976501464,0.2111639976501464,30367,0.0,0.05555611834762364,0.11764832072483578,-0.17391114764228222,0.03260901880539323,0.04395648434877372,-0.0052351772349465584,-0.21874941424024205,0.024845451438261917,0.024125779923881218,0.03833204601237166,2.3748610802400534,1.8880840613050642,inf,0.05263208405687796,0.0,0
1990-10-29,NEOG,0.0,0.2222779989242553,0.1889359951019287,0.1889359951019287,101225,-0.1052641681137555,-0.05555611834762397,-0.05555611834762397,-0.26086870347376445,-0.06593472652316079,-0.0607740929125542,-0.09574539023262534,-0.2892979138162232,0.058465479841154314,0.03932759612590533,0.04388625934005656,2.3333882174729146,4.918036769278607,inf,0.17647248108725372,0.0,0
1990-10-30,NEOG,0.1889359951019287,0.1889359951019287,0.1889359951019287,0.1889359951019287,0,0.0,-0.05555611834762397,-0.05555611834762397,-0.26086870347376445,-0.05555611834762369,-0.05555611834762369,-0.08108188025382108,-0.2772111282752939,0.058465479841154314,0.03932759612590533,0.04388625934005656,-1.0,0.0,0.0,0.0,0.5,0
1990-10-31,NEOG,0.0,0.2111639976501464,0.1889359951019287,0.1889359951019287,29243,0.0,-0.05555611834762397,-0.05555611834762397,-0.1904778443933447,-0.044944280632876706,-0.05027984179699889,-0.0710389592044545,-0.2666093969449811,0.058465479841154314,0.03932759612590533,0.04045700470084642,inf,1.3299345561048377,inf,0.11764832072483566,0.0,0
1990-11-01,NEOG,0.0,0.2111639976501464,0.1889359951019287,0.1889359951019287,11247,0.0,-0.1052641681137555,-0.05555611834762397,-0.15000136758334048,-0.02298874665701389,-0.04494428063287697,-0.06336151810002993,-0.2556920274886052,0.047075567099464595,0.03932759612590533,0.039497985760234666,-0.6153951372978148,0.5376246426830085,inf,0.11764832072483566,0.0,0
1990-11-02,NEOG,0.0,0.2222779989242553,0.1889359951019287,0.1889359951019287,64109,0.0,-0.1052641681137555,-0.05555611834762397,-0.15000136758334048,0.0,-0.039548430020948704,-0.055556118347623945,-0.24578555057959348,0.047075567099464595,0.03932759612590533,0.039497985760234666,4.700097803858807,2.688679146369849,inf,0.17647248108725372,0.0,0
1990-11-05,NEOG,0.0,0.2222779989242553,0.1889359951019287,0.1889359951019287,17996,0.0,0.0,-0.05555611834762397,-0.15000136758334048,0.0,-0.03409126228952512,-0.04761953406601481,-0.2356118130908133,0.0,0.03932759612590533,0.039497985760234666,-0.7192905832254441,0.7272918321118177,inf,0.17647248108725372,0.0,0
1990-11-06,NEOG,0.0,0.1889359951019287,0.1667079925537109,0.1667079925537109,107973,-0.11764832072483622,-0.11764832072483622,-0.16666835504287203,-0.25000227930556784,-0.09638660092777447,-0.13294937817107597,-0.1477288032546087,-0.3144436624786286,0.0526139285158862,0.05292273116904498,0.04649162056812352,4.999833296288064,3.609018786631927,inf,0.1333349541777744,0.0,0
1990-11-07,NEOG,0.0,0.1889359951019287,0.1667079925537109,0.1667079925537109,33742,0.0,-0.11764832072483622,-0.16666835504287203,-0.16666835504287203,-0.07407490784103993,-0.11764832072483626,-0.14040261326093065,-0.30362244326316185,0.0526139285158862,0.05292273116904498,0.04180699380864373,-0.6874959480610894,1.1881320600580298,inf,0.1333349541777744,0.0,0
1990-11-08,NEOG,0.0,0.1889359951019287,0.1555940061807632,0.1555940061807632,70857,-0.06666738770408354,-0.17647240221842275,-0.26316034971762003,-0.22222439890331058,-0.10256523089243925,-0.15151675157522881,-0.18840771411237822,-0.3390007736367241,0.05359853514306523,0.04828222878899346,0.04373186807900003,1.0999644360144627,2.2702572810867965,inf,0.21428838899121905,0.0,0
1990-11-09,NEOG,0.0,0.1778219938278198,0.1555940061807632,0.1555940061807632,50612,0.0,-0.17647240221842275,-0.26316034971762003,-0.17647240221842275,-0.06666742107438334,-0.12500135543569796,-0.18128841085653985,-0.3295036182172598,0.05359853514306523,0.04828222878899346,0.0425368151478373,-0.2857163018473827,1.5652050210757769,inf,0.14285889407097713,0.0,1
1990-11-12,NEOG,0.0,0.2000499963760376,0.1667079925537109,0.1667079925537109,82104,0.07142939915073532,-0.11764832072483622,-0.11764832072483622,-0.16666835504287203,0.027397564709076512,-0.05063351184994806,-0.11504549241097595,-0.2718459082007125,0.07217888065633464,0.04956868986394378,0.04366921600936568,0.6222239785031218,2.328534215164798,inf,0.20000243126666153,0.0,0
1990-11-13,NEOG,0.0,0.1889359951019287,0.1667079925537109,0.1667079925537109,123719,0.0,0.0,-0.11764832072483622,-0.16666835504287203,0.027397564709076512,-0.0384620045581071,-0.10714402718156397,-0.26181224884929816,0.04884200112535838,0.04956868986394378,0.04366921600936568,0.506857156776771,3.160914914953277,inf,0.1333349541777744,0.0,0
1990-11-14,NEOG,0.0,0.1889359951019287,0.1667079925537109,0.1667079925537109,19120,0.0,0.0,-0.11764832072483622,-0.16666835504287203,0.027397564709076512,-0.02597435048191253,-0.09910019165125532,-0.2514982066667281,0.04884200112535838,0.04956868986394378,0.04366921600936568,-0.8454562355014186,0.48363556340254815,inf,0.1333349541777744,0.0,0
1990-11-15,NEOG,0.0,0.2000499963760376,0.1667079925537109,0.1667079925537109,35991,0.0,0.07142939915073532,-0.11764832072483622,-0.16666835504287203,0.01351366164485255,-0.01315806999354603,-0.09091010295078328,-0.24089186249596115,0.031944198418601945,0.04956868986394378,0.04366921600936568,0.8823744769874478,0.8767119950794414,inf,0.20000243126666153,0.0,0
1990-11-16,NEOG,0.0,0.1889359951019287,0.1667079925537109,0.1667079925537109,129343,0.0,0.07142939915073532,-0.11764832072483622,-0.16666835504287203,0.0,-1.7876960358871934e-08,-0.08256973571867843,-0.22998061188676464,0.031944198418601945,0.04956868986394378,0.04366921600936568,2.5937595509988607,2.7381017905000617,inf,0.1333349541777744,0.0,0
1990-11-19,NEOG,0.0,0.1889359951019287,0.1667079925537109,0.1667079925537109,94476,0.0,0.0,-0.11764832072483622,-0.16666835504287203,0.0,0.01351366164485255,-0.07407491550433225,-0.21875111512620868,0.0,0.04956868986394378,0.04366921600936568,-0.269570057908043,1.8400807114448985,inf,0.1333349541777744,0.0,0
1990-11-20,NEOG,0.0,0.1778219938278198,0.1555940061807632,0.1555940061807632,97851,-0.06666738770408354,-0.06666738770408354,-0.06666738770408354,-0.22222439890331058,-0.0540546465794102,-0.04761957315663941,-0.1250013517695327,-0.2616049717037312,0.029814562157732843,0.03888446229058425,0.045521161965682434,0.035723358313222375,1.7417501339451795,inf,0.14285889407097713,0.0,0
1990-11-21,NEOG,0.0,0.1778219938278198,0.1555940061807632,0.1555940061807632,16871,0.0,-0.06666738770408354,-0.06666738770408354,-0.22222439890331058,-0.04109634706361477,-0.04109634706361477,-0.11392529558871183,-0.2521383394592593,0.029814562157732843,0.03888446229058425,0.045521161965682434,-0.8275847972938447,0.2997040442547991,inf,0.14285889407097713,0.0,0
1990-11-23,NEOG,0.0,0.1778219938278198,0.1555940061807632,0.1555940061807632,82104,0.0,-0.06666738770408354,0.0,-0.26316034971762003,-0.027778090728186558,-0.04109634706361477,-0.09967955864114639,-0.2432448278789773,0.029814562157732843,0.032565202920056054,0.04283189408899717,3.8665757809258494,1.3695983985987739,inf,0.14285889407097713,0.0,0
1990-11-26,NEOG,0.0,0.1778219938278198,0.1333670020103454,0.1333670020103454,112472,-0.14285257328354473,-0.19999635310000818,-0.14285257328354473,-0.3684197898578051,-0.13043109907732972,-0.16666299661409495,-0.21052309733455765,-0.3435427780717002,0.06338705598654516,0.0558237872567772,0.051388443400911546,0.3698723570106206,1.755927731440102,inf,0.33332826821754585,0.0,0
1990-11-27,NEOG,0.0,0.1555940061807632,0.1333670020103454,0.1333670020103454,120345,0.0,-0.19999635310000818,-0.19999635310000818,-0.2941154387315371,-0.0909060067675999,-0.14893275505961232,-0.19732123049457537,-0.3362810710353099,0.06338705598654516,0.0476812761664965,0.04759585073544094,0.06999964435592854,1.8512123368008153,inf,0.1666604470024273,0.0,0
1990-11-28,NEOG,0.0,0.1555940061807632,0.1333670020103454,0.1333670020103454,79855,0.0,-0.14285257328354473,-0.19999635310000818,-0.2941154387315371,-0.06249781339419101,-0.1304316482296275,-0.1836703236107501,-0.32960679806877025,0.06388561292455525,0.0476812761664965,0.04759585073544094,-0.33644937471436287,1.1572936820214053,inf,0.1666604470024273,0.0,0
1990-11-29,NEOG,0.0,0.1667079925537109,0.1333670020103454,0.1333670020103454,38240,0.0,-0.14285257328354473,-0.19999635310000818,-0.2941154387315371,-0.032256899541195726,-0.1111082861138069,-0.1695470702672404,-0.32049617235405564,0.06388561292455525,0.0476812761664965,0.04759585073544094,-0.5211320518439673,0.5506012482118777,inf,0.24999430174473902,0.0,0
1990-11-30,NEOG,0.0,0.1667079925537109,0.1333670020103454,0.1333670020103454,31492,0.0,-0.14285257328354473,-0.19999635310000818,-0.2941154387315371,0.0,-0.09090660697641624,-0.1549265227628395,-0.311924500500694,0.06388561292455525,0.0476812761664965,0.04759585073544094,-0.1764644351464435,0.4469257886341316,inf,0.24999430174473902,0.0,0
1990-12-03,NEOG,0.0,0.1555940061807632,0.1222530007362365,0.1222530007362365,52862,-0.083333966472807,-0.083333966472807,-0.2666638301888954,-0.3529395990939552,-0.06779713399652926,-0.14062358017922222,-0.20863084757295722,-0.3604636419940909,0.03726808277357692,0.05079326941655845,0.04971101660988028,0.6785850374698337,0.7562382646948373,inf,0.2727213667046147,0.0,0
1990-12-04,NEOG,0.0,0.1555940061807632,0.1222530007362365,0.1222530007362365,39365,0.0,-0.083333966472807,-0.2666638301888954,-0.3529395990939552,-0.05172454446540459,-0.11290212797373973,-0.1911742476898218,-0.35293967360197737,0.03726808277357692,0.05079326941655845,0.04971101660988028,-0.25532518633422874,0.5546733324221463,inf,0.2727213667046147,0.0,0
1990-12-05,NEOG,0.0,0.1444810032844543,0.1222530007362365,0.1222530007362365,365534,0.0,-0.083333966472807,-0.2142820682037866,-0.2666638301888954,-0.0350879999141912,-0.0909084260655287,-0.1791023655776073,-0.34288978702318484,0.03726808277357692,0.04970509987821087,0.04424382221984578,8.285761463228756,4.35949682609253,inf,0.18181968879582092,0.0,1
1990-12-06,NEOG,0.0,0.1555940061807632,0.1333670020103454,0.1333670020103454,392527,0.09090984439791061,0.0,-0.14285257328354473,-0.19999635310000818,0.052631999871286535,0.008404186956330939,-0.09433686721353202,-0.27272516886366155,0.06163941715995539,0.06126992105934354,0.05008582593463978,0.07384538784353856,3.8563569021584287,inf,0.1666604470024273,0.0,0
1990-12-07,NEOG,0.0,0.1444810032844543,0.1333670020103454,0.1333670020103454,95601,0.0,0.0,-0.14285257328354473,-0.14285257328354473,0.052631999871286306,0.02564122544839331,-0.0874499329584576,-0.26289719122960103,0.06163941715995539,0.06126992105934354,0.04829242230018338,-0.7564473271902314,0.9279470260385424,inf,0.08333396647280684,0.0,0
1990-12-10,NEOG,0.0,0.1444810032844543,0.1222530007362365,0.1222530007362365,96726,-0.083333966472807,0.0,-0.083333966472807,-0.2142820682037866,-0.03508799991419099,-0.05172454446540459,-0.1538445754670633,-0.31421305918867787,0.06163941715995539,0.04896684926967766,0.05120685337618943,0.011767659334107394,0.9183147425374941,inf,0.18181968879582092,0.0,0
1990-12-11,NEOG,0.0,0.1333670020103454,0.1222530007362365,0.1222530007362365,188953,0.0,0.0,-0.083333966472807,-0.2666638301888954,-0.03508799991419099,-0.04347860556564965,-0.1406235666765815,-0.3037960937487976,0.06163941715995539,0.04896684926967766,0.04753719858911442,0.9534871699439653,1.7073189464215768,inf,0.09090984439791051,0.0,0
1990-12-12,NEOG,0.0,0.1333670020103454,0.1222530007362365,0.1222530007362365,223819,0.0,0.0,-0.083333966472807,-0.2666638301888954,-0.03508799991419099,-0.03508799991419099,-0.12698284879464058,-0.2930577839408443,0.06163941715995539,0.04896684926967766,0.04753719858911442,0.1845220769185989,1.934855872822121,inf,0.09090984439791051,0.0,0
1990-12-13,NEOG,0.0,0.1333670020103454,0.1222530007362365,0.1222530007362365,291302,0.0,-0.083333966472807,-0.083333966472807,-0.2666638301888954,-0.017857288220876445,-0.02654888676981869,-0.11290211358592184,-0.2838527971962056,0.03726808277357692,0.04896684926967766,0.04753719858911442,0.30150702129845985,2.2531518190808084,inf,0.09090984439791051,0.0,0
1990-12-14,NEOG,0.0,0.1333670020103454,0.1222530007362365,0.1222530007362365,391402,0.0,-0.083333966472807,-0.083333966472807,-0.2666638301888954,0.0,-0.017857288220876445,-0.09835972114547892,-0.27536093252630484,0.03726808277357692,0.04896684926967766,0.04753719858911442,0.34362963522392564,2.6615666034258827,inf,0.09090984439791051,0.0,0
1990-12-17,NEOG,0.0,0.1333670020103454,0.1222530007362365,0.1222530007362365,128218,0.0,0.0,0.0,-0.2666638301888954,0.0,-0.017857288220876445,-0.08333258892778962,-0.26666526308963145,0.0,0.04110070340559153,0.04753719858911442,-0.6724135288015902,0.8722268423800559,inf,0.09090984439791051,0.0,0
1990-12-18,NEOG,0.0,0.1333670020103454,0.1222530007362365,0.1222530007362365,53987,0.0,0.0,0.0,-0.2666638301888954,0.0,-0.017857288220876445,-0.06779606949078285,-0.25775836280102427,0.0,0.04110070340559153,0.04753719858911442,-0.5789436740551248,0.3723850036178327,inf,0.09090984439791051,0.0,0
1990-12-19,NEOG,0.0,0.1333670020103454,0.1222530007362365,0.1222530007362365,157461,0.0,0.0,0.0,-0.2142820682037866,0.0,-0.017857288220876445,-0.05579369999348043,-0.2486324403579919,0.0,0.04110070340559153,0.045981132495067384,1.9166466001074332,1.0642363176278482,inf,0.09090984439791051,0.0,0
1990-12-20,NEOG,0.0,0.1333670020103454,0.1222530007362365,0.1222530007362365,725444,0.0,0.0,-0.083333966472807,-0.2142820682037866,0.0,-0.009009083006363383,-0.04347823197591153,-0.2413778776825028,0.0,0.026352514051017812,0.045981132495067384,3.6071344650421375,3.955842734524467,inf,0.09090984439791051,0.0,1
1990-12-21,NEOG,0.0,0.1555940061807632,0.1333670020103454,0.1333670020103454,283429,0.09090984439791061,0.09090984439791061,0.0,-0.14285257328354473,0.07142915288350556,0.08108174705727078,0.052631999871286535,-0.165505532130869,0.04065611837953127,0.04110070340559153,0.05130393557703567,-0.6093027166810946,1.4651150648973361,inf,0.1666604470024273,0.0,0
1990-12-24,NEOG,0.0,0.1778219938278198,0.1333670020103454,0.1333670020103454,305924,0.0,0.09090984439791061,0.09090984439791061,0.0,0.052631999871286306,0.07142915288350543,0.052631999871286535,-0.1596617809992171,0.04065611837953127,0.028748217002889608,0.0400044870955742,0.07936731950506126,1.5060925748421041,inf,0.33332826821754585,0.0,1
1990-12-26,NEOG,0.0,0.1778219938278198,0.1444810032844543,0.1444810032844543,512872,0.08333396647280678,0.181819688795821,0.181819688795821,0.08333396647280678,0.10169570099479415,0.14035199965676395,0.13537225694995952,-0.08321303964113866,0.04779374606366696,0.036777195853874456,0.04405611113957142,0.6764686654201697,2.3024489490827524,inf,0.23076383597450348,0.0,1
1990-12-27,NEOG,0.0,0.1778219938278198,0.1555940061807632,0.1555940061807632,299175,0.07691670630518543,0.27272136670461467,0.27272136670461467,0.16666044700242733,0.1290275981647833,0.19657596926383966,0.2121155803023845,-0.00709503145484653,0.04612214329302127,0.04057526469630188,0.04687089133240151,-0.4166673166014132,1.280075681385986,inf,0.14285889407097713,0.0,1
1990-12-28,NEOG,0.0,0.2222779989242553,0.1778219938278198,0.1778219938278198,190077,0.14285889407097718,0.45454093361253856,0.45454093361253856,0.3333282682175458,0.19402759273560433,0.31147221015378607,0.3616982237145377,0.13797861492412491,0.05119505301466254,0.05375754567875435,0.055546651502132,-0.3646628227625971,0.7876929324909815,inf,0.2500028491384538,0.0,1
1990-12-31,NEOG,0.0,0.2222779989242553,0.1889359951019287,0.1889359951019287,204699,0.06250071228461374,0.416662234690353,0.5454507780104492,0.416662234690353,0.18055483008141865,0.3281230384391635,0.41666384127856276,0.21082547542238267,0.051091968758720914,0.05228051455341344,0.05635649942297901,0.07692671917170402,0.818898034695123,inf,0.17647248108725372,0.0,1
1991-01-02,NEOG,0.0,0.2417269945144653,0.2000499963760376,0.2000499963760376,275556,0.058824160362418,0.4999962011631598,0.6363606224083596,0.6363606224083596,0.15384658358007675,0.3333324196244842,0.45748801756785623,0.28205126735953,0.03393779414046496,0.04982484976258634,0.0515228559265301,0.34615215511555997,1.0553514113461882,inf,0.2083329112392819,0.0,1
1991-01-03,NEOG,0.0,0.2556189894676208,0.2222779989242553,0.2222779989242553,374531,0.1111122366952475,0.538458301584702,0.8181803112041797,0.8181803112041797,0.17647246252985224,0.38888940357431917,0.5624996579340248,0.4204559273004725,0.03584036265054356,0.04944330749403212,0.05446188371631944,0.35918288841469614,1.3479036434832634,inf,0.149996808972205,0.0,0
1991-01-04,NEOG,0.0,0.2556189894676208,0.2222779989242553,0.2222779989242553,493752,0.0,0.42857687375194375,0.8181803112041797,0.8181803112041797,0.09890208978474119,0.3071900762938478,0.5094336949697627,0.4164319323453154,0.05466213406334936,0.04944330749403212,0.05446188371631944,0.31832077985533913,1.736895288064016,inf,0.149996808972205,0.0,1
1991-01-07,NEOG,0.0,0.2667329907417297,0.2445060014724731,0.2445060014724731,218195,0.10000091172222736,0.3750042737076811,1.0000000000000009,0.8333320670543867,0.13402187824341535,0.34146496297839996,0.6000010531121257,0.5492984338445098,0.043616868288736274,0.045304752475312134,0.05501716756956228,-0.5580878659732011,0.7918349853559791,inf,0.09090570020940343,0.0,1
1991-01-08,NEOG,0.0,0.2889609932899475,0.2556189894676208,0.2556189894676208,244064,0.04545077801044828,0.35293959909395456,0.9166584358535119,0.9166584358535119,0.11650244808764447,0.31428308440832814,0.608387342966809,0.6106413333934589,0.04466049007495767,0.045548535092782824,0.05455577744161521,0.11855908705515716,0.862480047127122,inf,0.13043633374722396,0.0,0
1991-01-09,NEOG,0.0,0.2556189894676208,0.2222779989242553,0.2222779989242553,121470,-0.13043236972654104,0.1111122366952475,0.6666641341087729,0.8181803112041797,-0.047618634139400144,0.09289709249090528,0.355932406758288,0.3986027204219297,0.09777864524494953,0.07582744324128385,0.06058944630116493,-0.5023026747082733,0.4273854614352087,inf,0.149996808972205,0.0,0
1991-01-10,NEOG,0.0,0.2556189894676208,0.2222779989242553,0.2222779989242553,62984,0.0,0.0,0.538458301584702,0.8181803112041797,-0.047618634139400026,0.05263258173878039,0.31578970465103445,0.392758917908732,0.08519601317670845,0.07694541718020868,0.06058944630116493,-0.4814851403638759,0.22662795741406505,inf,0.149996808972205,0.0,0
1991-01-11,NEOG,0.0,0.2556189894676208,0.2222779989242553,0.2222779989242553,2249,0.0,0.0,0.42857687375194375,0.8181803112041797,-0.047618634139400026,0.020408827786312516,0.27795552666578344,0.38696374669228417,0.08519601317670845,0.07743468007649731,0.06058944630116493,-0.9642925187349168,0.00842828583693834,inf,0.149996808972205,0.0,0
1991-01-14,NEOG,0.0,0.2556189894676208,0.2222779989242553,0.2222779989242553,123719,0.0,-0.0909098443979105,0.25000284913845383,0.8181803112041797,-0.029125612021911093,4.5586132145837795e-07,0.2422363010571586,0.38121660223388487,0.06639654002302382,0.06885382279290789,0.06058944630116493,54.01067140951534,0.47867681083833347,inf,0.149996808972205,0.0,0
1991-01-15,NEOG,0.0,0.2445060014724731,0.2222779989242553,0.2222779989242553,33742,0.0,-0.13043236972654104,0.17647248108725377,0.8181803112041797,0.0,-0.014778015382193345,0.20845950918393272,0.37551688997356114,0.0583311290349863,0.06787562800840519,0.06058944630116493,-0.7272690532577858,0.14025423834491518,inf,0.10000091172222736,0.0,0
1991-01-16,NEOG,0.0,0.2333920001983642,0.2222779989242553,0.2222779989242553,31492,0.0,0.0,0.1111122366952475,0.8181803112041797,0.0,-0.02439002695480545,0.17647089907085978,0.369864025125026,0.0,0.06652783112130355,0.06058944630116493,-0.06668247288246099,0.13358722768325082,inf,0.05000045586111374,0.0,1
1991-01-17,NEOG,0.0,0.2667329907417297,0.2445060014724731,0.2445060014724731,255311,0.10000091172222736,0.10000091172222736,0.10000091172222736,1.0000000000000009,0.07843207360404804,0.06280295369023076,0.2535625808240242,0.49660088455649054,0.04472176728457118,0.06476948493963029,0.06191500770191469,7.107170074939667,1.038663213012795,inf,0.09090570020940343,0.0,0
1991-01-18,NEOG,0.0,0.2556189894676208,0.2333920001983642,0.2333920001983642,52862,-0.045454922198955194,0.05000045586111379,0.05000045586111379,0.9090901556020903,0.019417647605238224,0.009615911451962013,0.1634356682832756,0.41700550269961195,0.05355202914637128,0.06721520802443316,0.06414174872447292,-0.7929505583386536,0.2197297459632006,inf,0.09523458066414213,0.0,0
1991-01-21,NEOG,0.0,0.2445060014724731,0.2333920001983642,0.2333920001983642,46113,0.0,0.05000045586111379,-0.045454922198955194,0.9090901556020903,0.009615468909200127,0.014493328117421295,0.13207620948546575,0.4056238227777359,0.05355202914637128,0.05873866415794811,0.06414174872447292,-0.12767205175740604,0.22318775204393962,inf,0.04761946109833624,0.0,0
1991-01-22,NEOG,0.0,0.2556189894676208,0.2333920001983642,0.2333920001983642,47238,0.0,0.05000045586111379,-0.08695359181079965,0.7499981005815799,0.0,0.024390460849976082,0.10526389903134035,0.3925741427005403,0.05355202914637128,0.05627616537105736,0.06317011638913606,0.02439659098301994,0.2424933104895374,inf,0.09523458066414213,0.0,0
1991-01-23,NEOG,0.0,0.2556189894676208,0.2333920001983642,0.2333920001983642,41615,0.0,0.05000045586111379,0.05000045586111379,0.7499981005815799,-0.00943404340706258,0.019417647605238224,0.07969226009914178,0.37976453780593505,0.05355202914637128,0.03616137564996738,0.06317011638913606,-0.1190355222490368,0.2291754090903584,inf,0.09523458066414213,0.0,0
1991-01-24,NEOG,0.0,0.2556189894676208,0.2333920001983642,0.2333920001983642,39365,0.0,-0.045454922198955194,0.05000045586111379,0.6153819179872517,0.0,0.014492881288517423,0.05793528039446844,0.36897097208228763,0.020328059189765633,0.03616137564996738,0.062226102669074294,-0.05406704313348554,0.24928685846946796,inf,0.09523458066414213,0.0,0
1991-01-25,NEOG,0.0,0.2556189894676208,0.2333920001983642,0.2333920001983642,97851,0.0,0.0,0.05000045586111379,0.5000063686721856,0.0,0.009615468909200127,0.03960455251059429,0.35834496650695047,0.0,0.03616137564996738,0.06128923026638792,1.485736059951734,0.6618519151066071,inf,0.09523458066414213,0.0,1
1991-01-28,NEOG,0.0,0.2778469920158386,0.2556189894676208,0.2556189894676208,154086,0.09523458066414214,0.09523458066414214,0.14999680897220502,0.4374992877153865,0.07476364760558567,0.09004432159367122,0.1192185290179046,0.4724674214426363,0.04259019923474178,0.045816706961420484,0.05714119383413545,0.5747003096544747,1.0550605396840829,inf,0.08695755583148272,0.0,0
1991-01-29,NEOG,0.0,0.2778469920158386,0.2556189894676208,0.2556189894676208,28118,0.0,0.09523458066414214,0.14999680897220502,0.35293959909395456,0.05504391474301974,0.07476364760558567,0.10311475859552469,0.45753749077045036,0.04259019923474178,0.045816706961420484,0.0563906992036273,-0.8175174902327271,0.204918316533136,inf,0.08695755583148272,0.0,1
1991-01-30,NEOG,0.0,0.2889609932899475,0.2667329907417297,0.2667329907417297,95601,0.043478777915741285,0.1428540417624784,0.1999972648333186,0.33333164495712797,0.07142769924404038,0.10091547437686549,0.13474960239083064,0.5037563388350157,0.04216559709531895,0.046297881182362575,0.0558900810614491,2.3999928871185716,0.7456135219809403,inf,0.08333428304615158,0.0,1
1991-01-31,NEOG,0.0,0.3000749945640564,0.2778469920158386,0.2778469920158386,213697,0.041667141523075824,0.19047350286081488,0.1363606224083589,0.24999772069443238,0.07758627465249336,0.1312205434257012,0.16822271635184274,0.5470272558151285,0.03933432089965021,0.03792073452298668,0.05166563844124577,1.235300885973996,1.7781973468956416,inf,0.08000087525493409,0.0,0
1991-02-01,NEOG,0.0,0.3111889958381653,0.2778469920158386,0.2778469920158386,114721,0.0,0.19047350286081488,0.19047350286081488,0.24999772069443238,0.04166714152307568,0.11111021064380193,0.15473296196908579,0.5262490925196476,0.03933432089965021,0.03239078690047186,0.05166563844124577,-0.46316045615989,1.1333306659988451,inf,0.12000131288240114,0.0,0
1991-02-04,NEOG,0.0,0.3111889958381653,0.2778469920158386,0.2778469920158386,129343,0.0,0.08695755583148279,0.19047350286081488,0.1363606224083589,0.024590439583351782,0.0917024134977587,0.1467877150582612,0.5060216762297213,0.0233269655781355,0.03239078690047186,0.04741569534568821,0.12745704796854973,1.3364358370172982,inf,0.12000131288240114,0.0,0
1991-02-05,NEOG,0.0,0.3000749945640564,0.2778469920158386,0.2778469920158386,22494,0.0,0.08695755583148279,0.19047350286081488,0.08695755583148279,0.008064605071927447,0.0729609703371747,0.14155119024338567,0.486323396163249,0.0233269655781355,0.03239078690047186,0.04658278679219552,-0.8260903179916965,0.2624628734749027,inf,0.08000087525493409,0.0,0
1991-02-06,NEOG,0.0,0.3111889958381653,0.2778469920158386,0.2778469920158386,129343,0.0,0.041667141523075824,0.19047350286081488,0.24999772069443238,0.0,0.054852142125352304,0.1286669729552066,0.4636979692017633,0.01863411217474034,0.03239078690047186,0.03403016439557706,4.750111140748644,1.5022904345321335,inf,0.12000131288240114,0.0,0
1991-02-07,NEOG,0.0,0.2889609932899475,0.2445060014724731,0.2445060014724731,93352,-0.11999766598684258,-0.11999766598684258,0.04761946109833626,0.10000091172222736,-0.09835869556903305,-0.07562799870565001,-0.011234426501722124,0.27314955070891517,0.0536645876575789,0.054498737337795033,0.04501550643976874,-0.2782601300418268,1.0654723588036832,inf,0.18181554460731403,0.0,1
1991-02-08,NEOG,0.0,0.2889609932899475,0.2667329907417297,0.2667329907417297,94476,0.09090570020940336,-0.04000043762746719,0.1428540417624784,0.1999972648333186,-0.008265303481161635,-0.004149801424661819,0.06904076959310078,0.36986037401094185,0.07499002880098897,0.06061778642265242,0.04883236959008149,0.012040449053046576,1.024386039004868,inf,0.08333428304615158,0.0,0
1991-02-11,NEOG,0.0,0.2889609932899475,0.2556189894676208,0.2556189894676208,48363,-0.04166714152307571,-0.08000087525493427,0.0,0.14999680897220502,-0.033614572075746536,-0.045644032584483456,0.01769727646095378,0.2965020468041511,0.07648213288468526,0.05578260743572705,0.0501652022652666,-0.48809221389559254,0.546726935540303,inf,0.13043633374722396,0.0,1
1991-02-12,NEOG,0.0,0.2889609932899475,0.2667329907417297,0.2667329907417297,158585,0.043478777915741285,-0.04000043762746719,0.043478777915741285,0.1999972648333186,0.01694856323513398,-0.008264929849673612,0.052630316172837185,0.3348141086799616,0.08084088957689324,0.05733096230089738,0.050729679392922944,2.2790563033724127,1.6745810247588997,inf,0.08333428304615158,0.0,1
1991-02-13,NEOG,0.0,0.3111889958381653,0.2889609932899475,0.2889609932899475,185579,0.08333428304615165,0.04000043762746697,0.08333428304615165,0.29999817655554617,0.09243720012943525,0.0655741073959199,0.12554083508000993,0.42231827224692525,0.09028570563938106,0.061477776611387855,0.053194516565466816,0.1702178642368446,1.8121949326038165,inf,0.07692388614512369,0.0,0
1991-02-14,NEOG,0.0,0.3111889958381653,0.2889609932899475,0.2889609932899475,73107,0.0,0.18181554460731397,0.04000043762746697,0.18181554460731397,0.056911201870747836,0.061224778388193846,0.11587966038730364,0.39935301714779387,0.056205358545640585,0.060479784633022504,0.049296692938995246,-0.606059952904154,0.7836073463389694,inf,0.07692388614512369,0.0,0
1991-02-15,NEOG,0.0,0.3111889958381653,0.2889609932899475,0.2889609932899475,10122,0.0,0.08333428304615165,0.04000043762746697,0.23809296395915114,0.04000043762746704,0.056910810158956826,0.10403389629950295,0.3771175883170579,0.04775246596551369,0.060479784633022504,0.04764758862573692,-0.8615454060486684,0.11103742988170598,inf,0.07692388614512369,0.0,0
1991-02-19,NEOG,0.0,0.3111889958381653,0.2889609932899475,0.2889609932899475,33742,0.0,0.13043633374722408,0.04000043762746697,0.23809296395915114,0.015625166941587342,0.05263177322047191,0.0924369908855929,0.3569927615036188,0.0374789820224533,0.060479784633022504,0.04764758862573692,2.333530922742541,0.3726754723608045,inf,0.07692388614512369,0.0,0
1991-02-20,NEOG,0.0,0.3111889958381653,0.2889609932899475,0.2889609932899475,34866,0.0,0.08333428304615165,0.04000043762746697,0.23809296395915114,0.0,0.04838724501229782,0.08108118353920261,0.33744766036968243,0.037268224349480655,0.060479784633022504,0.04764758862573692,0.03331159978661602,0.38773905626364386,inf,0.07692388614512369,0.0,0
1991-02-21,NEOG,0.0,0.3111889958381653,0.2889609932899475,0.2889609932899475,55111,0.0,0.0,0.04000043762746697,0.23809296395915114,0.0,0.04417680976218423,0.06995903301806931,0.31712175430031403,0.0,0.060479784633022504,0.04764758862573692,0.5806516376986175,0.6083153689838745,inf,0.07692388614512369,0.0,0
1991-02-22,NEOG,0.0,0.2889609932899475,0.2556189894676208,0.2556189894676208,101225,-0.1153858292176857,-0.1153858292176857,0.04545077801044828,0.09523458066414214,-0.09448920646209866,-0.0800008752549341,-0.05737804457885363,0.1511489114107167,0.051602111554185336,0.05942395667716401,0.05549389487069005,0.8367476547331749,1.0804351840288784,inf,0.13043633374722396,0.0,0
1991-02-25,NEOG,0.0,0.2889609932899475,0.2556189894676208,0.2556189894676208,8998,0.0,-0.1153858292176857,-0.04166714152307571,0.09523458066414214,-0.07258144564734642,-0.07630605906782138,-0.06122534797837054,0.13748549371632077,0.051602111554185336,0.05141724949694089,0.05549389487069005,-0.9111089157816745,0.10082193745521531,inf,0.13043633374722396,0.0,0
1991-02-26,NEOG,0.2556189894676208,0.2556189894676208,0.2556189894676208,0.2556189894676208,0,0.0,-0.1153858292176857,0.0,0.0,-0.04958733730742273,-0.07630605906782156,-0.06122534797837054,0.12414262376756018,0.051602111554185336,0.0495937252769181,0.05137149008030324,-1.0,0.0,0.0,0.0,0.5,0
1991-02-27,NEOG,0.0,0.2889609932899475,0.2556189894676208,0.2556189894676208,37116,0.0,-0.1153858292176857,-0.04166714152307571,0.0,-0.02542402346740642,-0.07258144564734642,-0.06122534797837054,0.11110915213411854,0.051602111554185336,0.0473236635121144,0.05137149008030324,inf,0.4526780340289089,inf,0.13043633374722396,0.0,1
1991-02-28,NEOG,0.0,0.3000749945640564,0.2667329907417297,0.2667329907417297,28118,0.043478777915741285,-0.07692388614512391,-0.07692388614512391,0.0,0.03448316515665751,-0.024390515087463618,-0.020408573370194832,0.14503677187382666,0.059519259294599745,0.040396962634178926,0.05137149008030324,-0.24242914107123614,0.3576539185096524,inf,0.12500142456922725,0.0,0
1991-03-01,NEOG,0.0,0.3000749945640564,0.2667329907417297,0.2667329907417297,11247,0.0,0.043478777915741285,-0.07692388614512391,-0.04000043762746719,0.02564132535324519,-0.016393626388901326,-0.018405296882508623,0.13100715694526843,0.019444300599642816,0.040396962634178926,0.05048510535608107,-0.6000071128814283,0.16420080764547693,inf,0.12500142456922725,0.0,0
1991-03-04,NEOG,0.0,0.3000749945640564,0.2667329907417297,0.2667329907417297,22494,0.0,0.043478777915741285,-0.07692388614512391,-0.04000043762746719,0.016949348978270877,-0.00826455621790406,-0.016393810154783122,0.11731717760149617,0.019444300599642816,0.040396962634178926,0.05048510535608107,1.0,0.35210666825287373,inf,0.12500142456922725,0.0,0
1991-03-05,NEOG,0.0,0.2889609932899475,0.2667329907417297,0.2667329907417297,25869,0.0,0.043478777915741285,-0.07692388614512391,-0.04000043762746719,0.008403457918691275,0.0,-0.01437406261003214,0.10395464825037522,0.019444300599642816,0.040396962634178926,0.05048510535608107,0.1500400106695119,0.44062077640484176,inf,0.08333428304615158,0.0,0
1991-03-06,NEOG,0.0,0.2889609932899475,0.2667329907417297,0.2667329907417297,29243,0.0,0.043478777915741285,-0.07692388614512391,-0.04000043762746719,0.0,0.008403457918691275,-0.01234600325499399,0.09190060654186794,0.019444300599642816,0.040396962634178926,0.05048510535608107,0.13042637906374432,0.4952428371590474,inf,0.08333428304615158,0.0,0
1991-03-07,NEOG,0.0,0.2778469920158386,0.2556189894676208,0.2556189894676208,44989,-0.04166714152307571,-0.04166714152307571,-0.1153858292176857,-0.08000087525493427,-0.033613831674765525,-0.02127684338375547,-0.04958751633925751,0.036034521535355885,0.0186341121747403,0.04170069899283307,0.05130376985006968,0.5384536470266388,0.8205164681443222,inf,0.08695755583148272,0.0,0
1991-03-08,NEOG,0.0,0.2889609932899475,0.2556189894676208,0.2556189894676208,26993,0.0,-0.04166714152307571,0.0,0.04545077801044828,-0.02542402346740642,-0.02127684338375547,-0.05154697314753864,0.026784284854481078,0.0186341121747403,0.0200727194888664,0.04327408172032462,-0.4000088910622597,0.524012296128195,inf,0.13043633374722396,0.0,0
1991-03-11,NEOG,0.0,0.2889609932899475,0.2556189894676208,0.2556189894676208,6748,0.0,-0.04166714152307571,0.0,-0.04166714152307571,-0.017094216902163388,-0.02127684338375547,-0.04958733730742273,0.018599111615646816,0.0186341121747403,0.0200727194888664,0.038024364489781796,-0.7500092616604305,0.1431913550447473,inf,0.13043633374722396,0.0,0
1991-03-12,NEOG,0.0,0.2889609932899475,0.2556189894676208,0.2556189894676208,12372,0.0,-0.04166714152307571,0.0,0.0,-0.008620791289164216,-0.02127684338375547,-0.04958733730742273,0.012322548342719812,0.0186341121747403,0.0200727194888664,0.036825826088128434,0.8334321280379371,0.2729547149330851,inf,0.13043633374722396,0.0,0
1991-03-13,NEOG,0.0,0.2889609932899475,0.2556189894676208,0.2556189894676208,11247,0.0,-0.04166714152307571,0.0,-0.04166714152307571,0.0,-0.02127684338375547,-0.04761958694128406,0.007003890721665709,0.0186341121747403,0.0200727194888664,0.03542176295030749,-0.09093113482056259,0.2962910274952383,inf,0.13043633374722396,0.0,0
1991-03-14,NEOG,0.0,0.2889609932899475,0.2556189894676208,0.2556189894676208,2249,0.0,0.0,-0.04166714152307571,-0.1153858292176857,0.0,-0.017094216902163388,-0.041667141523075685,0.0026141951050903606,0.0,0.013176307080149672,0.029285787402775394,-0.8000355650395661,0.07810980522908505,inf,0.13043633374722396,0.0,0
1991-03-15,NEOG,0.2556189894676208,0.2556189894676208,0.2556189894676208,0.2556189894676208,0,0.0,0.0,-0.04166714152307571,-0.1153858292176857,0.0,-0.012875687625882825,-0.03563982171892733,-1.268485009554766e-06,0.0,0.013176307080149672,0.029285787402775394,-1.0,0.0,0.0,0.0,0.5,0
1991-03-18,NEOG,0.0,0.2889609932899475,0.2556189894676208,0.2556189894676208,2249,0.0,0.0,-0.04166714152307571,-0.1153858292176857,0.0,-0.008620791289164216,-0.029536205846876003,-0.0026031219518267614,0.0,0.013176307080149672,0.029285787402775394,inf,0.09089145563737179,inf,0.13043633374722396,0.0,0
1991-03-19,NEOG,0.0,0.2889609932899475,0.2556189894676208,0.2556189894676208,22494,0.0,0.0,-0.04166714152307571,-0.1153858292176857,0.0,-0.004329055586929269,-0.0233548360033415,-0.0034673478268622154,0.0,0.013176307080149672,0.029285787402775394,9.001778568252556,0.9302190940144077,inf,0.13043633374722396,0.0,0
1991-03-20,NEOG,0.0,0.2889609932899475,0.2556189894676208,0.2556189894676208,20245,0.0,0.0,-0.04166714152307571,-0.1153858292176857,0.0,0.0,-0.017094216902163388,-0.003467347826862,0.0,0.013176307080149672,0.029285787402775394,-0.09998221748021696,0.8633133407390509,inf,0.13043633374722396,0.0,0
1991-03-21,NEOG,0.0,0.2333920001983642,0.2000499963760376,0.2000499963760376,128218,-0.21738992555802317,-0.21738992555802317,-0.21738992555802317,-0.3076920379516255,-0.18181697623207366,-0.19999870332497258,-0.21739008067211862,-0.21874950535822016,0.09721973023427176,0.06874473051378037,0.05559343095767651,5.333316868362559,4.7302965796861915,inf,0.16666835504287156,0.0,1
1991-03-22,NEOG,0.0,0.2556189894676208,0.2222779989242553,0.2222779989242553,66358,0.1111122366952475,-0.13043236972654104,-0.13043236972654104,-0.13043236972654104,-0.06541872917701812,-0.09909695316877154,-0.12472432921183982,-0.13194301547930354,0.11973441385785978,0.08060522051093098,0.057438848894124636,-0.4824595610600696,2.6163979284254024,inf,0.149996808972205,0.0,1
1991-03-25,NEOG,0.0,0.3000749945640564,0.2556189894676208,0.2556189894676208,103474,0.14999680897220502,0.0,0.0,0.0,0.07476547917161727,0.03603562904924967,0.006564228377390424,-0.004330077327131082,0.14293449486282098,0.09540103390604054,0.06713154952924635,0.5593296964947707,3.4392569338383274,inf,0.17391511166296522,0.0,0
1991-03-26,NEOG,0.0,0.2778469920158386,0.2445060014724731,0.2445060014724731,17996,-0.04347481389505836,-0.04347481389505836,-0.04347481389505836,-0.04347481389505836,0.03773795877593907,-0.0045220494654354005,-0.03508472020513618,-0.04926295762880988,0.14490807352032908,0.09660538577926472,0.0679085121745069,-0.8260819142973114,0.580779353222993,inf,0.13636062240835883,0.0,0
1991-03-27,NEOG,0.0,0.2778469920158386,0.2445060014724731,0.2445060014724731,2249,0.0,-0.04347481389505836,-0.04347481389505836,-0.04347481389505836,0.047620370753920026,2.4865192870895505e-06,-0.032964196834441996,-0.05090359143126651,0.14490807352032908,0.09660538577926472,0.0679085121745069,-0.8750277839519893,0.07690834604310151,inf,0.13636062240835883,0.0,0
1991-03-28,NEOG,0.2445060014724731,0.2445060014724731,0.2445060014724731,0.2445060014724731,0,0.0,0.22222447339049545,-0.04347481389505836,-0.08333048419487932,0.009175232780712143,0.004568339130152363,-0.028694870457941255,-0.052538572687803174,0.08255619225812619,0.09660538577926472,0.0671384152099037,-1.0,0.0,0.0,0.0,0.5,0
1991-04-01,NEOG,0.0,0.2778469920158386,0.2445060014724731,0.2445060014724731,71982,0.0,0.10000091172222736,-0.04347481389505836,-0.08333048419487932,-0.009008269034857309,0.009176076898452876,-0.024387679971818066,-0.052538572687803174,0.07436349080363795,0.09660538577926472,0.0671384152099037,inf,2.3315178575766558,inf,0.13636062240835883,0.0,0
1991-04-02,NEOG,0.0,0.2667329907417297,0.2445060014724731,0.2445060014724731,5624,0.0,-0.04347481389505836,-0.04347481389505836,-0.08333048419487932,0.0,0.013826278834466849,-0.020042119414499245,-0.05335395273238247,0.019442527835700562,0.09660538577926472,0.0671384152099037,-0.9218693562279459,0.1872796991003981,inf,0.09090570020940343,0.0,0
1991-04-03,NEOG,0.0,0.2667329907417297,0.2445060014724731,0.2445060014724731,14621,0.0,0.0,-0.04347481389505836,-0.08333048419487932,0.0,0.01851953467000634,-0.015657673769488,-0.05416793056062128,0.0,0.09660538577926472,0.0671384152099037,1.5997510668563302,0.496172908843796,inf,0.09090570020940343,0.0,0
1991-04-04,NEOG,0.0,0.2667329907417297,0.2445060014724731,0.2445060014724731,74231,0.0,0.0,-0.04347481389505836,-0.08333048419487932,0.0,0.023256445107735668,-0.01123381876188956,-0.05498050978651864,0.0,0.09660538577926472,0.0671384152099037,4.077012516243759,2.340420500710188,inf,0.09090570020940343,0.0,0
1991-04-05,NEOG,0.0,0.2556189894676208,0.2222779989242553,0.2222779989242553,44989,-0.0909098443979105,-0.0909098443979105,0.1111122366952475,-0.13043236972654104,-0.07407469939753869,-0.07834128488834834,-0.09502154173844837,-0.14015337681990886,0.040656118379531266,0.06943720109357274,0.06952735124067683,-0.39393245409599764,1.41845290924884,inf,0.149996808972205,0.0,0
1991-04-08,NEOG,0.0,0.2556189894676208,0.2222779989242553,0.2222779989242553,4499,0.0,-0.0909098443979105,0.0,-0.13043236972654104,-0.0566042604423763,-0.07834128488834813,-0.08883730371090157,-0.1394133975893786,0.040656118379531266,0.06021196635278786,0.06952735124067683,-0.8999977772344351,0.1470633902377236,inf,0.149996808972205,0.0,0
1991-04-09,NEOG,0.0,0.2556189894676208,0.2222779989242553,0.2222779989242553,37116,0.0,-0.0909098443979105,-0.13043236972654104,-0.13043236972654104,-0.03846187563680015,-0.06542111818078292,-0.08256796322247922,-0.13867214361777735,0.040656118379531266,0.030457138577954405,0.06952735124067683,7.249833296288063,1.1558781899463262,inf,0.149996808972205,0.0,0
1991-04-10,NEOG,0.0,0.2556189894676208,0.2222779989242553,0.2222779989242553,6748,0.0,-0.0909098443979105,-0.0909098443979105,-0.13043236972654104,-0.01960801840101192,-0.0566042604423763,-0.0762117514361124,-0.13644076822209425,0.040656118379531266,0.0287482170028896,0.06952735124067683,-0.8181916154758055,0.2120049199719128,inf,0.149996808972205,0.0,1
1991-04-11,NEOG,0.0,0.2556189894676208,0.2333920001983642,0.2333920001983642,32617,0.05000045586111379,-0.045454922198955194,-0.045454922198955194,-0.08695359181079965,0.039604317899086486,-0.0047393774498232155,-0.02552102089060895,-0.09169371762994338,0.051063513834930525,0.034314375976203126,0.07058976143567129,3.8335803200948426,0.9914599541916747,inf,0.09523458066414213,0.0,1
1991-04-12,NEOG,0.0,0.2667329907417297,0.2445060014724731,0.2445060014724731,78730,0.04761946109833626,0.10000091172222736,0.0,-0.04347481389505836,0.06796176661833331,0.042654397048410585,0.02325709598636882,-0.046791570037895316,0.026747565422768627,0.03804639851942384,0.0714596873192215,1.4137719594076708,2.143946408147704,inf,0.09090570020940343,0.0,0
1991-04-15,NEOG,0.0,0.2667329907417297,0.2445060014724731,0.2445060014724731,83229,0.0,0.10000091172222736,0.0,-0.04347481389505836,0.04761946109833636,0.042654397048410585,0.025642115501094187,-0.044307149090782705,0.026747565422768627,0.03804639851942384,0.0714596873192215,0.057144671662644475,2.03576263744865,inf,0.09090570020940343,0.0,0
1991-04-16,NEOG,0.0,0.2556189894676208,0.2445060014724731,0.2445060014724731,69733,0.0,0.10000091172222736,0.0,-0.04347481389505836,0.028037622077478334,0.042654397048410585,0.02803827905279876,-0.04180974362369601,0.026747565422768627,0.03804639851942384,0.0714596873192215,-0.16215501808263943,1.5756146112592964,inf,0.045450778010448244,0.0,0
1991-04-17,NEOG,0.0,0.2445060014724731,0.2222779989242553,0.2222779989242553,78730,-0.0909098443979105,0.0,-0.0909098443979105,-0.13043236972654104,-0.06542111818078292,-0.04306257665789806,-0.058823630363696186,-0.12510819589731603,0.057059735048699656,0.047828278618860416,0.07431718767366323,0.12902069321555065,1.6726347981546419,inf,0.10000091172222736,0.0,0
1991-04-18,NEOG,0.0,0.2445060014724731,0.2222779989242553,0.2222779989242553,34866,0.0,-0.04761946109833637,-0.0909098443979105,-0.13043236972654104,-0.0566042604423763,-0.03381672300654029,-0.052132947163448635,-0.12126423736033304,0.05039196718352897,0.047828278618860416,0.07431718767366323,-0.5571446716626445,0.7294065961653121,inf,0.10000091172222736,0.0,0
1991-04-19,NEOG,0.0,0.2445060014724731,0.2222779989242553,0.2222779989242553,202449,0.0,-0.0909098443979105,0.0,0.1111122366952475,-0.03846187563680015,-0.03381672300654029,-0.056604057585158137,-0.11738635182999559,0.04065611837953126,0.03804639851942384,0.0548402713207201,4.806487695749441,3.9301289698235653,inf,0.10000091172222736,0.0,0
1991-04-22,NEOG,0.0,0.2445060014724731,0.2222779989242553,0.2222779989242553,39365,0.0,-0.0909098443979105,0.0,0.0,-0.01960801840101192,-0.03381672300654029,-0.056604057585157914,-0.1158255687593672,0.04065611837953126,0.03804639851942384,0.04902257607795207,-0.8055559671818582,0.7847511283351674,inf,0.10000091172222736,0.0,0
1991-04-23,NEOG,0.0,0.2556189894676208,0.2222779989242553,0.2222779989242553,40490,0.0,-0.0909098443979105,0.0,-0.13043236972654104,0.0,-0.033816723006540525,-0.04988166724760221,-0.11268745541851731,0.04065611837953126,0.03804639851942384,0.034314242654161733,0.028578686650577945,0.8612474794313087,inf,0.149996808972205,0.0,0
1991-04-24,NEOG,0.2222779989242553,0.2222779989242553,0.2222779989242553,0.2222779989242553,0,0.0,0.0,0.0,-0.0909098443979105,0.0,-0.03381672300654029,-0.045346456735041486,-0.11031923107924499,0.0,0.03804639851942384,0.033199855896687065,-1.0,0.0,0.0,0.0,0.5,0
1991-04-25,NEOG,0.0,0.2556189894676208,0.2222779989242553,0.2222779989242553,11247,0.0,0.0,-0.04761946109833637,-0.0909098443979105,0.0,-0.029126471407856975,-0.040767742623676,-0.10714183959456915,0.0,0.033903141701562216,0.033199855896687065,inf,0.24154215873874918,inf,0.149996808972205,0.0,0
1991-04-26,NEOG,0.0,0.2556189894676208,0.2222779989242553,0.2222779989242553,19120,0.0,0.0,-0.0909098443979105,-0.0909098443979105,0.0,-0.01960801840101192,-0.03614489594028514,-0.10233293262540019,0.0,0.0287482170028896,0.033199855896687065,0.7000088912598916,0.4023628294187835,inf,0.149996808972205,0.0,0
1991-04-29,NEOG,0.0,0.2556189894676208,0.2222779989242553,0.2222779989242553,13497,0.0,0.0,-0.0909098443979105,-0.0909098443979105,0.0,-0.00990107947477156,-0.031477275528039694,-0.09747194389128705,0.0,0.0287482170028896,0.033199855896687065,-0.29408995815899586,0.3026569092309572,inf,0.149996808972205,0.0,0
1991-04-30,NEOG,0.0,0.2556189894676208,0.2111639976501464,0.2111639976501464,5624,-0.05000045586111357,-0.05000045586111357,-0.1363647665968657,-0.1363647665968657,-0.04040441249762729,-0.0452265450620146,-0.07317138254992825,-0.1371475395473518,0.02236088364228552,0.03123223783717829,0.034714185489005206,-0.5833148106986739,0.12611265151625572,inf,0.21052353768717152,0.0,0
1991-05-01,NEOG,0.2111639976501464,0.2111639976501464,0.2111639976501464,0.2111639976501464,0,0.0,-0.05000045586111357,-0.05000045586111357,-0.1363647665968657,-0.030612529692543723,-0.04040441249762729,-0.06633966076453882,-0.13162656151714194,0.02236088364228552,0.015811532456783493,0.034714185489005206,-1.0,0.0,0.0,0.0,0.5,0
1991-05-02,NEOG,0.0,0.2556189894676208,0.2111639976501464,0.2111639976501464,44989,0.0,-0.05000045586111357,-0.05000045586111357,-0.1363647665968657,-0.020618750498986944,-0.03553332381955094,-0.059406476848629715,-0.12603447633868206,0.02236088364228552,0.015811532456783493,0.034714185489005206,inf,1.0610137753261055,inf,0.21052353768717152,0.0,1
1991-05-03,NEOG,0.0,0.2445060014724731,0.2222779989242553,0.2222779989242553,28118,0.052632084056877915,0.0,0.0,0.0,0.030928125748480546,0.015228567351236155,-0.009901079474771805,-0.07492969134641733,0.03629323891958829,0.024197082725433767,0.031033154562503985,-0.3750027784569562,0.6765908656142509,inf,0.10000091172222736,0.0,0
1991-05-06,NEOG,0.0,0.2445060014724731,0.2222779989242553,0.2222779989242553,5624,0.0,0.0,0.0,0.0,0.030928125748480546,0.015228567351236155,-0.00990107947477156,-0.07235533650763488,0.03629323891958829,0.024197082725433767,0.031033154562503985,-0.7999857742371435,0.13514487703834713,inf,0.10000091172222736,0.0,0
1991-05-07,NEOG,0.0,0.2445060014724731,0.2222779989242553,0.2222779989242553,16871,0.0,0.052632084056877915,0.0,0.0,0.02040835312836261,0.015228567351236155,-0.00990107947477156,-0.06976661346960222,0.023537783549732336,0.024197082725433767,0.031033154562503985,1.9998221906116642,0.41551782101282314,inf,0.10000091172222736,0.0,0
1991-05-08,NEOG,0.0,0.2445060014724731,0.2222779989242553,0.2222779989242553,0,0.0,0.052632084056877915,0.0,0.0,0.01010110312440679,0.015228567351236155,-0.00990107947477156,-0.06716340160624641,0.023537783549732336,0.024197082725433767,0.031033154562503985,-1.0,0.0,inf,0.10000091172222736,0.0,0
1991-05-09,NEOG,0.0,0.2556189894676208,0.2222779989242553,0.2222779989242553,67483,0.0,0.052632084056877915,0.0,-0.04761946109833637,0.0,0.015228567351236155,-0.007444236099390897,-0.06454557893744133,0.023537783549732336,0.024197082725433767,0.028763772924240514,inf,1.6064225479518903,inf,0.149996808972205,0.0,0
1991-05-10,NEOG,0.0,0.2556189894676208,0.2222779989242553,0.2222779989242553,2249,0.0,0.0,0.0,-0.0909098443979105,0.0,0.015228567351236155,-0.002493788265550774,-0.06103218059515792,0.0,0.024197082725433767,0.026303021133412492,-0.9666730880369871,0.05889870679495708,inf,0.149996808972205,0.0,0
1991-05-13,NEOG,0.0,0.2556189894676208,0.2222779989242553,0.2222779989242553,14621,0.0,0.0,0.0,-0.0909098443979105,0.0,0.015228567351236155,0.0025062885716107077,-0.057492291374995834,0.0,0.024197082725433767,0.026303021133412492,5.501111605157848,0.4207021965943292,inf,0.149996808972205,0.0,0
1991-05-14,NEOG,0.0,0.2445060014724731,0.2222779989242553,0.2222779989242553,29243,0.0,0.0,0.052632084056877915,-0.0909098443979105,0.0,0.01010110312440679,0.007556744479487165,-0.053925610532974434,0.0,0.01664372636211698,0.026303021133412492,1.0000683947746394,0.8934807649415051,inf,0.10000091172222736,0.0,0
1991-05-15,NEOG,0.0,0.2445060014724731,0.2000499963760376,0.2000499963760376,66358,-0.10000091172222692,-0.10000091172222692,-0.05263208405687758,-0.10000091172222692,-0.08163341251344967,-0.08629521499033765,-0.08860841301795536,-0.14367304758984653,0.04472176728457099,0.03733621720112753,0.02790616356653629,1.2691926272954213,2.066538568140838,inf,0.2222244733904955,0.0,0
1991-05-16,NEOG,0.0,0.2445060014724731,0.2000499963760376,0.2000499963760376,439765,0.0,-0.10000091172222692,-0.05263208405687758,-0.10000091172222692,-0.06250059356938367,-0.08163341251344967,-0.08397024485333976,-0.13875636491148283,0.04472176728457099,0.03733621720112753,0.02790616356653629,5.6271587449893,8.399571010960612,inf,0.2222244733904955,0.0,0
1991-05-17,NEOG,0.0,0.2445060014724731,0.2000499963760376,0.2000499963760376,365534,0.0,-0.10000091172222692,-0.10000091172222692,-0.10000091172222692,-0.042553604220351864,-0.07216562674645428,-0.07928462695547418,-0.1346158060848309,0.04472176728457099,0.03162306491356685,0.02790616356653629,-0.16879697110956993,6.040895787300921,inf,0.2222244733904955,0.0,1
1991-05-20,NEOG,0.0,0.2556189894676208,0.2333920001983642,0.2333920001983642,114721,0.16666835504287159,0.05000045586111379,0.05000045586111379,0.05000045586111379,0.10526416811375562,0.07692379623072218,0.0714292359492688,0.011561594834270338,0.09603334488367964,0.06440675268089535,0.04746665683503858,-0.6861550498722417,1.7847713903888909,inf,0.09523458066414213,0.0,0
1991-05-21,NEOG,0.0,0.2667329907417297,0.2333920001983642,0.2333920001983642,123719,0.0,0.05000045586111379,0.05000045586111379,0.05000045586111379,0.09375089035407563,0.0714292359492688,0.06870292760727824,0.013514345984824925,0.09603334488367964,0.06440675268089535,0.04746665683503858,0.07843376539604785,1.8077226265960347,inf,0.14285404176247837,0.0,1
1991-05-22,NEOG,0.0,0.2667329907417297,0.2445060014724731,0.2445060014724731,67483,0.04761946109833626,0.22222447339049545,0.10000091172222736,0.10000091172222736,0.10000091172222722,0.11111213436847493,0.11392510245165736,0.0628031409330084,0.0722185918214261,0.06560825349595208,0.048467471831126346,-0.4545461893484428,0.9397005847106316,inf,0.09090570020940343,0.0,0
1991-05-23,NEOG,0.0,0.2667329907417297,0.2445060014724731,0.2445060014724731,19120,0.0,0.22222447339049545,0.10000091172222736,0.10000091172222736,0.05769281345520015,0.10000091172222722,0.10831333753931487,0.06383091286361946,0.0722185918214261,0.06560825349595208,0.048467471831126346,-0.7166693834002638,0.2647944553813726,inf,0.09090570020940343,0.0,0
1991-05-24,NEOG,0.0,0.2667329907417297,0.2445060014724731,0.2445060014724731,44989,0.0,0.22222447339049545,0.10000091172222736,0.10000091172222736,0.018518674849384874,0.08910971527294415,0.10275783143603787,0.06486067450914045,0.0722185918214261,0.06560825349595208,0.048467471831126346,1.3529811715481173,0.6120919069828192,inf,0.09090570020940343,0.0,0
1991-05-28,NEOG,0.0,0.2667329907417297,0.2445060014724731,0.2445060014724731,22494,0.0,0.04761946109833626,0.10000091172222736,0.10000091172222736,0.00917438866438352,0.07843207360404778,0.09725774235647917,0.06589243165315213,0.021296070413557272,0.06560825349595208,0.048467471831126346,-0.5000111138278246,0.3041774706643994,inf,0.09090570020940343,0.0,0
1991-05-29,NEOG,0.0,0.2667329907417297,0.2445060014724731,0.2445060014724731,61860,0.0,0.04761946109833626,0.10000091172222736,0.15789625217063397,0.0,0.06796176661833278,0.08910971527294441,0.06692619010167218,0.021296070413557272,0.06560825349595208,0.046692259490226005,1.7500666844491866,0.8058669616040739,inf,0.09090570020940343,0.0,0
1991-05-30,NEOG,0.0,0.2667329907417297,0.2445060014724731,0.2445060014724731,33742,0.0,0.0,0.22222447339049545,0.15789625217063397,0.0,0.04761946109833624,0.08108180760110328,0.06796195568326414,0.0,0.05318106057332803,0.046692259490226005,-0.4545425153572583,0.430113009509982,inf,0.09090570020940343,0.0,0
1991-05-31,NEOG,0.0,0.2667329907417297,0.2445060014724731,0.2445060014724731,29243,0.0,0.0,0.22222447339049545,0.15789625217063397,0.0,0.028037622077478334,0.07317138254992837,0.06899973424914653,0.0,0.05318106057332803,0.046692259490226005,-0.13333530911030766,0.37654266541422843,inf,0.09090570020940343,0.0,0
1991-06-03,NEOG,0.0,0.2667329907417297,0.2333920001983642,0.2333920001983642,19120,-0.045454922198955194,-0.045454922198955194,0.16666835504287159,0.05000045586111379,-0.036697554657534194,-0.03225833557947862,0.02189800452277803,0.017442104441575304,0.020328059189765577,0.057020122171830376,0.04694643860522302,-0.3461683137844954,0.2476300624449972,inf,0.14285404176247837,0.0,0
1991-06-04,NEOG,0.0,0.2556189894676208,0.2333920001983642,0.2333920001983642,22494,0.0,-0.045454922198955194,0.0,0.05000045586111379,-0.02777801227407685,-0.03225833557947862,0.019417647605238224,0.016457156547918156,0.020328059189765577,0.021942587977984616,0.04694643860522302,0.1764644351464435,0.2881797491398743,inf,0.09523458066414213,0.0,0
1991-06-05,NEOG,0.2333920001983642,0.2333920001983642,0.2333920001983642,0.2333920001983642,0,0.0,-0.045454922198955194,0.0,0.05000045586111379,-0.01869174805165234,-0.03225833557947862,0.01694930220740594,0.018428872956934045,0.020328059189765577,0.021942587977984616,0.04694643860522302,-1.0,0.0,0.0,0.0,0.5,0
1991-06-06,NEOG,0.2333920001983642,0.2333920001983642,0.2333920001983642,0.2333920001983642,0,0.0,-0.045454922198955194,-0.045454922198955194,0.05000045586111379,-0.00943404340706258,-0.027778012274077075,0.014492881288517178,0.019417647605237977,0.020328059189765577,0.01437410850144484,0.04694643860522302,,0.0,0.0,0.0,0.5,0
1991-06-07,NEOG,0.0,0.2445060014724731,0.2333920001983642,0.2333920001983642,6748,0.0,-0.045454922198955194,-0.045454922198955194,0.05000045586111379,0.0,-0.02325601118910704,0.01204829864676171,0.020408344087184383,0.020328059189765577,0.01437410850144484,0.04694643860522302,inf,0.09097386388837772,inf,0.04761946109833624,0.0,0
1991-06-10,NEOG,0.0,0.2445060014724731,0.2333920001983642,0.2333920001983642,22494,0.0,0.0,-0.045454922198955194,0.05000045586111379,0.0,-0.01869174805165211,0.009615468909200005,0.021400968011287314,0.0,0.01437410850144484,0.04694643860522302,2.3334321280379373,0.2991724677273054,inf,0.04761946109833624,0.0,0
1991-06-11,NEOG,0.0,0.2556189894676208,0.2333920001983642,0.2333920001983642,319420,0.0,0.0,-0.045454922198955194,0.05000045586111379,0.0,-0.014084627616441076,0.00719430752182514,0.022395525007904527,0.0,0.01437410850144484,0.04694643860522302,13.20023117275718,3.532338390984586,inf,0.09523458066414213,0.0,0
1991-06-12,NEOG,0.0,0.2556189894676208,0.2333920001983642,0.2333920001983642,29243,0.0,0.0,-0.045454922198955194,0.05000045586111379,0.0,-0.00943404340706258,0.004784730739766384,0.023392020729345066,0.0,0.01437410850144484,0.04694643860522302,-0.9084496900632396,0.32338667449615627,inf,0.09523458066414213,0.0,0
1991-06-13,NEOG,0.0,0.2556189894676208,0.2333920001983642,0.2333920001983642,3374,0.0,0.0,-0.045454922198955194,0.16666835504287159,0.0,-0.0047393774498234505,-0.0023753174879810796,0.024390460849976207,0.0,0.01437410850144484,0.04018829123556681,-0.8846219608111343,0.038658014634819826,inf,0.09523458066414213,0.0,0
1991-06-14,NEOG,0.0,0.2556189894676208,0.2333920001983642,0.2333920001983642,166458,0.0,0.0,-0.045454922198955194,0.16666835504287159,0.0,0.0,-0.009434043407062812,0.02539085106633042,0.0,0.01437410850144484,0.04018829123556681,48.33550681683462,2.261264345331247,inf,0.09523458066414213,0.0,0
1991-06-17,NEOG,0.0,0.2445060014724731,0.2333920001983642,0.2333920001983642,29243,0.0,0.0,0.0,0.16666835504287159,0.0,0.0,-0.01639358263472982,0.024390460849976207,0.0,0.0,0.04018829123556681,-0.8243220512081125,0.5148574119801226,inf,0.04761946109833624,0.0,0
1991-06-18,NEOG,0.0,0.2445060014724731,0.2333920001983642,0.2333920001983642,28118,0.0,0.0,0.0,0.0,0.0,0.0,-0.01639358263472982,0.023392020729345066,0.0,0.0,0.015102332977629548,-0.038470745135588014,0.5359065794263562,inf,0.04761946109833624,0.0,0
1991-06-19,NEOG,0.0,0.2445060014724731,0.2333920001983642,0.2333920001983642,136091,0.0,0.0,0.0,0.0,0.0,0.0,-0.01639358263472982,0.022395525007904527,0.0,0.0,0.015102332977629548,3.8399957322711433,2.563561117944796,inf,0.04761946109833624,0.0,0
1991-06-20,NEOG,0.0,0.2445060014724731,0.2222779989242553,0.2222779989242553,61860,-0.04761946109833637,-0.04761946109833637,-0.04761946109833637,-0.0909098443979105,-0.03846187563680015,-0.04306257665789806,-0.05882403417120458,-0.026290398922322555,0.021296070413557355,0.015058595802052691,0.014328148567547478,-0.5454512054434165,1.1714677718535267,inf,0.10000091172222736,0.0,0
1991-06-21,NEOG,0.0,0.2445060014724731,0.2222779989242553,0.2222779989242553,3374,0.0,-0.04761946109833637,-0.04761946109833637,-0.0909098443979105,-0.029126471407856975,-0.03846187563680015,-0.05437399123900159,-0.025341355790123813,0.021296070413557355,0.015058595802052691,0.014328148567547478,-0.9454574846427417,0.06486185136947129,inf,0.10000091172222736,0.0,0
1991-06-24,NEOG,0.0,0.2445060014724731,0.2222779989242553,0.2222779989242553,319420,0.0,-0.04761946109833637,-0.04761946109833637,-0.0909098443979105,-0.01960801840101192,-0.03381672300654029,-0.04988166724760221,-0.023437708676612705,0.021296070413557355,0.015058595802052691,0.014328148567547478,93.67101363366923,4.858852628088312,inf,0.10000091172222736,0.0,0
1991-06-25,NEOG,0.0,0.2445060014724731,0.2222779989242553,0.2222779989242553,61860,0.0,-0.04761946109833637,-0.04761946109833637,-0.0909098443979105,-0.00990107947477156,-0.029126471407857207,-0.045346456735041486,-0.02152661082300035,0.021296070413557355,0.015058595802052691,0.014328148567547478,-0.8063364848788429,0.9136277638864477,inf,0.10000091172222736,0.0,0
1991-06-26,NEOG,0.0,0.2445060014724731,0.2222779989242553,0.2222779989242553,3374,0.0,-0.04761946109833637,-0.04761946109833637,-0.0909098443979105,0.0,-0.024390460849976203,-0.040767742623676,-0.019608018401012037,0.021296070413557355,0.015058595802052691,0.014328148567547478,-0.9454574846427417,0.052080921464934135,inf,0.10000091172222736,0.0,0
1991-06-27,NEOG,0.0,0.2445060014724731,0.2222779989242553,0.2222779989242553,3374,0.0,0.0,-0.04761946109833637,-0.0909098443979105,0.0,-0.01960801840101192,-0.03614489594028525,-0.019608018401012037,0.0,0.015058595802052691,0.014328148567547478,0.0,0.0533308886057782,inf,0.10000091172222736,0.0,0
1991-06-28,NEOG,0.0,0.2445060014724731,0.2222779989242553,0.2222779989242553,56236,0.0,0.0,-0.04761946109833637,-0.0909098443979105,0.0,-0.014778457869218553,-0.03147727552803993,-0.019608018401012037,0.0,0.015058595802052691,0.014328148567547478,15.667457024303499,0.8703235546517413,inf,0.10000091172222736,0.0,0
1991-07-01,NEOG,0.0,0.2445060014724731,0.2222779989242553,0.2222779989242553,11247,0.0,0.0,-0.04761946109833637,-0.04761946109833637,0.0,-0.00990107947477156,-0.029126471407857207,-0.019608018401012037,0.0,0.015058595802052691,0.01064803520677884,-0.8000035564407142,0.1751285397079478,inf,0.10000091172222736,0.0,0
1991-07-02,NEOG,0.0,0.2445060014724731,0.2222779989242553,0.2222779989242553,100100,0.0,0.0,-0.04761946109833637,-0.04761946109833637,0.0,-0.0049751695117538864,-0.026764227750062063,-0.019608018401012037,0.0,0.015058595802052691,0.01064803520677884,7.9001511514181555,1.4698605174320172,inf,0.10000091172222736,0.0,0
1991-07-03,NEOG,0.0,0.2445060014724731,0.2111639976501464,0.2111639976501464,44989,-0.05000045586111357,-0.05000045586111357,-0.09523892219667263,-0.09523892219667263,-0.04040441249762729,-0.0452265450620146,-0.0709052777049227,-0.0677140504008046,0.02236088364228552,0.020587735947236382,0.015028352594270645,-0.5505594405594405,0.6394920338899933,inf,0.15789625217063402,0.0,0
1991-07-05,NEOG,0.0,0.2445060014724731,0.2111639976501464,0.2111639976501464,2249,0.0,-0.05000045586111357,-0.05000045586111357,-0.09523892219667263,-0.030612529692543723,-0.04040441249762729,-0.06633966076453904,-0.0667982406766751,0.02236088364228552,0.015811532456783513,0.015028352594270645,-0.9500100024450421,0.03191718844907158,inf,0.15789625217063402,0.0,0
1991-07-08,NEOG,0.2111639976501464,0.2111639976501464,0.2111639976501464,0.2111639976501464,0,0.0,-0.05000045586111357,-0.05000045586111357,-0.09523892219667263,-0.020618750498986944,-0.03553332381955094,-0.061728950905120934,-0.0658806299339925,0.02236088364228552,0.015811532456783513,0.015028352594270645,-1.0,0.0,0.0,0.0,0.5,0
1991-07-09,NEOG,0.0,0.2445060014724731,0.2111639976501464,0.2111639976501464,58485,0.0,-0.05000045586111357,-0.05000045586111357,-0.09523892219667263,-0.010416765594897282,-0.030612529692543723,-0.05707247676199721,-0.06496121285474113,0.02236088364228552,0.015811532456783513,0.015028352594270645,inf,0.8131302071928342,inf,0.15789625217063402,0.0,0
1991-07-10,NEOG,0.0,0.2333920001983642,0.2111639976501464,0.2111639976501464,26993,0.0,-0.05000045586111357,-0.05000045586111357,-0.09523892219667263,0.0,-0.02564126541024073,-0.05236955357656576,-0.06403998409994721,0.02236088364228552,0.015811532456783513,0.015028352594270645,-0.5384628537231768,0.47104585337251587,inf,0.10526416811375607,0.0,0
1991-07-11,NEOG,0.0,0.2445060014724731,0.2111639976501464,0.2111639976501464,67483,0.0,0.0,-0.05000045586111357,-0.09523892219667263,0.0,-0.020618750498986944,-0.04761948286060295,-0.06403998409994721,0.0,0.015811532456783513,0.015028352594270645,1.5000185233208612,1.1395998405847028,inf,0.15789625217063402,0.0,0
1991-07-12,NEOG,0.0,0.2445060014724731,0.2111639976501464,0.2111639976501464,57361,0.0,0.0,-0.05000045586111357,-0.09523892219667263,0.0,-0.015544188309355238,-0.042821552050426766,-0.06403998409994721,0.0,0.015811532456783513,0.015028352594270645,-0.14999333165389805,0.9264363267827653,inf,0.15789625217063402,0.0,0
1991-07-15,NEOG,0.0,0.2333920001983642,0.2111639976501464,0.2111639976501464,185579,0.0,0.0,-0.05000045586111357,-0.09523892219667263,0.0,-0.010416765594897282,-0.03797503415055246,-0.06403998409994698,0.0,0.015811532456783513,0.015028352594270645,2.2352818116838966,2.9517048979033524,inf,0.10526416811375607,0.0,0
1991-07-16,NEOG,0.0,0.2333920001983642,0.2111639976501464,0.2111639976501464,23619,0.0,0.0,-0.05000045586111357,-0.09523892219667263,0.0,-0.005235652077663304,-0.0330791873664673,-0.06311693830957528,0.0,0.015811532456783513,0.015028352594270645,-0.8727280565150152,0.3773569833169837,inf,0.10526416811375607,0.0,0
1991-07-17,NEOG,0.0,0.2333920001983642,0.2111639976501464,0.2111639976501464,17996,0.0,0.0,-0.05000045586111357,-0.09523892219667263,0.0,0.0,-0.02813325472613615,-0.062192070102425605,0.0,0.015811532456783513,0.015028352594270645,-0.2380710444980736,0.28986300928573155,inf,0.10526416811375607,0.0,0
1991-07-18,NEOG,0.0,0.2333920001983642,0.2000499963760376,0.2000499963760376,154086,-0.05263208405687758,-0.05263208405687758,-0.05263208405687758,-0.14285838329500844,-0.042553604220351864,-0.047619507040922215,-0.07216562674645405,-0.10979327497583113,0.023537783549732214,0.016643726362116886,0.018366175637374527,7.562236052456102,2.4464211290917968,inf,0.16666835504287156,0.0,0
1991-07-19,NEOG,0.0,0.2333920001983642,0.2000499963760376,0.2000499963760376,22494,0.0,-0.05263208405687758,-0.05263208405687758,-0.10000091172222692,-0.03225838075714612,-0.042553604220351864,-0.067358149340539,-0.10802872637555021,0.023537783549732214,0.016643726362116886,0.015800582843994198,-0.8540165881390911,0.36865770343656046,inf,0.16666835504287156,0.0,0
1991-07-22,NEOG,0.0,0.2333920001983642,0.2000499963760376,0.2000499963760376,2249,0.0,-0.05263208405687758,-0.05263208405687758,-0.10000091172222692,-0.021739345870262106,-0.03743352009263249,-0.06250059356938367,-0.10625716858132199,0.023537783549732214,0.016643726362116886,0.015800582843994198,-0.900017782519783,0.036893226180575035,inf,0.16666835504287156,0.0,0
1991-07-23,NEOG,0.2000499963760376,0.2000499963760376,0.2000499963760376,0.2000499963760376,0,0.0,-0.05263208405687758,-0.05263208405687758,-0.10000091172222692,-0.010989121087193464,-0.03225838075714612,-0.057592172854296984,-0.10447855974683284,0.023537783549732214,0.016643726362116886,0.015800582843994198,-1.0,0.0,0.0,0.0,0.5,0
1991-07-24,NEOG,0.0,0.2333920001983642,0.2000499963760376,0.2000499963760376,4499,0.0,-0.05263208405687758,-0.05263208405687758,-0.10000091172222692,0.0,-0.027027293417940183,-0.0526320840568777,-0.1026928576919969,0.023537783549732214,0.016643726362116886,0.015800582843994198,inf,0.1068122168105193,inf,0.16666835504287156,0.0,0
1991-07-25,NEOG,0.2000499963760376,0.2000499963760376,0.2000499963760376,0.2000499963760376,0,0.0,0.0,-0.05263208405687758,-0.10000091172222692,0.0,-0.021739345870262106,-0.047619507040922465,-0.10090001989962166,0.0,0.016643726362116886,0.015800582843994198,-1.0,0.0,0.0,0.0,0.5,0
1991-07-26,NEOG,0.2000499963760376,0.2000499963760376,0.2000499963760376,0.2000499963760376,0,0.0,0.0,-0.05263208405687758,-0.10000091172222692,0.0,-0.01639360597025881,-0.042553604220351864,-0.10090001989962166,0.0,0.016643726362116886,0.015800582843994198,,0.0,0.0,0.0,0.5,0
1991-07-29,NEOG,0.0,0.2333920001983642,0.2000499963760376,0.2000499963760376,47238,0.0,0.0,-0.05263208405687758,-0.10000091172222692,0.0,-0.010989121087193464,-0.03743352009263249,-0.10090001989962166,0.0,0.016643726362116886,0.015800582843994198,inf,1.1428543778812992,inf,0.16666835504287156,0.0,0
1991-07-30,NEOG,0.0,0.2333920001983642,0.2000499963760376,0.2000499963760376,161960,0.0,0.0,-0.05263208405687758,-0.10000091172222692,0.0,-0.005524917537505001,-0.03225838075714612,-0.10090001989962166,0.0,0.016643726362116886,0.015800582843994198,2.428595622168593,3.314166444985574,inf,0.16666835504287156,0.0,0
1991-07-31,NEOG,0.0,0.2222779989242553,0.1889359951019287,0.1889359951019287,60735,-0.05555611834762397,-0.05555611834762397,-0.1052641681137555,-0.15000136758334048,-0.04494428063287697,-0.05027984179699889,-0.07859156263437651,-0.14744367529037514,0.02484545143826208,0.022818486277757104,0.01933837412769434,-0.625,1.2949686305656094,inf,0.17647248108725372,0.0,0
1991-08-01,NEOG,0.0,0.2222779989242553,0.1889359951019287,0.1889359951019287,44989,0.0,-0.05555611834762397,-0.05555611834762397,-0.1052641681137555,-0.03409126228952512,-0.04494428063287697,-0.0735702133513593,-0.14400937860376964,0.02484545143826208,0.017568387193636244,0.016656568486319554,-0.2592574298180621,0.9592383917101539,inf,0.17647248108725372,0.0,0
1991-08-02,NEOG,0.0,0.2222779989242553,0.1889359951019287,0.1889359951019287,179955,0.0,-0.05555611834762397,-0.05555611834762397,-0.1052641681137555,-0.02298874665701389,-0.039548430020948704,-0.06849383503323245,-0.13967740228574121,0.02484545143826208,0.017568387193636244,0.016656568486319554,2.999977772344351,3.225806451612903,inf,0.17647248108725372,0.0,0
1991-08-05,NEOG,0.0,0.2222779989242553,0.1889359951019287,0.1889359951019287,134966,0.0,-0.05555611834762397,-0.05555611834762397,-0.1052641681137555,-0.011628030249267193,-0.03409126228952512,-0.06336151810002981,-0.13530135662390147,0.02484545143826208,0.017568387193636244,0.016656568486319554,-0.25000138923619797,2.1582698149097257,inf,0.17647248108725372,0.0,1
1991-08-06,NEOG,0.0,0.2333920001983642,0.2000499963760376,0.2000499963760376,56236,0.058824160362418,0.0,0.0,-0.05263208405687758,0.04651212099706892,0.02272750819301665,-0.005524917537504726,-0.08069533780451808,0.04044943790856855,0.02696849214739642,0.02199887553111023,-0.5833320984544256,0.9009017668478531,inf,0.16666835504287156,0.0,1
1991-08-07,NEOG,0.0,0.2333920001983642,0.2222779989242553,0.2222779989242553,247438,0.1111122366952475,0.17647248108725377,0.1111122366952475,0.052632084056877915,0.12359677174041114,0.12359677174041114,0.10192939868265673,0.023541673114339405,0.050076279755928474,0.044202071917050216,0.03361718511545093,3.3999928871185716,3.3690634311922736,inf,0.05000045586111374,0.0,0
1991-08-08,NEOG,0.0,0.2556189894676208,0.2111639976501464,0.2111639976501464,430767,-0.05000045586111357,0.11764832072483578,0.05555611834762364,0.0,0.04395648434877372,0.06145313997410946,0.046832426421760935,-0.024640887735525988,0.06210742824723701,0.04827958240974316,0.03565623490305323,0.740908833728045,4.7022678609537225,inf,0.21052353768717152,0.0,0
1991-08-09,NEOG,0.2111639976501464,0.2111639976501464,0.2111639976501464,0.2111639976501464,0,0.0,0.11764832072483578,0.05555611834762364,0.0,0.021505587171430703,0.05555611834762353,0.046832426421760935,-0.021627391534436734,0.06210742824723701,0.04827958240974316,0.03565623490305323,-1.0,0.0,0.0,0.0,0.5,0
1991-08-12,NEOG,0.0,0.2556189894676208,0.2111639976501464,0.2111639976501464,51737,0.0,0.11764832072483578,0.05555611834762364,0.0,-1.3144085130275837e-16,0.04972425783754433,0.04683242642176108,-0.018595216461958754,0.06210742824723701,0.04827958240974316,0.03565623490305323,inf,0.6305683732245193,inf,0.21052353768717152,0.0,0
1991-08-13,NEOG,0.0,0.2445060014724731,0.2111639976501464,0.2111639976501464,175456,0.0,0.05555611834762364,0.05555611834762364,0.0,-0.010416765594897282,0.04395648434877372,0.04683242642176108,-0.01656330332292055,0.059369699296855157,0.04827958240974316,0.03565623490305323,2.3913060285675627,1.9573393812252446,inf,0.15789625217063402,0.0,0
1991-08-14,NEOG,0.0,0.2556189894676208,0.2111639976501464,0.2111639976501464,79855,0.0,-0.05000045586111357,0.11764832072483578,0.0,0.0,0.03260901880539323,0.04683242642176108,-0.01452295892929202,0.02236088364228552,0.04329202335177166,0.03565623490305323,-0.5448716487324458,0.8611281852199325,inf,0.21052353768717152,0.0,0
1991-08-15,NEOG,0.0,0.2556189894676208,0.2111639976501464,0.2111639976501464,33742,0.0,0.0,0.11764832072483578,0.05555611834762364,0.0,0.021505587171430703,0.04395648434877372,-0.012474130694787323,0.0,0.04329202335177166,0.033392010373138215,-0.5774591446997683,0.38911017369383666,inf,0.21052353768717152,0.0,0
1991-08-16,NEOG,0.0,0.2556189894676208,0.2111639976501464,0.2111639976501464,29243,0.0,0.0,0.11764832072483578,0.05555611834762364,0.0,0.010638401055087867,0.041096301019939496,-0.01041676559489741,0.0,0.04329202335177166,0.033392010373138215,-0.13333530911030766,0.33592083006665463,inf,0.21052353768717152,0.0,0
1991-08-19,NEOG,0.0,0.2222779989242553,0.2000499963760376,0.2000499963760376,107973,-0.05263208405687758,-0.05263208405687758,0.058824160362418,0.0,-0.042553604220351864,-0.047619507040922465,-0.013698767006646271,-0.059561695958484526,0.023537783549732214,0.04786951236395529,0.03565623490305323,2.692268235133194,1.169305210286611,inf,0.11111223669524747,0.0,0
1991-08-20,NEOG,0.0,0.2222779989242553,0.1889359951019287,0.1889359951019287,17996,-0.05555611834762397,-0.1052641681137555,-0.05555611834762397,-0.05555611834762397,-0.07608771054591784,-0.095745609495792,-0.06593472652316079,-0.10808078214850986,0.02964658972850819,0.04770391824226021,0.037803786158197496,-0.8333287025460069,0.1930088455237467,inf,0.17647248108725372,0.0,1
1991-08-21,NEOG,0.0,0.2222779989242553,0.2000499963760376,0.2000499963760376,25869,0.058824160362418,-0.05263208405687758,-0.10000091172222692,0.0,-0.010989121087193328,-0.03225838075714612,-0.010989121087193328,-0.05263208405687782,0.04698281247174964,0.034688479743653335,0.040195813852901816,0.43748610802400534,0.27430407363127635,inf,0.11111223669524747,0.0,1
1991-08-22,NEOG,0.0,0.2222779989242553,0.2111639976501464,0.2111639976501464,528618,0.05555611834762364,0.0,0.0,0.05555611834762364,0.04395648434877372,0.021505587171430703,0.041096301019939496,0.0021097249310712113,0.05566802117111162,0.03711775332240582,0.04201948288507258,19.43441957555375,4.378200352579725,inf,0.05263208405687796,0.0,0
1991-08-23,NEOG,0.0,0.2222779989242553,0.2111639976501464,0.2111639976501464,6748,0.0,0.0,0.0,0.05555611834762364,0.04395648434877372,0.021505587171430703,0.038251747263937,0.004228370560932894,0.05566802117111162,0.03711775332240582,0.04201948288507258,-0.987234638245387,0.05573356580430234,inf,0.05263208405687796,0.0,0
1991-08-26,NEOG,0.0,0.2333920001983642,0.2111639976501464,0.2111639976501464,112472,0.0,0.05555611834762364,0.0,0.05555611834762364,0.03260901880539323,0.021505587171430977,0.03542269531732106,0.006355993589489112,0.04727893306110328,0.03711775332240582,0.04201948288507258,15.667457024303499,0.9045684034012197,inf,0.10526416811375607,0.0,0
1991-08-27,NEOG,0.0,0.2333920001983642,0.2111639976501464,0.2111639976501464,2249,0.0,0.11764832072483578,0.0,0.05555611834762364,0.010638401055087867,0.021505587171430703,0.03260901880539323,0.008492651198176698,0.031345631659934925,0.03711775332240582,0.04201948288507258,-0.9800039120847855,0.019329243452208038,inf,0.10526416811375607,0.0,0
1991-08-28,NEOG,0.0,0.2333920001983642,0.2111639976501464,0.2111639976501464,22494,0.0,0.05555611834762364,0.0,0.11764832072483578,0.0,0.021505587171430703,0.02702729341794032,0.010638401055087732,0.024845451438261897,0.03711775332240582,0.0396791244454264,9.001778568252556,0.19655689021728825,inf,0.10526416811375607,0.0,0
1991-08-29,NEOG,0.0,0.2333920001983642,0.2111639976501464,0.2111639976501464,53987,0.0,0.0,0.0,0.11764832072483578,0.0,0.021505587171430977,0.021505587171430977,0.012793301320157952,0.0,0.03711775332240582,0.0396791244454264,1.4000622388192405,0.46990144055120525,inf,0.10526416811375607,0.0,0
1991-08-30,NEOG,0.0,0.2333920001983642,0.2111639976501464,0.2111639976501464,48363,0.0,0.0,0.0,0.11764832072483578,0.0,0.021505587171430703,0.01604293718255688,0.013874201166512699,0.0,0.03711775332240582,0.0396791244454264,-0.1041732268879545,0.446522011495659,inf,0.10526416811375607,0.0,0
1991-09-03,NEOG,0.0,0.2222779989242553,0.2000499963760376,0.2000499963760376,30367,-0.05263208405687758,-0.05263208405687758,0.0,0.058824160362418,-0.04255360422035174,-0.03225838075714612,-0.04000038900171966,-0.03743352009263249,0.023537783549732214,0.03711775332240582,0.04180763775526172,-0.37210264044827657,0.29459500099436847,inf,0.11111223669524747,0.0,0
1991-09-04,NEOG,0.2000499963760376,0.2000499963760376,0.2000499963760376,0.2000499963760376,0,0.0,-0.05263208405687758,0.058824160362418,0.0,-0.03225838075714612,-0.03743352009263249,-0.04000038900171966,-0.03537012055124399,0.023537783549732214,0.03150946321006221,0.03974175230016423,-1.0,0.0,0.0,0.0,0.5,0
1991-09-05,NEOG,0.0,0.2333920001983642,0.2000499963760376,0.2000499963760376,11247,0.0,-0.05263208405687758,0.0,-0.10000091172222692,-0.021739345870262106,-0.03743352009263249,-0.03485288767681129,-0.03329785561888604,0.023537783549732214,0.025507653667025038,0.030095048022123344,inf,0.12714343287268756,inf,0.16666835504287156,0.0,0
1991-09-06,NEOG,0.2000499963760376,0.2000499963760376,0.2000499963760376,0.2000499963760376,0,0.0,-0.05263208405687758,-0.05263208405687758,-0.05263208405687758,-0.010989121087193464,-0.03225838075714612,-0.03225838075714612,-0.031216668037358595,0.023537783549732214,0.01664372636211688,0.02815902701144747,-1.0,0.0,0.0,0.0,0.5,0
1991-09-09,NEOG,0.0,0.2222779989242553,0.1778219938278198,0.1778219938278198,112472,-0.11111223669524806,-0.15789625217063363,-0.15789625217063363,-0.15789625217063363,-0.09091003277206704,-0.12568431243865058,-0.13279264031325713,-0.13513646708970226,0.04938022098947122,0.03717054562379191,0.03718963679597014,inf,1.5503884517619555,inf,0.2500028491384538,0.0,1
1991-09-10,NEOG,0.0,0.2111639976501464,0.1889359951019287,0.1889359951019287,58485,0.06250071228461374,-0.05555611834762397,-0.1052641681137555,-0.1052641681137555,-0.02298874665701389,-0.0607740929125542,-0.0735702133513593,-0.0780918784973129,0.06280854264827307,0.04471810176119691,0.04037589656790581,-0.48000391208478554,0.802463715221084,inf,0.11764832072483566,0.0,0
1991-09-11,NEOG,0.0,0.2111639976501464,0.1889359951019287,0.1889359951019287,50612,0.0,-0.05555611834762397,-0.1052641681137555,-0.1052641681137555,-0.011628030249267193,-0.05027984179699876,-0.06849383503323245,-0.07508235531695426,0.06280854264827307,0.04471810176119691,0.04037589656790581,-0.13461571343079426,0.759488352271022,inf,0.11764832072483566,0.0,0
1991-09-12,NEOG,0.0,0.2111639976501464,0.1889359951019287,0.1889359951019287,52862,0.0,-0.05555611834762397,-0.1052641681137555,-0.1052641681137555,0.0,-0.039548430020948565,-0.06336151810002981,-0.07205311890645309,0.06280854264827307,0.04471810176119691,0.04037589656790581,0.04445586027029158,0.8096498772016214,inf,0.11764832072483566,0.0,0
1991-09-13,NEOG,0.0,0.2222779989242553,0.1889359951019287,0.1889359951019287,67483,0.0,-0.05555611834762397,-0.1052641681137555,-0.1052641681137555,0.011904891117320054,-0.02857172627703323,-0.05817233281468441,-0.07002258031248154,0.06280854264827307,0.04471810176119691,0.04037589656790581,0.276588097309977,1.007554832255849,inf,0.17647248108725372,0.0,0
1991-09-16,NEOG,0.0,0.2222779989242553,0.1889359951019287,0.1889359951019287,69733,0.0,0.06250071228461374,-0.1052641681137555,-0.1052641681137555,0.0,-0.017341223239705567,-0.052925328721544644,-0.06798313575845213,0.027951168262110443,0.04471810176119691,0.04037589656790581,0.03334173050990619,1.0106012188140838,inf,0.17647248108725372,0.0,0
1991-09-17,NEOG,0.1889359951019287,0.1889359951019287,0.1889359951019287,0.1889359951019287,0,0.0,0.0,-0.05555611834762397,-0.05555611834762397,0.0,-0.011628030249267193,-0.05027984179699889,-0.06593472652316079,0.0,0.04218472623665313,0.03877443568210753,-1.0,0.0,0.0,0.0,0.5,1
1991-09-18,NEOG,0.0,0.2333920001983642,0.2111639976501464,0.2111639976501464,149588,0.11764832072483578,0.11764832072483578,0.05555611834762364,0.11764832072483578,0.09195498662805542,0.09826693169166426,0.05555611834762383,0.04395648434877372,0.052613928515885984,0.05736509548918119,0.045046794532919904,inf,2.1314160448944146,inf,0.10526416811375607,0.0,0
1991-09-19,NEOG,0.0,0.2333920001983642,0.2111639976501464,0.2111639976501464,112472,0.0,0.11764832072483578,0.05555611834762364,0.05555611834762364,0.06741642094931527,0.09195498662805542,0.05263211064185738,0.04395648434877372,0.052613928515885984,0.05736509548918119,0.04334142059814235,-0.24812150707275982,1.5094359880073973,inf,0.10526416811375607,0.0,0
1991-09-20,NEOG,0.0,0.2333920001983642,0.2111639976501464,0.2111639976501464,169833,0.0,0.11764832072483578,0.05555611834762364,0.0,0.04395648434877372,0.08571517883109982,0.05263211064185738,0.04395648434877372,0.052613928515885984,0.05736509548918119,0.04158066104879244,0.5100024895084998,3.00199652309789,inf,0.10526416811375607,0.0,0
1991-09-23,NEOG,0.0,0.2333920001983642,0.2000499963760376,0.2000499963760376,210322,-0.05263208405687758,0.058824160362418,0.12500142456922725,-0.05263208405687758,-0.021739345870262106,0.016949327151835343,2.774863895868937e-16,-0.009901089405511144,0.06278105095379347,0.045815506170110445,0.043266643873740164,0.2384047858778917,3.150794619790703,inf,0.16666835504287156,0.0,0
1991-09-24,NEOG,0.0,0.2333920001983642,0.2000499963760376,0.2000499963760376,332917,0.0,0.058824160362418,0.058824160362418,-0.05263208405687758,-0.03225838075714612,0.01123607015821935,0.002785543616923578,-0.008810661154211143,0.06278105095379347,0.042411414263533766,0.043266643873740164,0.5828919466342084,4.280552830433703,inf,0.16666835504287156,0.0,0
1991-09-25,NEOG,0.0,0.2111639976501464,0.1889359951019287,0.1889359951019287,172082,-0.05555611834762397,-0.1052641681137555,0.0,-0.1052641681137555,-0.06593472652316079,-0.04494428063287684,-0.04761953406601481,-0.06181077653140235,0.02964658972850817,0.04677225737969963,0.04489692283787656,-0.48310840239459085,1.9947847325625,inf,0.11764832072483566,0.0,1
1991-09-26,NEOG,0.0,0.2222779989242553,0.2000499963760376,0.2000499963760376,397026,0.058824160362418,-0.05263208405687758,0.058824160362418,-0.05263208405687758,0.0,0.0055866490885554945,0.01123607015821935,-0.005524917537505001,0.04698281247174964,0.050212607423302635,0.04708677116179676,1.3071907578944924,3.7814683041796773,inf,0.11111223669524747,0.0,1
1991-09-27,NEOG,0.0,0.2667329907417297,0.2333920001983642,0.2333920001983642,682704,0.16666835504287159,0.10526416811375605,0.235296641449672,0.10526416811375605,0.14130574815670469,0.14754245373232872,0.17318612174521836,0.15638923548724792,0.09265956588953486,0.0710368404679171,0.06029090339972344,0.719544815704765,5.00411937690393,inf,0.14285404176247837,0.0,0
1991-09-30,NEOG,0.0,0.2667329907417297,0.2333920001983642,0.2333920001983642,704074,0.0,0.16666835504287159,0.235296641449672,0.10526416811375605,0.10526416811375591,0.12299585173293574,0.1666683550428719,0.1525811098827775,0.0844828812421594,0.0710368404679171,0.06029090339972344,0.03130199910942366,4.160850804558371,inf,0.14285404176247837,0.0,0
1991-10-01,NEOG,0.0,0.2667329907417297,0.2333920001983642,0.2333920001983642,174331,0.0,0.16666835504287159,0.235296641449672,0.16666835504287159,0.0714292359492688,0.09947738947560418,0.1570263709435525,0.14879798316402357,0.0844828812421594,0.0710368404679171,0.05869299522040506,-0.752396765112758,0.9882029100603332,inf,0.14285404176247837,0.0,1
1991-10-02,NEOG,0.0,0.2778469920158386,0.2445060014724731,0.2445060014724731,1034741,0.04761946109833626,0.29412080181209,0.15789625217063397,0.22222447339049545,0.06796176661833304,0.13402187824341535,0.19891205832034237,0.19825904962455657,0.06816928404419524,0.06380775721045182,0.05925829818498614,4.935496268592505,4.535369836931271,inf,0.13636062240835883,0.0,0
1991-10-03,NEOG,0.0,0.2889609932899475,0.2445060014724731,0.2445060014724731,327293,0.0,0.22222447339049545,0.15789625217063397,0.22222447339049545,0.028037622077478574,0.11675234969281019,0.18598565569498943,0.1930604773961351,0.07221859182142612,0.06380775721045182,0.05925829818498614,-0.683695726756744,1.341631430837687,inf,0.18181554460731403,0.0,0
1991-10-04,NEOG,0.0,0.2889609932899475,0.2445060014724731,0.2445060014724731,13497,0.0,0.04761946109833626,0.15789625217063397,0.22222447339049545,0.018518674849384638,0.10000091172222722,0.17333501900745357,0.18790681768099765,0.02129607041355731,0.06380775721045182,0.05925829818498614,-0.95876172114894,0.05517394180962108,inf,0.18181554460731403,0.0,0
1991-10-07,NEOG,0.0,0.2889609932899475,0.2445060014724731,0.2445060014724731,48363,0.0,0.04761946109833626,0.22222447339049545,0.3750042737076811,0.009174388664383635,0.07843207360404778,0.15485712530599438,0.1827974909571625,0.02129607041355731,0.05949758411004967,0.05188882769087345,2.5832407201600356,0.20032648374685041,inf,0.18181554460731403,0.0,0
1991-10-08,NEOG,0.0,0.2889609932899475,0.2445060014724731,0.2445060014724731,97851,0.0,0.04761946109833626,0.22222447339049545,0.29412080181209,0.0,0.05769281345520015,0.13989769478419686,0.1777319276303163,0.02129607041355731,0.05949758411004967,0.05089288647380443,1.0232615842689659,0.4020350944084618,inf,0.18181554460731403,0.0,0
1991-10-09,NEOG,0.0,0.2667329907417297,0.2333920001983642,0.2333920001983642,118095,-0.045454922198955194,-0.045454922198955194,0.235296641449672,0.235296641449672,-0.03669755465753408,-0.009434043407062812,0.07692379623072218,0.12059882552430462,0.020328059189765622,0.05810872185919277,0.05254517038859577,0.20688597970383538,0.47857593115022956,inf,0.14285404176247837,0.0,0
1991-10-10,NEOG,0.0,0.2667329907417297,0.2333920001983642,0.2333920001983642,15746,0.0,-0.045454922198955194,0.16666835504287159,0.235296641449672,-0.027778012274077075,-0.02325601118910704,0.06599045852202311,0.11583534121883549,0.020328059189765622,0.057020122171830376,0.05254517038859577,-0.8666666666666667,0.06429364876664685,inf,0.14285404176247837,0.0,0
1991-10-11,NEOG,0.0,0.2667329907417297,0.2333920001983642,0.2333920001983642,43864,0.0,-0.045454922198955194,0.0,0.235296641449672,-0.01869174805165211,-0.02325601118910704,0.05527688840912893,0.11111218309548611,0.020328059189765622,0.021942587977984616,0.05254517038859577,1.7857233583132226,0.17997214912118742,inf,0.14285404176247837,0.0,0
1991-10-14,NEOG,0.0,0.2667329907417297,0.2333920001983642,0.2333920001983642,13497,0.0,-0.045454922198955194,0.0,0.235296641449672,-0.009434043407062812,-0.02325601118910704,0.044776525605785586,0.10642884122924648,0.020328059189765622,0.021942587977984616,0.05254517038859577,-0.6922989239467445,0.056023955356831544,inf,0.14285404176247837,0.0,0
1991-10-15,NEOG,0.0,0.2667329907417297,0.2333920001983642,0.2333920001983642,31492,0.0,-0.045454922198955194,0.0,0.235296641449672,0.0,-0.023256011189106925,0.03448306836150987,0.1017848142563639,0.020328059189765622,0.021942587977984616,0.05254517038859577,1.333259242794695,0.12986959429979208,inf,0.14285404176247837,0.0,1
1991-10-16,NEOG,0.0,0.2667329907417297,0.2445060014724731,0.2445060014724731,294676,0.04761946109833626,0.04761946109833626,0.0,0.15789625217063397,0.037736173628250776,0.023256011189107157,0.07579529685698601,0.1494267109133918,0.02129607041355731,0.021942587977984616,0.04718423680734261,8.357170074939667,1.1799131750217624,inf,0.09090570020940343,0.0,0
1991-10-17,NEOG,0.0,0.2667329907417297,0.2445060014724731,0.2445060014724731,174331,0.0,0.04761946109833626,0.0,0.15789625217063397,0.028037622077478574,0.023256011189107157,0.06796176661833304,0.14702955212605395,0.02129607041355731,0.021942587977984616,0.04718423680734261,-0.40839769781047663,0.6895002407680054,inf,0.09090570020940343,0.0,0
1991-10-18,NEOG,0.0,0.2667329907417297,0.2445060014724731,0.2445060014724731,73107,0.0,0.04761946109833626,0.0,0.15789625217063397,0.018518674849384638,0.02325601118910704,0.06024149323380855,0.14345250299005297,0.02129607041355731,0.021942587977984616,0.04718423680734261,-0.5806425707418645,0.2947857554290728,inf,0.09090570020940343,0.0,0
1991-10-21,NEOG,0.0,0.2556189894676208,0.2333920001983642,0.2333920001983642,181080,-0.045454922198955194,0.0,-0.045454922198955194,0.16666835504287159,-0.02777801227407685,-0.01869174805165234,0.004784730739766624,0.08921246199422173,0.03291210256759526,0.026273153283024504,0.046721012949413866,1.4769173950510894,0.7344901918910385,inf,0.09523458066414213,0.0,0
1991-10-22,NEOG,0.0,0.2556189894676208,0.2333920001983642,0.2333920001983642,111347,0.0,0.0,-0.045454922198955194,0.16666835504287159,-0.027778012274077075,-0.014084627616441192,-0.0023753174879809612,0.08695734244533233,0.03291210256759526,0.026273153283024504,0.046721012949413866,-0.3850949856417053,0.47289166284612855,inf,0.09523458066414213,0.0,0
1991-10-23,NEOG,0.0,0.2556189894676208,0.2333920001983642,0.2333920001983642,82104,0.0,-0.045454922198955194,0.0,0.235296641449672,-0.01869174805165211,-0.014084627616441192,-0.011764806834240799,0.08471154166003386,0.020328059189765622,0.021942587977984616,0.04428689376917156,-0.2626294377037549,0.3554886659411472,inf,0.09523458066414213,0.0,0
1991-10-24,NEOG,0.0,0.2556189894676208,0.2333920001983642,0.2333920001983642,11247,0.0,-0.045454922198955194,0.0,0.16666835504287159,-0.009434043407062812,-0.014084627616441192,-0.01869174805165211,0.08247500199594789,0.020328059189765622,0.021942587977984616,0.04290985687620611,-0.8630152002338498,0.053134094259042294,inf,0.09523458066414213,0.0,0
1991-10-25,NEOG,0.0,0.2556189894676208,0.2333920001983642,0.2333920001983642,13497,0.0,-0.045454922198955194,0.0,0.0,0.0,-0.014084627616441076,-0.01869174805165211,0.0802476662851233,0.020328059189765622,0.021942587977984616,0.02135734683045273,0.20005334755934912,0.07573578943913038,inf,0.09523458066414213,0.0,0
1991-10-28,NEOG,0.0,0.2556189894676208,0.2333920001983642,0.2333920001983642,95601,0.0,0.0,0.0,0.0,0.0,-0.014084627616441076,-0.01869174805165234,0.07802947782916533,0.0,0.021942587977984616,0.02135734683045273,6.083129584352078,0.6468793136113893,inf,0.09523458066414213,0.0,0
1991-10-29,NEOG,0.0,0.2667329907417297,0.2333920001983642,0.2333920001983642,10122,0.0,0.0,0.0,0.0,0.0,-0.014084627616441076,-0.01869174805165234,0.07471922336290317,0.0,0.021942587977984616,0.02135734683045273,-0.8941224464179245,0.07251882555611558,inf,0.14285404176247837,0.0,0
1991-10-30,NEOG,0.0,0.2667329907417297,0.2333920001983642,0.2333920001983642,154086,0.0,0.0,-0.045454922198955194,-0.045454922198955194,0.0,-0.009434043407062812,-0.01639358263472982,0.07033704513009957,0.0,0.01437410850144484,0.018218281904104433,14.222880853586247,1.6127094305498573,inf,0.14285404176247837,0.0,0
1991-10-31,NEOG,0.0,0.2667329907417297,0.2333920001983642,0.2333920001983642,8998,0.0,0.0,-0.045454922198955194,-0.045454922198955194,0.0,-0.0047393774498234505,-0.014084627616441192,0.06707379219623646,0.0,0.01437410850144484,0.018218281904104433,-0.9416040393027271,0.1129975430129706,inf,0.14285404176247837,0.0,0
1991-11-01,NEOG,0.0,0.2667329907417297,0.2333920001983642,0.2333920001983642,253062,0.0,0.0,-0.045454922198955194,-0.045454922198955194,0.0,0.0,-0.011764806834240915,0.06490932229951668,0.0,0.01437410850144484,0.018218281904104433,27.12424983329629,2.762435281519251,inf,0.14285404176247837,0.0,0
1991-11-04,NEOG,0.0,0.2667329907417297,0.2333920001983642,0.2333920001983642,50612,0.0,0.0,0.0,-0.045454922198955194,0.0,0.0,-0.009434043407062812,0.06275361551968095,0.0,0.0,0.018218281904104433,-0.8000015806403173,0.5518053439379856,inf,0.14285404176247837,0.0,0
1991-11-05,NEOG,0.0,0.2667329907417297,0.2333920001983642,0.2333920001983642,71982,0.0,0.0,0.0,-0.045454922198955194,0.0,0.0,-0.00709225972682637,0.06060661874644072,0.0,0.0,0.018218281904104433,0.42223188176716975,0.7960206707487673,inf,0.14285404176247837,0.0,0
1991-11-06,NEOG,0.0,0.2667329907417297,0.2333920001983642,0.2333920001983642,34866,0.0,0.0,0.0,0.0,0.0,0.0,-0.00709225972682637,0.058468279297820586,0.0,0.0,0.015102332977629558,-0.5156289072268068,0.4041692048475729,inf,0.14285404176247837,0.0,0
1991-11-07,NEOG,0.0,0.2667329907417297,0.2333920001983642,0.2333920001983642,67483,0.0,0.0,0.0,0.0,0.0,0.0,-0.00709225972682637,0.05633854491584841,0.0,0.0,0.015102332977629558,0.935495898583147,0.7594929585707582,inf,0.14285404176247837,0.0,0
1991-11-08,NEOG,0.0,0.2667329907417297,0.2333920001983642,0.2333920001983642,11247,0.0,0.0,0.0,0.0,0.0,0.0,-0.00709225972682637,0.05421736376229878,0.0,0.0,0.015102332977629558,-0.8333358030911489,0.1289470470988634,inf,0.14285404176247837,0.0,0
1991-11-11,NEOG,0.0,0.2667329907417297,0.2222779989242553,0.2222779989242553,170957,-0.04761946109833637,-0.04761946109833637,-0.04761946109833637,-0.04761946109833637,-0.03846187563680026,-0.04306257665789829,-0.0521331519480576,0.0030090545977625683,0.021296070413557397,0.015058595802052691,0.018493339633357354,14.20023117275718,1.7977524545230366,inf,0.19999726483331862,0.0,0
1991-11-12,NEOG,0.0,0.2667329907417297,0.2222779989242553,0.2222779989242553,70857,0.0,-0.04761946109833637,-0.04761946109833637,-0.04761946109833637,-0.029126471407856975,-0.03846187563680026,-0.04988166724760221,0.0010010101364851243,0.021296070413557397,0.015058595802052691,0.018493339633357354,-0.5855273548319169,0.7300096535140542,inf,0.19999726483331862,0.0,1
1991-11-13,NEOG,0.0,0.2667329907417297,0.2445060014724731,0.2445060014724731,200200,0.10000091172222736,0.04761946109833626,0.04761946109833626,0.0,0.057692813455200276,0.052632038137430934,0.04513103227164016,0.0967107494769295,0.05412723932245217,0.03650481518257616,0.02746437552145338,1.8254089221954075,2.168090942859649,inf,0.09090570020940343,0.0,0
1991-11-14,NEOG,0.0,0.2667329907417297,0.2445060014724731,0.2445060014724731,576981,0.0,0.04761946109833626,0.04761946109833626,0.0,0.04761946109833636,0.04761946109833624,0.04513103227164016,0.09235436147722415,0.05412723932245217,0.03650481518257616,0.02746437552145338,1.8820229770229768,5.130005921484319,inf,0.09090570020940343,0.0,0
1991-11-15,NEOG,0.0,0.2889609932899475,0.2445060014724731,0.2445060014724731,516246,0.0,0.04761946109833626,0.04761946109833626,0.0,0.037736173628251025,0.04265439704841083,0.04513103227164016,0.08803244570134244,0.05412723932245217,0.03650481518257616,0.02746437552145338,-0.10526343155147222,3.8345895657502576,inf,0.18181554460731403,0.0,0
1991-11-18,NEOG,0.0,0.2889609932899475,0.2445060014724731,0.2445060014724731,130467,0.0,0.10000091172222736,0.04761946109833626,0.04761946109833626,0.018518674849384638,0.037736173628251025,0.04265439704841083,0.08161331767942363,0.044721767284571175,0.03650481518257616,0.025267625012943246,-0.7472774607454585,0.9876523583609453,inf,0.18181554460731403,0.0,0
1991-11-19,NEOG,0.0,0.2889609932899475,0.2445060014724731,0.2445060014724731,4499,0.0,0.10000091172222736,0.04761946109833626,0.04761946109833626,0.0,0.03286413110502949,0.04018947178534896,0.07632162019063742,0.044721767284571175,0.03650481518257616,0.025267625012943246,-0.9655161841691768,0.03549347287735384,inf,0.18181554460731403,0.0,0
1991-11-20,NEOG,0.0,0.2889609932899475,0.2445060014724731,0.2445060014724731,17996,0.0,0.0,0.04761946109833626,0.04761946109833626,0.0,0.028037622077478574,0.037736173628250776,0.0710814489381315,0.0,0.03650481518257616,0.025267625012943246,3.0,0.1456572748103404,inf,0.18181554460731403,0.0,0
1991-11-21,NEOG,0.0,0.2889609932899475,0.2445060014724731,0.2445060014724731,77606,0.0,0.0,0.04761946109833626,0.04761946109833626,0.0,0.02325601118910704,0.035294420502722745,0.06589205498743628,0.0,0.03650481518257616,0.025267625012943246,3.312402756168037,0.6117054503392299,inf,0.18181554460731403,0.0,1
1991-11-22,NEOG,0.0,0.3556439876556396,0.3111889958381653,0.3111889958381653,734441,0.27272538900522436,0.27272538900522436,0.33333188615582343,0.33333188615582343,0.20689519660850614,0.26125981831225825,0.29629485023547936,0.3422806178600563,0.12196650180115107,0.09194049253684601,0.0654386857937872,8.463714145813467,4.5081114160750255,inf,0.14285528219832444,0.0,0
1991-11-25,NEOG,0.0,0.3556439876556396,0.3111889958381653,0.3111889958381653,349788,0.0,0.27272538900522436,0.3999990882777733,0.33333188615582343,0.14754006477886586,0.21739002897130316,0.2756250896084673,0.32827198912015226,0.12196650180115107,0.08849785347549435,0.0654386857937872,-0.5237357391539961,1.9916777129425913,inf,0.14285528219832444,0.0,0
1991-11-26,NEOG,0.0,0.333416998386383,0.2889609932899475,0.2889609932899475,319420,-0.07142926917562831,0.18181554460731397,0.29999817655554617,0.23809296395915114,0.03174488319162117,0.1016931145967082,0.17116919174072207,0.22295184252875017,0.13358260808515182,0.09451835243667879,0.06826089974117835,-0.08681830137111624,1.6715709951923101,inf,0.15384777229024718,0.0,1
1991-11-27,NEOG,0.0,0.333416998386383,0.3111889958381653,0.3111889958381653,42739,0.0769238861451238,0.27272538900522436,0.27272538900522436,0.33333188615582343,0.06060595595469108,0.1570239527184524,0.2416840593864835,0.305968943339441,0.13220938716461159,0.09289057205492804,0.06966139602542085,-0.8661981090726942,0.23037116552264456,inf,0.07142926917562809,0.0,0
1991-11-29,NEOG,0.0,0.333416998386383,0.3111889958381653,0.3111889958381653,140590,0.0,0.27272538900522436,0.27272538900522436,0.33333188615582343,0.014492897246841491,0.1290316058178177,0.22270643259742076,0.2950959502680539,0.13220938716461159,0.09289057205492804,0.06966139602542085,2.289501392171085,0.7318509780874165,inf,0.07142926917562809,0.0,0
1991-12-02,NEOG,0.0,0.3223029971122741,0.2889609932899475,0.2889609932899475,8998,-0.07142926917562831,-0.07142926917562831,0.18181554460731397,0.23809296395915114,-0.044118090695704326,0.03174488319162117,0.1231085095104289,0.19485098486335453,0.06174967525681404,0.09788000713745636,0.07233328830437023,-0.9359982929084573,0.050017023464587716,inf,0.11538582921768535,0.0,1
1991-12-03,NEOG,0.0,0.3223029971122741,0.3000749945640564,0.3000749945640564,112472,0.0384619430725619,-0.0357146345878141,0.22727046680626928,0.2857124250574874,0.0,0.050583077830834655,0.15138478350553256,0.23062746534115577,0.06604910363715419,0.09773270601443847,0.07248176386307381,11.499666592576128,0.6146288015716556,inf,0.07407482446349842,0.0,0
1991-12-04,NEOG,0.0,0.3223029971122741,0.3000749945640564,0.3000749945640564,215946,0.0,0.0384619430725619,0.22727046680626928,0.2857124250574874,-0.007353015115950783,0.030533952688014312,0.13684106271753063,0.22061333008406925,0.05502797012747955,0.09773270601443847,0.07248176386307381,0.9199978661355714,1.1354227707615465,inf,0.07407482446349842,0.0,0
1991-12-05,NEOG,0.0,0.3223029971122741,0.3000749945640564,0.3000749945640564,17996,0.0,-0.0357146345878141,0.22727046680626928,0.2857124250574874,0.0,0.011235724852179536,0.12266017689510414,0.2096759369764026,0.039887631672625594,0.09773270601443847,0.07248176386307381,-0.9166643512730035,0.09504271138962467,inf,0.07407482446349842,0.0,0
1991-12-06,NEOG,0.0,0.3223029971122741,0.3000749945640564,0.3000749945640564,87728,0.0,-0.0357146345878141,0.22727046680626928,0.2857124250574874,0.007462762730275726,-0.007353015115950783,0.1088287153785543,0.1999985412447324,0.039887631672625594,0.09773270601443847,0.07248176386307381,3.874861080240053,0.46085626766730386,inf,0.07407482446349842,0.0,0
1991-12-09,NEOG,0.0,0.3223029971122741,0.2889609932899475,0.2889609932899475,106848,-0.03703741223174928,0.0,-0.07142926917562831,0.23809296395915114,-0.02985105092110253,-0.0370374122317493,0.05690943916997417,0.15044067856555607,0.026695903768735017,0.04540741574711412,0.07334993881871267,0.2179463797191319,0.5475488594653805,inf,0.11538582921768535,0.0,0
1991-12-10,NEOG,0.0,0.3223029971122741,0.2889609932899475,0.2889609932899475,44989,0.0,-0.03703741223174928,-0.07142926917562831,0.29999817655554617,-0.02255662291564273,-0.02985105092110253,0.044175662774726246,0.14537270477205533,0.016563634292174768,0.04540741574711412,0.07203877454159358,-0.5789439203354299,0.23823827905423814,inf,0.11538582921768535,0.0,0
1991-12-11,NEOG,0.0,0.3223029971122741,0.2889609932899475,0.2889609932899475,6748,0.0,-0.03703741223174928,0.0,0.29999817655554617,-0.01515167212867777,-0.02985105092110253,0.031745069831539,0.1403491864801541,0.016563634292174768,0.03925094232942665,0.07203877454159358,-0.8500077796794772,0.03635092323695598,inf,0.11538582921768535,0.0,0
1991-12-12,NEOG,0.0,0.3223029971122741,0.2889609932899475,0.2889609932899475,28118,0.0,-0.03703741223174928,-0.07142926917562831,0.18181554460731397,-0.0076336674777198596,-0.02255662291564273,0.023621199340240345,0.13636200621825673,0.016563634292174768,0.028796537457311897,0.06927599802448153,3.1668642560758746,0.15883111865279942,inf,0.11538582921768535,0.0,0
1991-12-13,NEOG,0.0,0.3223029971122741,0.2667329907417297,0.2667329907417297,31492,-0.07692388614512391,-0.11111223669524806,-0.14285853835125673,0.09090570020940336,-0.06250066776634976,-0.08397034225491788,-0.058825001628640114,0.047118065462958894,0.03424769575805059,0.036073557036232974,0.071967539080337,0.11999430969485747,0.2102882448724211,inf,0.20833570761537842,0.0,0
1991-12-16,NEOG,0.0,0.3223029971122741,0.2667329907417297,0.2667329907417297,184454,0.0,-0.07692388614512391,-0.07692388614512391,0.09090570020940336,-0.04761956446928061,-0.07692388614512388,-0.0625013355317479,0.04529388431658414,0.0344014077027903,0.030181598448710555,0.071967539080337,4.857170074939667,1.3851355537324446,inf,0.20833570761537842,0.0,0
1991-12-17,NEOG,0.0,0.3111889958381653,0.2667329907417297,0.2667329907417297,89978,0.0,-0.07692388614512391,-0.11111223669524806,0.09090570020940336,-0.03225842028770959,-0.06614856391322405,-0.0661490608474401,0.04347604791772132,0.0344014077027903,0.025799087864406427,0.071967539080337,-0.5121927418218093,0.6861096686576338,inf,0.16666856609230293,0.0,0
1991-12-18,NEOG,0.0,0.2778469920158386,0.2556189894676208,0.2556189894676208,33742,-0.04166714152307571,-0.1153858292176857,-0.14814964892699733,0.04545077801044828,-0.04958733730742273,-0.09091007372307386,-0.10679756714948693,-0.0008713526140177966,0.03478745669667474,0.027086658701753193,0.072766245699296,-0.6249972215430439,0.2544560156163688,inf,0.08695755583148272,0.0,0
1991-12-19,NEOG,0.0,0.2667329907417297,0.2222779989242553,0.2222779989242553,100100,-0.13043236972654104,-0.230768151806502,-0.25925850886983504,-0.0909098443979105,-0.13043305912280884,-0.18699054412573837,-0.2202719760235903,-0.13043457579075005,0.055370361035596796,0.04454052990661846,0.07878503961297341,1.966629126904155,0.7322087358134558,inf,0.19999726483331862,0.0,1
1991-12-20,NEOG,0.0,0.2667329907417297,0.2333920001983642,0.2333920001983642,5624,0.05000045586111379,-0.12499762571795503,-0.22222109663808565,-0.045454922198955194,-0.06249821928991572,-0.12499829051822649,-0.17968615055598286,-0.0869559081792248,0.06757803540380443,0.050514469262681334,0.07964184720081435,-0.9438161838161838,0.0422505954636954,inf,0.14285404176247837,0.0,0
1991-12-23,NEOG,0.0,0.2667329907417297,0.2333920001983642,0.2333920001983642,25869,0.0,-0.12499762571795503,-0.1923062087339401,-0.24999918596176718,-0.03669594316201311,-0.1063813773259191,-0.168315494620084,-0.0869559081792248,0.06757803540380443,0.05077736861973777,0.04738768219832837,3.5997510668563297,0.2648288655171196,inf,0.14285404176247837,0.0,0
1991-12-24,NEOG,0.0,0.2667329907417297,0.2333920001983642,0.2333920001983642,1125,0.0,-0.12499762571795503,-0.1923062087339401,-0.24999918596176718,-0.009433191405825955,-0.08695503954244266,-0.15662518257619099,-0.0869559081792248,0.06757803540380443,0.05077736861973777,0.04738768219832837,-0.9565116548764931,0.014018901217214462,inf,0.14285404176247837,0.0,0
1991-12-26,NEOG,0.0,0.2556189894676208,0.2333920001983642,0.2333920001983642,8998,0.0,-0.08695359181079965,-0.1923062087339401,-0.1923062087339401,0.009615468909200005,-0.06666531596570253,-0.14807175440986126,-0.0869559081792248,0.06748849921503144,0.05077736861973777,0.045417018574307966,6.998222222222222,0.13901312730098553,inf,0.09523458066414213,0.0,0
1991-12-27,NEOG,0.0,0.2556189894676208,0.2333920001983642,0.2333920001983642,71982,0.0,0.05000045586111379,-0.1923062087339401,-0.24999918596176718,0.0,-0.04545333987043593,-0.13580121848676166,-0.08616125836126004,0.022360883642285632,0.05077736861973777,0.04071758991362488,6.999777728384085,1.0875081300229565,inf,0.09523458066414213,0.0,1
1991-12-30,NEOG,0.0,0.2667329907417297,0.2445060014724731,0.2445060014724731,241815,0.04761946109833626,0.04761946109833626,-0.08333048419487932,-0.21428455137395308,0.037736173628250776,0.009175654839406053,-0.08333170299516349,-0.04264474995364153,0.021296070413557324,0.05051038553300754,0.042880401715411756,2.3593815120446777,3.3938423406796523,inf,0.09090570020940343,0.0,0
1991-12-31,NEOG,0.0,0.2667329907417297,0.2333920001983642,0.2333920001983642,125969,-0.045454922198955194,0.0,-0.12499762571795503,-0.1923062087339401,-0.009434043407062812,-0.02325518279897328,-0.11578832607496432,-0.08536522412297294,0.03291210256759527,0.05179460884039469,0.04132109037520054,-0.4790687095506896,1.6338465868522103,inf,0.14285404176247837,0.0,0
1992-01-02,NEOG,0.0,0.2667329907417297,0.2333920001983642,0.2333920001983642,32617,0.0,0.0,-0.12499762571795503,-0.22222109663808565,-0.009434043407062812,-0.009433617406627414,-0.10447650938891107,-0.08536522412297294,0.03291210256759527,0.05179460884039469,0.03982610484991666,-0.7410712159340791,0.4461548773098025,inf,0.14285404176247837,0.0,0
1992-01-03,NEOG,0.0,0.2667329907417297,0.2333920001983642,0.2333920001983642,31492,0.0,0.0,-0.08695359181079965,-0.22222109663808565,-0.009434043407062812,1.189225662920706e-16,-0.09287151543704039,-0.08536522412297294,0.03291210256759527,0.05080882850647315,0.03982610484991666,-0.03449121623693163,0.4929544394388597,inf,0.14285404176247837,0.0,0
1992-01-06,NEOG,0.0,0.2667329907417297,0.2333920001983642,0.2333920001983642,22494,0.0,0.0,0.05000045586111379,-0.22222109663808565,-0.009434043407062812,-0.0047393774498234505,-0.0809617968185133,-0.08536522412297294,0.03291210256759527,0.027001419604433165,0.03982610484991666,-0.2857233583132224,0.35087062523105145,inf,0.14285404176247837,0.0,0
1992-01-07,NEOG,0.0,0.2667329907417297,0.2333920001983642,0.2333920001983642,88853,0.0,-0.045454922198955194,0.0,-0.22222109663808565,0.0,-0.0047393774498234505,-0.0687351916400338,-0.08536522412297294,0.02032805918976564,0.021942587977984658,0.03982610484991666,2.950075575709078,1.3847504922828286,inf,0.14285404176247837,0.0,0
1992-01-08,NEOG,0.0,0.2667329907417297,0.2333920001983642,0.2333920001983642,31492,0.0,0.0,0.0,-0.1923062087339401,0.0,-0.0047393774498234505,-0.05829509326897718,-0.08536522412297294,0.0,0.021942587977984658,0.03944495504677243,-0.6455718996544855,0.5214118784619575,inf,0.14285404176247837,0.0,1
1992-01-09,NEOG,0.0,0.2667329907417297,0.2445060014724731,0.2445060014724731,116971,0.04761946109833626,0.04761946109833626,0.04761946109833626,-0.1538442656613782,0.037736173628250776,0.037736173628250776,-0.004523692179844713,-0.04264474995364153,0.021296070413557324,0.026569680793314763,0.04145628428035555,2.714308395783056,1.8277675472075492,inf,0.09090570020940343,0.0,1
1992-01-10,NEOG,0.0,0.3000749945640564,0.2667329907417297,0.2667329907417297,420645,0.09090570020940336,0.1428540417624784,0.1428540417624784,-0.07692388614512391,0.10091501395063074,0.11627628874403963,0.09090705648674902,0.04166460566202474,0.04090725896094363,0.037838638774597116,0.04693846345693166,2.5961477631207734,4.966791236428685,inf,0.12500142456922725,0.0,1
1992-01-13,NEOG,0.0,0.333416998386383,0.3000749945640564,0.3000749945640564,292427,0.12500142456922725,0.2857124250574874,0.2857124250574874,0.0384619430725619,0.1739123196153363,0.2217181689803432,0.224489036465985,0.16580231332432618,0.05537951619822981,0.05102439634256786,0.054980585016287546,-0.30481284693744126,2.9867849013782988,inf,0.11111223669524771,0.0,1
1992-01-14,NEOG,0.0,0.3445309996604919,0.3111889958381653,0.3111889958381653,79855,0.03703741223174939,0.33333188615582343,0.27272538900522436,0.16666856609230285,0.14754092235133223,0.23347952155627988,0.25842653350882133,0.20171637880855203,0.04863343002297732,0.0506476623854322,0.052052502514502684,-0.7269233005160263,0.7959623264766245,inf,0.10714390376344222,0.0,0
1992-01-15,NEOG,0.0,0.3556439876556396,0.3111889958381653,0.3111889958381653,17996,0.0,0.33333188615582343,0.33333188615582343,0.16666856609230285,0.0852714547988308,0.1965806970619985,0.24721550199033338,0.19453891726950537,0.04863343002297732,0.04533175703032654,0.052052502514502684,-0.7746415377872393,0.195604018164783,inf,0.14285528219832444,0.0,1
1992-01-16,NEOG,0.0,0.3556439876556396,0.3223029971122741,0.3223029971122741,17996,0.035714634587813876,0.31818031120417944,0.38095134725415947,0.20833570761537845,0.06617713604355613,0.19834709187004806,0.277532791940214,0.2288136477180037,0.049678174367403564,0.04409054912328461,0.05233819382117507,0.0,0.20356752195341565,inf,0.10344610767535357,0.0,0
1992-01-17,NEOG,0.0,0.3445309996604919,0.3111889958381653,0.3111889958381653,24744,-0.034483083848696805,0.16666856609230285,0.33333188615582343,0.21739388957870642,0.0,0.12449771257351835,0.22004280268956575,0.17944368845832934,0.05943546995506888,0.048172316070124184,0.051982473316918645,0.3749722160480107,0.2813314353542566,inf,0.10714390376344222,0.0,0
1992-01-20,NEOG,0.0,0.3556439876556396,0.3111889958381653,0.3111889958381653,22494,0.0,0.03703741223174939,0.33333188615582343,0.3999990882777733,-0.007092267370058753,0.09374983305859123,0.19914275826480177,0.17252905102966476,0.02976359099180049,0.048172316070124184,0.04010683689100314,-0.09093113482056259,0.2675535160557088,inf,0.14285528219832444,0.0,0
1992-01-21,NEOG,0.0,0.3556439876556396,0.3111889958381653,0.3111889958381653,73107,0.0,0.0,0.33333188615582343,0.33333188615582343,-0.007092267370058753,0.06463871736451578,0.1814339661170582,0.1656950169224868,0.024820932959967065,0.048172316070124184,0.03954170345525311,2.2500666844491866,0.836014479619381,inf,0.14285528219832444,0.0,1
1992-01-22,NEOG,0.0,0.3556439876556396,0.3223029971122741,0.3223029971122741,67483,0.035714634587813876,0.035714634587813876,0.38095134725415947,0.38095134725415947,0.02112696403253952,0.07011104870901369,0.20331930585682823,0.19933847076232156,0.029441251659686637,0.046995775675338504,0.03962558712960816,-0.0769283379156579,0.753766290340146,inf,0.10344610767535357,0.0,0
1992-01-23,NEOG,0.0,0.3556439876556396,0.3223029971122741,0.3223029971122741,28118,0.0,0.0,0.31818031120417944,0.38095134725415947,0.0211269640325397,0.04316589231954677,0.18367331749730978,0.1904763687001817,0.024820932959967065,0.04783938708404789,0.03962558712960816,-0.5833320984544256,0.3094058588824064,inf,0.10344610767535357,0.0,0
1992-01-24,NEOG,0.0,0.3556439876556396,0.3111889958381653,0.3111889958381653,49488,-0.034483083848696805,0.0,0.16666856609230285,0.33333188615582343,-0.014084642688359567,-0.007092267370058753,0.12676009830804547,0.14192475904845922,0.024820932959967065,0.04621240053674111,0.04112528231433656,0.7600113806102853,0.5326909352768889,inf,0.14285528219832444,0.0,0
1992-01-27,NEOG,0.0,0.3556439876556396,0.3111889958381653,0.3111889958381653,49488,0.0,0.0,0.03703741223174939,0.33333188615582343,-0.014084642688359567,-0.01060080916860659,0.11111070911706739,0.1363634681739436,0.024820932959967065,0.026129968400295484,0.04112528231433656,0.0,0.5392188909663839,inf,0.14285528219832444,0.0,1
1992-01-28,NEOG,0.0,0.3778719902038574,0.3556439876556396,0.3556439876556396,273307,0.14285528219832444,0.14285528219832444,0.14285528219832444,0.4545409336125379,0.09588887117522642,0.11498085167027183,0.245133922958497,0.2882425678230352,0.06841061095004157,0.05079930530959919,0.04969088443910626,4.522692369867443,2.9277100173751336,inf,0.06250071228461368,0.0,0
1992-01-29,NEOG,0.0,0.4000999927520752,0.3556439876556396,0.3556439876556396,181080,0.0,0.10344610767535367,0.14285528219832444,0.5238053890166379,0.0738244356196401,0.09965485006993549,0.21904558141956162,0.2779531776619893,0.0693682348929482,0.05079930530959919,0.04753109706650826,-0.33744836392774424,1.8841430962356156,inf,0.1250014245692272,0.0,0
1992-01-30,NEOG,0.0,0.4000999927520752,0.3556439876556396,0.3556439876556396,30367,0.0,0.10344610767535367,0.10344610767535367,0.5238053890166379,0.05263094755972399,0.08843410839477275,0.19402802283221526,0.26782685094999437,0.0693682348929482,0.05039845096572984,0.04753109706650826,-0.8323006406008394,0.31633988698352045,inf,0.1250014245692272,0.0,0
1992-01-31,NEOG,0.0,0.3889859914779663,0.3556439876556396,0.3556439876556396,152962,0.0,0.14285528219832444,0.14285528219832444,0.5238053890166379,0.02564072592898134,0.0738244356196401,0.17001664828415763,0.257859741883075,0.06388682438807378,0.04806956568329563,0.04753109706650826,4.037112655184905,1.4986232264947947,inf,0.09375106842692044,0.0,0
1992-02-03,NEOG,0.0,0.3889859914779663,0.3556439876556396,0.3556439876556396,186703,0.0,0.14285528219832444,0.14285528219832444,0.5238053890166379,0.0,0.05960176931195695,0.14695195265129293,0.24804812465014506,0.06388682438807378,0.04806956568329563,0.04753109706650826,0.22058419738235635,1.6930089917554416,inf,0.09375106842692044,0.0,0
1992-02-04,NEOG,0.0,0.3778719902038574,0.3556439876556396,0.3556439876556396,101225,0.0,0.0,0.14285528219832444,0.5238053890166379,0.0,0.04575093293064661,0.12477903223115641,0.23838838878935958,0.0,0.04806956568329563,0.04753109706650826,-0.45782874404803353,0.9127806422873755,inf,0.06250071228461368,0.0,0
1992-02-05,NEOG,0.0,0.3889859914779663,0.3556439876556396,0.3556439876556396,121470,0.0,0.0,0.10344610767535367,0.5238053890166379,0.0,0.035598208966798106,0.10344714840391352,0.2345662510727551,0.0,0.047635492587129354,0.04753109706650826,0.19999999999999996,1.0526334033240234,inf,0.09375106842692044,0.0,0
1992-02-06,NEOG,0.0,0.3778719902038574,0.333416998386383,0.333416998386383,53987,-0.06249786314615946,-0.06249786314615946,0.034483083848696916,0.36363523340313453,-0.05063115835812707,-0.032256356812794186,0.02040946066426627,0.15562510844684813,0.027949894088658302,0.05301179340327045,0.050714326132899744,-0.5555528113937598,0.48096565523741813,inf,0.13333150988887912,0.0,0
1992-02-07,NEOG,0.0,0.3778719902038574,0.3223029971122741,0.3223029971122741,32617,-0.03333363724074245,-0.09374821928846622,0.035714634587813876,0.20833570761537845,-0.06451504748713066,-0.06752279606980302,-0.021921577922176628,0.11452794385807566,0.02819742442250949,0.05291882915887061,0.04872800548294845,-0.3958360346009224,0.3513032913748294,inf,0.1724122753727477,0.0,0
1992-02-10,NEOG,0.0,0.3778719902038574,0.3223029971122741,0.3223029971122741,12372,0.0,-0.09374821928846622,0.035714634587813876,0.07407482446349833,-0.0460519015374215,-0.07051153737100567,-0.025209270236410133,0.11367192304068914,0.02819742442250949,0.05291882915887061,0.04062111813451217,-0.6206885979703836,0.1569195470235449,inf,0.1724122753727477,0.0,0
1992-02-11,NEOG,0.0,0.3667579889297485,0.3223029971122741,0.3223029971122741,212572,0.0,-0.09374821928846622,-0.09374821928846622,0.035714634587813876,-0.026845288516546547,-0.06148755593614342,-0.026844841915312515,0.11281721615942329,0.02819742442250949,0.021340484798442614,0.03988901361179998,16.18170061429033,2.4868388419116787,inf,0.13792919152405053,0.0,1
1992-02-12,NEOG,0.0,0.3667579889297485,0.3445309996604919,0.3445309996604919,340790,0.06896616769739405,-0.031247507003852704,-0.031247507003852704,0.1071439037634423,0.04729773434462054,0.0064950538398240035,0.03505985369327001,0.18501664675569837,0.049063982044609315,0.0328316783785058,0.042555696220160553,0.6031744538321133,3.35362163385604,inf,0.06451375722695356,0.0,0
1992-02-13,NEOG,0.0,0.3556439876556396,0.333416998386383,0.333416998386383,174331,-0.032258349132765596,0.0,-0.06249786314615946,0.034483083848696916,0.013513638384177223,-0.019606849974781175,1.0636770631719445e-06,0.14416570660713532,0.041550534675899774,0.034098691193436115,0.042764944266823056,-0.4884503653276211,1.5930059098873535,inf,0.06666423540739415,0.0,0
1992-02-14,NEOG,0.0,0.3667579889297485,0.333416998386383,0.333416998386383,109098,0.0,0.034483083848696916,-0.06249786314615946,0.0714292691756282,0.006711470996055235,-0.01315712523384278,-0.0033212327042422708,0.14155343021642128,0.03717337954397521,0.034098691193436115,0.04188038143910855,-0.3741904767367823,0.9599222897425892,inf,0.09999787264813656,0.0,1
1992-02-18,NEOG,0.0,0.3667579889297485,0.3445309996604919,0.3445309996604919,96726,0.03333363724074245,0.06896616769739405,-0.031247507003852704,0.1071439037634423,0.026490306141530428,0.02310313447465476,0.024794693649108756,0.1760255362175791,0.03849319303807733,0.03629916799921281,0.04236291970798689,-0.1134026288291261,0.8241500521239165,inf,0.06451375722695356,0.0,1
1992-02-19,NEOG,0.0,0.3667579889297485,0.3556439876556396,0.3556439876556396,65234,0.03225540809418792,0.10344610767535367,0.0,0.14285528219832444,0.03895903990670216,0.056103743599577455,0.05090184157165747,0.20937085651181506,0.038260771117162265,0.03794939653400292,0.042738212916615254,-0.32557947191034464,0.5576942641289415,inf,0.031250356142306764,0.0,0
1992-02-20,NEOG,0.0,0.3778719902038574,0.3556439876556396,0.3556439876556396,206948,0.0,0.03225540809418792,0.0,0.10344610767535367,0.032256622456807396,0.056103743599577455,0.045750465560314514,0.20391097159238974,0.02724865478297604,0.03794939653400292,0.04224173653923054,2.1723947634669036,1.6696875165144947,inf,0.06250071228461368,0.0,0
1992-02-21,NEOG,0.0,0.3778719902038574,0.3556439876556396,0.3556439876556396,78730,0.0,0.06666423540739408,0.06666423540739408,0.10344610767535367,0.019107318560202417,0.04917872053150222,0.04064934587008949,0.19850016403381243,0.01796634457416492,0.03088331949493198,0.04224173653923054,-0.6195662678547268,0.6224957946151307,inf,0.06250071228461368,0.0,0
1992-02-24,NEOG,0.0,0.3667579889297485,0.3556439876556396,0.3556439876556396,106848,0.0,0.06666423540739408,0.10344610767535367,0.14285528219832444,0.0062888032857139385,0.03895965499952485,0.033924715763954935,0.19313777508298838,0.01796634457416492,0.027692781374470617,0.04120448957294757,0.3571446716626445,0.8260841833036641,inf,0.031250356142306764,0.0,0
1992-02-25,NEOG,0.0,0.3667579889297485,0.3556439876556396,0.3556439876556396,92227,0.0,0.03225540809418792,0.10344610767535367,0.14285528219832444,0.0,0.028937737888509927,0.02728643618991617,0.1878231577240103,0.014425057028120206,0.027692781374470617,0.04120448957294757,-0.13683924827792748,0.7014542929440818,inf,0.031250356142306764,0.0,0
1992-02-26,NEOG,0.0,0.3556439876556396,0.3223029971122741,0.3223029971122741,94476,-0.09374821928846622,-0.09374821928846622,0.0,-0.09374821928846622,-0.07643164148813443,-0.06752334279724034,-0.06451518505221983,0.07248579566167407,0.041925478219713506,0.04311470074882451,0.03353976755272791,0.024385483643618366,0.7709925439546786,inf,0.10344610767535357,0.0,1
1992-02-27,NEOG,0.0,0.3556439876556396,0.333416998386383,0.333416998386383,10122,0.034483083848696916,-0.06249786314615946,-0.032258349132765596,-0.06249786314615946,-0.032256641430435086,-0.03225692604790857,-0.029125039097101943,0.10456644227576407,0.048154284429674,0.038155669433707365,0.03464406325984213,-0.8928616791566112,0.08879706817030404,inf,0.06666423540739415,0.0,0
1992-02-28,NEOG,0.0,0.3556439876556396,0.333416998386383,0.333416998386383,3374,0.0,-0.06249786314615946,0.0,-0.06249786314615946,-0.019606849974781175,-0.03225692604790857,-0.025972959170200958,0.09970759754275493,0.048154284429674,0.03670506357871629,0.03464406325984213,-0.6666666666666667,0.029953675672892366,inf,0.06666423540739415,0.0,0
1992-03-02,NEOG,0.0,0.3556439876556396,0.333416998386383,0.333416998386383,51737,0.0,-0.06249786314615946,0.0,-0.06249786314615946,-0.006621976744144584,-0.03225692604790873,-0.022800345249403803,0.09409269677929016,0.048154284429674,0.03670506357871629,0.03464406325984213,14.33402489626556,0.4809194329580909,inf,0.06666423540739415,0.0,0
1992-03-03,NEOG,0.0,0.3445309996604919,0.3000749945640564,0.3000749945640564,75356,-0.10000091172222703,-0.15624893157307962,-0.12903339653106216,-0.15624893157307962,-0.07534317148716947,-0.11764679592750206,-0.11330058110830728,-0.020319569813748974,0.06104272946270878,0.04643422485915196,0.04089536195472798,0.45652047857432776,0.7386974081480611,inf,0.148149648926997,0.0,0
1992-03-04,NEOG,0.0,0.3445309996604919,0.3000749945640564,0.3000749945640564,31492,0.0,-0.06896616769739372,-0.15624893157307962,-0.15624893157307962,-0.06250059356938376,-0.10298988227669043,-0.10596041484852585,-0.02456671673935131,0.05082014429126457,0.04402199785825586,0.04089536195472798,-0.5820903444981156,0.3196334750396725,inf,0.148149648926997,0.0,0
1992-03-05,NEOG,0.0,0.3556439876556396,0.3000749945640564,0.3000749945640564,11247,0.0,-0.10000091172222703,-0.15624893157307962,-0.15624893157307962,-0.042553604220351995,-0.087837806620143,-0.09849770927262327,-0.028777197842331792,0.04472176728457106,0.04402199785825586,0.04089536195472798,-0.6428616791566112,0.12091702127202084,inf,0.18518368440633595,0.0,1
1992-03-06,NEOG,0.0,0.3556439876556396,0.3111889958381653,0.3111889958381653,20245,0.03703741223174939,-0.06666727448148468,-0.12499857543077286,-0.06666727448148468,0.007194315386591218,-0.041095676552114616,-0.06197640104505772,0.0021476106689207915,0.05142730742631708,0.04697017969104873,0.0399127411565818,0.8000355650395661,0.22167571290449384,inf,0.14285528219832444,0.0,0
1992-03-09,NEOG,0.0,0.3556439876556396,0.3111889958381653,0.3111889958381653,16871,0.0,-0.06666727448148468,-0.12499857543077286,-0.034483083848696805,0.021898028810995392,-0.027777733809661254,-0.06040252029674687,-0.002848836342506077,0.05142730742631708,0.04697017969104873,0.03925515471710381,-0.16665843418127935,0.18633794198794343,inf,0.14285528219832444,0.0,0
1992-03-10,NEOG,0.0,0.3445309996604919,0.3111889958381653,0.3111889958381653,39365,0.0,0.03703741223174939,-0.12499857543077286,-0.034483083848696805,0.014492897246841491,-0.014084642688359567,-0.05882334914028742,-0.007795708553689384,0.016563634292174736,0.04697017969104873,0.03925515471710381,1.3332938177938476,0.4283952075020582,inf,0.10714390376344222,0.0,1
1992-03-11,NEOG,0.0,0.3445309996604919,0.333416998386383,0.333416998386383,32617,0.0714292691756282,0.11111223669524772,0.034483083848696916,0.034483083848696916,0.06383040633052789,0.05263208405687777,0.00671224099771855,0.057083342166283635,0.03209714241440727,0.0440690309688418,0.042468428471188924,-0.17142131334942212,0.39348933608551884,inf,0.033333637240742404,0.0,0
1992-03-12,NEOG,0.0,0.3445309996604919,0.333416998386383,0.333416998386383,79855,0.0,0.11111223669524772,0.0,-0.032258349132765596,0.041667062379589115,0.05263208405687777,0.00840421119578713,0.05042105332894481,0.03209714241440727,0.04277450671113626,0.03948936600864845,1.4482631756446027,1.1433181640190164,inf,0.033333637240742404,0.0,0
1992-03-13,NEOG,0.0,0.3445309996604919,0.333416998386383,0.333416998386383,35991,0.0,0.0714292691756282,0.0,0.0,0.027397516904425056,0.05263208405687777,0.00840421119578713,0.04384221694726561,0.031944140291966974,0.04277450671113626,0.03879264066699672,-0.5492955982718677,0.5719398137075815,inf,0.033333637240742404,0.0,0
1992-03-16,NEOG,0.0,0.3445309996604919,0.3111889958381653,0.3111889958381653,52862,-0.06666727448148468,0.0,-0.06666727448148468,-0.06666727448148468,-0.04109627535663801,-0.01060080916860659,-0.05564902854469026,-0.03047071299302058,0.04884191505014048,0.047818960344429874,0.04162072383833585,0.46875607790836593,0.879331094888811,inf,0.10714390376344222,0.0,0
1992-03-17,NEOG,0.0,0.3445309996604919,0.3111889958381653,0.3111889958381653,24744,0.0,0.0,0.03703741223174939,-0.09677504739829657,-0.04109627535663801,-0.01408464268835974,-0.05084719571299251,-0.03514795931848751,0.04884191505014048,0.03455063409072884,0.04076491885154974,-0.5319132836442056,0.43781478332644747,inf,0.10714390376344222,0.0,0
1992-03-18,NEOG,0.0,0.3445309996604919,0.3111889958381653,0.3111889958381653,13497,0.0,-0.06666727448148468,0.03703741223174939,-0.12499857543077286,-0.02777804158639274,-0.017544028018959316,-0.04436842014128417,-0.03978029394927659,0.029814511523047385,0.03455063409072884,0.03987250031426615,-0.4545344325897187,0.2502679389284668,inf,0.10714390376344222,0.0,0
1992-03-19,NEOG,0.0,0.3445309996604919,0.3111889958381653,0.3111889958381653,6748,0.0,-0.06666727448148468,0.03703741223174939,-0.12499857543077286,-0.01408464268835974,-0.02097922161239445,-0.037800590386199866,-0.04436836066883771,0.029814511523047385,0.03455063409072884,0.03987250031426615,-0.500037045269319,0.15364228760342621,inf,0.10714390376344222,0.0,0
1992-03-20,NEOG,0.0,0.3445309996604919,0.3111889958381653,0.3111889958381653,25869,0.0,-0.06666727448148468,0.0,-0.12499857543077286,0.0,-0.02097922161239445,-0.03114185759601972,-0.04826622625706422,0.029814511523047385,0.032565145516175724,0.03987250031426615,2.833580320094843,0.6267147804535923,inf,0.10714390376344222,0.0,0
1992-03-23,NEOG,0.0,0.3445309996604919,0.3111889958381653,0.3111889958381653,13497,0.0,0.0,0.0,-0.12499857543077286,0.0,-0.02097922161239445,-0.024390321383763756,-0.05084722504738179,0.0,0.032565145516175724,0.03987250031426615,-0.4782558274382466,0.36867379048118526,inf,0.10714390376344222,0.0,0
1992-03-24,NEOG,0.0,0.3445309996604919,0.3111889958381653,0.3111889958381653,5624,0.0,0.0,0.0,-0.12499857543077286,0.0,-0.02097922161239445,-0.017544028018959316,-0.05149028891787989,0.0,0.032565145516175724,0.03987250031426615,-0.5833148106986739,0.1742284952190945,inf,0.10714390376344222,0.0,0
1992-03-25,NEOG,0.0,0.3445309996604919,0.3111889958381653,0.3111889958381653,57361,0.0,0.0,-0.06666727448148468,-0.034483083848696805,0.0,-0.01408464268835974,-0.015817375264546213,-0.05149028891787989,0.0,0.021082043275711337,0.0340893355209661,9.199324324324325,1.88540512823884,inf,0.10714390376344222,0.0,0
1992-03-26,NEOG,0.0,0.3445309996604919,0.3111889958381653,0.3111889958381653,8998,0.0,0.0,-0.06666727448148468,-0.06666727448148468,0.0,-0.007092267370058753,-0.01234579812172072,-0.05149028891787989,0.0,0.021082043275711337,0.033046416697082734,-0.8431338365788602,0.296303614061085,inf,0.10714390376344222,0.0,0
1992-03-27,NEOG,0.0,0.3445309996604919,0.3111889958381653,0.3111889958381653,24744,0.0,0.0,-0.06666727448148468,-0.06666727448148468,0.0,0.0,-0.008849643203640891,-0.05084722504738179,0.0,0.021082043275711337,0.033046416697082734,1.7499444320960214,0.7871230436442296,inf,0.10714390376344222,0.0,0
1992-03-30,NEOG,0.0,0.3445309996604919,0.3111889958381653,0.3111889958381653,14621,0.0,0.0,0.0,-0.06666727448148468,0.0,0.0,-0.005328648577652425,-0.05084722504738179,0.0,0.0,0.033046416697082734,-0.40910927901713545,0.49428333817891695,inf,0.10714390376344222,0.0,0
1992-03-31,NEOG,0.0,0.3445309996604919,0.3111889958381653,0.3111889958381653,46113,0.0,0.0,0.0,0.03703741223174939,0.0,0.0,-0.007092267370058753,-0.05084722504738179,0.0,0.0,0.023875859164051442,2.1538882429382396,1.6399785902649722,inf,0.10714390376344222,0.0,0
1992-04-01,NEOG,0.0,0.333416998386383,0.2889609932899475,0.2889609932899475,150712,-0.07142926917562831,-0.07142926917562831,-0.07142926917562831,-0.03703741223174928,-0.057971588987366145,-0.06474883847932024,-0.07637729627968523,-0.11744782119488803,0.03194414029196708,0.022587918219624404,0.028997894610231743,2.2683191290959166,4.422423747140838,inf,0.15384777229024718,0.0,0
1992-04-02,NEOG,0.0,0.333416998386383,0.2889609932899475,0.2889609932899475,10122,0.0,-0.07142926917562831,-0.07142926917562831,-0.03703741223174928,-0.044118090695704326,-0.057971588987366145,-0.07473382351459233,-0.11564667620243613,0.03194414029196708,0.022587918219624404,0.028997894610231743,-0.9328387918679335,0.2975063780758785,inf,0.15384777229024718,0.0,1
1992-04-03,NEOG,0.0,0.333416998386383,0.3000749945640564,0.3000749945640564,13497,0.0384619430725619,-0.0357146345878141,-0.0357146345878141,-0.0357146345878141,0.0,-0.018181999019434618,-0.03743352009263257,-0.08038153484994255,0.03988763167262559,0.026817857029397405,0.02909905994650998,0.3334321280379371,0.4006780385567634,inf,0.11111223669524771,0.0,0
1992-04-06,NEOG,0.0,0.3445309996604919,0.3000749945640564,0.3000749945640564,3374,0.0,-0.0357146345878141,-0.0357146345878141,-0.0357146345878141,0.007462762730275726,-0.014598685873996868,-0.03571463458781413,-0.07975465841915337,0.03988763167262559,0.026817857029397405,0.02909905994650998,-0.7500185226346595,0.10220974809568455,inf,0.148149648926997,0.0,0
1992-04-07,NEOG,0.0,0.3111889958381653,0.2889609932899475,0.2889609932899475,96726,-0.03703741223174928,-0.07142926917562831,-0.07142926917562831,-0.07142926917562831,-0.01515167212867777,-0.044118090695704326,-0.06810102604286443,-0.11262837504299042,0.041752541200628414,0.028796537457311925,0.030163647226920283,27.66804979253112,2.695924590145658,inf,0.07692388614512369,0.0,0
1992-04-08,NEOG,0.0,0.3111889958381653,0.2889609932899475,0.2889609932899475,6748,0.0,0.0,-0.07142926917562831,-0.13333454896296948,-0.01515167212867777,-0.0370374122317493,-0.06137244715647008,-0.10897916160079796,0.026695903768735003,0.028796537457311925,0.024563339175039577,-0.9302359241568968,0.19511264227565878,inf,0.07692388614512369,0.0,0
1992-04-09,NEOG,0.2889609932899475,0.2889609932899475,0.2889609932899475,0.2889609932899475,0,0.0,0.0,-0.07142926917562831,-0.13333454896296948,-0.01515167212867777,-0.02985105092110253,-0.054545997058303854,-0.10529981028143255,0.026695903768735003,0.028796537457311925,0.024563339175039577,-1.0,0.0,0.0,0.0,0.5,0
1992-04-10,NEOG,0.0,0.3223029971122741,0.2889609932899475,0.2889609932899475,3374,0.0,-0.03703741223174928,-0.07142926917562831,-0.13333454896296948,-0.0076336674777198596,-0.02255662291564273,-0.04761952471117173,-0.10158994618580552,0.016563634292174747,0.028796537457311925,0.024563339175039577,inf,0.11649928957531624,inf,0.11538582921768535,0.0,0
1992-04-13,NEOG,0.0,0.3223029971122741,0.2889609932899475,0.2889609932899475,6748,0.0,-0.03703741223174928,-0.07142926917562831,-0.07142926917562831,0.0,-0.01515167212867777,-0.044118090695704326,-0.09784918817087959,0.016563634292174747,0.028796537457311925,0.0201418630498243,1.0,0.25315268505787664,inf,0.11538582921768535,0.0,0
1992-04-14,NEOG,0.0,0.3223029971122741,0.2889609932899475,0.2889609932899475,5624,0.0,0.0,-0.07142926917562831,-0.07142926917562831,0.0,-0.0076336674777198596,-0.04059081557798579,-0.09407714871913225,0.0,0.028796537457311925,0.0201418630498243,-0.1665678719620628,0.21883396206592648,inf,0.11538582921768535,0.0,0
1992-04-15,NEOG,0.0,0.3223029971122741,0.2889609932899475,0.2889609932899475,2249,0.0,0.0,0.0,-0.07142926917562831,0.0,-0.0076336674777198596,-0.0370374122317493,-0.09027343380473385,0.0,0.01779790262590235,0.0201418630498243,-0.6001066856330014,0.08946810436221653,inf,0.11538582921768535,0.0,0
1992-04-16,NEOG,0.0,0.3111889958381653,0.2667329907417297,0.2667329907417297,75356,-0.07692388614512391,-0.07692388614512391,-0.07692388614512391,-0.14285853835125673,-0.06250066776634958,-0.07692388614512388,-0.10447867822385923,-0.1555255045474492,0.034401407702790286,0.030181598448710576,0.025946417144199724,32.506447309915515,2.6377903832455014,inf,0.16666856609230293,0.0,0
1992-04-20,NEOG,0.0,0.2889609932899475,0.2445060014724731,0.2445060014724731,39365,-0.08333048419487932,-0.1538442656613782,-0.18518368440633637,-0.21428455137395308,-0.11290144694985758,-0.13725310725734557,-0.169809775791285,-0.22151322496665152,0.0439458792528004,0.03389627808741054,0.030918843227613336,-0.47761293062264454,1.3461502292028937,inf,0.18181554460731403,0.0,1
1992-04-21,NEOG,0.0,0.2778469920158386,0.2667329907417297,0.2667329907417297,137216,0.09090570020940336,-0.07692388614512391,-0.11111223669524806,-0.14285853835125673,-0.016394361452016115,-0.04761990903579061,-0.08745353915167693,-0.14772848684704354,0.07099868410154936,0.04872265072059132,0.03846212287743719,2.485736059951734,3.873029134653924,inf,0.04166714152307589,0.0,0
1992-04-22,NEOG,0.0,0.2778469920158386,0.2667329907417297,0.2667329907417297,56236,0.0,-0.07692388614512391,-0.07692388614512391,-0.14285853835125673,-7.597696774544988e-07,-0.04000078772915345,-0.08046077390596532,-0.14469113815756543,0.07099868410154936,0.047893604747624004,0.03846212287743719,-0.5901644123134329,1.4814853843073617,inf,0.04166714152307589,0.0,0
1992-04-23,NEOG,0.0,0.2778469920158386,0.2556189894676208,0.2556189894676208,35991,-0.04166714152307571,-0.1153858292176857,-0.1153858292176857,-0.17857317293907082,-0.017094982832638533,-0.06882701679345515,-0.11025277414588551,-0.17680896047383912,0.07140789308903829,0.049022443641633905,0.03918650436182424,-0.3600007112881428,0.9756117395441128,inf,0.08695755583148272,0.0,0
1992-04-24,NEOG,0.0,0.2889609932899475,0.2556189894676208,0.2556189894676208,55111,0.0,-0.04166714152307571,-0.1153858292176857,-0.17857317293907082,-0.008621570482410114,-0.05737804457885363,-0.10156374510578434,-0.1720677114564058,0.0646365119967864,0.049022443641633905,0.03918650436182424,0.5312439220916341,1.4060237751729434,inf,0.13043633374722396,0.0,0
1992-04-27,NEOG,0.0,0.2889609932899475,0.2556189894676208,0.2556189894676208,11247,0.0,0.04545077801044828,-0.1153858292176857,-0.17857317293907082,-0.017094216902163388,-0.04564403258448326,-0.09270333300396758,-0.16787408996588152,0.04877271235271971,0.049022443641633905,0.03918650436182424,-0.7959209595180635,0.2919668237218177,inf,0.13043633374722396,0.0,0
1992-04-28,NEOG,0.0,0.2889609932899475,0.2556189894676208,0.2556189894676208,136091,0.0,-0.04166714152307571,-0.1153858292176857,-0.17857317293907082,-0.008620791289164216,-0.03361420187539785,-0.08366641677774135,-0.16363776934780835,0.01863411217474031,0.049022443641633905,0.03918650436182424,11.100204498977504,3.0517098329409125,inf,0.13043633374722396,0.0,1
1992-04-29,NEOG,0.0,0.2889609932899475,0.2667329907417297,0.2667329907417297,106848,0.043478777915741285,0.0,-0.07692388614512391,-0.14285853835125673,0.03448316515665751,0.01694895610655065,-0.036145151807660446,-0.12280801139425142,0.03010771664568125,0.05195674472901201,0.04088430371155432,-0.21487827997442888,2.2432096238328425,inf,0.08333428304615158,0.0,0
1992-04-30,NEOG,0.0,0.2889609932899475,0.2667329907417297,0.2667329907417297,19120,0.0,0.043478777915741285,-0.07692388614512391,-0.07692388614512391,0.02564132535324519,0.025640925736991622,-0.03225859817340163,-0.1176480644006613,0.019444300599642816,0.05195674472901201,0.03796411242761055,-0.8210542078466607,0.4657490533382539,inf,0.08333428304615158,0.0,0
1992-05-01,NEOG,0.0,0.2889609932899475,0.2556189894676208,0.2556189894676208,47238,-0.04166714152307571,0.0,-0.04166714152307571,-0.1153858292176857,-0.017094216902163388,-0.012876073885618455,-0.06693803496670432,-0.1487800736189049,0.03010771664568125,0.04768684854179033,0.038904792062439686,1.4706066945606695,1.1009148654270364,inf,0.13043633374722396,0.0,0
1992-05-04,NEOG,0.0,0.2889609932899475,0.2556189894676208,0.2556189894676208,38240,0.0,0.0,0.04545077801044828,-0.14814964892699733,-0.017094216902163388,-0.017094216902163388,-0.0593055422956064,-0.14307144446798245,0.03010771664568125,0.0385370522762128,0.0375501387551167,-0.19048223887548166,0.8662343046000576,inf,0.13043633374722396,0.0,0
1992-05-05,NEOG,0.0,0.2889609932899475,0.2445060014724731,0.2445060014724731,113597,-0.04347481389505836,-0.04347481389505836,-0.08333048419487932,-0.18518368440633637,-0.0517215632052626,-0.05172119054642698,-0.0909066934383429,-0.17417259658855683,0.03594944430391504,0.026994589438905772,0.03835431724899512,1.9706328451882844,2.2876677155443677,inf,0.18181554460731403,0.0,0
1992-05-06,NEOG,0.2445060014724731,0.2445060014724731,0.2445060014724731,0.2445060014724731,0,0.0,-0.08333048419487932,-0.08333048419487932,-0.1538442656613782,-0.03508568482776082,-0.04347557223158154,-0.08333100653825504,-0.16792584381197334,0.02332584195387854,0.026994589438905772,0.037844780935846103,-1.0,0.0,0.0,0.0,0.5,0
1992-05-07,NEOG,0.0,0.2889609932899475,0.2445060014724731,0.2445060014724731,25869,0.0,-0.08333048419487932,-0.04347481389505836,-0.1538442656613782,-0.017855689217441108,-0.03929894558789315,-0.07562799870564982,-0.163496564579885,0.02332584195387854,0.024365349300915874,0.037844780935846103,inf,0.5651214610276127,inf,0.18181554460731403,0.0,0
1992-05-08,NEOG,0.0,0.2889609932899475,0.2445060014724731,0.2445060014724731,38240,0.0,-0.04347481389505836,-0.04347481389505836,-0.1538442656613782,-0.009008269034857198,-0.03508568482776082,-0.06779443300705776,-0.15837642769723057,0.01944252783570061,0.024365349300915874,0.037844780935846103,0.47821717113147,0.8018788793826539,inf,0.18181554460731403,0.0,0
1992-05-11,NEOG,0.0,0.2889609932899475,0.2445060014724731,0.2445060014724731,56236,0.0,-0.04347481389505836,-0.04347481389505836,-0.1538442656613782,0.0,-0.03083530583914573,-0.059826961845975704,-0.15319322531459997,0.01944252783570061,0.024365349300915874,0.037844780935846103,0.4706066945606695,1.1173210996779328,inf,0.18181554460731403,0.0,0
1992-05-12,NEOG,0.0,0.2889609932899475,0.2445060014724731,0.2445060014724731,11247,0.0,0.0,-0.04347481389505836,-0.1538442656613782,0.0,-0.02654731594235242,-0.05172212219296725,-0.14794578503072617,0.0,0.024365349300915874,0.037844780935846103,-0.8000035564407142,0.22246595610218756,inf,0.18181554460731403,0.0,0
1992-05-13,NEOG,0.0,0.2889609932899475,0.2445060014724731,0.2445060014724731,25869,0.0,0.0,-0.08333048419487932,-0.1538442656613782,0.0,-0.01785608896878787,-0.04347633056690206,-0.14463300409739926,0.0,0.017954556427800524,0.037844780935846103,1.3000800213390238,0.5016453906760548,inf,0.18181554460731403,0.0,0
1992-05-14,NEOG,0.0,0.2445060014724731,0.2111639976501464,0.2111639976501464,76481,-0.1363647665968657,-0.1363647665968657,-0.20833190876410645,-0.2692300948790639,-0.1121504883099136,-0.13242047151738504,-0.16114734306423023,-0.2566506739123769,0.06098417756929689,0.043862204566813084,0.04745962275898432,1.9564729985697165,1.3835227632466773,inf,0.15789625217063402,0.0,1
1992-05-15,NEOG,0.0,0.2667329907417297,0.2222779989242553,0.2222779989242553,192327,0.052632084056877915,-0.0909098443979105,-0.13043236972654104,-0.16666476724103074,-0.04761946109833624,-0.07407430857047244,-0.10913048054559771,-0.2132172105804167,0.07064568885664477,0.04903215562767706,0.04732544048148795,1.5147029981302547,3.146276406485033,inf,0.19999726483331862,0.0,0
1992-05-18,NEOG,0.0,0.2667329907417297,0.2222779989242553,0.2222779989242553,142839,0.0,-0.0909098443979105,-0.13043236972654104,-0.0909098443979105,-0.029126471407856975,-0.06103338633791187,-0.10514444651982086,-0.20823363675680148,0.07064568885664477,0.04903215562767706,0.04388507741933676,-0.25731176589870375,2.154364526640539,inf,0.19999726483331862,0.0,1
1992-05-19,NEOG,0.0,0.2667329907417297,0.2333920001983642,0.2333920001983642,1125,0.05000045586111379,-0.045454922198955194,-0.045454922198955194,-0.12499762571795503,0.02941202760151812,-0.009434043407062812,-0.05405274984827254,-0.16401162342698858,0.07687320535167655,0.051372003957879685,0.040021779849971746,-0.9921239997479679,0.01890832571397838,inf,0.14285404176247837,0.0,0
1992-05-20,NEOG,0.0,0.2667329907417297,0.2333920001983642,0.2333920001983642,3374,0.0,-0.045454922198955194,-0.045454922198955194,-0.12499762571795503,0.039604317899086486,-0.0047393774498234505,-0.04761786624818605,-0.1593263544605764,0.07687320535167655,0.051372003957879685,0.040021779849971746,1.999111111111111,0.05934446701668294,inf,0.14285404176247837,0.0,0
1992-05-21,NEOG,0.0,0.2667329907417297,0.2333920001983642,0.2333920001983642,5624,0.0,0.10526416811375605,-0.045454922198955194,-0.08695359181079965,0.019417647605238224,1.189225662920706e-16,-0.04327915091986072,-0.15322469170180847,0.028122474146515853,0.051372003957879685,0.0391339954070658,0.6668642560758744,0.10163338071043973,inf,0.14285404176247837,0.0,0
1992-05-22,NEOG,0.0,0.2667329907417297,0.2333920001983642,0.2333920001983642,44989,0.0,0.05000045586111379,-0.045454922198955194,-0.08695359181079965,0.009615468909200005,0.004784730739766624,-0.038900723379342625,-0.14703380886570772,0.02236088364228562,0.051372003957879685,0.0391339954070658,6.999466571834993,0.8205172163804337,inf,0.14285404176247837,0.0,0
1992-05-26,NEOG,0.0,0.2667329907417297,0.2333920001983642,0.2333920001983642,5624,0.0,0.05000045586111379,-0.045454922198955194,-0.08695359181079965,0.0,0.009615468909200127,-0.03448203589178452,-0.14075173464149818,0.02236088364228562,0.051372003957879685,0.0391339954070658,-0.8749916646291316,0.1031001541735947,inf,0.14285404176247837,0.0,0
1992-05-27,NEOG,0.0,0.2667329907417297,0.2333920001983642,0.2333920001983642,196826,0.0,0.0,-0.045454922198955194,-0.08695359181079965,0.0,0.014492881288517423,-0.030022530602894438,-0.1358013481838674,0.0,0.051372003957879685,0.0391339954070658,33.9975106685633,3.417969580963313,inf,0.14285404176247837,0.0,0
1992-05-28,NEOG,0.0,0.2667329907417297,0.2333920001983642,0.2333920001983642,44989,0.0,0.0,-0.045454922198955194,-0.12499762571795503,0.0,0.019417647605237977,-0.023255389896638563,-0.13079358987343195,0.0,0.051372003957879685,0.03754659420742204,-0.7714275553026531,0.8255968230607036,inf,0.14285404176247837,0.0,0
1992-05-29,NEOG,0.0,0.2667329907417297,0.2333920001983642,0.2333920001983642,14621,0.0,0.0,0.10526416811375605,-0.12499762571795503,0.0,0.009615468909200005,-0.01639316259927334,-0.1257274565418335,0.0,0.021645728430256358,0.03754659420742204,-0.6750094467536509,0.2694233683909873,inf,0.14285404176247837,0.0,0
1992-06-01,NEOG,0.0,0.2667329907417297,0.2333920001983642,0.2333920001983642,64109,0.0,0.0,0.05000045586111379,-0.08695359181079965,0.0,0.004784730739766384,-0.011764594835252447,-0.12060192149590059,0.0,0.015811532456783663,0.03660424516292864,3.3847206073455984,1.1632641581671999,inf,0.14285404176247837,0.0,1
1992-06-02,NEOG,0.0,0.2667329907417297,0.2445060014724731,0.2445060014724731,16871,0.04761946109833626,0.04761946109833626,0.10000091172222736,-0.04347481389505836,0.037736173628250776,0.042654397048410585,0.037736173628250776,-0.0740725818227213,0.02129607041355731,0.020587735947236476,0.03837449310692269,-0.7368388213823331,0.3121782067378016,inf,0.09090570020940343,0.0,1
1992-06-03,NEOG,0.0,0.3000749945640564,0.2667329907417297,0.2667329907417297,115846,0.09090570020940336,0.1428540417624784,0.1428540417624784,0.09090570020940336,0.10091501395063047,0.12149257975268787,0.1267576093120522,0.013512030673353765,0.04090725896094363,0.03093458577623361,0.04220745311831386,5.866575780925849,2.139144275814186,inf,0.12500142456922725,0.0,0
1992-06-04,NEOG,0.0,0.3111889958381653,0.2667329907417297,0.2667329907417297,49488,0.0,0.1428540417624784,0.1428540417624784,0.09090570020940336,0.07142682706092934,0.10598840192299533,0.12149257975268775,0.016947698919085846,0.04090725896094363,0.03093458577623361,0.04220745311831386,-0.5728121816894843,0.8738877302899363,inf,0.16666856609230293,0.0,0
1992-06-05,NEOG,0.0,0.3111889958381653,0.2667329907417297,0.2667329907417297,11247,0.0,0.1428540417624784,0.1428540417624784,0.09090570020940336,0.04347712336978164,0.09090705648674902,0.11627652542634268,0.020406739291389572,0.04090725896094363,0.03093458577623361,0.04220745311831386,-0.7727327837051406,0.20120360796155898,inf,0.16666856609230293,0.0,0
1992-06-08,NEOG,0.0,0.3111889958381653,0.2667329907417297,0.2667329907417297,30367,0.0,0.1428540417624784,0.1428540417624784,0.09090570020940336,0.01694856323513398,0.07623147881063234,0.11110876614613902,0.023889391097716192,0.04090725896094363,0.03093458577623361,0.04220745311831386,1.7000088912598916,0.5471043573591184,inf,0.16666856609230293,0.0,0
1992-06-09,NEOG,0.0,0.3111889958381653,0.2667329907417297,0.2667329907417297,56236,0.0,0.09090570020940336,0.1428540417624784,0.09090570020940336,0.0,0.06194551032965431,0.10598863426275296,0.027395896923734897,0.040654265042088536,0.03093458577623361,0.04220745311831386,0.8518786840978694,1.0131708973704148,inf,0.16666856609230293,0.0,0
1992-06-10,NEOG,0.2667329907417297,0.2667329907417297,0.2667329907417297,0.2667329907417297,0,0.0,0.0,0.1428540417624784,0.09090570020940336,0.0,0.04803383919888615,0.10091547437686561,0.030926502689659255,0.0,0.03093458577623361,0.04220745311831386,-1.0,0.0,0.0,0.0,0.5,0
1992-06-11,NEOG,0.0,0.3111889958381653,0.2667329907417297,0.2667329907417297,29243,0.0,0.0,0.1428540417624784,0.09090570020940336,0.0,0.03448194554971281,0.09588864305949413,0.03448145770774018,0.0,0.03093458577623361,0.04220745311831386,inf,0.5306171329654716,inf,0.16666856609230293,0.0,0
1992-06-12,NEOG,0.0,0.2889609932899475,0.2667329907417297,0.2667329907417297,12372,0.0,0.0,0.1428540417624784,0.2631556217440494,0.0,0.02127605093913935,0.08351980010132959,0.03626814503834549,0.0,0.03093458577623361,0.026050345407674137,-0.5769243921622269,0.2383546363271192,inf,0.08333428304615158,0.0,0
1992-06-15,NEOG,0.2667329907417297,0.2667329907417297,0.2556189894676208,0.2556189894676208,22494,-0.04166714152307571,-0.04166714152307571,0.09523458066414214,0.14999680897220502,-0.033613831674765726,-0.029536579178190525,0.03138820031005096,-0.00433070608928986,0.018634112174740303,0.03547998260193314,0.026841920357835305,0.8181377303588748,0.5181254059731609,-0.041667141523075685,0.04347877791574125,0.0,1
1992-06-16,NEOG,0.2889609932899475,0.2889609932899475,0.2889609932899475,0.2889609932899475,2249,0.13043633374722408,0.08333428304615165,0.18181554460731397,0.29999817655554617,0.07438100596113409,0.07883906902916561,0.15044197806705562,0.12651609477506373,0.065524411379454,0.051408308318557014,0.03834515839230165,-0.900017782519783,0.06181169557533799,0.0,0.0,0.5,0
1992-06-17,NEOG,0.2445060014724731,0.2445060014724731,0.2445060014724731,0.2445060014724731,32617,-0.1538442656613782,-0.08333048419487932,-0.08333048419487932,0.04761946109833626,-0.07562799870564982,-0.07949535414575785,-0.02869584789868483,-0.042643990299186856,0.10194470668509203,0.06830842586933987,0.05265556378682455,13.502890173410405,0.859262420539894,0.0,0.0,0.5,0
1992-06-18,NEOG,0.2445060014724731,0.2445060014724731,0.2445060014724731,0.2445060014724731,0,0.0,-0.08333048419487932,-0.08333048419487932,0.04761946109833626,-0.05982732816115722,-0.07172765289091097,-0.03083530583914573,-0.03929955756579828,0.10194470668509203,0.06830842586933987,0.05265556378682455,-1.0,0.0,0.0,0.0,0.5,0
1992-06-19,NEOG,0.2445060014724731,0.2445060014724731,0.2445060014724731,0.2445060014724731,0,0.0,-0.08333048419487932,-0.08333048419487932,0.04761946109833626,-0.043477088901020366,-0.06382774008674189,-0.03296535947465894,-0.035931675996822586,0.10194470668509203,0.06830842586933987,0.05265556378682455,,0.0,0.0,0.0,0.5,1
1992-06-22,NEOG,0.2445060014724731,0.2889609932899475,0.2445060014724731,0.2889609932899475,13497,0.18181554460731397,0.13043633374722408,0.08333428304615165,0.23809296395915114,0.10169354020613848,0.0970462674160044,0.13043431726796745,0.1393509313704756,0.13107249248729771,0.0907450056299169,0.06599368806799749,inf,0.37559691441165666,0.18181554460731403,0.15384426566137824,1.0,0
1992-06-23,NEOG,0.2889609932899475,0.2889609932899475,0.2889609932899475,0.2889609932899475,1125,0.0,0.0,0.08333428304615165,0.23809296395915114,0.10169354020613848,0.0878658693676656,0.11827920726929804,0.1393509313704756,0.11892063724241539,0.0907450056299169,0.06599368806799749,-0.9166481440320071,0.03150391278596802,0.0,0.0,0.5,0
1992-06-24,NEOG,0.2445060014724731,0.2667329907417297,0.2445060014724731,0.2667329907417297,22494,-0.07692388614512391,0.09090570020940336,0.0,0.1428540417624784,-1.519538199785606e-06,0.004182999091261086,0.02563992669771943,0.053554369708105024,0.09588238174650805,0.09500496267577417,0.06895200196442536,18.994666666666667,0.8333194409713539,0.09090570020940343,0.0833304841948793,1.0,0
1992-06-25,NEOG,0.2667329907417297,0.2667329907417297,0.2667329907417297,0.2667329907417297,33742,0.0,0.09090570020940336,0.0,0.1428540417624784,-0.016394361452016115,0.004182999091261086,0.01910731856020247,0.05540760632081243,0.09588238174650805,0.09500496267577417,0.06895200196442536,0.5000444562994577,1.2766118444699197,0.0,0.0,0.5,0
1992-06-26,NEOG,0.2445060014724731,0.2667329907417297,0.2445060014724731,0.2667329907417297,15746,0.0,0.09090570020940336,0.0,0.1428540417624784,-0.03225842028770959,0.004182999091261086,0.01265740002667728,0.05726737422997798,0.09588238174650805,0.09500496267577417,0.06895200196442536,-0.5333412364412304,0.5944769444806255,0.09090570020940343,0.0833304841948793,1.0,0
1992-06-29,NEOG,0.2445060014724731,0.2445060014724731,0.2445060014724731,0.2445060014724731,2249,-0.08333048419487932,-0.1538442656613782,-0.04347481389505836,0.04761946109833626,-0.08333118065258147,-0.07562870691675097,-0.0736821092687396,-0.029124494819331534,0.043945879252800364,0.09809264345709143,0.07197078882833831,-0.8571700749396672,0.09613514489733543,0.0,0.0,0.5,0
1992-06-30,NEOG,0.2445060014724731,0.2445060014724731,0.2445060014724731,0.2445060014724731,11247,0.0,-0.1538442656613782,-0.1538442656613782,0.0,-0.051722308522055546,-0.059827694476053274,-0.0736821092687396,-0.029124494819331534,0.043945879252800364,0.08681802332509256,0.07126213256922379,4.000889284126278,0.4866103201884658,0.0,0.0,0.5,1
1992-07-01,NEOG,0.2667329907417297,0.2667329907417297,0.2445060014724731,0.2556189894676208,170957,0.04545077801044828,-0.04166714152307571,0.04545077801044828,-0.04166714152307571,-1.5856057589513013e-06,-0.02127836223400503,-0.02953713917462415,0.015899206633667742,0.046697881080902136,0.07267496830532705,0.06897809632677766,14.20023117275718,6.608693971432437,-0.041667141523075685,0.08695359181079965,0.4999772061130523,0
1992-07-02,NEOG,0.2667329907417297,0.2667329907417297,0.2445060014724731,0.2445060014724731,7873,-0.04347481389505836,-0.08333048419487932,0.0,-0.08333048419487932,-0.02654731594235242,-0.06382810329094842,-0.0677946130735094,-0.026547001776251012,0.04892875093859751,0.07440025320544996,0.06966293082831468,-0.953947483870213,0.3309686708494919,-0.0833304841948793,0.09090570020940343,0.0,1
1992-07-06,NEOG,0.2445060014724731,0.2667329907417297,0.2445060014724731,0.2667329907417297,61860,0.09090570020940336,0.0,0.09090570020940336,0.0,0.061945081922630964,0.012657205245362553,0.016948170364021076,0.061006471474260256,0.06918345825286767,0.07946215645876856,0.07270481495001148,6.857233583132224,2.350446835673901,0.09090570020940343,0.0833304841948793,1.0,0
1992-07-07,NEOG,0.2445060014724731,0.2667329907417297,0.2445060014724731,0.2667329907417297,51737,0.0,0.09090570020940336,-0.07692388614512391,0.0,0.04347712336978164,0.021275654717292456,0.016948170364021076,0.060069177244735254,0.051220792364962,0.05230999978734339,0.07270481495001148,-0.1636437116068542,1.889114868787632,0.09090570020940343,0.0833304841948793,1.0,0
1992-07-08,NEOG,0.2445060014724731,0.2445060014724731,0.2445060014724731,0.2445060014724731,1125,-0.08333048419487932,0.0,-0.1538442656613782,-0.08333048419487932,-0.04347633056690206,-0.047617168164768624,-0.06382792168888018,-0.027407789930306167,0.06918345825286767,0.05749759153753136,0.07519867276094135,-0.9782554071554207,0.04567350145241735,0.0,0.0,0.5,1
1992-07-09,NEOG,0.2667329907417297,0.2667329907417297,0.2667329907417297,0.2667329907417297,2249,0.09090570020940336,0.043478777915741285,0.0,0.0,0.034481539014703626,0.0389598600306276,0.02127545660648441,0.06006909186581332,0.07867113104850472,0.061772101914038584,0.07800180895496969,0.9991111111111111,0.09089145563737179,0.0,0.0,0.5,0
1992-07-10,NEOG,0.2445060014724731,0.2445060014724731,0.2333920001983642,0.2333920001983642,80980,-0.12499762571795503,-0.045454922198955194,-0.12499762571795503,-0.12499762571795503,-0.08695503954244266,-0.07894615826236895,-0.10064107724588633,-0.06997234058938667,0.0986856645059513,0.07366006813324652,0.08308407969065579,35.007114273010224,2.96297380413565,-0.04545492219895519,0.04761946109833624,0.0,1
1992-07-13,NEOG,0.2333920001983642,0.2556189894676208,0.2222779989242553,0.2556189894676208,15746,0.09523458066414214,-0.04166714152307571,-0.04166714152307571,-0.04166714152307571,0.008770421510236534,0.013213983530723445,-0.012877232663011636,0.019501475278535435,0.09975393195837017,0.08100036201443796,0.08596834830728346,-0.8055569276364535,0.5725953522537806,0.09523458066414213,0.13043236972654101,1.0,0
1992-07-14,NEOG,0.2333920001983642,0.2556189894676208,0.2333920001983642,0.2556189894676208,119220,0.0,-0.04166714152307571,0.04545077801044828,0.0,0.017697687017812533,0.008770421510236534,-0.012877232663011636,0.019501475278535435,0.09975393195837017,0.07573474534841652,0.08537359756470224,6.571446716626445,3.68695232661165,0.09523458066414213,0.08695359181079965,1.0,0
1992-07-15,NEOG,0.2222779989242553,0.2389490008354187,0.2222779989242553,0.2222779989242553,80980,-0.13043236972654104,-0.0909098443979105,-0.0909098443979105,-0.230768151806502,-0.09909769314590142,-0.1150430339651404,-0.13043392086660635,-0.1111104987935394,0.11069131434238555,0.08741806356329572,0.08487660353907905,-0.3207515517530616,2.232563781628906,0.0,0.0750006837916708,0.0,1
1992-07-16,NEOG,0.2222779989242553,0.2445060014724731,0.2222779989242553,0.2333920001983642,19120,0.05000045586111379,-0.12499762571795503,-0.08695359181079965,-0.045454922198955194,-0.027776370797606892,-0.06249860087121767,-0.08496599604480637,-0.06583524170635303,0.10219845235369109,0.08772673554187893,0.0786549199476779,-0.7638923190911336,0.5371186338308891,0.05000045586111374,0.09523892219667258,0.5000000000000007,0
1992-07-17,NEOG,0.2333920001983642,0.2333920001983642,0.2333920001983642,0.2333920001983642,0,0.0,0.0,-0.045454922198955194,-0.045454922198955194,-0.027776370797606666,-0.05829451575267037,-0.0829680849231375,-0.06500338602059356,0.08446663575667693,0.08670808037819992,0.0786549199476779,-1.0,0.0,0.0,0.0,0.5,0
1992-07-20,NEOG,0.2333920001983642,0.2333920001983642,0.2333920001983642,0.2333920001983642,0,0.0,-0.08695359181079965,-0.12499762571795503,-0.045454922198955194,-0.009433191405826071,-0.04545333987043593,-0.08096143011897584,-0.06417004751154556,0.06748849921503144,0.08052702459528951,0.0786549199476779,,0.0,0.0,0.0,0.5,0
1992-07-21,NEOG,0.2333920001983642,0.2333920001983642,0.2333920001983642,0.2333920001983642,0,0.0,-0.08695359181079965,-0.12499762571795503,-0.1923062087339401,0.009615468909200127,-0.03225711579321009,-0.07079515710339451,-0.06333522221086518,0.06748849921503144,0.08052702459528951,0.06611415868416122,,0.0,0.0,0.0,0.5,0
1992-07-22,NEOG,0.2222779989242553,0.2667329907417297,0.2222779989242553,0.2333920001983642,17996,0.0,0.05000045586111379,-0.045454922198955194,-0.1923062087339401,0.0,-0.027776781167244025,-0.06040145256110972,-0.06249890613603543,0.022360883642285632,0.07632774304755754,0.06611415868416122,inf,0.5031587217486974,0.05000045586111374,0.19047350286081471,0.25000569834185005,1
1992-07-23,NEOG,0.2667329907417297,0.2667329907417297,0.2333920001983642,0.2667329907417297,29243,0.1428540417624784,0.1428540417624784,0.0,0.0,0.11110876614613902,0.11110923513834177,0.07382399757468952,0.06951713051141514,0.0638862696482991,0.08466095527118159,0.07213346275027852,0.6249722160480107,0.8099768720484164,0.0,0.12499762571795499,1.0,1
1992-07-24,NEOG,0.2667329907417297,0.2889609932899475,0.2445060014724731,0.2889609932899475,33742,0.08333428304615165,0.23809296395915114,0.23809296395915114,0.08333428304615165,0.15044151395904012,0.1764698602159106,0.15812851567424796,0.15452866009712693,0.06542103698877214,0.07462981842860447,0.0743547617818548,0.1538487843244538,0.9345908291439888,0.08333428304615158,0.15384426566137824,1.0,0
1992-07-27,NEOG,0.2667329907417297,0.2667329907417297,0.2556189894676208,0.2556189894676208,62984,-0.1153858292176857,0.09523458066414214,0.0,-0.04166714152307571,-1.5856057589513013e-06,0.04072190984528293,0.026783742786467477,0.01769719434962187,0.09773731497886147,0.08170827579349371,0.07921595729426345,0.866635054235078,1.6374196030718515,-0.041667141523075685,0.04347877791574125,0.0,1
1992-07-28,NEOG,0.2667329907417297,0.3111889958381653,0.2667329907417297,0.3111889958381653,224944,0.21739388957870642,0.33333188615582343,0.21739388957870642,0.27272538900522436,0.14754177992508039,0.23893794599544904,0.2334805123860026,0.23022877372576514,0.1288247834671367,0.10609209737238154,0.09017213465826787,2.5714467166264448,4.535147575158542,0.16666856609230293,0.14285853835125673,1.0,0
1992-07-29,NEOG,0.3111889958381653,0.3111889958381653,0.3111889958381653,0.3111889958381653,0,0.0,0.33333188615582343,0.3999990882777733,0.27272538900522436,0.08527222182795971,0.19658116327990405,0.21739171798402923,0.22164080105273568,0.1288247834671367,0.09196776809710024,0.09017213465826787,-1.0,0.0,0.0,0.0,0.5,0
1992-07-30,NEOG,0.3111889958381653,0.3111889958381653,0.2667329907417297,0.3111889958381653,46113,0.0,0.16666856609230285,0.33333188615582343,0.21739388957870642,0.05263212013649957,0.16182580462826787,0.20430135356096715,0.21422409671191456,0.12313431557581278,0.09258904786760164,0.08996128389618316,inf,1.077517314864145,0.0,0.14285853835125673,1.0,0
1992-07-31,NEOG,0.3111889958381653,0.3111889958381653,0.3111889958381653,0.3111889958381653,3374,0.0,0.0769238861451238,0.33333188615582343,0.27272538900522436,0.0370374122317493,0.12903243595011032,0.1889600137404084,0.20689690405470101,0.12092648999980134,0.09258904786760164,0.08902872447157588,-0.9268319129095917,0.07925648304641812,0.0,0.0,0.5,0
1992-08-03,NEOG,0.2667329907417297,0.3000749945640564,0.2556189894676208,0.2667329907417297,159710,-0.14285853835125673,0.043478777915741285,0.1428540417624784,0.0,-0.11764824185521161,-0.04382587339213985,0.019106924019363564,0.031812948887664644,0.12899376098235957,0.10796060136438326,0.09386631504660001,46.33550681683462,3.3649262638489015,0.0,0.16666856609230293,0.2499999999999997,1
1992-08-04,NEOG,0.2889609932899475,0.2889609932899475,0.2889609932899475,0.2889609932899475,12372,0.08333428304615165,-0.07142926917562831,0.23809296395915114,0.08333428304615165,-0.02985105092110253,0.015624805234884204,0.09936520446214347,0.11301328427856201,0.08161577255155428,0.10957522335677405,0.09550829782466706,-0.9225345939515371,0.2719425693868983,0.0,0.0,0.5,0
1992-08-05,NEOG,0.2445060014724731,0.2445060014724731,0.2445060014724731,0.2445060014724731,6748,-0.1538442656613782,-0.21428455137395308,0.04761946109833626,0.0,-0.14062355317394004,-0.14396715993143702,-0.06976582811200593,-0.05902306622430752,0.1023669839837013,0.12366107432859472,0.10025263905135098,-0.45457484642741675,0.14741333077012977,0.0,0.0,0.5,0
1992-08-06,NEOG,0.2445060014724731,0.2445060014724731,0.2445060014724731,0.2445060014724731,0,0.0,-0.21428455137395308,-0.08333048419487932,-0.08333048419487932,-0.09835936937797529,-0.13725341572253058,-0.06581593023719905,-0.05982732816115702,0.1023669839837013,0.11472734424903615,0.09818154581512409,-1.0,0.0,0.0,0.0,0.5,1
1992-08-07,NEOG,0.2889609932899475,0.2889609932899475,0.2889609932899475,0.2889609932899475,19120,0.18181554460731397,-0.07142926917562831,0.0,0.23809296395915114,0.08333263687832534,0.019607324355977482,0.09243636315454705,0.10638258580331872,0.14480935482988663,0.12655947919748928,0.10149833520801609,inf,0.4491362583567063,0.0,0.0,0.5,0
1992-08-10,NEOG,0.2889609932899475,0.2889609932899475,0.2889609932899475,0.2889609932899475,0,0.0,0.08333428304615165,0.13043633374722408,0.13043633374722408,0.0655729129186502,0.00775130792537924,0.08559431403759751,0.10169456167011297,0.12368484895338247,0.11920315701074188,0.09978378361263282,-1.0,0.0,0.0,0.0,0.5,0
1992-08-11,NEOG,0.2445060014724731,0.2445060014724731,0.2445060014724731,0.2445060014724731,3374,-0.1538442656613782,-0.1538442656613782,-0.21428455137395308,-0.04347481389505836,-0.06779569347075919,-0.12698283485994785,-0.07949658316571766,-0.068584172650449,0.13894621860426648,0.10765632529820826,0.10637327795842418,inf,0.09374565863688145,0.0,0.0,0.5,1
1992-08-12,NEOG,0.2778469920158386,0.2778469920158386,0.2778469920158386,0.2778469920158386,11247,0.1363606224083589,0.1363606224083589,-0.1071439037634424,0.24999772069443238,0.03305666807362444,0.00401500549909133,0.03519552274897898,0.05574250507477889,0.13221022551300107,0.11836850813483629,0.10546862548597268,2.3334321280379373,0.34601522565441245,0.0,0.0,0.5,0
1992-08-13,NEOG,0.2778469920158386,0.2778469920158386,0.2778469920158386,0.2778469920158386,0,0.0,0.1363606224083589,-0.1071439037634424,0.19047350286081488,0.008063863881614373,0.016259213455096146,0.026692999554556448,0.05485157401290351,0.13221022551300107,0.11836850813483629,0.10522401079869136,-1.0,0.0,0.0,0.0,0.5,0
1992-08-14,NEOG,0.2667329907417297,0.2667329907417297,0.2556189894676208,0.2556189894676208,48363,-0.08000087525493427,-0.1153858292176857,-0.17857317293907082,0.09523458066414214,-0.04958805343435678,-0.04564475466622835,-0.059306419241272675,-0.028717819375040327,0.10812235105690894,0.12068115244648123,0.10728299814294236,inf,1.423844081668703,-0.041667141523075685,0.04347877791574125,0.0,1
1992-08-17,NEOG,0.2889609932899475,0.2889609932899475,0.2667329907417297,0.2667329907417297,42739,0.043478777915741285,-0.07692388614512391,0.0,0.1428540417624784,0.008402685325980657,-0.004150554901638537,-0.024391419036455773,0.013512342849869175,0.11176929093863733,0.1124939740146106,0.10751087032596579,-0.1162872443810351,1.183792684632632,-0.07692388614512388,0.08333428304615158,0.0,1
1992-08-18,NEOG,0.2667329907417297,0.2889609932899475,0.2667329907417297,0.2889609932899475,51737,0.08333428304615165,0.18181554460731397,0.0,0.23809296395915114,0.05691120187074805,0.0788378446275413,0.04627740762227433,0.09612109243761685,0.08233910176587259,0.1124939740146106,0.10862502534888334,0.21053370457895593,1.3372085509804783,0.08333428304615158,0.07692388614512388,1.0,0
1992-08-19,NEOG,0.2667329907417297,0.2889609932899475,0.2667329907417297,0.2889609932899475,17996,0.0,0.04000043762746697,0.18181554460731397,0.23809296395915114,0.04838763043156428,0.061224383472488,0.0358564000463449,0.0942757518979735,0.06082119440475807,0.0978071424525854,0.10862502534888334,-0.6521638285946227,0.46512950274358167,0.08333428304615158,0.07692388614512388,1.0,0
1992-08-20,NEOG,0.2889609932899475,0.2889609932899475,0.2889609932899475,0.2889609932899475,0,0.0,0.04000043762746697,0.18181554460731397,0.08333428304615165,0.04000043762746725,0.04417680976218402,0.03174581639188515,0.0924366142468791,0.06082119440475807,0.0978071424525854,0.1044830700142695,-1.0,0.0,0.0,0.0,0.5,0
1992-08-21,NEOG,0.2556189894676208,0.2556189894676208,0.2556189894676208,0.2556189894676208,11247,-0.1153858292176857,0.0,-0.1153858292176857,-0.1153858292176857,-0.0800008752549343,-0.06504172008037062,-0.08183772216754068,-0.03280231090643844,0.07436864278553204,0.08823625372678676,0.10648727384514121,inf,0.31152190652403927,0.0,0.0,0.5,1
1992-08-24,NEOG,0.2889609932899475,0.3111889958381653,0.2667329907417297,0.3000749945640564,67483,0.17391511166296514,0.12500142456922725,0.0384619430725619,0.17391511166296514,0.05468808429555579,0.09311803655844754,0.06930710229474885,0.132550383695582,0.1077959926632507,0.10555981991863625,0.10970065688117914,5.000088912598915,1.8575850540968692,0.038461943072561844,0.1481496489269974,0.7500000000000003,0
1992-08-25,NEOG,0.3111889958381653,0.3111889958381653,0.2889609932899475,0.2889609932899475,44989,-0.03703741223174928,0.0,0.18181554460731397,-0.07142926917562831,0.015625166941587342,0.035856964437769964,0.03379702210964813,0.08786570337059206,0.1058769869432967,0.0910266925096926,0.09907177175612125,-0.3333283938177022,1.6461036347537195,-0.07142926917562827,0.07692388614512369,0.0,0
1992-08-26,NEOG,0.2667329907417297,0.2667329907417297,0.2667329907417297,0.2667329907417297,56236,-0.07692388614512391,-0.07692388614512391,-0.04000043762746719,-0.14285853835125673,-0.04761956446928061,-0.04000043762746705,-0.03807709697808351,0.005866321223934189,0.1120656817846559,0.0856849050414074,0.10059264801884357,0.24999444308608765,1.865677583735867,0.0,0.0,0.5,1
1992-08-27,NEOG,0.2778469920158386,0.2778469920158386,0.2778469920158386,0.2778469920158386,46113,0.041667141523075824,-0.0384619430725619,0.0,-0.1071439037634424,0.0,1.9979036241678454e-16,0.008064049179090562,0.04514974318614922,0.11461638859985805,0.08673810832308407,0.10108576790020074,-0.18000924674585672,1.5298383672169436,0.0,0.0,0.5,1
1992-08-28,NEOG,0.2889609932899475,0.2889609932899475,0.2889609932899475,0.2889609932899475,30367,0.04000043762746697,0.13043633374722408,0.13043633374722408,-0.07142926917562831,0.015625166941587342,0.02766828330702252,0.05263157894736859,0.08333304841981272,0.095995289159402,0.08210982769036823,0.10149729272001409,-0.34146553032767335,0.9642751107025425,0.0,0.0,0.5,0
1992-08-31,NEOG,0.2889609932899475,0.2889609932899475,0.2667329907417297,0.2667329907417297,14621,-0.07692388614512391,-0.11111223669524806,0.0,0.0,-0.040000437627467245,-0.051383954713041795,-0.028340932784340772,-0.0016649725823551153,0.05949123265792722,0.08624313603982164,0.09756653464661894,-0.5185233971087035,0.6032362940225106,-0.07692388614512388,0.08333428304615158,0.0,1
1992-09-01,NEOG,0.2778469920158386,0.3000749945640564,0.2667329907417297,0.3000749945640564,35991,0.12500142456922725,0.0384619430725619,0.0384619430725619,0.0384619430725619,0.07142934670392041,0.06299280430806592,0.09090949277068308,0.12219471216171504,0.08694552009565945,0.09139413560265182,0.09975879132731102,1.4615963340400793,1.4159344258425441,0.08000087525493409,0.11111223669524808,1.0,0
1992-09-02,NEOG,0.3000749945640564,0.3000749945640564,0.2667329907417297,0.2667329907417297,106848,-0.11111223669524806,0.0,-0.07692388614512391,0.09090570020940336,-0.047619564469280416,-0.047619564469280416,-0.034205962217068474,-0.0008337108550537638,0.09637857437022088,0.09884822676987973,0.09654796286171884,1.9687421855463865,3.5120161848305016,-0.11111223669524808,0.12500142456922725,0.0,1
1992-09-03,NEOG,0.2889609932899475,0.3000749945640564,0.2889609932899475,0.3000749945640564,52862,0.12500142456922725,0.08000087525493416,0.0384619430725619,0.22727046680626928,0.054688084295556,0.06719440231705458,0.07569784066888259,0.12126264715413693,0.11071867525212963,0.10693796582377231,0.09994035724596466,-0.505259808325846,1.598649999319556,0.038461943072561844,0.0370374122317493,1.0,0
1992-09-04,NEOG,0.2667329907417297,0.2889609932899475,0.2667329907417297,0.2889609932899475,16871,-0.03703741223174928,0.0,0.13043633374722408,0.0,0.01562516694158754,0.015625166941587342,0.035856776307226605,0.07794335824570618,0.1126514552243137,0.09943366730039406,0.09240777931879801,-0.68084824637736,0.5119529528861269,0.08333428304615158,0.07692388614512388,1.0,0
1992-09-08,NEOG,0.2667329907417297,0.2667329907417297,0.2667329907417297,0.2667329907417297,33742,-0.07692388614512391,0.0,-0.11111223669524806,-0.07692388614512391,-0.06250066776634976,-0.051383954713041795,-0.04000061267834227,-0.0049762339148790085,0.1126514552243137,0.08609927610272892,0.0941682041003537,1.0,0.9740396578650339,0.0,0.0,0.5,0
1992-09-09,NEOG,0.2667329907417297,0.2667329907417297,0.2667329907417297,0.2667329907417297,0,0.0,-0.11111223669524806,-0.07692388614512391,0.09090570020940336,-0.040000437627467245,-0.043825178757274694,-0.043825178757274694,-0.006623566191734128,0.09118313165293912,0.0855265944680328,0.08692979211865069,-1.0,0.0,0.0,0.0,0.5,1
1992-09-10,NEOG,0.2667329907417297,0.3667579889297485,0.2667329907417297,0.333416998386383,735566,0.25000284913845405,0.25000284913845405,0.25000284913845405,0.20000218813733506,0.1450396820766756,0.16731695578050693,0.18343393182565787,0.23355414838842628,0.1339656186230829,0.11294970939513062,0.09868919270551037,inf,10.405730489591312,0.2500028491384541,0.299999696092591,0.6666734201714873,0
1992-09-11,NEOG,0.3445309996604919,0.3445309996604919,0.3223029971122741,0.3223029971122741,82104,-0.03333363724074245,0.07407482446349833,0.16000175050986787,0.16000175050986787,0.09022649166257074,0.1111122755089005,0.13503079971967555,0.18658040379133992,0.13114098045002348,0.11441949235788076,0.09921021846451696,-0.8883798326730707,1.0977387816495363,-0.06451669826553116,0.06896616769739394,0.0,1
1992-09-14,NEOG,0.3111889958381653,0.333416998386383,0.3111889958381653,0.333416998386383,64109,0.034483083848696916,0.15384777229024715,0.15384777229024715,0.30435144541018877,0.09489145818097994,0.13207683490137584,0.15830283004123055,0.21951364144090174,0.1271296735011025,0.11432810434464745,0.09690547637292772,-0.2191732436909286,0.848215260306651,0.07142926917562809,0.06666727448148464,1.0,0
1992-09-15,NEOG,0.3111889958381653,0.333416998386383,0.3111889958381653,0.333416998386383,44989,0.0,0.25000284913845405,0.25000284913845405,0.25000284913845405,0.04895151709558695,0.10701215016014423,0.1450396820766756,0.21359361160907495,0.11422143394413765,0.10957758747403322,0.09678222474155711,-0.29824205649752766,0.5943571149721475,0.07142926917562809,0.06666727448148464,1.0,0
1992-09-16,NEOG,0.333416998386383,0.333416998386383,0.3111889958381653,0.333416998386383,229443,0.0,0.25000284913845405,0.11111223669524772,0.15384777229024715,0.006711470996055403,0.09489145818097994,0.13636504915810013,0.20773078071674386,0.11422143394413765,0.10423235594664154,0.09549045355837948,4.099979995109916,2.712770391179355,0.0,0.06666727448148464,1.0,0
1992-09-17,NEOG,0.3111889958381653,0.333416998386383,0.3111889958381653,0.333416998386383,20245,0.0,0.0,0.25000284913845405,0.15384777229024715,0.006711470996055403,0.07142926917562828,0.1278208631886417,0.2000013128814435,0.023978898003832374,0.09477550241220663,0.09549045355837948,-0.911764577694678,0.2390446244183287,0.07142926917562809,0.06666727448148464,1.0,0
1992-09-18,NEOG,0.3111889958381653,0.333416998386383,0.3111889958381653,0.3223029971122741,107973,-0.03333363724074245,0.0,0.07407482446349833,0.11538582921768525,-0.02684588398422144,0.02836906948023466,0.08411300957384564,0.15537933987822514,0.023978898003832374,0.08951920304956056,0.09598711544681007,4.333316868362559,1.1985021636708646,0.03571463458781396,0.06896616769739378,0.4999999999999988,1
1992-09-21,NEOG,0.3111889958381653,0.333416998386383,0.3111889958381653,0.333416998386383,170957,0.034483083848696916,0.0,0.15384777229024715,0.30435144541018877,0.006711470996055235,0.04895151709558695,0.10701215016014423,0.18671011048020422,0.023978898003832374,0.08815604755141439,0.09145916032589312,0.58333101793967,1.7431171613283447,0.07142926917562809,0.06666727448148464,1.0,0
1992-09-22,NEOG,0.333416998386383,0.333416998386383,0.2889609932899475,0.2889609932899475,78730,-0.13333454896296948,-0.13333454896296948,0.08333428304615165,-0.03703741223174928,-0.10344925154609075,-0.09722314555237477,-0.03881739804467946,0.026045394061046633,0.06438892787904425,0.09630082271541261,0.08951566867040188,-0.5394748387021298,0.7981727086370539,-0.13333454896296945,0.15384777229024718,0.0,0
1992-09-23,NEOG,0.3000749945640564,0.3111889958381653,0.2889609932899475,0.2889609932899475,377906,0.0,-0.13333454896296948,0.08333428304615165,0.0,-0.07801494107064558,-0.10344925154609075,-0.03881739804467946,0.02362164025006936,0.06438892787904425,0.09630082271541261,0.08905327906530452,3.800025403277023,3.2780537396239624,-0.0370374122317493,0.07692388614512369,0.0,0
1992-09-24,NEOG,0.3111889958381653,0.3111889958381653,0.2889609932899475,0.2889609932899475,12372,0.0,-0.13333454896296948,-0.13333454896296948,0.08333428304615165,-0.05109540055898913,-0.09090996032037568,-0.04235770112087104,0.018808396652602637,0.06438892787904425,0.04791369153230936,0.08703127855788731,-0.9672616999994708,0.10939915793066524,-0.07142926917562827,0.07692388614512369,0.0,1
1992-09-25,NEOG,0.3000749945640564,0.3000749945640564,0.3000749945640564,0.3000749945640564,47238,0.0384619430725619,-0.06896616769739372,-0.06896616769739372,0.08000087525493416,0.0,-0.04929624940925901,-0.009174404012093015,0.05304216329012485,0.070208844188796,0.04988406767859713,0.08696784776491567,2.818137730358875,0.41749339574198807,0.0,0.0,0.5,0
1992-09-28,NEOG,0.3111889958381653,0.3111889958381653,0.2889609932899475,0.2889609932899475,25869,-0.03703741223174928,-0.13333454896296948,-0.13333454896296948,0.0,-0.0076336674777198596,-0.07142926917562827,-0.04587202006046581,0.010100688096625421,0.06547736696886663,0.048556467304734355,0.08714782290851711,-0.45236885558237017,0.22908774036545645,-0.07142926917562827,0.07692388614512369,0.0,1
1992-09-29,NEOG,0.2889609932899475,0.3111889958381653,0.2889609932899475,0.3111889958381653,33742,0.0769238861451238,0.0769238861451238,-0.06666727448148468,0.16666856609230285,0.05263212013649957,0.007194315386591218,0.020036629519205287,0.08191702246826643,0.043418545405647456,0.056329243195528324,0.08647006963631597,0.3043411032509955,0.2962999389257876,0.07692388614512369,0.07142926917562827,1.0,0
1992-09-30,NEOG,0.2778469920158386,0.3111889958381653,0.2667329907417297,0.3111889958381653,31492,0.0,0.0769238861451238,-0.06666727448148468,0.03703741223174939,0.0370374122317493,0.014492897246841491,0.018181999019434805,0.07609580955228078,0.043418545405647456,0.056329243195528324,0.08221789252685692,-0.06668247288246099,0.2770892779682701,0.12000131288240114,0.14285853835125673,1.0,0
1992-10-01,NEOG,0.2778469920158386,0.3111889958381653,0.2778469920158386,0.2889609932899475,59610,-0.07142926917562831,0.0,-0.13333454896296948,0.08333428304615165,-0.0370374122317493,-0.044118090695704326,-0.05797158898736597,-0.004594437281559343,0.05886624840069584,0.05998117869441897,0.07971245645604559,0.8928616791566113,0.5356228266436639,0.04000043762746704,0.11538582921768553,0.3333333333333333,0
1992-10-02,NEOG,0.2889609932899475,0.2889609932899475,0.2778469920158386,0.2778469920158386,11247,-0.0384619430725619,-0.07407482446349856,-0.13793233539478778,-0.07407482446349856,-0.06015099444171388,-0.06716486457248079,-0.09090999509717293,-0.04361198011508527,0.05676791137277442,0.060200364980668684,0.07521325331537619,-0.8113236034222446,0.10298483887730318,-0.038461943072561844,0.04000043762746704,0.0,1
1992-10-05,NEOG,0.2778469920158386,0.3000749945640564,0.2778469920158386,0.3000749945640564,50612,0.08000087525493416,0.0384619430725619,-0.10000091172222703,0.0384619430725619,0.007462762730275726,0.018868119271625145,-0.01996390055933861,0.03211021164612322,0.06792726792669615,0.06566554760427051,0.07682436957359853,3.5000444562994577,0.4563862240108641,0.08000087525493409,0.0740748244634986,1.0,0
1992-10-06,NEOG,0.3000749945640564,0.3000749945640564,0.3000749945640564,0.3000749945640564,0,0.0,-0.0357146345878141,0.0384619430725619,0.12500142456922725,0.015037748610428423,0.015037748610428423,-0.025271007652664015,0.02896350202767887,0.0565749837656248,0.0488934877272227,0.07441999276290659,-1.0,0.0,0.0,0.0,0.5,0
1992-10-07,NEOG,0.2778469920158386,0.2778469920158386,0.2667329907417297,0.2667329907417297,35991,-0.11111223669524806,-0.14285853835125673,-0.07692388614512391,0.0,-0.06976818149560346,-0.090910032772067,-0.13357532616408185,-0.08256986248588342,0.07306022445130687,0.06119490868351733,0.07907934172999655,inf,0.3242147649192976,-0.040000437627467245,0.04166714152307589,0.0,1
1992-10-08,NEOG,0.3000749945640564,0.3111889958381653,0.2445060014724731,0.2889609932899475,157461,0.08333428304615165,0.0,0.0,-0.13333454896296948,0.007752020166178227,-0.01515167212867777,-0.05454599705830369,-0.004594437281559343,0.08235915261018481,0.06749299712029774,0.057496051304037246,3.3750104192714847,1.9178120565864234,-0.0370374122317493,0.23076815180650193,0.6666616015123957,0
1992-10-09,NEOG,0.2889609932899475,0.2889609932899475,0.2667329907417297,0.2667329907417297,170957,-0.07692388614512391,-0.04000043762746719,-0.11111223669524806,-0.1724154192434849,-0.06250066776634958,-0.08046061329954904,-0.11926725215721158,-0.07834203031436722,0.08872137375743554,0.07038114874196433,0.05940061460522868,0.08571011234527925,1.975304790510144,-0.07692388614512388,0.08333428304615158,0.0,1
1992-10-12,NEOG,0.2778469920158386,0.2889609932899475,0.2778469920158386,0.2889609932899475,35991,0.08333428304615165,-0.03703741223174928,0.0,-0.13333454896296948,0.023622301615524866,-0.003831457776169029,-0.03881739804467946,-2.1039768780056682e-07,0.08952807432370684,0.07526651196413,0.062166359390801694,-0.7894733763460987,0.4227210664630834,0.04000043762746704,0.038461943072561844,1.0,0
1992-10-13,NEOG,0.2889609932899475,0.2889609932899475,0.2445060014724731,0.2778469920158386,47238,-0.0384619430725619,-0.07407482446349856,-0.1071439037634424,-0.16666818620371182,1.9979036241678454e-16,-0.031008080664712518,-0.06716486457248079,-0.03920122897515119,0.0907135961693184,0.0713429717937575,0.06258871993460385,0.31249479036425765,0.5540873885825484,-0.038461943072561844,0.15999810361430966,0.7499943016581507,1
1992-10-14,NEOG,0.2445060014724731,0.2889609932899475,0.2445060014724731,0.2889609932899475,20245,0.04000043762746697,0.08333428304615165,-0.07142926917562831,-0.13333454896296948,0.023622301615524664,0.015625166941587342,-0.022556622915642546,-0.0007688576622247345,0.07283426770272787,0.07300393800330832,0.06346315757940618,-0.5714255472289258,0.27067751605079565,0.18181554460731403,0.15384426566137824,1.0,0
1992-10-15,NEOG,0.2445060014724731,0.2889609932899475,0.2445060014724731,0.2556189894676208,47238,-0.1153858292176857,-0.1153858292176857,-0.1153858292176857,-0.23333546068519684,-0.07258144564734642,-0.09091007372307386,-0.12381081386714461,-0.1167448215233345,0.08207708804976939,0.07856179952185897,0.06804687999551844,1.3333168683625587,0.6203816611934447,0.045450778010448244,0.17391114764228235,0.249982904974451,1
1992-10-16,NEOG,0.2889609932899475,0.2889609932899475,0.2889609932899475,0.2889609932899475,7873,0.13043633374722408,0.08333428304615165,0.04000043762746697,-0.10344925154609075,0.03174637631285347,0.023622301615524664,-0.003831457776169029,-0.004594298302303493,0.0979215924725518,0.08906527071066218,0.07473612047586724,-0.8333333333333334,0.11067151449040569,0.0,0.0,0.5,0
1992-10-19,NEOG,0.2556189894676208,0.2889609932899475,0.2556189894676208,0.2889609932899475,51737,0.0,0.0,-0.03703741223174928,-0.13333454896296948,0.03174637631285347,0.02766828330702252,0.003861044635152007,-0.004594298302303493,0.09131243595870624,0.08534701597619153,0.07422777153488465,5.571446716626445,0.7937868081675488,0.13043633374722396,0.11538582921768573,1.0,0
1992-10-20,NEOG,0.2889609932899475,0.2889609932899475,0.2889609932899475,0.2889609932899475,0,0.0,0.04000043762746697,-0.03703741223174928,0.0,0.023622301615524664,0.03174637631285347,0.003861044635152007,-0.004594298302303493,0.08848932210948429,0.08534701597619153,0.06775104717893325,-1.0,0.0,0.0,0.0,0.5,0
1992-10-21,NEOG,0.2889609932899475,0.2889609932899475,0.2556189894676208,0.2889609932899475,128218,0.0,0.0,0.08333428304615165,0.0,0.023622301615524664,0.023622301615524664,0.003861044635152007,-0.0076336674777198596,0.08700894093188276,0.07607210571602901,0.06775104717893325,inf,2.6297594887251043,0.0,0.11538582921768573,1.0,0
1992-10-22,NEOG,0.2889609932899475,0.2889609932899475,0.2889609932899475,0.2889609932899475,22494,0.0,0.13043633374722408,0.0,0.0,0.0,0.023622301615524664,0.003861044635152007,-0.008390629098245206,0.0583329017989286,0.07165959080564357,0.06775104717893325,-0.8245644137328612,0.4566136819679818,0.0,0.0,0.5,0
1992-10-23,NEOG,0.2889609932899475,0.2889609932899475,0.2556189894676208,0.2889609932899475,33742,0.0,0.0,0.08333428304615165,-0.03703741223174928,0.0,0.015625166941587342,0.005802769328420174,-0.009146436801833482,0.0,0.06612531816400426,0.06721082161259513,0.5000444562994577,0.6944534487531349,0.0,0.11538582921768573,1.0,0
1992-10-26,NEOG,0.2556189894676208,0.2889609932899475,0.2556189894676208,0.2667329907417297,44989,-0.07692388614512391,-0.07692388614512391,-0.07692388614512391,-0.07692388614512391,-0.06250066776634976,-0.05511870376955743,-0.06796188693356912,-0.08606334880220126,0.03440140770279036,0.06579440808810894,0.06894520142595073,0.3333234544484618,0.9080642703382963,0.04347877791574125,0.12500142456922725,0.33333333333333276,1
1992-10-27,NEOG,0.2889609932899475,0.333416998386383,0.2667329907417297,0.333416998386383,136091,0.25000284913845405,0.15384777229024715,0.20000218813733506,0.0714292691756282,0.13636504915810013,0.15830283004123077,0.16054328475295898,0.13722659338204707,0.12492742228074197,0.10281695992322232,0.08766015261502547,2.024983884949654,2.4897139292332966,0.15384777229024718,0.20000182344445444,1.0,0
1992-10-28,NEOG,0.333416998386383,0.333416998386383,0.2889609932899475,0.3000749945640564,354286,-0.10000091172222703,0.0384619430725619,0.0384619430725619,-0.0357146345878141,0.015037748610428423,0.038461943072562045,0.04651212099706897,0.02272750819301675,0.13906006873539656,0.10952917099679618,0.09086891405924785,1.6033022022029377,5.0039688704961796,-0.10000091172222705,0.148149648926997,0.25000000000000033,1
1992-10-29,NEOG,0.2889609932899475,0.3111889958381653,0.2889609932899475,0.3111889958381653,104599,0.03703741223174939,0.0769238861451238,0.21739388957870642,0.0769238861451238,0.0370374122317493,0.05660435781487544,0.08108193733819137,0.059002123219251995,0.1390733421855391,0.10056384458116747,0.08948707589413064,-0.7047611251926409,1.4318734518404748,0.07692388614512369,0.07142926917562827,1.0,0
1992-10-30,NEOG,0.3111889958381653,0.3111889958381653,0.2778469920158386,0.2778469920158386,32617,-0.1071439037634424,-0.0384619430725619,-0.0384619430725619,0.0,-0.06716486457248079,-0.05303085245037229,-0.03474940171636767,-0.053747717667018455,0.15105355934843662,0.10070286004106621,0.09260106990556054,-0.688171015019264,0.4400628988942774,-0.1071439037634424,0.12000131288240114,0.0,0
1992-11-02,NEOG,0.2889609932899475,0.3111889958381653,0.2778469920158386,0.2778469920158386,98975,0.0,0.041667141523075824,-0.0384619430725619,-0.07407482446349856,-0.0740748244634986,-0.049430171857515116,-0.031008080664712518,-0.055178196977286195,0.1449797714221694,0.10070286004106621,0.0908525745150976,2.0344605573780545,1.2931637075352997,-0.038461943072561844,0.12000131288240114,0.0,1
1992-11-03,NEOG,0.2778469920158386,0.3111889958381653,0.2778469920158386,0.2889609932899475,129343,0.04000043762746697,-0.13333454896296948,0.0,-0.03703741223174928,-0.0076336674777198596,-0.011406962736349583,0.009708840990509848,-0.01664162449773781,0.0725710666747694,0.10148117119030428,0.09129387970350746,0.3068249557969185,1.5582696066767665,0.04000043762746704,0.11538582921768553,0.3333333333333333,0
1992-11-04,NEOG,0.2945179939270019,0.2945179939270019,0.2889609932899475,0.2889609932899475,24744,0.0,-0.03703741223174928,0.0,0.08333428304615165,0.0,-0.011406962736349583,0.005802769328420174,-0.01664162449773781,0.05972927701836518,0.10148117119030428,0.08734965293914967,-0.808694710962325,0.30013864309289334,-0.01886811927162496,0.01923097153628073,0.0,0
1992-11-05,NEOG,0.2778469920158386,0.2778469920158386,0.2778469920158386,0.2778469920158386,74231,-0.0384619430725619,-0.1071439037634424,-0.0384619430725619,-0.0384619430725619,-0.015748201077016376,-0.04580200486631878,-0.031008080664712518,-0.055178196977286195,0.055517275910646036,0.1023869562097719,0.08601736807327583,1.9999595861623019,0.9482705760318036,0.0,0.0,0.5,1
1992-11-06,NEOG,0.2667329907417297,0.3111889958381653,0.2667329907417297,0.3111889958381653,58485,0.12000131288240112,0.12000131288240112,0.0769238861451238,0.16666856609230285,0.07692388614512369,0.06060668851471127,0.07692388614512369,0.05580751373099721,0.06026044766350962,0.10913795567179484,0.08783449997487702,-0.2121216203472942,0.8049487453342289,0.16666856609230293,0.14285853835125673,1.0,0
1992-11-09,NEOG,0.3111889958381653,0.3111889958381653,0.3000749945640564,0.3111889958381653,16871,0.0,0.12000131288240112,0.16666856609230285,0.0769238861451238,0.05263212013649957,0.044776576381653985,0.07279769774721079,0.054217425799490244,0.06026044766350962,0.10476176570456208,0.08619487270213681,-0.7115328716764983,0.23529723517729229,0.0,0.03571463458781413,1.0,0
1992-11-10,NEOG,0.3111889958381653,0.3111889958381653,0.2667329907417297,0.2722899913787842,15746,-0.12500122105734945,-0.05769291460884274,-0.18333500482408305,-0.020000218813733484,-0.06844177641809789,-0.06666736131307785,-0.06040331816543452,-0.07790821637190383,0.08821444740159227,0.07669863926020419,0.09065671797726611,-0.06668247288246099,0.22453804712076228,-0.12500122105734948,0.16326712881118202,0.12500000000000108,0
1992-11-11,NEOG,0.2667329907417297,0.2889609932899475,0.2667329907417297,0.2667329907417297,37116,-0.020408391101397916,-0.07692388614512391,-0.11111223669524806,-0.07692388614512391,-0.07335984806788737,-0.07514530070539092,-0.07603544934641633,-0.09468222923167752,0.08818384528933187,0.07109454616895763,0.09035537236962422,1.3571700749396673,0.5229833837656185,0.0,0.08333428304615158,0.0,0
1992-11-12,NEOG,0.2667329907417297,0.3000749945640564,0.2667329907417297,0.2667329907417297,23619,0.0,-0.04000043762746719,-0.14285853835125673,0.043478777915741285,-0.06614856391322405,-0.06066601146826021,-0.07781061603482858,-0.09468222923167752,0.08705315395241671,0.06935002667191298,0.08620833504081112,-0.36364371160685416,0.3384353936448255,0.0,0.12500142456922725,0.0,1
1992-11-13,NEOG,0.2667329907417297,0.2889609932899475,0.2667329907417297,0.2889609932899475,30367,0.08333428304615165,-0.07142926917562831,0.04000043762746697,0.0,0.02766828330702252,0.013645369676492141,-0.0009606248893188311,-0.01849773723644127,0.07452472933044559,0.06676033351104606,0.08320603655072285,0.2857021889157034,0.42822593723339,0.08333428304615158,0.07692388614512388,1.0,0
1992-11-16,NEOG,0.2889609932899475,0.2889609932899475,0.2667329907417297,0.2667329907417297,61860,-0.07692388614512391,-0.14285853835125673,-0.04000043762746719,-0.07692388614512391,-0.020408391101397933,-0.06066601146826021,-0.07425343526970309,-0.0926285570972905,0.07911943237158577,0.07176573211988042,0.08511396328210061,1.0370797247011558,0.8661481819079204,-0.07692388614512388,0.08333428304615158,0.0,1
1992-11-17,NEOG,0.3111889958381653,0.3111889958381653,0.2667329907417297,0.3111889958381653,94476,0.16666856609230285,0.14285873770978408,0.0769238861451238,0.0769238861451238,0.11111231709498735,0.08737956891458863,0.07588936625619072,0.0554095422274858,0.09538755112268858,0.0890499780390903,0.09298395600990644,0.5272550921435499,1.2407633223868895,0.0,0.14285853835125673,1.0,0
1992-11-18,NEOG,0.2889609932899475,0.3111889958381653,0.2889609932899475,0.2945179939270019,52862,-0.05357195188172137,0.10416785380768911,0.01923097153628084,0.01923097153628084,0.031128735959163857,0.027132070581623403,0.017274653545589283,-0.003009812762470197,0.10081402035580153,0.09136140127715216,0.0939809677168878,-0.4404716541767222,0.7303837685740993,0.01923097153628073,0.0754724770865006,0.2499999999999975,1
1992-11-19,NEOG,0.3111889958381653,0.3223029971122741,0.3000749945640564,0.3000749945640564,210322,0.01886811927162535,0.12500142456922725,0.08000087525493416,0.0384619430725619,0.02661624638481595,0.038461943072561844,0.03448311998552088,0.018099734183026094,0.10004589262595788,0.09008158657613101,0.0940235617165918,2.978699254663085,2.572209710390677,-0.03571463458781413,0.07407482446349842,0.0,1
1992-11-20,NEOG,0.2889609932899475,0.3111889958381653,0.2889609932899475,0.3111889958381653,25869,0.03703741223174939,0.0769238861451238,0.0,0.0769238861451238,0.04868963735228328,0.07692388614512369,0.06870300729947798,0.05660435781487544,0.09565268405013211,0.08245525243118808,0.09426621050764296,-0.877002881296298,0.3179048681755955,0.07692388614512369,0.07142926917562827,1.0,0
1992-11-23,NEOG,0.2778469920158386,0.2778469920158386,0.2778469920158386,0.2778469920158386,4499,-0.1071439037634424,0.041667141523075824,-0.1071439037634424,0.041667141523075824,-0.07063268844020329,-0.02723764396426869,-0.04761954379505561,-0.05303085245037229,0.10379145975895945,0.0895448854562809,0.09592213461870988,-0.8260852758127488,0.056698958649710335,0.0,0.0,0.5,0
1992-11-24,NEOG,0.2778469920158386,0.2778469920158386,0.2778469920158386,0.2778469920158386,0,0.0,-0.1071439037634424,0.020408391101397694,-0.16666818620371182,-0.049430171857515116,-0.029126522971529543,-0.038461943072561844,-0.049430171857515116,0.05890777784473535,0.07951609619119449,0.07688027564908392,-1.0,0.0,0.0,0.0,0.5,1
1992-11-25,NEOG,0.2778469920158386,0.3111889958381653,0.2778469920158386,0.3111889958381653,19120,0.12000131288240112,0.056604357814875605,0.16666856609230285,0.03703741223174939,0.05263212013649957,0.07074643786438051,0.07485683203088747,0.06626116235213707,0.08164287880188402,0.08664974290300921,0.07848790023620736,inf,0.3427380142526671,0.12000131288240114,0.1071439037634424,1.0,0
1992-11-27,NEOG,0.3111889958381653,0.3111889958381653,0.3111889958381653,0.3111889958381653,1125,0.0,0.03703741223174939,0.16666856609230285,0.0,0.044776576381653985,0.05461449860035785,0.07485683203088747,0.06788781724943911,0.08178325389783428,0.08664974290300921,0.0781212081471749,-0.9411610878661087,0.022227776422157834,0.0,0.0,0.5,0
1992-11-30,NEOG,0.3000749945640564,0.3111889958381653,0.2778469920158386,0.2889609932899475,292427,-0.07142926917562831,-0.07142926917562831,0.0,0.04000043762746697,-0.01515167212867777,-0.020715844296687356,-0.003831457776169029,-0.006116271899352408,0.08702893074149903,0.08766313609007928,0.07584943504270976,258.9351111111111,4.597702775897621,-0.0370374122317493,0.11538582921768553,0.3333333333333333,1
1992-12-01,NEOG,0.2778469920158386,0.3111889958381653,0.2778469920158386,0.3111889958381653,39365,0.0769238861451238,0.12000131288240112,0.16666856609230285,0.12000131288240112,0.0370374122317493,0.0389614343786478,0.06666736131307785,0.071976251398353,0.07461550469951582,0.08548264162583599,0.07753296448479109,-0.8653852072483047,0.6493479714989604,0.12000131288240114,0.1071439037634424,1.0,0
1992-12-02,NEOG,0.2667329907417297,0.3000749945640564,0.2667329907417297,0.3000749945640564,93352,-0.0357146345878141,0.08000087525493416,-0.0357146345878141,0.0384619430725619,-0.014598685873996868,0.005586649088555401,0.02661624638481595,0.03290011471490887,0.07918828634339507,0.06892043220082188,0.07776180634405337,1.371446716626445,1.5870036788456177,0.12500142456922725,0.11111223669524808,1.0,0
1992-12-03,NEOG,0.3000749945640564,0.3000749945640564,0.3000749945640564,0.3000749945640564,0,0.0,-0.0357146345878141,0.01886811927162535,0.0384619430725619,-0.007353015115950783,0.003717509917905475,0.024668187745692825,0.032110427471600235,0.05502797012747966,0.06646161066012858,0.07776180634405337,-1.0,0.0,0.0,0.0,0.5,0
1992-12-04,NEOG,0.2778469920158386,0.2889609932899475,0.2778469920158386,0.2778469920158386,80980,-0.07407482446349856,-0.1071439037634424,-0.07407482446349856,0.0,-0.06015099444171388,-0.06367106422990908,-0.051233928394900596,-0.04361177997092557,0.062463102469972956,0.07050453443582455,0.07919689577232455,inf,1.398061738806917,0.0,0.04000043762746704,0.0,0
1992-12-07,NEOG,0.2778469920158386,0.3000749945640564,0.2778469920158386,0.2778469920158386,17996,0.0,-0.0384619430725619,-0.1071439037634424,-0.1071439037634424,-0.05303085245037229,-0.05303085245037229,-0.04580200486631878,-0.042146035537858936,0.05582085144956325,0.06898155171264397,0.0742518106335831,-0.7777722894541862,0.32194008436705035,0.0,0.08000087525493409,0.0,1
1992-12-08,NEOG,0.2778469920158386,0.3000749945640564,0.2778469920158386,0.3000749945640564,22494,0.08000087525493416,-0.0357146345878141,0.08000087525493416,-0.0357146345878141,0.030534669910879057,0.015037748610428423,0.03250512009985052,0.03369101129284604,0.056976492608083615,0.06469286842357333,0.07654544941665636,0.24994443209602135,0.4003933801770211,0.08000087525493409,0.0740748244634986,1.0,0
1992-12-09,NEOG,0.2889609932899475,0.2889609932899475,0.2778469920158386,0.2778469920158386,112472,-0.07407482446349856,-0.07407482446349856,0.0,0.020408391101397694,-0.031008080664712518,-0.06015099444171388,-0.04489063145077367,-0.04067579145838528,0.06411990371474101,0.0699386855697206,0.07289590931968794,4.000088912598915,1.8433182744540164,-0.038461943072561844,0.04000043762746704,0.0,1
1992-12-10,NEOG,0.2778469920158386,0.3000749945640564,0.2778469920158386,0.3000749945640564,231692,0.08000087525493416,0.0,-0.0357146345878141,0.12500142456922725,0.04651212099706897,0.018868119271625145,0.02564129205154134,0.0368667466811744,0.07704924538780576,0.06327687059101823,0.07460218110694838,1.0599971548474287,3.2750369814905254,0.08000087525493409,0.0740748244634986,1.0,0
1992-12-11,NEOG,0.3000749945640564,0.3000749945640564,0.283403992652893,0.2889609932899475,70857,-0.03703741223174928,0.04000043762746697,-0.07142926917562831,0.08333428304615165,0.0,-0.011406962736349583,-0.016083420966645463,-0.0015361144450490292,0.06924791097034584,0.06423411525632508,0.0752807648863016,-0.6941758886797991,0.9692265078122061,-0.0370374122317493,0.05769291460884296,0.33333333333333554,0
1992-12-14,NEOG,0.2778469920158386,0.2889609932899475,0.2778469920158386,0.2889609932899475,33742,0.0,0.04000043762746697,0.0,0.0,-0.0076336674777198596,-0.011406962736349583,-0.016083420966645463,-0.002302403290097229,0.06924791097034584,0.05991971660454161,0.07308684906616549,-0.5238014592771356,0.4604813341430628,0.04000043762746704,0.038461943072561844,1.0,0
1992-12-15,NEOG,0.2778469920158386,0.2778469920158386,0.2778469920158386,0.2778469920158386,13497,-0.0384619430725619,-0.07407482446349856,-0.1071439037634424,0.041667141523075824,-0.031008080664712518,-0.038461943072561844,-0.05571351231106053,-0.03920102698065081,0.058673293947133595,0.05468473982784499,0.07137360195354171,-0.5999940726690771,0.19048129798814095,0.0,0.0,0.5,0
1992-12-16,NEOG,0.2778469920158386,0.2889609932899475,0.2778469920158386,0.2778469920158386,42739,0.0,0.0,-0.07407482446349856,-0.1071439037634424,-0.031008080664712518,-0.031008080664712518,-0.05033290661969248,-0.037721721224997666,0.04808112486965113,0.053975748670450456,0.060301371793290905,2.166555530858709,0.6260244175742085,0.0,0.04000043762746704,0.0,1
1992-12-17,NEOG,0.2667329907417297,0.3000749945640564,0.2667329907417297,0.3000749945640564,11247,0.08000087525493416,0.0,0.0,0.01886811927162535,0.04651212099706897,0.04651212099706897,0.024668187745692825,0.0368667466811744,0.04808112486965113,0.060552021930896836,0.0618903341310097,-0.7368445681929854,0.16992056927243265,0.12500142456922725,0.11111223669524808,1.0,0
1992-12-18,NEOG,0.2667329907417297,0.2889609932899475,0.2556189894676208,0.2556189894676208,142839,-0.14814964892699733,-0.1153858292176857,-0.08000087525493427,-0.14814964892699733,-0.08730253486034736,-0.10156358512031821,-0.1204601509582696,-0.11470482576580951,0.0829979075017928,0.07390213909408257,0.0702972228847295,11.700186716457722,2.273941504976471,-0.041667141523075685,0.13043633374722396,0.0,0
1992-12-21,NEOG,0.2556189894676208,0.2556189894676208,0.2556189894676208,0.2556189894676208,0,0.0,-0.1153858292176857,-0.08000087525493427,-0.17857317293907082,-0.06504137356656925,-0.09448920646209866,-0.11197029441940723,-0.11402277299093329,0.0829979075017928,0.07390213909408257,0.0695991019915862,-1.0,0.0,0.0,0.0,0.5,1
1992-12-22,NEOG,0.2667329907417297,0.2889609932899475,0.2667329907417297,0.2778469920158386,53987,0.08695755583148279,0.0,-0.07407482446349856,0.0,0.01626034339164221,-0.007936594078213467,-0.03474940171636767,-0.03623785318297992,0.09465637984001593,0.07482622979837372,0.06849121627438232,inf,0.8435923499001118,0.04166714152307589,0.0800008752549343,0.5000000000000012,0
1992-12-23,NEOG,0.2667329907417297,0.2722899913787842,0.2667329907417297,0.2667329907417297,139465,-0.04000043762746719,-0.04000043762746719,-0.04000043762746719,-0.04000043762746719,-0.016393626388901326,-0.0438251787572745,-0.07156748838384952,-0.07407485573005475,0.0967216273552963,0.07205976300132219,0.06914123377461344,1.583307092448182,1.9651316475458576,0.0,0.02083357076153805,0.0,0
1992-12-24,NEOG,0.2667329907417297,0.2667329907417297,0.2667329907417297,0.2667329907417297,56236,0.0,-0.11111223669524806,-0.11111223669524806,-0.14285853835125673,0.008403457918691275,-0.03225842028770959,-0.06432817133203435,-0.0726437352817345,0.08523787941540815,0.06618684483141976,0.0631492269333173,-0.5967733840031549,0.7722009842692679,0.0,0.0,0.5,0
1992-12-28,NEOG,0.2611759901046753,0.2778469920158386,0.2556189894676208,0.2667329907417297,95601,0.0,0.043478777915741285,-0.07692388614512391,-0.14285853835125673,0.0,-0.02439051508746342,-0.0569750720428213,-0.07335984806788755,0.046692229911863316,0.06551808565270358,0.0631492269333173,0.6999964435592858,1.2327754953616663,0.021276843383755253,0.08333428304615158,0.4999999999999988,0
1992-12-29,NEOG,0.2556189894676208,0.2889609932899475,0.2556189894676208,0.2556189894676208,46113,-0.04166714152307571,0.0,-0.1153858292176857,-0.1153858292176857,-0.041667141523075685,-0.053498544551862204,-0.09091007372307386,-0.1099082841127555,0.052182864617184056,0.06641535344267432,0.06185757546492453,-0.5176514890011611,0.7068892305664097,0.0,0.13043633374722396,0.0,1
1992-12-30,NEOG,0.2556189894676208,0.2778469920158386,0.2556189894676208,0.2778469920158386,105724,0.08695755583148279,0.0,0.0,-0.1071439037634424,0.04166714152307589,0.028806908604848896,-0.005964279575149237,-0.031758663301493975,0.052182864617184056,0.07207234191841735,0.06258708279649425,1.2927157200789363,1.5422531769840697,0.08695755583148272,0.0800008752549343,1.0,0
1992-12-31,NEOG,0.2556189894676208,0.2778469920158386,0.2556189894676208,0.2611759901046753,316046,-0.06000065644120056,-0.02083357076153758,-0.06000065644120056,-0.12963094281112253,-0.016736593209015445,-0.026915418705942943,-0.05905970585252018,-0.08808785771353063,0.056688993039970784,0.07474330991426052,0.06346900803275915,1.9893496273315425,3.9661246876033345,0.021739388957870844,0.08510737353502207,0.2500000000000019,0
1993-01-04,NEOG,0.2667329907417297,0.2667329907417297,0.2445060014724731,0.2445060014724731,79855,-0.06382665047243097,-0.08333048419487932,-0.18518368440633637,-0.18518368440633637,-0.06382737688225354,-0.06976475227658906,-0.11021003149782695,-0.14363369700205225,0.0627257494629946,0.07059382308953752,0.06479633882971216,-0.7473310847155161,0.9543004167109828,-0.0833304841948793,0.09090570020940343,0.0,1
1993-01-05,NEOG,0.2778469920158386,0.2778469920158386,0.2778469920158386,0.2778469920158386,14621,0.1363606224083589,0.041667141523075824,0.08695755583148279,0.0,0.054852142125352304,0.048218181618663425,0.011122282419843381,-0.02610085371204742,0.09340394782973607,0.06962571008379491,0.07037633305613143,-0.8169056414751737,0.18194114942357098,0.0,0.0,0.5,0
1993-01-06,NEOG,0.2556189894676208,0.2778469920158386,0.2556189894676208,0.2611759901046753,69733,-0.06000065644120056,0.021739388957870753,0.021739388957870753,-0.06000065644120056,-0.012605943374882937,-0.016736968298909936,-0.04665383798705023,-0.08274880193253736,0.09633008266207334,0.0731263065377451,0.07174742710533848,3.7693728199165584,0.8406833196701547,0.021739388957870844,0.08510737353502207,0.2500000000000019,1
1993-01-07,NEOG,0.2778469920158386,0.2778469920158386,0.2778469920158386,0.2778469920158386,68608,0.0638305301512665,0.0,0.0,-0.07407482446349856,0.05041994272770784,0.0460252322927121,0.018329954027466507,-0.024961334055823486,0.09204483145195647,0.07054822702729865,0.07087660481847984,-0.016132964306712738,0.8047509961444489,0.0,0.0,0.5,0
1993-01-08,NEOG,0.2556189894676208,0.2778469920158386,0.2556189894676208,0.2778469920158386,34866,0.0,0.0638305301512665,0.041667141523075824,0.0,0.0373440372989074,0.041666745809371394,0.018329954027466507,-0.021143600937688016,0.0854051939616711,0.06900902138814073,0.06878669446119774,-0.49180853544776115,0.4284692540805718,0.08695755583148272,0.0800008752549343,1.0,0
1993-01-11,NEOG,0.2556189894676208,0.2889609932899475,0.2556189894676208,0.2556189894676208,19120,-0.08000087525493427,0.04545077801044828,-0.04166714152307571,-0.14814964892699733,-0.053498544551862204,-0.03765770182945082,-0.05544227803207387,-0.09662325510888277,0.08936472548771582,0.07424194665092948,0.06857188802294162,-0.4516147536281765,0.2702672139860456,0.0,0.13043633374722396,0.0,1
1993-01-12,NEOG,0.2889609932899475,0.2889609932899475,0.2556189894676208,0.2889609932899475,147338,0.13043633374722408,0.04000043762746697,0.08333428304615165,0.0,0.061225173304193185,0.07883866089498166,0.06776236823405213,0.022816851915802867,0.0873201684892058,0.0852432489343824,0.07451812086258634,6.7059623430962345,1.9758652574097628,0.0,0.11538582921768573,1.0,1
1993-01-13,NEOG,0.2889609932899475,0.3000749945640564,0.2667329907417297,0.3000749945640564,106848,0.0384619430725619,0.14893790368628834,0.17391511166296514,0.0384619430725619,0.07142934670392041,0.10204154540175239,0.10655836479097901,0.06048761235258194,0.07794592776730692,0.08346821615711945,0.07494198964656233,-0.2748103001262403,1.365920882489615,0.038461943072561844,0.11111223669524808,1.0,0
1993-01-14,NEOG,0.2945179939270019,0.3000749945640564,0.2667329907417297,0.3000749945640564,96726,0.0,0.08000087525493416,0.08000087525493416,0.08000087525493416,0.05468808429555579,0.09311803655844754,0.10204175045433247,0.05882408464829998,0.07634223710845349,0.08008861331969101,0.07427078416379385,-0.09473270440251569,1.1740643996038143,0.01886811927162534,0.11111223669524808,1.0,0
1993-01-15,NEOG,0.2778469920158386,0.2778469920158386,0.2778469920158386,0.2778469920158386,1125,-0.07407482446349856,0.0,0.0638305301512665,0.0,-0.023437750412381112,0.0060359146373756365,0.020408201237981073,-0.01883857698959481,0.08708650315749687,0.08157556655214689,0.07642601891462465,-0.9883692078655171,0.014009107787943202,0.0,0.0,0.5,1
1993-01-18,NEOG,0.2667329907417297,0.3000749945640564,0.2667329907417297,0.3000749945640564,26993,0.08000087525493416,0.17391511166296514,0.22727046680626928,0.0,0.02272750819301675,0.0650894596800722,0.10204175045433247,0.05882408464829998,0.07789009690301583,0.07994845355139613,0.07642601891462465,22.993777777777776,0.332868019365611,0.12500142456922725,0.11111223669524808,1.0,0
1993-01-19,NEOG,0.2667329907417297,0.3000749945640564,0.2667329907417297,0.3000749945640564,12372,0.0,0.0384619430725619,0.08000087525493416,0.17391511166296514,0.015037748610428423,0.05675207524450145,0.09311823830374659,0.05716576773618999,0.05694840192208351,0.06950738202771041,0.06771185788845706,-0.5416589486163079,0.1659137830340685,0.12500142456922725,0.11111223669524808,1.0,0
1993-01-20,NEOG,0.3000749945640564,0.3000749945640564,0.2667329907417297,0.2778469920158386,98975,-0.07407482446349856,-0.07407482446349856,0.0638305301512665,0.08695755583148279,-0.04580200486631878,-0.02723764396426869,0.008064419774247098,-0.01883857698959481,0.06411990371474104,0.07120110074827117,0.07027490342901709,6.999919172324604,1.2446929987826594,-0.0740748244634986,0.12000131288240133,0.3333333333333344,0
1993-01-21,NEOG,0.3000749945640564,0.3000749945640564,0.2778469920158386,0.2778469920158386,42739,0.0,-0.07407482446349856,0.0,0.0,-0.031008080664712518,-0.02723764396426869,0.008064419774247098,-0.016522671616239663,0.06411990371474104,0.06849521231614027,0.06767486470027297,-0.5681838848193989,0.5413069690153404,-0.0740748244634986,0.08000087525493409,0.0,1
1993-01-22,NEOG,0.3000749945640564,0.3000749945640564,0.2778469920158386,0.2889609932899475,149588,0.04000043762746697,0.04000043762746697,0.04000043762746697,0.08333428304615165,0.0,0.007752020166178227,0.04417700092700544,0.021611161026508806,0.057152003909627436,0.0695208902754912,0.06741803361285656,2.500035096750041,1.882525278012518,-0.0370374122317493,0.07692388614512369,0.5,1
1993-01-25,NEOG,0.3223029971122741,0.3223029971122741,0.3000749945640564,0.3000749945640564,33742,0.0384619430725619,0.0,0.17391511166296514,0.12500142456922725,0.038461943072561844,0.030534669910879057,0.07784496520040453,0.058409017866007454,0.04626711997914479,0.06301227715521075,0.06778184993480442,-0.7744337781105436,0.43073069884913384,-0.06896616769739378,0.07407482446349842,0.0,1
1993-01-26,NEOG,0.3223029971122741,0.3223029971122741,0.3000749945640564,0.3111889958381653,69733,0.03703741223174939,0.03703741223174939,0.0769238861451238,0.16666856609230285,0.06870300729947798,0.06060668851471127,0.10891187064904866,0.09417834169426137,0.04897703542709839,0.050075897811638646,0.06805593092429614,1.0666528362278465,0.9051149841160647,-0.0344830838486968,0.07142926917562809,0.5000000000000012,0
1993-01-27,NEOG,0.3000749945640564,0.3111889958381653,0.2889609932899475,0.2889609932899475,69733,-0.07142926917562831,0.04000043762746697,-0.03703741223174928,0.13043633374722408,-0.01515167212867777,-0.011406962736349583,0.02362211790281232,0.016021982399239406,0.04786654432447197,0.05463982017961425,0.06955167865722608,0.0,0.8914499020444427,-0.0370374122317493,0.07692388614512369,0.0,1
1993-01-28,NEOG,0.3111889958381653,0.3111889958381653,0.3111889958381653,0.3111889958381653,85479,0.0769238861451238,0.12000131288240112,0.03703741223174939,0.12000131288240112,0.0370374122317493,0.06060668851471127,0.09589124195371461,0.09076832245755653,0.05599692243617346,0.0601531230260348,0.06898917692091476,0.22580413864311022,1.1070688494016474,0.0,0.0,0.5,0
1993-01-29,NEOG,0.3111889958381653,0.3223029971122741,0.3000749945640564,0.3111889958381653,59610,0.0,0.0769238861451238,0.12000131288240112,0.19149159045379927,0.021898028810995392,0.04868963735228328,0.08632468123907985,0.09076832245755653,0.05603238129741562,0.053486124951940606,0.06716119401915745,-0.3026357350928298,0.9257619948377238,0.0,0.07142926917562809,0.5000000000000012,1
1993-02-01,NEOG,0.3223029971122741,0.3223029971122741,0.3223029971122741,0.3223029971122741,20245,0.035714634587813876,0.07407482446349833,0.07407482446349833,0.31818031120417944,0.04316589231954677,0.07806770827601404,0.11004899904157393,0.12752849241382153,0.055772353600091154,0.04893342875317465,0.06498465412182342,-0.6603757758765307,0.32967104545373127,0.0,0.0,0.5,0
1993-02-02,NEOG,0.3223029971122741,0.3223029971122741,0.3000749945640564,0.3223029971122741,73107,0.0,0.035714634587813876,0.07407482446349833,0.16000175050986787,0.03571463458781396,0.07011140872561153,0.10161549072277497,0.12577765330732565,0.05467019159375323,0.04893342875317465,0.05850984624331471,2.6111138552729067,1.1363664625237044,0.0,0.06896616769739378,1.0,0
1993-02-03,NEOG,0.3000749945640564,0.3223029971122741,0.3000749945640564,0.3000749945640564,14621,-0.06896616769739372,0.0384619430725619,0.08000087525493416,0.14893790368628834,-0.04255360422035216,-0.010989121087193418,0.018868119271625145,0.048951494803432166,0.05377661384454654,0.04799599161805146,0.05909822692518188,-0.8000054714322842,0.23743715328751638,0.0,0.07407482446349842,0.0,1
1993-02-04,NEOG,0.3000749945640564,0.3111889958381653,0.3000749945640564,0.3111889958381653,66358,0.03703741223174939,0.0,0.12000131288240112,0.12000131288240112,-0.007092267370058753,0.014492897246841491,0.05065718031733045,0.08527214512499806,0.04301386619244186,0.04866800911084082,0.05807556434929566,3.5385404555091995,1.079590472115433,0.0370374122317493,0.03571463458781413,1.0,0
1993-02-05,NEOG,0.2889609932899475,0.3111889958381653,0.2778469920158386,0.3111889958381653,214821,0.0,0.0,0.0769238861451238,0.12000131288240112,-0.007092267370058753,0.007194315386591218,0.044776576381653985,0.08275408585040785,0.04301386619244186,0.04779050430964539,0.05807556434929566,2.237303716206034,3.04867829015386,0.07692388614512369,0.1071439037634424,1.0,0
1993-02-08,NEOG,0.3111889958381653,0.3111889958381653,0.3111889958381653,0.3111889958381653,11247,0.0,-0.034483083848696805,0.03703741223174939,0.21739388957870642,0.0,0.00358426452857185,0.035120502992805364,0.08275408585040785,0.03848445499994983,0.046643204949609975,0.05438568948714019,-0.9476447833312386,0.1605109176537748,0.0,0.0,0.5,0
1993-02-09,NEOG,0.3111889958381653,0.3111889958381653,0.3111889958381653,0.3111889958381653,1125,0.0,-0.034483083848696805,0.0,0.0769238861451238,0.007194315386591218,0.00358426452857185,0.0313078660458614,0.08275408585040785,0.03848445499994983,0.04523328335700042,0.046609051585056634,-0.8999733262203254,0.01792561586440905,0.0,0.0,0.5,0
1993-02-10,NEOG,0.2778469920158386,0.2889609932899475,0.2778469920158386,0.2889609932899475,47238,-0.07142926917562831,-0.03703741223174928,0.0,-0.03703741223174928,-0.057971588987366145,-0.06810102604286443,-0.04059081557798579,0.0054137528011877455,0.03948844905468978,0.04523328335700042,0.0488497584702306,40.989333333333335,0.7902125919116878,0.04000043762746704,0.038461943072561844,1.0,0
1993-02-11,NEOG,0.2889609932899475,0.2889609932899475,0.2889609932899475,0.2889609932899475,0,0.0,-0.07142926917562831,-0.07142926917562831,-0.03703741223174928,-0.044118090695704326,-0.06137244715647008,-0.03881739804467946,0.006971342781622666,0.03194414029196731,0.03658812039841857,0.0488497584702306,-1.0,0.0,0.0,0.0,0.5,1
1993-02-12,NEOG,0.3111889958381653,0.3111889958381653,0.3111889958381653,0.3111889958381653,13497,0.0769238861451238,0.0,0.0,0.12000131288240112,0.029412060463802764,0.010830431851141693,0.029412060463802764,0.08359213962008524,0.05247234174187412,0.04523328335700042,0.048587033918109264,inf,0.24292153780114342,0.0,0.0,0.5,0
1993-02-16,NEOG,0.3111889958381653,0.3111889958381653,0.2667329907417297,0.2667329907417297,70857,-0.14285853835125673,-0.14285853835125673,-0.1724154192434849,-0.11111223669524806,-0.090910032772067,-0.11764824185521144,-0.11275529908216446,-0.06904657031582906,0.08314778613260691,0.06208425089502111,0.055919947479948835,4.249833296288064,1.2268686254801586,-0.14285853835125673,0.16666856609230293,0.0,1
1993-02-17,NEOG,0.2778469920158386,0.2778469920158386,0.2778469920158386,0.2778469920158386,50612,0.041667141523075824,-0.1071439037634424,-0.13793233539478778,-0.07407482446349856,-0.031008080664712518,-0.06716486457248079,-0.07235694956034612,-0.030256402009785827,0.08850503189385558,0.06469021210714032,0.05685817728721817,-0.2857163018473827,0.8482503119429964,0.0,0.0,0.5,0
1993-02-18,NEOG,0.2667329907417297,0.2667329907417297,0.2667329907417297,0.2667329907417297,5624,-0.04000043762746719,-0.07692388614512391,-0.11111223669524806,-0.04000043762746719,-0.05511870376955762,-0.09434059635812592,-0.10780778761925786,-0.06832377276260346,0.08490576849750786,0.06250561451681637,0.055075260236106975,-0.8888801074843911,0.10225677651148751,0.0,0.0,0.5,1
1993-02-19,NEOG,0.2667329907417297,0.2889609932899475,0.2667329907417297,0.2889609932899475,3374,0.08333428304615165,0.0,-0.07142926917562831,0.04000043762746697,0.023622301615524664,-0.011406962736349583,-0.035250821580681484,0.010101045879287817,0.095569254521766,0.06785162527168467,0.05818335335559979,-0.40007112375533427,0.06362370369532279,0.08333428304615158,0.07692388614512388,1.0,0
1993-02-22,NEOG,0.2889609932899475,0.2889609932899475,0.2667329907417297,0.2889609932899475,89978,0.0,-0.07142926917562831,-0.07142926917562831,0.0,0.04000043762746704,-0.003831457776169029,-0.035250821580681484,0.009316797665368378,0.08663118831106105,0.06785162527168467,0.05755106902521535,25.66804979253112,1.7977604417977604,0.0,0.07692388614512388,1.0,0
1993-02-23,NEOG,0.2667329907417297,0.2667329907417297,0.2667329907417297,0.2667329907417297,23619,-0.07692388614512391,0.0,-0.14285853835125673,-0.11111223669524806,-0.04000043762746705,-0.06614856391322405,-0.10447867822385923,-0.06614863017114987,0.06361018938055696,0.07145670889921613,0.05941677034787041,-0.7375025006112605,0.47672871937816763,0.0,0.0,0.5,0
1993-02-24,NEOG,0.2667329907417297,0.2889609932899475,0.2667329907417297,0.2667329907417297,94476,0.0,-0.04000043762746719,-0.14285853835125673,-0.14285853835125673,-0.03225842028770959,-0.051383954713041795,-0.09774536596778521,-0.06469288386148683,0.05965790776098397,0.07145670889921613,0.05863762291091402,3.0,1.8604577888799068,0.0,0.08333428304615158,0.0,1
1993-02-25,NEOG,0.2667329907417297,0.2722899913787842,0.2667329907417297,0.2722899913787842,12372,0.020833570761538134,0.020833570761538134,-0.05769291460884274,-0.05769291460884274,-0.01606443348796236,-0.025845211492313492,-0.07634385979746607,-0.044089496766918555,0.05733122601680605,0.06897735464103535,0.05682036959487943,-0.8690461069477963,0.25821802016154277,0.02083357076153805,0.020408391101397933,1.0,0
1993-02-26,NEOG,0.2889609932899475,0.2889609932899475,0.2667329907417297,0.2667329907417297,69733,-0.020408391101397916,-0.07692388614512391,-0.07692388614512391,-0.14285853835125673,-0.020408391101397933,-0.03807656971869901,-0.08832000595530959,-0.06286680608189435,0.03740793344638457,0.06915731767230299,0.053850690032227304,4.636356288393146,1.4797233781142773,-0.07692388614512388,0.08333428304615158,0.0,1
1993-03-01,NEOG,0.2667329907417297,0.2889609932899475,0.2667329907417297,0.2889609932899475,71982,0.08333428304615165,0.0,-0.07142926917562831,-0.07142926917562831,0.061225173304193185,0.05050560864645879,-0.008579689100727648,0.01443628945682538,0.058530082152520264,0.070032891717259,0.057462904285651824,0.03225158820070839,1.507656411341249,0.08333428304615158,0.07692388614512388,1.0,0
1993-03-02,NEOG,0.2889609932899475,0.2889609932899475,0.2889609932899475,0.2889609932899475,0,0.0,0.08333428304615165,0.08333428304615165,-0.10344925154609075,0.04417719209189665,0.042084629689087986,-0.0028763484840683834,0.015228516752021127,0.039975033803207945,0.050716883089486776,0.056777187767009414,-1.0,0.0,0.0,0.0,0.5,0
1993-03-03,NEOG,0.2778469920158386,0.2778469920158386,0.2556189894676208,0.2556189894676208,17996,-0.1153858292176857,-0.04166714152307571,-0.08000087525493427,-0.20689850309218183,-0.06882667307978445,-0.0707078521050425,-0.10766360611143938,-0.10191446749885198,0.07229970090074742,0.06249056500932724,0.06198632840872496,inf,0.40921855991268064,-0.0800008752549343,0.08695755583148272,0.0,0
1993-03-04,NEOG,0.2556189894676208,0.2556189894676208,0.2556189894676208,0.2556189894676208,33742,0.0,-0.061225173304193414,-0.04166714152307571,-0.14814964892699733,-0.05737769236115404,-0.06693786241193438,-0.10068533876314056,-0.10191446749885198,0.07093057475214892,0.061379814716093474,0.06041070023556162,0.8749722160480107,0.7509478095500922,0.0,0.0,0.5,1
1993-03-05,NEOG,0.2778469920158386,0.2778469920158386,0.2722899913787842,0.2722899913787842,89978,0.06521816687361204,0.020833570761538134,-0.05769291460884274,-0.12500122105734945,2.0386776227127627e-16,0.0,-0.035433452423286896,-0.04296927725714241,0.07792928951887139,0.0587763737466805,0.06178512181523315,1.6666469088969236,1.9512269170341472,-0.02000021881373352,0.02040839110139773,0.0,1
1993-03-08,NEOG,0.2778469920158386,0.2778469920158386,0.2778469920158386,0.2778469920158386,10122,0.020408391101397694,-0.0384619430725619,-0.0384619430725619,-0.1071439037634424,0.028806908604848896,0.024590439583351782,-0.009901097350117547,-0.02420017167800696,0.06672083343487227,0.05929556739352208,0.06203632201025356,-0.8875058347596079,0.28211803136131286,0.0,0.0,0.5,0
1993-03-09,NEOG,0.2778469920158386,0.2778469920158386,0.2778469920158386,0.2778469920158386,0,0.0,-0.0384619430725619,0.041667141523075824,-0.1071439037634424,0.03734482217171001,0.02040839110139773,-0.003984107159752262,-0.024961334055823486,0.06672083343487227,0.053215851922966496,0.06203632201025356,-1.0,0.0,0.0,0.0,0.5,0
1993-03-10,NEOG,0.2556189894676208,0.2778469920158386,0.2556189894676208,0.2778469920158386,19120,0.0,0.08695755583148279,0.041667141523075824,-0.1071439037634424,0.02040839110139773,0.01626034339164221,0.0020040299851945896,-0.025721309885803432,0.028299868513707076,0.053215851922966496,0.06203632201025356,inf,0.5279434504086592,0.08695755583148272,0.0800008752549343,1.0,0
1993-03-11,NEOG,0.2778469920158386,0.2778469920158386,0.2556189894676208,0.2556189894676208,25869,-0.08000087525493427,0.0,-0.061225173304193414,-0.1153858292176857,-0.061225173304193393,-0.05930536690627721,-0.07258144564734642,-0.10366445783717006,0.05259211466095498,0.05918492841342666,0.06255582471718779,0.35298117154811726,0.7360114716388482,-0.0800008752549343,0.08695755583148272,0.0,1
1993-03-12,NEOG,0.2556189894676208,0.2778469920158386,0.2556189894676208,0.2778469920158386,23619,0.08695755583148279,0.020408391101397694,0.041667141523075824,-0.0384619430725619,0.01626034339164221,0.01833014311828778,0.010101121729291758,-0.025721309885803432,0.059641616249689375,0.06542489503432582,0.06580039166505557,-0.08697669024701382,0.6501507081217226,0.08695755583148272,0.0800008752549343,1.0,0
1993-03-15,NEOG,0.2722899913787842,0.2778469920158386,0.2556189894676208,0.2667329907417297,120345,-0.04000043762746719,-0.04000043762746719,-0.07692388614512391,-0.14285853835125673,-0.016393626388901326,-0.014373878088681742,-0.022403508255685083,-0.06505724576858245,0.061934266751375075,0.060691543282221705,0.0637839955983623,4.09526228883526,2.887986580563415,-0.020408391101397933,0.08333428304615158,0.4999999999999988,1
1993-03-16,NEOG,0.2778469920158386,0.2778469920158386,0.2778469920158386,0.2778469920158386,11247,0.041667141523075824,0.0,-0.0384619430725619,0.041667141523075824,0.024590439583351782,0.03092818388852327,0.01626034339164221,-0.028371852316508486,0.06573254463902006,0.06257179963124242,0.055736707067899814,-0.9065436869001621,0.29069226474784443,0.0,0.0,0.5,0
1993-03-17,NEOG,0.2778469920158386,0.2778469920158386,0.2556189894676208,0.2556189894676208,183329,-0.08000087525493427,-0.08000087525493427,0.0,-0.08000087525493427,-0.041667141523075886,-0.051546973147538436,-0.061225173304193393,-0.10471111872227332,0.075297963210004,0.05612257460090419,0.05795146105804997,15.300257846536855,4.044654036016657,-0.0800008752549343,0.08695755583148272,0.0,1
1993-03-18,NEOG,0.2556189894676208,0.2667329907417297,0.2556189894676208,0.2667329907417297,39365,0.043478777915741285,0.043478777915741285,0.043478777915741285,0.0,-0.008264556217903856,-0.014373878088681742,-0.020408391101397933,-0.06614856391322405,0.0682741153636965,0.05766295530355372,0.058118058811488016,-0.7852767429048323,0.8373162488061888,0.04347877791574125,0.041667141523075685,1.0,0
1993-03-19,NEOG,0.2667329907417297,0.2667329907417297,0.2667329907417297,0.2667329907417297,0,0.0,-0.04000043762746719,-0.020408391101397916,-0.07692388614512391,0.0,-0.012345817973506756,-0.016393626388901326,-0.0654212575405473,0.053347329298835296,0.053747742440205644,0.054846949229770285,-1.0,0.0,0.0,0.0,0.5,1
1993-03-22,NEOG,0.2556189894676208,0.2778469920158386,0.2556189894676208,0.2778469920158386,23619,0.041667141523075824,0.041667141523075824,0.0,-0.0384619430725619,0.03305822487161522,0.028806908604848896,0.026694345021837398,-0.026480032814030992,0.05320848003344362,0.05508143480477509,0.05573276205051287,inf,0.5426330765174898,0.08695755583148272,0.0800008752549343,1.0,0
1993-03-23,NEOG,0.2778469920158386,0.2778469920158386,0.2778469920158386,0.2778469920158386,40490,0.0,0.0,0.0,0.041667141523075824,0.03305822487161522,0.028806908604848896,0.024590439583351782,-0.02799407685757465,0.05005347280003451,0.05508143480477509,0.05275262624606746,0.7142978110842966,0.9125494137957458,0.0,0.0,0.5,0
1993-03-24,NEOG,0.2556189894676208,0.2556189894676208,0.2556189894676208,0.2556189894676208,11247,-0.08000087525493427,0.0,-0.08000087525493427,-0.04166714152307571,-0.04958733730742292,-0.04564367154320096,-0.055442101199200886,-0.10366439414190141,0.05005347280003451,0.060814931872076594,0.055958744142074676,-0.7222277105458138,0.27971523611154286,0.0,0.0,0.5,0
1993-03-25,NEOG,0.2556189894676208,0.2667329907417297,0.2556189894676208,0.2556189894676208,52862,0.0,-0.04166714152307571,0.0,-0.061225173304193414,-0.041667141523075886,-0.045643671543201154,-0.05252376378965571,-0.10086112536932941,0.04427865088249259,0.05508143480477509,0.055731978991420295,3.7000978038588066,1.251667820970444,0.0,0.04347877791574125,0.0,1
1993-03-26,NEOG,0.2667329907417297,0.2667329907417297,0.2667329907417297,0.2667329907417297,19120,0.043478777915741285,0.0,-0.04000043762746719,0.0,0.0,-2.0811505572255123e-16,-0.011328654935023748,-0.059561766888225176,0.05005347280003451,0.04895026300200303,0.056426984748306076,-0.6383035072452802,0.48158055139965644,0.0,0.0,0.5,0
1993-03-29,NEOG,0.2611759901046753,0.2667329907417297,0.2556189894676208,0.2556189894676208,69733,-0.04166714152307571,-0.08000087525493427,-0.04166714152307571,-0.1153858292176857,-0.02542402346740642,-0.03765733472028547,-0.046632653044211436,-0.09733228499841383,0.04691477229651076,0.04909298257484324,0.053749731393362914,2.6471234309623433,1.7613724625948626,-0.021276843383755677,0.04347877791574125,0.0,0
1993-03-30,NEOG,0.2556189894676208,0.2667329907417297,0.2445060014724731,0.2445060014724731,2958010,-0.04347481389505836,-0.11999766598684258,-0.11999766598684258,-0.1538442656613782,-0.04347557223158154,-0.06779389280728527,-0.08045705440141361,-0.1331736341245246,0.047318933710113406,0.047825819635106875,0.05442413802329895,41.419084221243885,15.776840071758246,-0.04347481389505839,0.09090570020940343,0.0,1
1993-03-31,NEOG,0.2445060014724731,0.2667329907417297,0.2445060014724731,0.2667329907417297,28118,0.09090570020940336,0.043478777915741285,0.043478777915741285,0.043478777915741285,0.034482352085041516,0.012657984371071261,0.0010425744248868237,-0.0521333328424944,0.05765304713762366,0.05111137587617091,0.052284444739181826,-0.9904942850091785,0.14956641537686158,0.09090570020940343,0.0833304841948793,1.0,0
1993-04-01,NEOG,0.2667329907417297,0.2667329907417297,0.2556189894676208,0.2556189894676208,123719,-0.04166714152307571,0.0,-0.04166714152307571,0.0,-0.008621570482410114,-0.025424399969285076,-0.04066800819429896,-0.0901909148522481,0.062259806432822196,0.051162371554079995,0.053249626860652786,3.3999928871185716,0.642710794428548,-0.041667141523075685,0.04347877791574125,0.0,0
1993-04-02,NEOG,0.2445060014724731,0.2445060014724731,0.2445060014724731,0.2445060014724731,11247,-0.04347481389505836,-0.08333048419487932,-0.08333048419487932,-0.10203823418415925,-0.03508568482776082,-0.059826595530508744,-0.0775655536205485,-0.1276743430054244,0.05969942737984462,0.052696094242448,0.051917958488282824,-0.9090923786968856,0.05964709728862126,0.0,0.0,0.5,0
1993-04-05,NEOG,0.2445060014724731,0.2445060014724731,0.2445060014724731,0.2445060014724731,0,0.0,-0.04347481389505836,-0.11999766598684258,-0.11999766598684258,-0.026547315942352635,-0.04761679227302263,-0.07172747434068014,-0.1248984796008932,0.05808547786042518,0.04995945313099088,0.05161084230161533,-1.0,0.0,0.0,0.0,0.5,0
1993-04-06,NEOG,0.2445060014724731,0.2445060014724731,0.2445060014724731,0.2445060014724731,0,0.0,0.0,-0.11999766598684258,-0.11999766598684258,-0.02654731594235242,-0.03508568482776082,-0.0658150260781245,-0.12140369179180872,0.05450553253035922,0.04995945313099088,0.05161084230161533,,0.0,0.0,0.0,0.5,0
1993-04-07,NEOG,0.2445060014724731,0.2445060014724731,0.2445060014724731,0.2445060014724731,2249,0.0,-0.08333048419487932,-0.04347481389505836,-0.11999766598684258,-0.009008269034857309,-0.03083530583914573,-0.05982677868827781,-0.11717291034983073,0.02332584195387888,0.0438150073028487,0.05161084230161533,inf,0.012013285657664626,0.0,0.0,0.5,1
1993-04-08,NEOG,0.2445060014724731,0.2667329907417297,0.2445060014724731,0.2556189894676208,139465,0.04545077801044828,0.0,0.0,0.0,0.036033076139429354,0.013213983530723445,-0.017095174315070696,-0.07482014880791146,0.0314446011984888,0.04650366904699094,0.04961424373390789,61.01200533570476,0.7230316679212729,0.045450778010448244,0.08695359181079965,0.4999772061130523,0
1993-04-12,NEOG,0.2445060014724731,0.2445060014724731,0.2333920001983642,0.2445060014724731,71982,-0.04347481389505836,0.0,-0.08333048419487932,-0.11999766598684258,-0.009008269034857309,-0.022220817493788556,-0.05376126512030981,-0.11074975137984001,0.0314446011984888,0.04579299858039019,0.04619858083700576,-0.4838705051446599,0.36855755812569263,0.0,0.04545492219895519,1.0,0
1993-04-13,NEOG,0.2333920001983642,0.2445060014724731,0.2222779989242553,0.2222779989242553,55111,-0.0909098443979105,-0.0909098443979105,-0.13043236972654104,-0.16666476724103074,-0.08256873060160728,-0.09909880310931685,-0.13231985716386582,-0.1863291366134733,0.05157175937709571,0.05206476101143124,0.04949297722540566,-0.23437803895418297,0.28696822864772,-0.047619461098336355,0.10000091172222736,0.0,0
1993-04-14,NEOG,0.2222779989242553,0.2222779989242553,0.2222779989242553,0.2222779989242553,0,0.0,-0.0909098443979105,-0.0909098443979105,-0.19999854124177685,-0.06542032184755169,-0.09090871416421302,-0.12280589507738525,-0.18032664374685606,0.05157175937709571,0.05101063264558988,0.048155532210389075,-1.0,0.0,0.0,0.0,0.5,0
1993-04-15,NEOG,0.2445060014724731,0.2445060014724731,0.2222779989242553,0.2222779989242553,12372,0.0,-0.0909098443979105,-0.16666476724103074,-0.13043236972654104,-0.047618634139400026,-0.07407391774307613,-0.1169967795130512,-0.17423493128980075,0.05157175937709571,0.03773651774231301,0.04526967961335807,inf,0.06763041280407925,-0.09090984439791049,0.10000091172222736,0.0,0
1993-04-16,NEOG,0.2111639976501464,0.2222779989242553,0.2111639976501464,0.2111639976501464,46113,-0.05000045586111357,-0.17391114764228222,-0.17391114764228222,-0.20833190876410645,-0.059406476848629486,-0.10377409204907724,-0.15178522368211528,-0.21030676433814532,0.03825941313473946,0.038417628623043175,0.04471631062803866,2.7272065955383122,0.25160846246457125,0.0,0.05263208405687796,0.0,0
1993-04-19,NEOG,0.2111639976501464,0.2222779989242553,0.2111639976501464,0.2111639976501464,22494,0.0,-0.1363647665968657,-0.1363647665968657,-0.20833190876410645,-0.030612529692543723,-0.09090948748249983,-0.14221177149906591,-0.2043542998841618,0.04121135417258778,0.03769792668004911,0.04471631062803866,-0.51219829549151,0.12198643637076524,0.0,0.05263208405687796,0.0,1
1993-04-20,NEOG,0.2445060014724731,0.2445060014724731,0.2111639976501464,0.2222779989242553,89978,0.052632084056877915,0.0,-0.0909098443979105,-0.19999854124177685,0.02040835312836261,-0.03381629745538779,-0.08675719246122854,-0.1568284221313311,0.03629323891958853,0.043135196328110983,0.045452769772764655,3.0000889125989154,0.47933175470326106,-0.09090984439791049,0.15000136758334098,0.33333333333333304,0
1993-04-21,NEOG,0.2111639976501464,0.2111639976501464,0.2111639976501464,0.2111639976501464,53987,-0.05000045586111357,-0.05000045586111357,-0.1363647665968657,-0.23999897886924382,-0.020618750498986944,-0.06862764815220701,-0.1203700870202569,-0.19286239218563278,0.04278278356398386,0.044886049674993246,0.04623575320225323,-0.3999977772344351,0.28656988003897227,0.0,0.0,0.5,0
1993-04-22,NEOG,0.2111639976501464,0.2111639976501464,0.2111639976501464,0.2111639976501464,33742,0.0,-0.05000045586111357,-0.1363647665968657,-0.17391114764228222,-0.010416765594897282,-0.05472643585970147,-0.11214935353512032,-0.18664300691290003,0.04278278356398386,0.044886049674993246,0.043476945958256054,-0.3749976846277807,0.17804386035730133,0.0,0.0,0.5,1
1993-04-23,NEOG,0.2333920001983642,0.2333920001983642,0.2111639976501464,0.2222779989242553,38240,0.052632084056877915,0.052632084056877915,-0.13043236972654104,-0.13043236972654104,0.030928125748480546,0.01010110312440679,-0.05882302465178357,-0.1394135326353495,0.04309728109832214,0.045980417722888384,0.04556811961520144,0.13330567245569314,0.2025595389439783,-0.047619461098336355,0.10000091172222736,0.4999999999999994,0
1993-04-26,NEOG,0.2222779989242553,0.2222779989242553,0.2111639976501464,0.2111639976501464,4499,-0.05000045586111357,0.0,-0.1363647665968657,-0.20833190876410645,-0.020618750498986944,-0.02564126541024073,-0.09523813658606016,-0.17748837103217793,0.05131964376194151,0.0465056711723913,0.0450190651733452,-0.8823483263598326,0.023924112862893136,-0.05000045586111362,0.05263208405687796,0.0,0
1993-04-27,NEOG,0.2111639976501464,0.2222779989242553,0.2111639976501464,0.2111639976501464,22494,0.0,-0.05000045586111357,-0.05000045586111357,-0.17391114764228222,-0.010416765594897282,-0.020618750498986944,-0.08653861958946955,-0.17102885270933663,0.04278278356398386,0.03777163486247887,0.04446901087101235,3.9997777283840854,0.1211367271434803,0.0,0.05263208405687796,0.0,1
1993-04-28,NEOG,0.2111639976501464,0.2222779989242553,0.2111639976501464,0.2222779989242553,7873,0.052632084056877915,0.052632084056877915,0.0,-0.0909098443979105,0.030928125748480546,0.030928125748480546,-0.033816084679671204,-0.12434201306900788,0.04309728109832214,0.04190506818353917,0.04567489021991755,-0.6499955543700542,0.20618502703346805,0.05263208405687796,0.05000045586111362,1.0,0
1993-04-29,NEOG,0.2111639976501464,0.2111639976501464,0.2111639976501464,0.2111639976501464,1125,-0.05000045586111357,0.0,-0.05000045586111357,-0.20833190876410645,-0.020618750498986944,-0.015544188309355238,-0.07090486348657662,-0.16373162782372236,0.05131964376194151,0.044886651379469095,0.040923879096018745,-0.8571065667471104,0.030542019031071413,0.0,0.0,0.5,0
1993-04-30,NEOG,0.2222779989242553,0.2222779989242553,0.2111639976501464,0.2111639976501464,15746,0.0,-0.05000045586111357,0.0,-0.17391114764228222,-0.010416765594897282,-0.015544188309355238,-0.061728739684709336,-0.16003462567072652,0.04278278356398386,0.04190506818353917,0.040326510567271365,12.996444444444444,0.5008930886233393,-0.05000045586111362,0.05263208405687796,0.0,0
1993-05-03,NEOG,0.2111639976501464,0.2111639976501464,0.2111639976501464,0.2111639976501464,0,0.0,0.0,0.0,-0.1363647665968657,-0.010416765594897282,-0.015544188309355238,-0.05472665024454616,-0.15480353798132435,0.03629323891958853,0.04190506818353917,0.03951845454441141,-1.0,0.0,0.0,0.0,0.5,1
1993-05-04,NEOG,0.2111639976501464,0.2222779989242553,0.2111639976501464,0.2222779989242553,16871,0.052632084056877915,0.052632084056877915,0.0,-0.0909098443979105,0.030928125748480546,0.036269772721828804,2.279306087768147e-07,-0.10554443550811164,0.04309728109832214,0.04190506818353917,0.04167150619552211,inf,0.5319221049876959,0.05263208405687796,0.05000045586111362,1.0,0
1993-05-05,NEOG,0.2222779989242553,0.2222779989242553,0.2222779989242553,0.2222779989242553,5624,0.0,0.0,0.052632084056877915,-0.0909098443979105,0.030928125748480546,0.030928125748480546,0.0050254019007029355,-0.10233278569109804,0.03629323891958853,0.03796974372164326,0.04167150619552211,-0.6666469088969238,0.17575961185377326,0.0,0.0,0.5,0
1993-05-06,NEOG,0.2222779989242553,0.2222779989242553,0.2111639976501464,0.2167209982872009,50612,-0.025000227930556562,0.02631604202843918,0.02631604202843918,-0.11363730549738782,2.5614108309751274e-16,0.0025707181877590813,-0.013906348447320001,-0.12122489601295205,0.02847123010230221,0.03919651705469743,0.04192192917186344,7.999288762446657,1.4705779802652224,-0.02500022793055656,0.051282530820481446,0.500000000000005,1
1993-05-07,NEOG,0.2111639976501464,0.2222779989242553,0.2111639976501464,0.2222779989242553,8998,0.025641265410240477,0.052632084056877915,0.0,-0.13043236972654104,0.015228567351236155,0.02827790006534681,0.01910845779818464,-0.09502154173844857,0.029517016553755215,0.036238965426711074,0.04088414297452819,-0.8222160752390737,0.32258931884465847,0.05263208405687796,0.05000045586111362,1.0,0
1993-05-10,NEOG,0.2222779989242553,0.2222779989242553,0.2222779989242553,0.2222779989242553,13497,0.0,0.052632084056877915,0.052632084056877915,-0.0909098443979105,0.005025171673557234,0.02301811750320226,0.024328012088984885,-0.09173374110782435,0.029517016553755215,0.031640813858781335,0.03994066089188552,0.5,0.5405546121559707,0.0,0.0,0.5,0
1993-05-11,NEOG,0.2333920001983642,0.2333920001983642,0.2222779989242553,0.2222779989242553,19120,0.0,0.0,0.052632084056877915,0.0,0.005025171673557234,0.017811870120405547,0.024328012088984885,-0.08675696434487193,0.01790533232453509,0.031640813858781335,0.03430281376630665,0.4166110987626881,0.8252317187651736,-0.047619461098336355,0.05000045586111374,0.0,0
1993-05-12,NEOG,0.2111639976501464,0.2111639976501464,0.2111639976501464,0.2111639976501464,11247,-0.05000045586111357,-0.05000045586111357,-0.05000045586111357,-0.05000045586111357,-0.03553332381955094,-0.02813325472613615,-0.024390472268374343,-0.12683768844995444,0.028702182138936765,0.03133043372339282,0.03611958149553153,-0.41176778242677825,0.47392506194272616,0.0,0.0,0.5,1
1993-05-13,NEOG,0.2222779989242553,0.2222779989242553,0.2222779989242553,0.2222779989242553,7873,0.052632084056877915,0.025641265410240477,0.052632084056877915,0.0,0.01010110312440679,0.017811870120405547,0.02695789040188733,-0.07834004573978565,0.03797296751557807,0.031640813858781335,0.038129884891235775,-0.2999911087401085,0.33492649952247555,0.0,0.0,0.5,1
1993-05-14,NEOG,0.2111639976501464,0.2333920001983642,0.2111639976501464,0.2333920001983642,181080,0.05000045586111379,0.05000045586111379,0.10526416811375605,0.10526416811375605,0.05000045586111374,0.05793504100940122,0.07279761298183109,-0.0304695382513336,0.04247411032139054,0.034482295534920125,0.037686987950337134,22.000127016385115,5.985126425384234,0.10526416811375607,0.09523892219667258,1.0,0
1993-05-17,NEOG,0.2222779989242553,0.2278349995613098,0.2222779989242553,0.2278349995613098,83229,-0.023809730549168018,0.025000227930557006,0.07894812608531732,0.07894812608531732,0.019900678047016167,0.02500022793055706,0.04325739886384222,-0.05004523698251598,0.0451967507164176,0.036079828423998525,0.038248071990183194,-0.5403744201457918,2.4999887359480955,0.02500022793055706,0.02439046084997632,1.0,0
1993-05-18,NEOG,0.2278349995613098,0.2278349995613098,0.2278349995613098,0.2278349995613098,0,0.0,0.025000227930557006,0.025000227930557006,0.025000227930557006,0.014851619212157397,0.022444094389956967,0.04193177361912589,-0.04606687251065191,0.0451967507164176,0.03254536570731034,0.03653432426451037,-1.0,0.0,0.0,0.0,0.5,0
1993-05-19,NEOG,0.2167209982872009,0.2167209982872009,0.2167209982872009,0.2167209982872009,19120,-0.048780921699952184,0.02631604202843918,-0.025000227930556562,0.02631604202843918,-0.03940922098458264,-0.02500022793055656,-0.01015237823415714,-0.08793207489469655,0.044822317115106126,0.03645679059541972,0.03644410467298632,inf,0.7068522523521692,0.0,0.0,0.5,0
1993-05-20,NEOG,0.2167209982872009,0.2167209982872009,0.2167209982872009,0.2167209982872009,5624,0.0,-0.025000227930556562,0.0,0.02631604202843918,-0.03465377816170051,-0.02500022793055656,-0.011406949555129066,-0.08321525278080034,0.03655291979606541,0.035544892151570015,0.03644410467298632,-0.705857740585774,0.21931398087632004,0.0,0.0,0.5,1
1993-05-21,NEOG,0.2167209982872009,0.2222779989242553,0.2167209982872009,0.2222779989242553,226068,0.025641265410240477,-0.04761946109833637,0.0,0.0,-1.248687488188476e-16,-1.248687488188476e-16,0.013941827234047114,-0.0570478364537014,0.02812075344674266,0.035544892151570015,0.03493627297225012,39.19701280227596,6.452633081204509,0.025641265410240466,0.02500022793055656,1.0,0
1993-05-24,NEOG,0.2222779989242553,0.2222779989242553,0.2222779989242553,0.2222779989242553,0,0.0,-0.024390460849976314,0.0,0.052632084056877915,0.005025171673556981,-1.248687488188476e-16,0.011378107444539954,-0.05258102330972633,0.027064571283756396,0.035544892151570015,0.03285321170341033,-1.0,0.0,0.0,0.0,0.5,0
1993-05-25,NEOG,0.2222779989242553,0.2222779989242553,0.2222779989242553,0.2222779989242553,0,0.0,-0.024390460849976314,0.0,0.052632084056877915,0.01010110312440679,-1.248687488188476e-16,0.008827319525750776,-0.04897700366237634,0.027064571283756396,0.035544892151570015,0.03285321170341033,,0.0,0.0,0.0,0.5,1
1993-05-26,NEOG,0.2445060014724731,0.2445060014724731,0.2445060014724731,0.2445060014724731,10122,0.10000091172222736,0.1282063270512035,0.15789625217063397,0.10000091172222736,0.08374459459223843,0.08374459459223829,0.10414148002244887,0.049119309130742396,0.04330261395746761,0.04275325521462094,0.037928922536381644,inf,0.29948694885465915,0.0,0.0,0.5,0
1993-05-27,NEOG,0.2222779989242553,0.2556189894676208,0.2222779989242553,0.2222779989242553,23619,-0.0909098443979105,0.025641265410240477,0.0,0.052632084056877915,-0.01960801840101192,-0.014778457869218553,0.0012515758806420875,-0.0435193089728979,0.06833920847165752,0.05201927065478458,0.04196494082246939,1.3334321280379373,0.6763261507624024,0.0,0.149996808972205,0.0,0
1993-05-28,NEOG,0.2222779989242553,0.2222779989242553,0.2222779989242553,0.2222779989242553,3374,0.0,0.0,-0.04761946109833637,0.052632084056877915,-0.01960801840101192,-0.00990107947477156,-0.0012484508187765647,-0.03984588372020947,0.06754304674189272,0.04913181024396579,0.04196494082246939,-0.8571489055421483,0.0983561635848985,0.0,0.0,0.5,1
1993-06-01,NEOG,0.2222779989242553,0.2556189894676208,0.2222779989242553,0.2556189894676208,16871,0.14999680897220502,0.14999680897220502,0.12194785682537068,0.21052353768717147,0.09523553166428006,0.12469153150017483,0.13720341313629542,0.10523537581399485,0.0944749098685277,0.06827451600138175,0.053219247554933735,4.0002963841138115,0.48000637315082606,0.149996808972205,0.13043236972654101,1.0,0
1993-06-02,NEOG,0.2222779989242553,0.2556189894676208,0.2222779989242553,0.2556189894676208,11247,0.0,0.14999680897220502,0.12194785682537068,0.14999680897220502,0.06481293884125366,0.11110866419015239,0.12883153923063198,0.10736391899981558,0.0944749098685277,0.06827451600138175,0.05234121060220059,-0.3333530911030763,0.32257555659125947,0.149996808972205,0.13043236972654101,1.0,0
1993-06-03,NEOG,0.2556189894676208,0.2556189894676208,0.2556189894676208,0.2556189894676208,0,0.0,0.04545077801044828,0.17948418237199082,0.14999680897220502,0.05504479722804482,0.09263447054333444,0.12058202877586559,0.1095006766141212,0.08669686936933729,0.0649861641409922,0.05234121060220059,-1.0,0.0,0.0,0.0,0.5,0
1993-06-04,NEOG,0.2222779989242553,0.2222779989242553,0.2222779989242553,0.2222779989242553,22494,-0.13043236972654104,0.0,0.025641265410240477,0.025641265410240477,-0.08256719584206701,-0.052131923239076616,-0.02676358007045638,-0.03241364448375164,0.0992913545049692,0.08037349513030152,0.06053629146874825,inf,0.6779558849458168,0.0,0.0,0.5,0
1993-06-07,NEOG,0.2222779989242553,0.2222779989242553,0.2222779989242553,0.2222779989242553,10122,0.0,0.0,0.0,0.0,-0.08256719584206701,-0.052131923239076505,-0.026763580070456143,-0.029596857889018537,0.0992913545049692,0.08006546912952342,0.060302594795987874,-0.5500133368898372,0.30455524012835733,0.0,0.0,0.5,0
1993-06-08,NEOG,0.2222779989242553,0.2222779989242553,0.2222779989242553,0.2222779989242553,44989,0.0,-0.13043236972654104,0.0,0.0,-0.05660263758218669,-0.052131923239076505,-0.026763580070456143,-0.02581550281464991,0.05833112903498643,0.08006546912952342,0.060302594795987874,3.4446749654218536,1.2924178288104409,0.0,0.0,0.5,1
1993-06-09,NEOG,0.2222779989242553,0.2333920001983642,0.2222779989242553,0.2333920001983642,56236,0.05000045586111379,-0.08695359181079965,0.05000045586111379,0.05000045586111379,0.009616353995111857,-0.00943276540465797,0.019418324371814632,0.02489095908125596,0.06748849921503154,0.08141648582155095,0.06125658141490256,0.24999444308608765,1.5337474345949558,0.05000045586111374,0.047619461098336355,1.0,0
1993-06-10,NEOG,0.2445060014724731,0.2445060014724731,0.2222779989242553,0.2222779989242553,19120,-0.04761946109833637,-0.13043236972654104,-0.0909098443979105,0.052632084056877915,-0.00990107947477156,-0.04761822065939333,-0.03147663410622848,-0.022004562960814992,0.068008879582144,0.0760615943783253,0.06114788355749247,-0.6600042677288569,0.5159284823823376,-0.09090984439791049,0.10000091172222736,0.0,0
1993-06-11,NEOG,0.2222779989242553,0.2222779989242553,0.2222779989242553,0.2222779989242553,19120,0.0,0.0,0.0,0.0,-0.00990107947477156,-0.04761822065939355,-0.03147663410622848,-0.018163689763351986,0.0345200117120604,0.0701040054558293,0.060083271222841274,0.0,0.5082166565882767,0.0,0.0,0.5,0
1993-06-14,NEOG,0.2333920001983642,0.2333920001983642,0.2111639976501464,0.2111639976501464,50612,-0.05000045586111357,-0.05000045586111357,-0.05000045586111357,-0.09523892219667263,-0.05000045586111362,-0.09090869433533624,-0.07542584472757154,-0.06357835204852033,0.04127402825287109,0.07203443744113272,0.06001353348688077,1.647071129707113,1.6274818438920393,-0.09523892219667258,0.10526416811375607,0.0,1
1993-06-15,NEOG,0.2333920001983642,0.2333920001983642,0.2333920001983642,0.2333920001983642,3374,0.10526416811375605,0.05000045586111379,-0.08695359181079965,0.02439046084997587,0.039604317899086486,0.014493774946719142,0.020656997563170406,0.03601451028005888,0.06648997459624414,0.06221025998338368,0.06446633853517743,-0.9333359677546826,0.1244761230151703,0.0,0.0,0.5,0
1993-06-16,NEOG,0.2333920001983642,0.2333920001983642,0.2333920001983642,0.2333920001983642,14621,0.0,0.0,-0.08695359181079965,0.02439046084997587,0.039604317899086486,0.024390916440103168,0.019418324371814386,0.037037744070087086,0.06292161161944733,0.06221025998338368,0.06446633853517743,3.333432128037937,0.5252428004088135,0.0,0.0,0.5,0
1993-06-17,NEOG,0.2333920001983642,0.2333920001983642,0.2333920001983642,0.2333920001983642,0,0.0,0.05000045586111379,-0.08695359181079965,0.0769237962307221,0.02941202760151812,0.03448306836151,0.015720278460652725,0.03806300107985206,0.056942460204604244,0.06221025998338368,0.06331026649118883,-1.0,0.0,0.0,0.0,0.5,0
1993-06-18,NEOG,0.2333920001983642,0.2333920001983642,0.2333920001983642,0.2333920001983642,0,0.0,0.05000045586111379,0.05000045586111379,0.0769237962307221,0.019417647605237977,0.02941202760151812,0.012048965664038486,0.03909028731600044,0.056942460204604244,0.04474117928203655,0.06331026649118883,,0.0,0.0,0.0,0.5,0
1993-06-21,NEOG,0.2333920001983642,0.2333920001983642,0.2167209982872009,0.2167209982872009,16871,-0.07142919164750428,0.02631604202843918,-0.025000227930556562,-0.025000227930556562,-0.05797152515406907,-0.04176941603693157,-0.05910725743820159,-0.03177758182530259,0.06315400498306242,0.05102437059808237,0.06537976079853998,inf,1.0453171082306871,-0.07142919164750423,0.07692379623072204,0.0,1
1993-06-22,NEOG,0.2167209982872009,0.2333920001983642,0.2167209982872009,0.2333920001983642,26993,0.0769237962307221,0.0,0.05000045586111379,0.05000045586111379,0.014492881288517178,0.02689510533634981,0.010831085381552035,0.04373825471666155,0.052472282469072255,0.05673426547967282,0.06756001724724034,0.5999644360144627,1.5434052346441385,0.07692379623072204,0.07142919164750423,1.0,0
1993-06-23,NEOG,0.2222779989242553,0.2333920001983642,0.2167209982872009,0.2167209982872009,61860,-0.07142919164750428,-0.07142919164750428,-0.07142919164750428,-0.025000227930556562,-0.04411804140227687,-0.03940922098458264,-0.06024087386103655,-0.03033317885051432,0.06174960589167739,0.05928270938629934,0.06967045307161095,1.2917052569184602,3.0055023138869656,-0.02500022793055656,0.07692379623072204,0.0,1
1993-06-24,NEOG,0.2278349995613098,0.2445060014724731,0.2278349995613098,0.2445060014724731,15746,0.1282063270512035,0.04761946109833626,0.10000091172222736,0.0,0.06796176661833304,0.07317138254992825,0.06024219201408859,0.09181254163168612,0.08913870882105318,0.07051991364384803,0.07202518900591233,-0.7454574846427418,0.7547169811320754,0.07317138254992811,0.06818238329843267,1.0,0
1993-06-25,NEOG,0.2333920001983642,0.2333920001983642,0.2333920001983642,0.2333920001983642,20245,-0.045454922198955194,0.0,0.05000045586111379,0.05000045586111379,0.019417647605237977,0.019417647605237977,0.009616132723488198,0.041150877489141105,0.0929623316743777,0.0727900877770818,0.06960126758094953,0.2857233583132224,0.9782674349774702,0.0,0.0,0.5,1
1993-06-28,NEOG,0.2333920001983642,0.2556189894676208,0.2333920001983642,0.2556189894676208,84354,0.09523458066414214,0.17948418237199082,0.21052353768717147,0.14999680897220502,0.07980953384265575,0.09523505616400478,0.09784948397368755,0.13579959875948977,0.08924546495431816,0.07457442696112586,0.07246163568959123,3.1666584341812793,3.409103308916393,0.09523458066414213,0.08695359181079965,1.0,1
1993-06-29,NEOG,0.2556189894676208,0.2667329907417297,0.2333920001983642,0.2667329907417297,77606,0.043478777915741285,0.1428540417624784,0.1428540417624784,0.043478777915741285,0.09588887117522643,0.12675833275590093,0.14285503411094008,0.17935883468187638,0.08669347811494026,0.06925444824916839,0.06513270147514508,-0.07999620646323824,2.7935422328611796,0.04347877791574125,0.12499762571795499,1.0,0
1993-06-30,NEOG,0.2445060014724731,0.2667329907417297,0.2445060014724731,0.2667329907417297,12372,0.0,0.23076671319247244,0.1428540417624784,0.043478777915741285,0.0526305266350488,0.11110923513834164,0.14014038821064356,0.1747407510354002,0.0700958512377598,0.06925444824916839,0.06513270147514508,-0.8405793366492281,0.44444843597043476,0.09090570020940343,0.0833304841948793,1.0,0
1993-07-01,NEOG,0.2667329907417297,0.2667329907417297,0.2556189894676208,0.2556189894676208,25869,-0.04166714152307571,0.04545077801044828,0.09523458066414214,0.0,-7.928035079039729e-07,0.0550439147430195,0.09263399729889622,0.12140152505429998,0.05964477717519892,0.07151087144162836,0.06593346517863241,1.0909311348205626,0.8880474559048684,-0.041667141523075685,0.04347877791574125,0.0,0
1993-07-02,NEOG,0.2445060014724731,0.2445060014724731,0.2445060014724731,0.2445060014724731,5624,-0.04347481389505836,0.04761946109833626,0.04761946109833626,0.10000091172222736,-0.0517215632052626,0.004567920916415105,0.040190368583655954,0.06951999649087585,0.059186697326957784,0.07357183259149556,0.05926719556254728,-0.782596930689242,0.19882135420533326,0.0,0.0,0.5,0
1993-07-06,NEOG,0.2445060014724731,0.2445060014724731,0.2445060014724731,0.2445060014724731,4499,0.0,-0.04347481389505836,0.1282063270512035,0.10000091172222736,-0.04347633056690206,-0.006770429475853146,0.03529530888035917,0.06744424661933272,0.035949444303915244,0.06839219729024747,0.05926719556254728,-0.20003556187766713,0.16064672895193988,0.0,0.0,0.5,0
1993-07-07,NEOG,0.2445060014724731,0.2445060014724731,0.2445060014724731,0.2445060014724731,0,0.0,-0.08333048419487932,0.04761946109833626,0.10000091172222736,-0.02654731594235242,-0.011234426501722124,0.030446104968082362,0.06434568545109645,0.023325841953878847,0.0647819103112832,0.05926719556254728,-1.0,0.0,0.0,0.0,0.5,0
1993-07-08,NEOG,0.2333920001983642,0.2333920001983642,0.2333920001983642,0.2333920001983642,6748,-0.045454922198955194,-0.12499762571795503,0.0769237962307221,0.0,-0.04545413103535131,-0.062498982452208786,-0.01639274256345823,0.014003645398403741,0.023881222693575167,0.06176092304845269,0.05941471994964695,inf,0.289841377562635,0.0,0.0,0.5,1
1993-07-09,NEOG,0.2333920001983642,0.2667329907417297,0.2333920001983642,0.2667329907417297,56236,0.1428540417624784,0.043478777915741285,0.09090570020940336,0.1999972648333186,0.08107852817025785,0.06194551032965455,0.11368700430216844,0.15439893322966902,0.07710693953016454,0.06498928336092073,0.06600526709073938,7.333728512151749,2.2371357533565392,0.14285404176247837,0.12499762571795499,1.0,0
1993-07-12,NEOG,0.2445060014724731,0.2445060014724731,0.2445060014724731,0.2445060014724731,3374,-0.08333048419487932,0.0,0.04761946109833626,0.10000091172222736,-0.009008269034857309,-0.030835305839145517,0.016167487730977648,0.055157095900281936,0.08569978339516808,0.06955902283843239,0.06929444297980147,-0.9400028451525713,0.13856149025470016,0.0,0.0,0.5,0
1993-07-13,NEOG,0.2445060014724731,0.2445060014724731,0.2445060014724731,0.2445060014724731,11247,0.0,0.0,-0.04347481389505836,0.15789625217063397,-0.009008269034857198,-0.02654731594235242,0.00917544381001497,0.05212935692336767,0.08569978339516808,0.06223420386424282,0.06802051534644789,2.3334321280379373,0.5025031331050244,0.0,0.0,0.5,1
1993-07-14,NEOG,0.2778469920158386,0.2778469920158386,0.2445060014724731,0.2556189894676208,46113,0.04545077801044828,0.04545077801044828,-0.04166714152307571,0.09523458066414214,0.02678353382616166,0.02222000707353859,0.050225877264891784,0.0957572306601478,0.08771353644691747,0.06239990088823752,0.06482776836305235,3.1000266737796744,1.8807124300029772,-0.0800008752549343,0.13043236972654113,0.3333130724083739,1
1993-07-15,NEOG,0.2778469920158386,0.2778469920158386,0.2556189894676208,0.2667329907417297,274431,0.043478777915741285,0.1428540417624784,0.0,0.1428540417624784,0.04347712336978164,0.06666488374211643,0.08843354583799032,0.1390581373877244,0.08200572969864738,0.06409012730079498,0.06532558653716891,4.9512718756099146,7.316326040939071,-0.040000437627467245,0.08333428304615158,0.4999999999999988,0
1993-07-16,NEOG,0.2778469920158386,0.2778469920158386,0.2445060014724731,0.2445060014724731,61860,-0.08333048419487932,-0.08333048419487932,-0.04347481389505836,0.04761946109833626,-0.02654731594235242,-0.017856088968788087,-0.0045234868408400115,0.042161378061753185,0.06448969306484413,0.06843563509110916,0.06848850128495955,-0.7745881478404408,1.5235552578172717,-0.11999766598684262,0.13636062240835883,0.0,1
1993-07-19,NEOG,0.2445060014724731,0.2778469920158386,0.2445060014724731,0.2667329907417297,24744,0.09090570020940336,0.09090570020940336,0.09090570020940336,0.1428540417624784,0.04347712336978164,0.061945081922630964,0.07865000030009117,0.13207337820900886,0.06576731535506557,0.07254021278133962,0.07113915779033143,-0.6,0.5914014474325758,0.09090570020940343,0.1249976257179552,0.6666565362041861,0
1993-07-20,NEOG,0.2778469920158386,0.2778469920158386,0.2445060014724731,0.2556189894676208,82104,-0.04166714152307571,0.04545077801044828,0.04545077801044828,0.17948418237199082,-0.008621570482410114,0.013213983530723221,0.025639044937606156,0.0818413651790515,0.07123677213745745,0.07441828733576879,0.06966308734415161,2.318137730358875,1.8204373492974142,-0.0800008752549343,0.13043236972654113,0.3333130724083739,0
1993-07-21,NEOG,0.2667329907417297,0.2667329907417297,0.2445060014724731,0.2445060014724731,2249,-0.04347481389505836,-0.04347481389505836,0.0,0.04761946109833626,-0.04347633056690206,-0.030835305839145517,-0.021132978569313874,0.03286519215925981,0.07157519185792598,0.07611608409750259,0.06882129817926579,-0.9726079119165936,0.051272055361964976,-0.0833304841948793,0.09090570020940343,0.0,0
1993-07-22,NEOG,0.2445060014724731,0.2445060014724731,0.2445060014724731,0.2445060014724731,11247,0.0,-0.08333048419487932,0.04761946109833626,0.1282063270512035,-0.02654731594235242,-0.03508607067627048,-0.026547119588562804,0.030929156401472736,0.06639033483928117,0.07426601020378179,0.06648649646317455,4.000889284126278,0.27210439983161316,0.0,0.0,0.5,1
1993-07-23,NEOG,0.2667329907417297,0.2667329907417297,0.2667329907417297,0.2667329907417297,3374,0.09090570020940336,0.09090570020940336,0.0,0.09090570020940336,0.04347712336978164,0.052630105710709967,0.05726728930177928,0.11940098579414106,0.06761084688807384,0.06494626361890576,0.06339076836008144,-0.7000088912598915,0.08286912867065538,0.0,0.0,0.5,0
1993-07-26,NEOG,0.2445060014724731,0.2445060014724731,0.2445060014724731,0.2445060014724731,112472,-0.08333048419487932,-0.08333048419487932,0.0,0.04761946109833626,-0.026547315942352635,-0.03508607067627069,-0.03296535947465873,0.024209901906321843,0.06639033483928117,0.06494626361890576,0.06554502976702124,32.334914048607,2.4813931913475993,0.0,0.0,0.5,0
1993-07-27,NEOG,0.2445060014724731,0.2445060014724731,0.2222779989242553,0.2222779989242553,26993,-0.0909098443979105,-0.13043236972654104,-0.0909098443979105,-0.13043236972654104,-0.09090909090909097,-0.11504339097209516,-0.11504356947546433,-0.06803309941648204,0.07440824592775862,0.07129331039861923,0.06517222416405691,-0.7600024895084999,0.6357561925757393,-0.09090984439791049,0.10000091172222736,0.0,0
1993-07-28,NEOG,0.2222779989242553,0.2222779989242553,0.2222779989242553,0.2222779989242553,6748,0.0,-0.0909098443979105,-0.13043236972654104,-0.16666476724103074,-0.07407391774307592,-0.10313839010281203,-0.10714227568697658,-0.06759861183928637,0.07430256334341348,0.06897506752091676,0.0641885096179469,-0.7500092616604305,0.1734026807006003,0.0,0.0,0.5,1
1993-07-29,NEOG,0.2556189894676208,0.2556189894676208,0.2556189894676208,0.2556189894676208,3374,0.14999680897220502,0.04545077801044828,-0.04166714152307571,-0.04166714152307571,0.05504391474301974,0.03603392710797146,0.029080611200563607,0.06976506319607968,0.10616342257675218,0.08484861915287446,0.07319866711175006,-0.5,0.08771542143178397,0.0,0.0,0.5,0
1993-07-30,NEOG,0.2222779989242553,0.2222779989242553,0.2222779989242553,0.2222779989242553,103474,-0.13043236972654104,-0.16666476724103074,-0.0909098443979105,-0.13043236972654104,-0.047618634139400026,-0.09090833741902239,-0.09909861811560437,-0.07019939862452884,0.11173102638688347,0.09100527653041553,0.07838738093084657,29.66804979253112,2.4435625467138813,0.0,0.0,0.5,0
1993-08-02,NEOG,0.2222779989242553,0.2222779989242553,0.2222779989242553,0.2222779989242553,0,0.0,-0.0909098443979105,-0.16666476724103074,-0.0909098443979105,-0.029125612021911093,-0.07407352691534969,-0.09502210175391373,-0.07063146627452845,0.10811823645378932,0.08458578088792733,0.07783862144151096,-1.0,0.0,0.0,0.0,0.5,0
1993-08-03,NEOG,0.2222779989242553,0.2222779989242553,0.2222779989242553,0.2222779989242553,3374,0.0,0.0,-0.13043236972654104,-0.0909098443979105,-0.029125612021911093,-0.06103258250975319,-0.09090852579165684,-0.07063146627452845,0.09929135450496919,0.0841453582829884,0.07783862144151096,inf,0.08031784346352251,0.0,0.0,0.5,1
1993-08-04,NEOG,0.2222779989242553,0.2667329907417297,0.2167209982872009,0.2667329907417297,241815,0.1999972648333186,0.1999972648333186,0.09090570020940336,0.09090570020940336,0.12149401315106904,0.11627723547385495,0.08597122663549182,0.1111092351383415,0.132163803039562,0.10600166971171504,0.08999529042437855,70.6701244813278,4.469873204328743,0.19999726483331862,0.1874983380025684,1.0,0
1993-08-05,NEOG,0.2667329907417297,0.2667329907417297,0.2667329907417297,0.2667329907417297,0,0.0,0.043478777915741285,0.09090570020940336,0.1428540417624784,0.1111097041309403,0.10598933128261127,0.07865022129561644,0.10700925451095489,0.11836770472456407,0.10600166971171504,0.0891419974988611,-1.0,0.0,0.0,0.0,0.5,0
1993-08-06,NEOG,0.2445060014724731,0.2445060014724731,0.2167209982872009,0.2222779989242553,219320,-0.16666476724103074,0.0,-0.16666476724103074,-0.16666476724103074,-0.07407313608729342,-0.06103218059515803,-0.09296979021713134,-0.07578497481575128,0.1299556073253167,0.11596160470268181,0.09175767348079793,inf,3.542238513203043,-0.09090984439791049,0.12500113965278392,0.1999999999999982,0
1993-08-09,NEOG,0.2222779989242553,0.2222779989242553,0.2222779989242553,0.2222779989242553,0,0.0,0.0,-0.0909098443979105,-0.0909098443979105,-0.07407313608729342,-0.052131923239076505,-0.08883749294279,-0.07578497481575118,0.1299556073253167,0.11323907749583861,0.08989236925356948,-1.0,0.0,0.0,0.0,0.5,1
1993-08-10,NEOG,0.2222779989242553,0.2445060014724731,0.2222779989242553,0.2445060014724731,12372,0.10000091172222736,0.10000091172222736,0.10000091172222736,0.0,1.6576781506254461e-06,0.032865457423158016,0.0022795884900414206,0.014761637324344755,0.13621735693158368,0.11301430759494538,0.09268595722504137,inf,0.20018380925259535,0.10000091172222736,0.09090984439791049,1.0,0
1993-08-11,NEOG,0.2222779989242553,0.2445060014724731,0.2222779989242553,0.2445060014724731,43864,0.0,-0.08333048419487932,0.10000091172222736,-0.04347481389505836,0.018519534670006575,0.023257312946097324,0.004567711809677228,0.015698552322845113,0.0960319127403195,0.11301430759494538,0.09217312084442196,2.5454251535725834,0.7110304219027974,0.10000091172222736,0.09090984439791049,1.0,0
1993-08-12,NEOG,0.2222779989242553,0.2333920001983642,0.2222779989242553,0.2278349995613098,55111,-0.06818238329843263,-0.14583119647949272,-0.10869298076867018,-0.14583119647949272,-0.019138922959065538,-0.03529359269679072,-0.05638593658855867,-0.051364421525791994,0.09847520341741761,0.104886980447561,0.09289296140487628,0.25640616450848075,1.08647159424147,0.02500022793055706,0.04878092169995228,0.5000000000000038,0
1993-08-13,NEOG,0.2278349995613098,0.2278349995613098,0.2167209982872009,0.2222779989242553,39365,-0.024390460849976314,0.0,0.0,-0.0909098443979105,-0.04306257665789806,-0.05882322655584107,-0.0751439725242908,-0.07192534178486823,0.0617107751539979,0.09594779977273221,0.09115608702915023,-0.2857142857142857,0.7936491935483871,-0.02439046084997632,0.05000045586111362,0.499999999999995,1
1993-08-16,NEOG,0.2167209982872009,0.2333920001983642,0.2167209982872009,0.2333920001983642,39365,0.05000045586111379,0.05000045586111379,0.05000045586111379,-0.12499762571795503,-0.0047393774498234505,-0.01639274256345823,-0.022117892634225023,-0.026424744561273313,0.0653535631078009,0.0970087362565579,0.08943130396880776,0.0,0.7821215730647383,0.07692379623072204,0.07142919164750423,1.0,1
1993-08-17,NEOG,0.2333920001983642,0.3445309996604919,0.2222779989242553,0.3445309996604919,1033617,0.476190269450832,0.40909015560208983,0.550000455861114,0.34783022332593005,0.35371170346466524,0.38084703970785894,0.41714364308483515,0.4226719696074809,0.22186485577134155,0.17642556082974897,0.13890261840985518,25.257258986409248,10.55716309506908,0.476190269450832,0.3548388994218439,1.0,0
1993-08-18,NEOG,0.3556439876556396,0.3778719902038574,0.2667329907417297,0.3223029971122741,1004374,-0.06451669826553119,0.31818031120417944,0.20833570761537845,0.31818031120417944,0.19341512833697258,0.263616185569116,0.30483690000251823,0.31998194257549206,0.2299000967759953,0.1723348961629154,0.1395108609510245,-0.028291910833509903,6.78571706056801,-0.09374821928846623,0.3448276946162325,0.5000045586111357,0
1993-08-19,NEOG,0.3223029971122741,0.3223029971122741,0.2889609932899475,0.3111889958381653,602849,-0.034483083848696805,0.3658524653251318,0.16666856609230285,0.27272538900522436,0.0852706877707859,0.1991425241566738,0.24306294408455445,0.2663950407372678,0.2251410416812851,0.173349299594037,0.14000838418504252,-0.399776378122094,3.394552883685482,-0.0344830838486968,0.10714390376344222,0.6666666666666677,0
1993-08-20,NEOG,0.333416998386383,0.333416998386383,0.3111889958381653,0.3111889958381653,119220,0.0,0.3999990882777733,0.3999990882777733,0.16666856609230285,0.021897348747248933,0.15941946914918056,0.2321227930273674,0.2572965747105792,0.22254790795621168,0.16019545408946861,0.13906488548733642,-0.802239034982226,0.6501064561591207,-0.06666727448148464,0.07142926917562809,0.0,0
1993-08-23,NEOG,0.3111889958381653,0.333416998386383,0.3111889958381653,0.3111889958381653,25869,0.0,0.33333188615582343,0.3999990882777733,0.27272538900522436,-0.02777804158639274,0.12224377864299608,0.21606916723340003,0.2483279126908886,0.22564027089540825,0.16019545408946861,0.13717835032476244,-0.7830145948666332,0.1444749998883026,0.0,0.07142926917562809,0.0,1
1993-08-24,NEOG,0.3111889958381653,0.3223029971122741,0.3000749945640564,0.3223029971122741,452137,0.035714634587813876,-0.06451669826553119,0.31818031120417944,0.44999954413888665,0.02112696403253952,0.13060407370630603,0.2353568659159293,0.281484955924439,0.0381641866514111,0.15895958237829313,0.13469797392721514,16.477946576984035,2.257159317146617,0.03571463458781396,0.06896616769739378,1.0,0
1993-08-25,NEOG,0.3223029971122741,0.3223029971122741,0.3000749945640564,0.3223029971122741,56236,0.0,0.0,0.31818031120417944,0.44999954413888665,0.02112696403253952,0.10056916147873304,0.21212132759856875,0.27248814921729086,0.024820932959967356,0.15895958237829313,0.13469797392721514,-0.8756217695079146,0.27731588052082284,0.0,0.06896616769739378,1.0,1
1993-08-26,NEOG,0.3000749945640564,0.333416998386383,0.3000749945640564,0.333416998386383,125969,0.034483083848696916,0.0714292691756282,0.46341430872503575,0.30435144541018877,0.041667062379589115,0.0989013557966865,0.23583967739992379,0.3060520089815739,0.0192293672589548,0.15466648301504707,0.13154831814362872,1.2400064015932855,0.6029632405857746,0.11111223669524771,0.10000091172222705,1.0,0
1993-08-27,NEOG,0.3111889958381653,0.333416998386383,0.3111889958381653,0.3111889958381653,436391,-0.06666727448148468,0.0,0.3999990882777733,0.3999990882777733,-0.02777804158639274,-0.00355907680243776,0.13475137997262085,0.21159653896170263,0.04155313127594324,0.15739750036132708,0.12843656077801807,2.464272956044741,1.9346797161229,0.0,0.07142926917562809,0.0,0
1993-08-30,NEOG,0.3000749945640564,0.3223029971122741,0.3000749945640564,0.3000749945640564,473507,-0.0357146345878141,-0.0357146345878141,0.2857124250574874,0.34999863241665974,-0.05594459096638515,-0.05923401398405689,0.07892036919764578,0.16228958958334752,0.04465846610848431,0.1593006955679582,0.1290284937272549,0.08505216652039116,1.8998205528656875,0.0,0.07407482446349842,0.0,1
1993-08-31,NEOG,0.3111889958381653,0.3223029971122741,0.2889609932899475,0.3223029971122741,70857,0.07407482446349833,0.0,-0.06451669826553119,0.44999954413888665,0.013986147741596245,0.01754402801895932,0.1383710116203653,0.23825817516025824,0.05565203210174688,0.04557911360154281,0.12943266458268612,-0.8503570168973215,0.28049747458453067,0.03571463458781396,0.10344925154609075,1.0,0
1993-09-01,NEOG,0.283403992652893,0.3000749945640564,0.283403992652893,0.2889609932899475,98975,-0.10344925154609075,-0.10344925154609075,-0.10344925154609075,0.08333428304615165,-0.0714292691756281,-0.07801494107064541,0.016616700085134026,0.10544126051744768,0.07281063422375762,0.052323978249318524,0.12562963802241997,0.3968274129584939,0.4032062586899657,0.019608053454139553,0.05769291460884296,0.33333333333333554,1
1993-09-02,NEOG,0.3000749945640564,0.333416998386383,0.3000749945640564,0.333416998386383,893027,0.15384777229024715,0.0,0.0714292691756282,0.25000284913845405,0.07142926917562809,0.05633857075343915,0.15942054518586513,0.26422321717319797,0.10663069281850317,0.07241156622175607,0.12961149285171808,8.02275322051023,3.0781164771625655,0.11111223669524771,0.10000091172222705,1.0,1
1993-09-03,NEOG,0.333416998386383,0.3667579889297485,0.333416998386383,0.3556439876556396,979630,0.06666423540739408,0.14285528219832444,0.14285528219832444,0.5999963531110915,0.11110970413093992,0.11110935238645409,0.20868511265605,0.33723140086033426,0.10092863974023035,0.07450588744311226,0.12241494871215856,0.0969769111124299,2.985432140715723,0.06666423540739415,0.09374821928846623,0.6666565362041872,0
1993-09-07,NEOG,0.3556439876556396,0.3778719902038574,0.3445309996604919,0.3556439876556396,430767,0.0,0.18518368440633592,0.14285528219832444,0.5999963531110915,0.0738244356196401,0.09588887117522642,0.18189999695349615,0.3250496650787005,0.09617090209776788,0.07450588744311226,0.12241494871215856,-0.5602758184212406,1.2319064182722763,0.0,0.09374821928846638,0.3333130724083739,0
1993-09-08,NEOG,0.3556439876556396,0.3556439876556396,0.3556439876556396,0.3556439876556396,16871,0.0,0.10344610767535367,0.10344610767535367,0.4545409336125379,0.05263094755972399,0.08474446361759858,0.16046953505783498,0.315246588003756,0.09496613500481516,0.07430601081189596,0.12142976318542953,-0.960834975752553,0.04821662643374872,0.0,0.0,0.5,0
1993-09-09,NEOG,0.3445309996604919,0.3556439876556396,0.3445309996604919,0.3556439876556396,50612,0.0,0.23076815180650145,0.10344610767535367,0.4545409336125379,0.012657789589531687,0.0738244356196401,0.13980239581171533,0.3066537287118031,0.06780145318014082,0.07430601081189596,0.12142976318542953,1.9999407266907712,0.14450767614942375,0.032255408094187976,0.03124750700385271,1.0,0
1993-09-10,NEOG,0.333416998386383,0.3667579889297485,0.333416998386383,0.3556439876556396,187828,0.0,0.06666423540739408,0.06666423540739408,0.5609717047004306,0.0,0.06666585624567771,0.11692691394568909,0.2981724195492289,0.029813152407796504,0.0739627445807427,0.1196292503069864,2.711135699043705,0.5263156419939514,0.06666423540739415,0.09374821928846623,0.6666565362041872,0
1993-09-13,NEOG,0.3556439876556396,0.3667579889297485,0.333416998386383,0.3445309996604919,289053,-0.031247507003852704,-0.031247507003852704,0.1071439037634423,0.550000455861114,-0.02515521314285497,0.0231040580263254,0.06164507599773429,0.24949736029037134,0.013974309957603577,0.07072016248559498,0.1197972742492769,0.5389239091083331,0.7825828458429321,-0.03124750700385271,0.09677210635971914,0.33334346379581276,0
1993-09-14,NEOG,0.3223029971122741,0.3445309996604919,0.3223029971122741,0.3278599977493286,62984,-0.04838752369914823,-0.07812304121731273,0.09259353057937325,0.40476107780332793,-0.057506842552363546,-0.034368752254292534,-0.004218682098810243,0.18189163735718697,0.022635213278639182,0.0717840603367498,0.12085074882290463,-0.7821022442251075,0.16997956893295746,0.01724154192434866,0.06779723876290819,0.2500000000000025,1
1993-09-15,NEOG,0.333416998386383,0.3445309996604919,0.3111889958381653,0.3445309996604919,39365,0.05084792907218105,-0.031247507003852704,0.06896616769739405,0.0,-0.003214293498999463,0.008131648146458965,0.046414735725232345,0.23309586428413506,0.03787324778310026,0.06987211881007667,0.05789871114724405,-0.375,0.12269888932024067,0.033333637240742404,0.09677504739829658,1.0,0
1993-09-16,NEOG,0.3445309996604919,0.3445309996604919,0.333416998386383,0.3445309996604919,476881,0.0,-0.031247507003852704,0.19230971536280905,0.06896616769739405,0.003236866622301776,-0.00799862293324144,0.04289438192613811,0.22432978288694264,0.03787324778310026,0.058061925174872145,0.05578216736226281,11.114340149879334,1.6195575908282316,0.0,0.03225834913276558,1.0,0
1993-09-17,NEOG,0.3111889958381653,0.3445309996604919,0.3111889958381653,0.3445309996604919,15746,0.0,-0.031247507003852704,0.03333363724074245,0.1071439037634423,0.009772074032598043,-0.011162933856299868,0.03765804020718439,0.21473471544805284,0.03787324778310026,0.033671490728245046,0.055032464722541814,-0.9669812804452264,0.059397294378928406,0.10714390376344222,0.09677504739829658,1.0,1
1993-09-20,NEOG,0.3556439876556396,0.3667579889297485,0.3445309996604919,0.3556439876556396,217071,0.03225540809418792,0.03225540809418792,0.0,0.14285528219832444,0.03559668117033839,0.02073240925082473,0.06400516831184733,0.24610392816800153,0.0378359556211075,0.027773847552791338,0.05530366191548674,12.785786866505779,0.8040000177785153,0.0,0.062497863146159474,0.4999772061130523,0
1993-09-21,NEOG,0.3556439876556396,0.3667579889297485,0.333416998386383,0.3445309996604919,67483,-0.031247507003852704,0.05084792907218105,-0.031247507003852704,0.1071439037634423,-0.006409731915098427,-0.007998912350979237,0.025642185815346812,0.19876374014885856,0.03187681175964468,0.029520088605769993,0.0559823840116697,-0.6891201496284626,0.24803588788894015,-0.03124750700385271,0.09677210635971914,0.33334346379581276,0
1993-09-22,NEOG,0.3556439876556396,0.3667579889297485,0.333416998386383,0.3445309996604919,95601,0.0,0.0,-0.031247507003852704,0.06896616769739405,-0.006409731915098427,-0.004814577756768401,0.022259985117264517,0.19047735755613532,0.02245336763359174,0.029520088605769993,0.05557152385954586,0.41666790154557454,0.3760225957323455,-0.03124750700385271,0.09677210635971914,0.33334346379581276,0
1993-09-23,NEOG,0.3445309996604919,0.3445309996604919,0.333416998386383,0.3445309996604919,154086,0.0,0.0,-0.031247507003852704,0.06896616769739405,-0.006409731915098427,-0.001609733827988783,0.01890001767567633,0.18320719598609417,0.02245336763359174,0.029520088605769993,0.05557152385954586,0.6117613832491291,0.5946162466542562,0.0,0.03225834913276558,1.0,0
1993-09-24,NEOG,0.3445309996604919,0.3445309996604919,0.3445309996604919,0.3445309996604919,7873,0.0,0.0,-0.031247507003852704,0.03333363724074245,-0.006409731915098268,0.0016158182171235307,0.01722830302940222,0.17691825851922421,0.02245336763359174,0.029520088605769993,0.055134442275456,-0.9489051568604545,0.031090264044127403,0.0,0.0,0.5,1
1993-09-27,NEOG,0.3445309996604919,0.4223279953002929,0.3445309996604919,0.3556439876556396,1151712,0.03225540809418792,0.0,0.03225540809418792,0.14285528219832444,0.025638927660393874,0.03059375164465423,0.0431932821798703,0.20572522641109706,0.02245336763359174,0.029545586921996502,0.05294472448995967,145.28629493204625,3.9852115830488573,0.032255408094187976,0.21874964385769327,0.14284597886788175,1
1993-09-28,NEOG,0.3778719902038574,0.4223279953002929,0.3778719902038574,0.4000999927520752,737816,0.12500142456922725,0.16128880462525053,0.22033793539515312,0.33333333333333326,0.11801185959017522,0.13564596186840921,0.15662630838926722,0.34428625232695503,0.05412907077484561,0.04332729042025699,0.057923831760009634,-0.3593745658636881,2.441386325290301,0.058824160362418054,0.11111223669524775,0.5000000000000007,1
1993-09-29,NEOG,0.4000999927520752,0.4223279953002929,0.4000999927520752,0.4112139940261841,939140,0.02777805917381193,0.193547153758016,0.193547153758016,0.2758615269188387,0.10778439844659642,0.145510538790072,0.17367183133063901,0.3673316459584981,0.05145339111195632,0.042154496310031674,0.0563867993057869,0.27286477929456665,2.7172141683186206,0.027778059173811973,0.054054586835880755,0.5000000000000012,1
1993-09-30,NEOG,0.4112139940261841,0.4445559978485107,0.4000999927520752,0.4334419965744018,424019,0.054054586835880825,0.258063852023547,0.258063852023547,0.5000017533144345,0.11428632458188612,0.1782480753245304,0.21212189906370515,0.42335818399667935,0.047240159458570616,0.042961777965318235,0.04977269833910771,-0.5485028856187576,1.171717283368094,0.054054586835880755,0.10256506164096277,0.7499999999999997,0
1993-10-01,NEOG,0.4445559978485107,0.4556689858436584,0.4223279953002929,0.4334419965744018,741190,0.0,0.258063852023547,0.258063852023547,0.29999969609259103,0.06557442388103496,0.15044285868284832,0.19540297982214275,0.4059125711712365,0.047240159458570616,0.042961777965318235,0.03897367821504123,0.7480112919468231,2.0920644992300015,-0.0250002279305568,0.07692145848087516,0.33334346379581276,1
1993-10-04,NEOG,0.4445559978485107,0.4445559978485107,0.4112139940261841,0.4445559978485107,187828,0.0256412654102407,0.25000284913845405,0.25000284913845405,0.25000284913845405,0.04712086869897023,0.1527381458991604,0.21120446119546454,0.42551755575064537,0.04787325244064162,0.0428715463930755,0.037084220149255956,-0.7465858956542857,0.5968548089062375,0.0,0.07500068379167028,1.0,0
1993-10-05,NEOG,0.4445559978485107,0.4445559978485107,0.4112139940261841,0.4334419965744018,929018,-0.025000227930556784,0.08333417752143579,0.258063852023547,0.2187524929961473,0.00515468762474667,0.09859171568831021,0.16853973100165412,0.37323990912035215,0.030065025878163832,0.04202472853511397,0.03791659363444206,3.9461102710990907,2.7355529751359544,-0.0250002279305568,0.07692379623072204,0.6666666666666661,0
1993-10-06,NEOG,0.4334419965744018,0.4334419965744018,0.4223279953002929,0.4334419965744018,258685,0.0,0.054054586835880825,0.258063852023547,0.2187524929961473,-0.005102088282090809,0.07438037286219426,0.15641244172218485,0.355108178198562,0.030025247636623023,0.04202472853511397,0.03791659363444206,-0.7215500668447759,0.7355283792657682,0.0,0.025641265410240723,1.0,0
1993-10-07,NEOG,0.4112139940261841,0.4445559978485107,0.4112139940261841,0.4334419965744018,289053,0.0,0.0,0.258063852023547,0.2187524929961473,-0.005102088282090555,0.05121318309034467,0.1445342847429179,0.3374490164405507,0.01790533232453518,0.04202472853511397,0.03791659363444206,0.11739374142296621,0.7949280240777776,0.054054586835880755,0.07692379623072204,0.6666666666666661,1
1993-10-08,NEOG,0.4445559978485107,0.4445559978485107,0.4223279953002929,0.4445559978485107,70857,0.0256412654102407,0.0256412654102407,0.2903222011563127,0.25000284913845405,0.015228567351236151,0.05263208405687781,0.16026137325075712,0.35593291579596703,0.021223857396907762,0.04117311496107789,0.03797286022343966,-0.7548650247532459,0.1980501326189885,0.0,0.0500004558611136,1.0,0
1993-10-11,NEOG,0.4223279953002929,0.4445559978485107,0.4223279953002929,0.4445559978485107,59610,0.0,0.0,0.25000284913845405,0.2903222011563127,0.015228567351236151,0.030928125748480407,0.14531170294104417,0.3377933356130646,0.01790533232453518,0.04193183767354907,0.03672743098243333,-0.1587281425970617,0.17213354051346674,0.05263208405687795,0.0500004558611136,1.0,0
1993-10-12,NEOG,0.4445559978485107,0.4445559978485107,0.4223279953002929,0.4334419965744018,122594,-0.025000227930556784,0.0,0.08333417752143579,0.3220337935395152,-0.010152378234157516,-0.002557568611467073,0.10169496981964508,0.2879792298672904,0.01790533232453518,0.024872307273845984,0.034986272455426744,1.0566012414024493,0.3509892024024182,-0.0250002279305568,0.051282530820481446,0.5,0
1993-10-13,NEOG,0.4112139940261841,0.4445559978485107,0.4112139940261841,0.4112139940261841,62984,-0.05128253082048129,-0.05128253082048129,0.0,0.193547153758016,-0.05128253082048144,-0.05370894084080533,0.03641414376237362,0.20836029583266913,0.02915249425955977,0.030027995279205227,0.036823999747542094,-0.48623913078943504,0.17971687971618064,0.0,0.0810818802538212,0.0,1
1993-10-14,NEOG,0.4445559978485107,0.4445559978485107,0.4223279953002929,0.4445559978485107,38240,0.08108188025382113,0.0256412654102407,0.0256412654102407,0.2903222011563127,0.020408353128362606,0.020408353128362606,0.10650106830129583,0.29282545463419113,0.05074773820128325,0.03601316974456405,0.040044940759960394,-0.3928616791566112,0.116397178585963,0.0,0.0500004558611136,1.0,0
1993-10-15,NEOG,0.4112139940261841,0.4445559978485107,0.4112139940261841,0.4112139940261841,95601,-0.07500068379167024,-0.07500068379167024,-0.05128253082048129,0.193547153758016,-0.041451168824946996,-0.0512825308204812,0.015088806399399433,0.18589711370747808,0.06014281205823032,0.04371797683166728,0.04463068058717544,1.500026150627615,0.28750187393024335,0.0,0.0810818802538212,0.0,1
1993-10-18,NEOG,0.4445559978485107,0.5112389922142029,0.4334419965744018,0.4778969883918762,2234816,0.16216129639169363,0.07499840448610251,0.07499840448610251,0.3437510684269205,0.09693786179382012,0.0941463902779397,0.16216086683682446,0.35817933435110266,0.10007403602687048,0.06845563436329657,0.05605903079985405,22.376491877700023,5.1563518448915495,0.07499840448610254,0.162790303202345,0.5714229894339412,1
1993-10-19,NEOG,0.4778969883918762,0.4890109896659851,0.4556689858436584,0.4890109896659851,560110,0.023256060498534348,0.12820398930135668,0.12820398930135668,0.4193526566487975,0.09452694569748923,0.10552682088443809,0.16865776914355252,0.36900959901608327,0.09712658704556625,0.06746589014072261,0.05493935186560208,-0.7493708654314271,1.2228363948998962,0.023256060498534445,0.06818252457905025,1.0,0
1993-10-20,NEOG,0.4890109896659851,0.4890109896659851,0.4556689858436584,0.4667829871177673,391402,-0.04545501638603355,0.1351340029737529,0.07692145848087506,0.3548359583832661,0.019416788218911622,0.047380417827980977,0.09947513397350607,0.2907176184328895,0.09596473290848292,0.07000388215400993,0.05668060437075425,-0.30120512042277414,0.8277829088024343,-0.04545501638603353,0.07142934670392063,0.33333333333333276,1
1993-10-21,NEOG,0.4778969883918762,0.4778969883918762,0.4556689858436584,0.4778969883918762,429643,0.023809782234640364,0.07499840448610251,0.10256272389111598,0.387094307516032,0.028707998301263915,0.061727655789350896,0.10824648094313774,0.3046105225410836,0.09154127967306594,0.07004824244765943,0.056560049338174205,0.09770261776894351,0.8829317057176539,0.0,0.04651212099706901,1.0,1
1993-10-22,NEOG,0.4890109896659851,0.5112389922142029,0.4723399877548218,0.5112389922142029,465634,0.06976818149560327,0.24324317664551498,0.14999908827777286,0.4838693549143287,0.05504644709417178,0.11922149215222075,0.16308457176251762,0.3743648857759177,0.0765336185131777,0.07236030416362904,0.057537945459788686,0.08376954820630145,0.9139081322463541,0.04545501638603342,0.07608771054591802,1.0,1
1993-10-25,NEOG,0.5112389922142029,0.5445809960365295,0.5112389922142029,0.5223529934883118,390277,0.021739345870262383,0.09302424199413784,0.17499931620832965,0.4687524929961475,0.058559159788297586,0.12440228957705027,0.1662531354194454,0.38194656751460493,0.04117007816076293,0.07214128601403008,0.05748188788899414,-0.16183740878028663,0.8278650820696405,0.02173934587026229,0.06383040633052814,0.3333333333333333,1
1993-10-26,NEOG,0.5556939840316772,0.5668079853057861,0.5334669947624207,0.5668079853057861,752437,0.0851052686050493,0.15909048525256986,0.30769050942319476,0.416665822478564,0.11353670064719487,0.1860458607492613,0.24238614762426278,0.47356118870535746,0.051022495660899614,0.07315830376616425,0.054282682055880896,0.9279562977065008,1.5936164440252805,0.02000021881373352,0.05882237266890023,1.0,0
1993-10-27,NEOG,0.5668079853057861,0.5668079853057861,0.5334669947624207,0.5334669947624207,534241,-0.058822372668900225,0.14285869340784108,0.2972977634813958,0.2972977634813958,0.02127719833216065,0.08843606328280479,0.15384644887479879,0.37339098562401446,0.056124768746212556,0.07411616470519515,0.056927992711105144,-0.28998573966989927,1.1821794046384477,-0.05882237266890023,0.062498694147355593,0.0,0
1993-10-28,NEOG,0.5556939840316772,0.5556939840316772,0.5112389922142029,0.5334669947624207,563484,0.0,0.11628030249267218,0.19999954413888665,0.2307690509423197,3.798845499984301e-07,0.06904301723251158,0.14149851289126447,0.35861915761107155,0.05759396629524959,0.07216623825623562,0.05623442392786322,0.05473746867050644,1.227941105967244,-0.03999861417968769,0.0833322253371502,0.5000113966836991,0
1993-10-29,NEOG,0.5223529934883118,0.5334669947624207,0.500124990940094,0.5334669947624207,281180,0.0,0.043478691740524544,0.2972977634813958,0.2307690509423197,-0.008264167018406161,0.04347889855871138,0.12941206251430318,0.34340930501388095,0.051755072910732204,0.06462337424352493,0.05623442392786322,-0.5009973663848486,0.6450788476860968,0.021276802110176046,0.06250059356938382,1.0,1
1993-11-01,NEOG,0.5112389922142029,0.5445809960365295,0.5112389922142029,0.5445809960365295,218195,0.020833531189794696,0.04255360422035204,0.13953636299120675,0.22499977206944344,0.0040987741285080665,0.05150285546422405,0.14086199318578502,0.35546400087563396,0.05170353651238447,0.044327746289022175,0.0561827640952182,-0.2240024183796856,0.49884197195241325,0.06521803761078687,0.06122505938508757,1.0,0
1993-11-02,NEOG,0.5445809960365295,0.5445809960365295,0.5112389922142029,0.5445809960365295,229443,0.0,-0.03921431921476093,0.1136375409650836,0.2564103163525604,0.012396810974639027,0.04034029457178714,0.12773353837191245,0.3398967189285196,0.030022812713211378,0.044399542970759036,0.05559969731633994,0.05155021884094513,0.5701519515595853,0.0,0.06122505938508757,1.0,0
1993-11-03,NEOG,0.5445809960365295,0.5445809960365295,0.5112389922142029,0.5112389922142029,191202,-0.0612250593850876,-0.04166706237958917,0.09523912893856079,0.17948652012183808,-0.04166706237958921,-0.03157906455384984,0.05022817743458555,0.24627456235175374,0.031049351074352118,0.04686660335521182,0.057981341867308814,-0.16666884585714103,0.4791427844344877,-0.06122505938508757,0.06521803761078687,0.0,1
1993-11-04,NEOG,0.5279099941253662,0.5445809960365295,0.5112389922142029,0.5223529934883118,167583,0.021739345870262383,-0.020833531189794585,0.09302424199413784,0.205127785532079,-0.016736561286148623,-0.01878913610276481,0.06334852129237764,0.26106799131571473,0.03385839001013401,0.04680394163578818,0.057991122026689955,-0.1235290425832366,0.42644518446579455,-0.010526416811375588,0.06383040633052814,0.3333333333333333,1
1993-11-05,NEOG,0.5223529934883118,0.5334669947624207,0.500124990940094,0.5334669947624207,260935,0.02127680211017613,0.0,0.043478691740524544,0.19999954413888665,0.004184140321537208,-0.002078832629192822,0.07623352303229361,0.2755783677893099,0.0357297763064747,0.04219914737967289,0.05794098990802012,0.5570493427137597,0.6483170428980978,0.021276802110176046,0.06250059356938382,1.0,0
1993-11-08,NEOG,0.5334669947624207,0.5334669947624207,0.500124990940094,0.5334669947624207,17996,0.0,-0.020408353128362533,0.02127680211017613,0.19999954413888665,0.008403441822845073,-0.004149228467730403,0.06666701784881052,0.2621618101782939,0.0339392710318798,0.04180278992505568,0.05794098990802012,-0.9310326326479774,0.0449450717826193,0.0,0.06250059356938382,1.0,0
1993-11-09,NEOG,0.5334669947624207,0.5334669947624207,0.5112389922142029,0.5112389922142029,53987,-0.04166706237958917,-0.0612250593850876,-0.09803847957717893,0.17948652012183808,-0.021276802110176046,-0.03563975359810569,0.014332905974435716,0.1976046340702953,0.03772574387481469,0.032225436455171834,0.05859760085981814,1.9999444320960214,0.13599785373939308,-0.04166706237958921,0.04347869174052458,0.0,0
1993-11-10,NEOG,0.5279099941253662,0.5334669947624207,0.500124990940094,0.5112389922142029,30367,0.0,0.0,-0.04166706237958917,0.24324317664551498,-0.021276802110176046,-0.031579250434126765,0.004366755723586197,0.1870966290768729,0.02579283596202363,0.02726731507056404,0.05687780265046585,-0.43751273454720585,0.0768126263394687,-0.031579250434126765,0.06521803761078687,0.3333333333333333,0
1993-11-11,NEOG,0.5334669947624207,0.5334669947624207,0.500124990940094,0.500124990940094,58485,-0.021739345870262272,-0.04255360422035215,-0.06250059356938387,0.12499886034721608,-0.034335099826054434,-0.04661061965625558,-0.022801528647893,0.15001238194747624,0.02401283412859823,0.027783180465007933,0.054960498219469675,0.9259393420489348,0.14755864058842807,-0.06250059356938382,0.06666734201714873,0.0,1
1993-11-12,NEOG,0.5223529934883118,0.5334669947624207,0.4890109896659851,0.5223529934883118,199075,0.04444489467809909,-0.020833531189794585,-0.020833531189794585,0.2702704700634553,0.012931161524998815,-0.002123162799544161,0.009667218249343924,0.19077791887846451,0.0320631568539831,0.032085385881954705,0.05195548508847154,2.403864238693682,0.4957977668117969,0.0,0.08510720844070419,0.75,0
1993-11-15,NEOG,0.500124990940094,0.5334669947624207,0.500124990940094,0.500124990940094,247438,-0.04255360422035215,-0.06250059356938387,-0.08163341251345013,0.04651212099706892,-0.01746742276520075,-0.036402924936329885,-0.0353700262880968,0.1326449547234134,0.0361872878159787,0.03338848507723496,0.03982643538032858,0.24293859098329773,0.8189089267553119,0.0,0.06666734201714873,0.0,0
1993-11-16,NEOG,0.500124990940094,0.5223529934883118,0.500124990940094,0.500124990940094,194576,0.0,-0.021739345870262272,-0.08163341251345013,0.02272750819301672,-0.01315802627582939,-0.028078030228195012,-0.03640283087492488,0.12528090129792632,0.032326335986409695,0.03338848507723496,0.039543175437315205,-0.21363735562039787,0.6854187875820332,0.0,0.04444489467809916,0.0,0
1993-11-17,NEOG,0.4890109896659851,0.500124990940094,0.4778969883918762,0.4778969883918762,127093,-0.0444448946780992,-0.06521803761078682,-0.06521803761078682,0.023809782234640364,-0.04444489467809916,-0.06521803761078687,-0.08021459622408605,0.06938481426111016,0.036767475541003375,0.030730654734067872,0.039480153377451185,-0.3468207795411562,0.46956082560802886,-0.02272750819301671,0.04651212099706889,0.0,1
1993-11-18,NEOG,0.4890109896659851,0.5112389922142029,0.4890109896659851,0.5112389922142029,263184,0.06976818149560327,0.022222447339049545,-0.02127680211017602,0.06976818149560327,0.017699293547480167,0.0021786708749950406,-0.01918985664687384,0.13608277602054605,0.0511883264621593,0.03839604356482126,0.042073990868704836,1.0707985490939707,1.0032149045934942,0.04545501638603342,0.04347869174052458,1.0,0
1993-11-19,NEOG,0.4890109896659851,0.5112389922142029,0.4890109896659851,0.5112389922142029,65234,0.0,-0.02127680211017602,-0.04166706237958917,0.0,0.02222244733904958,0.006564616904295116,-0.01918985664687384,0.12828036755825187,0.04635294024312973,0.037574909019661464,0.039142670466004954,-0.7521353881694935,0.26920534201384444,0.04545501638603342,0.04347869174052458,1.0,0
1993-11-22,NEOG,0.4890109896659851,0.500124990940094,0.4890109896659851,0.4890109896659851,48363,-0.043478691740524544,-0.022222447339049545,-0.08333412475917845,-0.06383040633052817,-0.01785732456217949,-0.02869786053243677,-0.058824011228204465,0.07238538580169813,0.04654949167830573,0.03957202486879584,0.04000672647466174,-0.2586228040592329,0.21473203007305144,0.0,0.02272750819301671,0.0,1
1993-11-23,NEOG,0.4890109896659851,0.5223529934883118,0.4890109896659851,0.5112389922142029,314921,0.04545501638603344,0.022222447339049545,0.0,-0.09803847957717893,0.02222244733904958,0.015452694132850636,-0.010752793585715441,0.11218550118064294,0.051600506792730864,0.04089649189990657,0.03624012979480715,5.511610115170688,1.5486717177504103,0.04545501638603342,0.06521803761078687,0.6666666666666666,1
1993-11-24,NEOG,0.5223529934883118,0.5334669947624207,0.5112389922142029,0.5223529934883118,391402,0.021739345870262383,0.09302424199413784,0.021739345870262383,-0.020833531189794585,0.02620113414780123,0.035242644616844565,0.011840805117618787,0.1276392194978506,0.04344222410517098,0.04142684086917782,0.03431279951855087,0.24285773257420118,1.9948406569281498,0.0,0.04255360422035209,0.5,0
1993-11-26,NEOG,0.5223529934883118,0.5223529934883118,0.5223529934883118,0.5223529934883118,0,0.0,0.021739345870262383,0.04444489467809909,-0.020833531189794585,0.02173934587026229,0.03070206131026887,0.012931161524998815,0.1190476965750698,0.03285067618553137,0.040550203455064326,0.03431279951855087,-1.0,0.0,0.0,0.0,0.5,0
1993-11-29,NEOG,0.5112389922142029,0.5334669947624207,0.5112389922142029,0.5223529934883118,245189,0.0,0.021739345870262383,0.0,-0.020833531189794585,0.017316188175429747,0.03070206131026887,0.014023870396524156,0.11058610195536488,0.03285067618553137,0.038120722525480724,0.03431279951855087,inf,1.4749683276645968,0.02173934587026229,0.04255360422035209,0.5,0
1993-11-30,NEOG,0.5112389922142029,0.5223529934883118,0.5112389922142029,0.5223529934883118,113597,0.0,0.06818252457905016,0.04444489467809909,-0.040816706256725066,0.004273545900120375,0.02620113414780123,0.01621637605076427,0.10276871444889459,0.020222148808394798,0.035010506657139236,0.03394557094145661,-0.536696181313191,0.7055560903955505,0.02173934587026229,0.021276802110176046,1.0,0
1993-12-01,NEOG,0.5223529934883118,0.5334669947624207,0.5112389922142029,0.5112389922142029,258685,-0.02127680211017602,0.0,0.022222447339049545,-0.0612250593850876,-0.01709418360048129,0.0021786708749950406,-0.0021692188471474994,0.07176126811013236,0.015209032493526207,0.03597488429896033,0.03422719226514131,1.2772168279091876,1.5922447582749824,-0.021276802110176046,0.04347869174052458,0.0,0
1993-12-02,NEOG,0.5112389922142029,0.5223529934883118,0.500124990940094,0.500124990940094,224944,-0.021739345870262272,-0.04255360422035215,0.04651212099706892,-0.021739345870262272,-0.030172710224997523,-0.023861407318623358,-0.022801528647893,0.041666314921742754,0.011781592310544752,0.033278882209592735,0.03171403762511451,-0.1304327657189246,1.3703338415999249,-0.02173934587026229,0.04444489467809916,0.0,1
1993-12-03,NEOG,0.4890109896659851,0.5112389922142029,0.4890109896659851,0.5112389922142029,125969,0.022222447339049545,-0.02127680211017602,0.0,-0.02127680211017602,-0.0043290470438574905,-0.0021692188471474994,0.0,0.05747115740389772,0.018252828790126147,0.025489516692235255,0.031732145854355,-0.43999839960167864,0.7772409793178341,0.04545501638603342,0.04347869174052458,1.0,0
1993-12-06,NEOG,0.4890109896659851,0.5112389922142029,0.4890109896659851,0.5112389922142029,74231,0.0,-0.02127680211017602,0.0,-0.04166706237958917,0.0,-0.0021692188471474994,0.0021786708749950406,0.050228221156825285,0.018252828790126147,0.025489516692235255,0.031314027218517525,-0.41072009780184016,0.4860059920071653,0.04545501638603342,0.04347869174052458,1.0,0
1993-12-07,NEOG,0.5112389922142029,0.5112389922142029,0.5112389922142029,0.5112389922142029,39365,0.0,-0.02127680211017602,0.04545501638603344,-0.04166706237958917,0.004366855691300241,-0.006479545437275739,0.004366855691300241,0.043557058047304816,0.018252828790126147,0.020392248435593445,0.031314027218517525,-0.4696959491317644,0.2559405481932509,0.0,0.0,0.5,0
1993-12-08,NEOG,0.4890109896659851,0.4890109896659851,0.4890109896659851,0.4890109896659851,75356,-0.043478691740524544,-0.043478691740524544,-0.043478691740524544,-0.043478691740524544,-0.03083731403973916,-0.04555359579009922,-0.03719949579100595,-0.0054255026146230205,0.02493546071114547,0.02000341199345069,0.03143820914826804,0.914289343325289,0.48656421329121724,0.0,0.0,0.5,0
1993-12-09,NEOG,0.4890109896659851,0.4890109896659851,0.4890109896659851,0.4890109896659851,26993,0.0,-0.022222447339049545,-0.06383040633052817,-0.043478691740524544,-0.02654894032122036,-0.039301701221701735,-0.03508807006887852,-0.008562951542000855,0.023947172150346897,0.017939531846540634,0.03143820914826804,-0.6417936196188757,0.17448046281632784,0.0,0.0,0.5,1
1993-12-10,NEOG,0.4890109896659851,0.5112389922142029,0.4890109896659851,0.500124990940094,100100,0.02272750819301672,-0.021739345870262272,-0.04255360422035215,0.0,0.0,-0.01315802627582939,-0.01315802627582939,0.01123565579099976,0.024087413416589522,0.020148000056646465,0.031522699140129236,2.7083688363649836,0.6384508796239454,0.02272750819301671,0.04444489467809916,0.5,0
1993-12-13,NEOG,0.500124990940094,0.5334669947624207,0.4890109896659851,0.4890109896659851,184454,-0.022222447339049545,-0.043478691740524544,-0.06383040633052817,-0.06383040633052817,-0.013453052301961699,-0.02869786053243677,-0.031903510306647793,-0.013453415311691735,0.025156643454330687,0.020852084376195658,0.030121475258511023,0.8426973026973028,1.1819829841715757,-0.02222244733904958,0.09091003277206684,0.0,1
1993-12-14,NEOG,0.5112389922142029,0.5112389922142029,0.4890109896659851,0.4945679903030395,95601,0.011363754096508139,-0.032609018805393575,-0.05319200527544021,-0.011111223669524883,0.004514719143704957,-0.012208780587293579,-0.02036344045825016,-0.004251878801683246,0.026599208046939937,0.021536618626866868,0.028764546029510726,-0.4817081765643466,0.6439388709027207,-0.03260901880539355,0.04494428063287695,0.2499999999999975,1
1993-12-15,NEOG,0.500124990940094,0.500124990940094,0.4890109896659851,0.500124990940094,73107,0.011236070158219258,0.02272750819301672,-0.021739345870262272,0.0,0.011236070158219237,0.0011123583331764928,-0.009356175345682432,0.004239882050147116,0.0170219992288631,0.021299530300115325,0.02887750934834496,-0.2352904258323658,0.5134300727441791,0.0,0.02222244733904958,1.0,0
1993-12-16,NEOG,0.500124990940094,0.500124990940094,0.500124990940094,0.500124990940094,11247,0.0,0.02272750819301672,0.0,0.04651212099706892,0.006711477840578666,0.0011123583331764928,-0.011532240682090146,0.0015577510016018938,0.0170219992288631,0.020137452746685047,0.026886897321663904,-0.8461570027493948,0.08233703350949617,0.0,0.0,0.5,0
1993-12-17,NEOG,0.500124990940094,0.500124990940094,0.4834539890289306,0.4890109896659851,318295,-0.022222447339049545,-0.022222447339049545,-0.043478691740524544,-0.043478691740524544,-0.011236070158219237,-0.016759947265666313,-0.03137070557081767,-0.022874069196017505,0.016938248809127504,0.019631467625377007,0.022265840341406676,27.300435671734686,2.2840972166657756,-0.02222244733904958,0.03409126228952518,0.33333333333333554,1
1993-12-20,NEOG,0.500124990940094,0.500124990940094,0.4890109896659851,0.500124990940094,26993,0.02272750819301672,0.02272750819301672,-0.021739345870262272,-0.021739345870262272,0.006711477840578666,0.007838825831652735,-0.008264545839134345,-0.0028807574986318123,0.0170219992288631,0.02141406001817058,0.022942109852256656,-0.9151950234845033,0.19639757102340938,0.0,0.02222244733904958,1.0,0
1993-12-21,NEOG,0.500124990940094,0.500124990940094,0.4890109896659851,0.4890109896659851,43864,-0.022222447339049545,-0.011236070158219147,-0.043478691740524544,0.0,-0.013453052301961699,-0.010123838358203682,-0.030303334743492602,-0.026764377894329245,0.020053002483101087,0.022318912548108784,0.021296576571928023,0.6250138924906457,0.31967199076781694,-0.02222244733904958,0.02272750819301671,0.0,1
1993-12-22,NEOG,0.4890109896659851,0.500124990940094,0.4890109896659851,0.500124990940094,47238,0.02272750819301672,0.0,0.02272750819301672,-0.021739345870262272,0.008968701534641096,0.010101113460445588,-0.00717050785936896,-0.0072801001321527595,0.022475261509201816,0.0189395565112666,0.019265032108420985,0.07691956957869772,0.3814699813859963,0.02272750819301671,0.02222244733904958,1.0,0
1993-12-23,NEOG,0.4890109896659851,0.500124990940094,0.4890109896659851,0.4945679903030395,132717,-0.011111223669524883,-0.011111223669524883,0.011363754096508139,-0.05319200527544021,-1.1224169845129717e-16,-0.0022421753836604137,-0.015486881854045122,-0.0215481883691261,0.02304238718138555,0.019416671006546794,0.018620992126693787,1.8095389305220375,1.1967564569905926,0.011363754096508243,0.022472140316438474,0.499999999999995,1
1993-12-27,NEOG,0.4834539890289306,0.500124990940094,0.4834539890289306,0.500124990940094,34866,0.011236070158219258,0.02272750819301672,0.0,-0.04255360422035215,0.006711477840578666,0.008968701534641096,-0.002217317312184471,-0.01272500659900826,0.0204175856493706,0.01831652192713476,0.0188702330137393,-0.7372906259183074,0.3095332897433473,0.03448311998552104,0.03333367100857448,1.0,0
1993-12-28,NEOG,0.500124990940094,0.500124990940094,0.4778969883918762,0.500124990940094,24744,0.0,0.0,0.02272750819301672,-0.04255360422035215,0.006711477840578666,0.006711477840578666,0.0,-0.016178521669527688,0.017748281619519524,0.016564729247312806,0.0188702330137393,-0.2903114782309413,0.2434994484261201,0.0,0.04444489467809916,1.0,0
1993-12-29,NEOG,0.4778969883918762,0.4890109896659851,0.4778969883918762,0.4778969883918762,13497,-0.0444448946780992,-0.02272750819301672,-0.03370821047465755,-0.08510720844070419,-0.03370821047465771,-0.03479272414153461,-0.04017898026490391,-0.059904363655977344,0.025731057590713913,0.021779671618886793,0.02110660312913808,-0.4545344325897187,0.13970126266259406,0.0,0.023256060498534445,0.0,0
1993-12-30,NEOG,0.4778969883918762,0.4778969883918762,0.4778969883918762,0.4778969883918762,13497,0.0,-0.0444448946780992,-0.0444448946780992,-0.06521803761078682,-0.02494356849658149,-0.030439997210473826,-0.036954464634934195,-0.05949311910336497,0.021402125435805407,0.021234761444909354,0.020734777241715782,0.0,0.16000445741097924,0.0,0.0,0.5,0
1993-12-31,NEOG,0.500124990940094,0.500124990940094,0.4778969883918762,0.4778969883918762,39365,0.0,-0.03370821047465755,-0.0444448946780992,-0.0444448946780992,-0.01826503027947783,-0.026047834067641794,-0.03479272414153461,-0.059904363655977344,0.021685437108514675,0.021234761444909354,0.02027424303246752,1.916574053493369,0.5243426735548942,-0.04444489467809916,0.04651212099706889,0.0,0
1994-01-03,NEOG,0.4778969883918762,0.4778969883918762,0.4778969883918762,0.4778969883918762,3374,0.0,-0.0444448946780992,-0.02272750819301672,-0.06521803761078682,-0.009216686670293602,-0.023836796053787117,-0.031531855270621745,-0.059904363655977344,0.019876361150610082,0.02029642955023229,0.019465472174103517,-0.914289343325289,0.048937416963037314,0.0,0.0,0.5,1
1994-01-04,NEOG,0.4778969883918762,0.500124990940094,0.4778969883918762,0.500124990940094,142839,0.04651212099706892,0.0,0.0,-0.021739345870262272,0.03686674668117452,0.021566625001045572,0.014656294953191068,-0.015748149260524827,0.032163144193558715,0.02449055139352398,0.022420153776563027,41.33521043272081,1.9735794936415034,0.04651212099706889,0.04444489467809916,1.0,0
1994-01-05,NEOG,0.500124990940094,0.500124990940094,0.500124990940094,0.500124990940094,33742,0.0,0.04651212099706892,0.02272750819301672,-0.021739345870262272,0.027397545419216858,0.019252746919561366,0.01580151700296763,-0.014886273855685759,0.020800852865428605,0.023196924373638288,0.022420153776563027,-0.7637759995519431,0.4680249311840232,0.0,0.0,0.5,0
1994-01-06,NEOG,0.500124990940094,0.500124990940094,0.4890109896659851,0.500124990940094,44989,0.0,0.04651212099706892,0.0,0.02272750819301672,0.018099734183026094,0.019252746919561366,0.014656294953191068,-0.012291606743074092,0.020800852865428605,0.0220805447504976,0.020053016661993973,0.3333234544484618,0.6374537555914821,0.0,0.02222244733904958,1.0,0
1994-01-07,NEOG,0.4778969883918762,0.500124990940094,0.4778969883918762,0.500124990940094,219320,0.0,0.04651212099706892,0.011236070158219258,0.02272750819301672,0.008968701534641096,0.018099734183026094,0.013513652258837923,-0.010989121087193491,0.020800852865428605,0.02172371352917192,0.020053016661993973,3.8749694369734824,2.7349208061357397,0.04651212099706889,0.04444489467809916,1.0,0
1994-01-10,NEOG,0.4890109896659851,0.500124990940094,0.4890109896659851,0.500124990940094,77606,0.0,0.04651212099706892,0.0,0.0,0.0,0.018099734183026094,0.013513652258837923,-0.009683195733982,0.020800852865428605,0.02144320332653458,0.019409396658578427,-0.6461517417472187,0.9815126900664304,0.02272750819301671,0.02222244733904958,1.0,0
1994-01-11,NEOG,0.500124990940094,0.500124990940094,0.4890109896659851,0.4890109896659851,62984,-0.022222447339049545,-0.022222447339049545,-0.022222447339049545,0.0,-0.01785732456217949,-0.0022675971360528835,-0.00900910150589191,-0.029982664634177203,0.009938180575305572,0.02258795139718253,0.019409396658578427,-0.18841326701543692,0.8628624857437401,-0.02222244733904958,0.02272750819301671,0.0,1
1994-01-12,NEOG,0.500124990940094,0.500124990940094,0.4890109896659851,0.500124990940094,132717,0.02272750819301672,0.0,0.04651212099706892,0.011236070158219258,0.004464331140544928,0.01580151700296763,0.012943295448312537,-0.006183807838600344,0.01589281108793602,0.018112894900610695,0.01991382637045311,1.107154197891528,1.7731050279859533,0.0,0.02222244733904958,1.0,0
1994-01-13,NEOG,0.500124990940094,0.500124990940094,0.4778969883918762,0.500124990940094,64109,0.0,0.0,0.04651212099706892,0.0,0.004464331140544928,0.011236070158219237,0.012943295448312537,-0.004424823386870097,0.01589281108793602,0.018112894900610695,0.019760244275486182,-0.5169495995237987,0.861678370272103,0.0,0.04444489467809916,1.0,0
1994-01-14,NEOG,0.500124990940094,0.500124990940094,0.4778969883918762,0.500124990940094,53987,0.0,0.0,0.04651212099706892,0.0,0.004464331140544928,0.006711477840578666,0.012943295448312537,-0.003984103943813696,0.01589281108793602,0.018112894900610695,0.019760244275486182,-0.15788734811024974,0.705369875936065,0.0,0.04444489467809916,1.0,0
1994-01-17,NEOG,0.500124990940094,0.500124990940094,0.4890109896659851,0.4890109896659851,115846,-0.022222447339049545,-0.022222447339049545,0.023256060498534348,0.0,-0.013453052301961699,-0.01785732456217949,-0.009566783592230928,-0.0248229458269627,0.01877421759347693,0.02001697466826954,0.019760244275486182,1.1458128808787302,1.7442825157683466,-0.02222244733904958,0.02272750819301671,0.0,0
1994-01-18,NEOG,0.4778969883918762,0.500124990940094,0.4778969883918762,0.4890109896659851,282304,0.0,0.0,-0.022222447339049545,-0.022222447339049545,-0.013453052301961699,-0.01566011496135037,-0.008450791038915854,-0.02309081985148501,0.01589281108793602,0.01272377246890012,0.019035889760207276,1.4368903544360618,3.5653335269843174,0.023256060498534445,0.04545501638603342,0.5,1
1994-01-19,NEOG,0.500124990940094,0.5223529934883118,0.4890109896659851,0.5223529934883118,105724,0.06818252457905016,0.04444489467809909,0.04444489467809909,0.06818252457905016,0.04444489467809916,0.04677107618976591,0.055587318132862835,0.04398089846731586,0.03435195803636344,0.02568434393923647,0.023845176018145824,-0.6254959192926774,1.2850349293360843,0.04444489467809916,0.06383040633052814,1.0,1
1994-01-20,NEOG,0.500124990940094,0.5445809960365295,0.500124990940094,0.5334669947624207,185579,0.02127680211017613,0.06666734201714863,0.06666734201714863,0.06666734201714863,0.052632105103318,0.061947527416180696,0.07442717242628709,0.06524699829778347,0.03424630105133696,0.02613400483806385,0.02378596362295368,0.7553157277439371,2.0807083281477916,0.06666734201714873,0.08333412475917842,0.75,0
1994-01-21,NEOG,0.5556939840316772,0.5556939840316772,0.5334669947624207,0.5334669947624207,132717,0.0,0.06666734201714863,0.06666734201714863,0.0786524911075348,0.03896142339471698,0.05494560543596746,0.07023482758160106,0.06430220205335233,0.03424630105133696,0.02613400483806385,0.02355545723103912,-0.28484904003146905,1.4880205582894104,-0.03999861417968769,0.04166516295756099,0.0,1
1994-01-24,NEOG,0.5556939840316772,0.5556939840316772,0.5334669947624207,0.5556939840316772,134966,0.041665162957561064,0.13636297705955314,0.11111021064380178,0.11111021064380178,0.05485133053632663,0.08695561690993633,0.10864663879772835,0.10619378882412656,0.029149693022665145,0.02817557513600547,0.024983319157475124,0.01694583210892353,1.4328315743991473,0.0,0.03999861417968769,1.0,0
1994-01-25,NEOG,0.5556939840316772,0.5556939840316772,0.5334669947624207,0.5556939840316772,204699,0.0,0.13636297705955314,0.13636297705955314,0.11111021064380178,0.028805750596112626,0.07296055049022203,0.1025350743528385,0.10472736628564555,0.029149693022665145,0.02606676834631896,0.024983319157475124,0.5166708652549532,1.9836510307622461,0.0,0.03999861417968769,1.0,0
1994-01-26,NEOG,0.5556939840316772,0.5556939840316772,0.5334669947624207,0.5556939840316772,22494,0.0,0.06382846649487339,0.11111021064380178,0.162790303202345,0.016259590100332386,0.06157040193969898,0.09409117468703172,0.10229191995020273,0.0186838828873853,0.026130902212909396,0.022111673395883567,-0.8901118227250744,0.21703368006877463,0.0,0.03999861417968769,1.0,0
1994-01-27,NEOG,0.5556939840316772,0.5556939840316772,0.5334669947624207,0.5556939840316772,49488,0.0,0.041665162957561064,0.11111021064380178,0.162790303202345,0.008064234476634667,0.050419540335949954,0.08577562928036689,0.09986718820666156,0.018633227333342908,0.026130902212909396,0.022111673395883567,1.2000533475593493,0.4693365907184441,0.0,0.03999861417968769,1.0,1
1994-01-28,NEOG,0.5556939840316772,0.6001499891281128,0.5334669947624207,0.577921986579895,293552,0.04000043762746697,0.08333222533715023,0.15555510532190087,0.2093024241994137,0.03174637631285347,0.076604406356543,0.11827931689953528,0.139351067931301,0.022372789001856578,0.027313452309009445,0.023153885028945723,4.931781441965729,2.4845326097444134,0.04000043762746704,0.11538407590325087,0.6666616015123955,1
1994-01-31,NEOG,0.6001499891281128,0.6334919929504395,0.5890359878540039,0.6112639904022217,767058,0.05769291460884274,0.10000109406866753,0.25000051802463674,0.2790706056950172,0.07003965590811921,0.1133607572649412,0.1677286035645841,0.20034948258005178,0.027475940348869816,0.02693674009051742,0.025358146818430502,1.613022564997002,4.906470678538533,0.01851870611587465,0.07272799607773847,0.5,1
1994-02-01,NEOG,0.6223779916763306,0.655718982219696,0.6112639904022217,0.6446059942245483,779430,0.05454599705830376,0.1600017505098681,0.3181830426036869,0.28888978935619836,0.09434059635812574,0.1417331949617009,0.21466063754887543,0.2592280302277398,0.02858500177893627,0.027308548620582098,0.025978319531378618,0.01612915842087559,4.142256645810033,0.03571463458781413,0.06896459576202527,0.7500170950255487,0
1994-02-02,NEOG,0.6446059942245483,0.6446059942245483,0.6223779916763306,0.6223779916763306,428518,-0.034483083848696916,0.12000131288240112,0.1914892791559295,0.24444489467809927,0.033210667291079216,0.08317264500818602,0.15942078227916534,0.20950371438177498,0.039747794476231814,0.029844707951684403,0.02796092687438625,-0.4502161836213643,2.061130515066183,-0.034483083848696965,0.03571463458781413,0.0,0
1994-02-03,NEOG,0.6446059942245483,0.6446059942245483,0.6112639904022217,0.6168209910392761,151837,-0.00892865864695358,0.11000120347553444,0.15624958450143134,0.23333367100857427,0.0036166723042003837,0.058151042191769475,0.1367131139028162,0.19380548005050985,0.041242840645888984,0.030990600094343606,0.028221880758443077,-0.6456694934635184,0.7120249194888082,-0.04310385481087121,0.054054586835880894,0.16666666666666666,1
1994-02-04,NEOG,0.6223779916763306,0.6223779916763306,0.6112639904022217,0.6223779916763306,332917,0.009009097805980248,0.0769238861451238,0.16666635009632857,0.24444489467809927,-0.0017825485758395786,0.05164372301559689,0.13417765461677741,0.19991475981834864,0.040131063903096814,0.030633391894125814,0.02811022700555806,1.19259469035874,1.5206786201402662,0.0,0.017857317293907066,1.0,0
1994-02-07,NEOG,0.6001499891281128,0.6223779916763306,0.5890359878540039,0.6223779916763306,165334,0.0,0.018181999019434514,0.12000131288240112,0.24444489467809927,-0.005328648577652425,0.0399261251759023,0.12168293529469963,0.19530462827430292,0.03257331241362686,0.029561972882872347,0.02811022700555806,-0.5033777187707447,0.7403688992579921,0.0370374122317493,0.0535719518817212,1.0,0
1994-02-08,NEOG,0.6223779916763306,0.6223779916763306,0.6001499891281128,0.6223779916763306,58485,0.0,-0.034483083848696916,0.12000131288240112,0.27272802621765346,0.0017889262717957215,0.028466769001462708,0.10836257015368078,0.19072978585214415,0.016682771561547568,0.029561972882872347,0.027135131631609286,-0.6462615070100524,0.2621610615180867,0.0,0.03571463458781413,1.0,1
1994-02-09,NEOG,0.6223779916763306,0.655718982219696,0.6112639904022217,0.655718982219696,406023,0.05357032380525517,0.05357032380525517,0.18000014587582225,0.31111021064380173,0.044246939363327464,0.06594317289513522,0.15178058280251028,0.24814814131555968,0.024773895070121534,0.03194697640974428,0.02858619821011545,5.942344190818159,1.7149620058174466,0.05357032380525524,0.06779579823507366,1.0,0
1994-02-10,NEOG,0.655718982219696,0.6668329834938049,0.6334919929504395,0.655718982219696,321670,0.0,0.06306204189789488,0.18000014587582225,0.31111021064380173,0.031467896129110544,0.04888808351099264,0.13625349339180784,0.241320510839148,0.02327931825697602,0.03194697640974428,0.02858619821011545,-0.20775424052332014,1.2885798821782837,0.0,0.050846462352670936,0.6666565362041872,0
1994-02-11,NEOG,0.6334919929504395,0.655718982219696,0.6334919929504395,0.655718982219696,149588,0.0,0.05357032380525517,0.1346150474395318,0.31111021064380173,0.020760830863023088,0.035995730557423375,0.12113947503564723,0.23405071856325246,0.023957377121045433,0.03126360403241616,0.02858619821011545,-0.5349644045139428,0.5879766810809812,0.0350864565244718,0.03389712647026821,1.0,0
1994-02-14,NEOG,0.6334919929504395,0.6668329834938049,0.6334919929504395,0.655718982219696,268808,0.0,0.05357032380525517,0.07272633839958775,0.34090847869815666,0.010273769436711004,0.028770045063598444,0.10538578880791688,0.22737603638022913,0.023957377121045433,0.027185867738803157,0.02751535404265441,0.796989063293847,1.0257515896673104,0.0350864565244718,0.050846462352670936,0.6666565362041872,1
1994-02-15,NEOG,0.6446059942245483,0.7224029898643494,0.6446059942245483,0.7224029898643494,807548,0.10169601529441641,0.1607142275686977,0.12068922153507078,0.47727352785625676,0.07973506456640378,0.11972481248767673,0.1943045660515458,0.34158982851900915,0.04579937747360566,0.03815323448782474,0.033350727929755734,2.0041814231719295,2.8008570286494168,0.12068922153507071,0.10769196242447655,1.0,1
1994-02-16,NEOG,0.7112889885902405,0.7557439804077148,0.6890609860420227,0.7557439804077148,1076356,0.046152896667310594,0.15254247764708717,0.21428455137395286,0.4468070248067324,0.09677404175257978,0.14767884703066858,0.22577682023403003,0.39087682703690935,0.045000859002613414,0.03565673051492887,0.032020237201283344,0.3328693774240046,3.19532520605777,0.062499198680951336,0.08823489977348871,1.0,0
1994-02-17,NEOG,0.7668579816818237,0.7668579816818237,0.7224029898643494,0.7224029898643494,755811,-0.04411677950167514,0.10169601529441641,0.17117121556965675,0.35416623138245185,0.02848159700264997,0.07973473751669585,0.15401739733992476,0.31819159612665665,0.05537686468689598,0.04028157804100473,0.03498850721834077,-0.2978057445677824,2.068646705164247,-0.057970305948930115,0.06153766310660202,0.0,1
1994-02-18,NEOG,0.7224029898643494,0.7446309924125671,0.7224029898643494,0.7335169911384583,251937,0.01538476643929143,0.11864535117681907,0.17857154486260463,0.37499976257224654,0.021672329113504474,0.07843202978898982,0.15334277028903998,0.32663390366168354,0.05435389486701338,0.040197902893882045,0.03479048383466899,-0.6666666666666667,0.6784793791007604,0.015384766439291509,0.03030332332686487,0.5,0
1994-02-22,NEOG,0.7224029898643494,0.7446309924125671,0.7224029898643494,0.7224029898643494,142839,-0.015151661663432403,0.10169601529441641,0.1607142275686977,0.30000145875822337,-0.012157898884196381,0.04669935271360361,0.12117337168341805,0.2961121815831082,0.05639807046787135,0.04119433323224624,0.03495617552601861,-0.43303683063623044,0.38426545170069054,0.0,0.030769532878583018,0.0,0
1994-02-23,NEOG,0.7224029898643494,0.7335169911384583,0.6779469847679138,0.6779469847679138,241815,-0.061539065757166056,-0.061539065757166056,0.08928495839306927,0.22000058350328944,-0.06153880249054041,-0.025559224085911034,0.042289350310392375,0.2081597394933959,0.043666685616770826,0.0478655838049327,0.038735995038337315,0.6929200008401066,0.6472990459221887,-0.061539065757166035,0.08196807068854815,0.0,0
1994-02-24,NEOG,0.6779469847679138,0.7001749873161316,0.6001499891281128,0.6223779916763306,580355,-0.08196657605993563,-0.1764697995469774,-0.050846462352670985,0.12000131288240112,-0.10543118892304425,-0.10112316798375709,-0.04802343449238599,0.10410143403878305,0.038390034961965795,0.05295066400434499,0.043916415859121795,1.399995864607241,1.4455805929457222,-0.08196657605993567,0.16071422756869763,0.22222447339049578,0
1994-02-25,NEOG,0.6112639904022217,0.6446059942245483,0.5890359878540039,0.6112639904022217,325044,-0.01785731729390705,-0.15384626174235105,-0.06779579823507365,0.10000109406866753,-0.09240925582006614,-0.11146992034790171,-0.06897995850489777,0.08012596795364707,0.03904535146509353,0.053103393550531744,0.044237872594717544,-0.4399221166355076,0.7827740768279063,0.0,0.0909099950971731,0.4,0
1994-02-28,NEOG,0.6112639904022217,0.6112639904022217,0.6001499891281128,0.6001499891281128,76481,-0.018181999019434625,-0.18181855856311202,-0.08474513411747642,0.0384619430725619,-0.07216504535264696,-0.12052120165910891,-0.08745250663247468,0.056751547318252375,0.03083530109251008,0.05319621871919323,0.043774194674807906,-0.7647057013819667,0.1891255702687017,-0.018181999019434618,0.01851870611587465,0.0,0
1994-03-01,NEOG,0.5890359878540039,0.6112639904022217,0.5556939840316772,0.577921986579895,478005,-0.03703741223174928,-0.20000056106022557,-0.11864380588228185,-0.054545997058303874,-0.06474853175623878,-0.14332823281444165,-0.11901772011618368,0.014435892510420541,0.02804117663818436,0.05389627551829739,0.04263114613804665,5.249983656071443,1.2258422801145972,-0.018868119271625145,0.09615485768140461,0.4,0
1994-03-02,NEOG,0.577921986579895,0.577921986579895,0.5223529934883118,0.577921986579895,385779,0.0,-0.14754103261077423,-0.20000056106022557,-0.10344925154609086,-0.033457589261148904,-0.12457946566522661,-0.1145171263044082,0.011672845307942457,0.031353122270845676,0.03723267145740399,0.04051942089920994,-0.1929394043995356,1.041920825371532,0.0,0.09615310436696994,1.0,1
1994-03-03,NEOG,0.5890359878540039,0.6223779916763306,0.577921986579895,0.6223779916763306,317171,0.0769238861451238,0.0,-0.1764697995469774,0.0,0.04089260909695985,-0.03780043965434653,-0.04640234254479155,0.08443114707648569,0.04454088826418556,0.04408058397379495,0.0437356674398787,-0.17784275453044363,0.8696999356851288,0.05660435781487544,0.07142926917562827,1.0,1
1994-03-04,NEOG,0.6223779916763306,0.655718982219696,0.6223779916763306,0.655718982219696,269933,0.05357032380525517,0.07272633839958775,-0.09230859863574903,0.06306204189789488,0.08058557902752606,0.02430485206547003,0.001697191047473416,0.13636295790311345,0.04836362212860585,0.0483540572391165,0.045204729247920516,-0.1489354323062323,0.7283774374151617,0.05357032380525524,0.050846462352670936,1.0,0
1994-03-07,NEOG,0.655718982219696,0.655718982219696,0.6223779916763306,0.655718982219696,163084,0.0,0.09259184220316796,-0.10606163164402704,0.05357032380525517,0.06115073702213898,0.036906271210196,-0.000847289139538509,0.13005105432400385,0.045858475631905454,0.04774760206358801,0.04519731325974428,-0.3958352628244787,0.45037976732054086,0.0,0.050846462352670936,1.0,0
1994-03-08,NEOG,0.655718982219696,0.655718982219696,0.6334919929504395,0.6334919929504395,114721,-0.03389712647026821,0.09615485768140464,-0.12307672886376808,0.01785731729390716,0.007067854993429531,0.016043432556871535,-0.03553235670895635,0.08674996310826182,0.044916254651953584,0.048331318472656606,0.04596732018418627,-0.2965526967697628,0.31904818122290446,-0.03389712647026821,0.0350864565244718,0.0,0
1994-03-09,NEOG,0.6334919929504395,0.655718982219696,0.6334919929504395,0.6334919929504395,38240,0.0,0.09615485768140464,-0.06557296192222606,0.01785731729390716,-0.010416139049102583,0.02333988200074178,-0.03634763779874708,0.08179986494448968,0.044916254651953584,0.045134664337738245,0.04596732018418627,-0.6666695722666295,0.10664869851773927,0.0,0.0350864565244718,0.0,1
1994-03-10,NEOG,0.655718982219696,0.655718982219696,0.6223779916763306,0.6446059942245483,89978,0.01754402801895938,0.0357146345878141,0.0357146345878141,-0.01694779058786544,6.287745428961699e-07,0.037567790160036876,-0.018611785050026353,0.09454696615514617,0.031818089674201244,0.03666133654244039,0.04451805921485636,1.3529811715481173,0.26251162809695405,-0.016947790587865493,0.05172305383767677,0.6666869275916255,1
1994-03-11,NEOG,0.6390489935874939,0.655718982219696,0.6223779916763306,0.655718982219696,290177,0.01723996998897981,0.0,0.07272633839958775,0.0,0.017240609603576953,0.04795672691651084,-0.0016926816767503417,0.10673350551049439,0.020939599799587295,0.03599904861613324,0.04468310803619458,2.2249772166529596,0.8505012698445265,0.02608561909881142,0.050846462352670936,1.0,1
1994-03-14,NEOG,0.655718982219696,0.6779469847679138,0.6223779916763306,0.6779469847679138,392527,0.033898671764805544,0.033898671764805544,0.12962925443491735,0.033898671764805544,0.04452005606986399,0.0701751972662379,0.030405098431406787,0.1365750612826308,0.02579310862488612,0.03561736244640209,0.04528452703628754,0.35271575624532603,1.1109345373431585,0.033898671764805446,0.08196657605993567,1.0,1
1994-03-15,NEOG,0.6890609860420227,0.7557439804077148,0.6668329834938049,0.7390739917755127,675956,0.0901648777574029,0.16666666666666674,0.27884733396163863,0.1271200191180204,0.1028196583953262,0.13772516735967044,0.11624059550204867,0.22829771321304215,0.034775443712150994,0.038434240661144425,0.049317162295350145,0.7220624313741475,1.8088787205685173,0.0725813922810599,0.12030053540419516,0.8125092596999757,0
1994-03-16,NEOG,0.7446309924125671,0.7446309924125671,0.7224029898643494,0.7224029898643494,384654,-0.02255660745294774,0.14035062463822778,0.25000087665721726,0.0,0.05008098245882295,0.08786638332027204,0.09106199456626439,0.19178625657632398,0.040858264412287,0.0406953874483323,0.04435557394614645,-0.4309481682239672,1.0910834602799684,-0.02985103061074608,0.030769532878583018,0.0,1
1994-03-17,NEOG,0.7224029898643494,0.7446309924125671,0.7112889885902405,0.7335169911384583,302549,0.01538476643929143,0.13793076345941913,0.17857154486260463,-0.02941073941107064,0.03937047442876474,0.08642017182221538,0.10971037392021248,0.200873941968543,0.04099777992925737,0.03607411549910553,0.04322361717686304,-0.21345156946242594,0.963983752893076,0.015384766439291509,0.045454984990297306,0.6666666666666666,0
1994-03-18,NEOG,0.7335169911384583,0.7335169911384583,0.7112889885902405,0.7335169911384583,48363,0.0,0.11864535117681907,0.11864535117681907,0.01538476643929143,0.01694931921496332,0.07404422910294105,0.10877822649729904,0.191766542346439,0.042695381492011936,0.03397901637142354,0.04199469172253002,-0.8401482073978099,0.1736675184321769,0.0,0.03030332332686487,1.0,0
1994-03-21,NEOG,0.7112889885902405,0.7335169911384583,0.7001749873161316,0.7112889885902405,145089,-0.030303323326864917,0.04918084241312881,0.08474667941201353,-0.030303323326864917,-0.02290098649471201,0.03309108736429016,0.07698788301100873,0.14777637366119123,0.04805789993291238,0.0364103781370343,0.04244538986705779,2.0,0.5311930233068998,0.0,0.04687546743611172,0.3333333333333333,0
1994-03-22,NEOG,0.6890609860420227,0.7112889885902405,0.655718982219696,0.655718982219696,177706,-0.07812577906018625,-0.11278303726473848,0.03508645652447173,-0.09230859863574903,-0.07812577906018621,-0.05068462843117269,-0.0021148801703964933,0.052818714468415434,0.03568860011812187,0.04405076373722458,0.045779625261396124,0.2248068426965517,0.6464825642045195,-0.048387594854039935,0.08474667941201361,0.0,1
1994-03-23,NEOG,0.655718982219696,0.6890609860420227,0.655718982219696,0.6890609860420227,41615,0.050848007647208204,-0.046154299317874514,0.08771854058134965,0.016393614137709678,-0.02208224121262798,-0.010375349466735526,0.04773954341566159,0.09929062422117713,0.04870326902294681,0.04636976413631648,0.045218226322647145,-0.7658210752591359,0.1571140102544122,0.05084800764720817,0.048387594854039935,1.0,0
1994-03-24,NEOG,0.6890609860420227,0.6890609860420227,0.655718982219696,0.6890609860420227,47238,0.0,-0.06060664665372972,0.0689645957620253,0.10714227568697643,-0.009584762252280792,-0.01665361821308198,0.04245462930168563,0.09270340887300137,0.04728723967894618,0.046359684023182725,0.04071882315319422,0.1351195482398173,0.19829943895338464,0.0,0.048387594854039935,1.0,0
1994-03-25,NEOG,0.655718982219696,0.6890609860420227,0.655718982219696,0.6890609860420227,23619,0.0,-0.06060664665372972,0.050848007647208204,0.12727233545789174,0.0032362793752857485,-0.021310396216090443,0.03635587350115438,0.08619466766453734,0.04728723967894618,0.04628413509825942,0.04036515685637195,-0.5,0.10584633034460893,0.05084800764720817,0.048387594854039935,1.0,0
1994-03-28,NEOG,0.655718982219696,0.6890609860420227,0.6334919929504395,0.6334919929504395,192327,-0.08064452090194862,-0.10937466611706304,-0.06557296192222606,0.05555611834762386,-0.05629076094725875,-0.09451910097012814,-0.04960351500956093,-0.005582145880276438,0.05670813819738482,0.05236742029334798,0.044592683642483616,7.14289343325289,0.8400886621205745,-0.03389712647026821,0.08771854058134974,0.0,0
1994-03-29,NEOG,0.6223779916763306,0.6446059942245483,0.5668079853057861,0.5890359878540039,361035,-0.0701761120758373,-0.10169446999987908,-0.20300809606500336,0.01923097153628084,-0.10472987020935619,-0.1396106106597981,-0.11703476377465391,-0.07826102950455548,0.05480611319957452,0.04363226293863181,0.046747695830349385,0.8771935297696112,1.6183520363372221,-0.0535719518817212,0.13207683490137603,0.2857142857142857,0
1994-03-30,NEOG,0.5890359878540039,0.5890359878540039,0.5445809960365295,0.5668079853057861,394776,-0.037736238543250256,-0.17741971061002848,-0.2153853274995171,-0.01923097153628095,-0.10526359565659178,-0.1528244108398842,-0.1496462103803172,-0.11519828480072923,0.03788637749052541,0.04393389594061096,0.04758641731774171,0.09345631309983804,1.7660360949977612,-0.03773623854325029,0.07843042612303959,0.49998860331630085,1
1994-03-31,NEOG,0.5668079853057861,0.5890359878540039,0.5668079853057861,0.5890359878540039,194576,0.039216106908278814,-0.14516131404066857,-0.19697022022654442,-0.05357195188172115,-0.039855150259939257,-0.10016987389646703,-0.11408290691003808,-0.08241011549814614,0.049823737823941464,0.04680448132667346,0.04506279247453991,-0.5071230267290818,0.894980247980584,0.0392161069082787,0.03773623854325029,1.0,0
1994-04-04,NEOG,0.5556939840316772,0.5890359878540039,0.5556939840316772,0.5890359878540039,191202,0.0,-0.14516131404066857,-0.19697022022654442,-0.10169446999987908,-0.007490713438812899,-0.07986114133920544,-0.10961799676996338,-0.08399598223362358,0.049823737823941464,0.04680448132667346,0.04315127368965162,-0.01734026807006006,0.8956788631368294,0.06000065644120057,0.05660435781487544,1.0,0
1994-04-05,NEOG,0.5668079853057861,0.6112639904022217,0.5668079853057861,0.5890359878540039,113597,0.0,-0.0701761120758373,-0.17187528936521201,-0.10169446999987908,0.007604641824233183,-0.06194689694276237,-0.10510785349542136,-0.08557637673313458,0.0416616690331779,0.047093168538174454,0.04315127368965162,-0.4058796456104016,0.5383814244024507,0.0392161069082787,0.07547247708650058,0.5,1
1994-04-06,NEOG,0.6223779916763306,0.6223779916763306,0.6001499891281128,0.6001499891281128,51737,0.018868119271625128,0.018868119271625128,-0.08474513411747642,-0.052632084056877915,0.02272750819301675,-0.03571416360849116,-0.08590776398643571,-0.0696071220014926,0.028439077627055213,0.04307315445426653,0.04286868866398626,-0.5445566344181625,0.24891741827743874,-0.03571463458781413,0.0370374122317493,0.0,1
1994-04-07,NEOG,0.6223779916763306,0.6223779916763306,0.6001499891281128,0.6223779916763306,133842,0.03703741223174939,0.09804026727069681,-0.09677371918662858,-0.017544028018959268,0.04089260909695985,0.01083076455784702,-0.051249139522529505,-0.03713855190577842,0.019079135540499163,0.041156765002274866,0.043742476718402694,1.5869687071148308,0.6294651013988506,0.0,0.03571463458781413,1.0,1
1994-04-08,NEOG,0.6223779916763306,0.6334919929504395,0.6001499891281128,0.6334919929504395,201325,0.01785731729390716,0.07547247708650051,-0.08064452090194862,-0.017241541924348458,0.04395648434877404,0.038251919686187526,-0.033488255260765064,-0.022297931580460294,0.015479567484833147,0.04198625393139856,0.04374913317421592,0.5041989808879126,0.9226817235002555,0.017857317293907066,0.05263208405687794,1.0,1
1994-04-11,NEOG,0.6446059942245483,0.6446059942245483,0.6112639904022217,0.6446059942245483,231692,0.01754402801895938,0.09434059635812564,-0.06451532261726867,-0.01694779058786544,0.04316589231954695,0.06422082808465238,-0.01569730533301412,-0.007867959049751318,0.013105946922589462,0.04269765998594746,0.04375547398717542,0.15083571339873347,1.0762793452446622,0.0,0.05172462577304545,1.0,1
1994-04-12,NEOG,0.6223779916763306,0.655718982219696,0.6223779916763306,0.655718982219696,425144,0.01723996998897981,0.11320699539706203,0.03508645652447173,-0.032787228275419245,0.03873149571045483,0.07860990245503167,0.0029741806518568423,0.006825229676300741,0.008590481719436317,0.03395990361976791,0.04323292874728429,0.8349533000707836,1.9600732311950875,0.05357032380525524,0.050846462352670936,1.0,0
1994-04-13,NEOG,0.655718982219696,0.655718982219696,0.6223779916763306,0.6446059942245483,92227,-0.01694779058786544,0.07407482446349856,0.09434059635812564,-0.1278194045551777,0.006944829165463086,0.05072531390930463,-0.006848681511618009,-0.011250615096774162,0.019525194865354152,0.023651297406420364,0.037649171532656914,-0.7830687955139906,0.49131225872749557,-0.016947790587865493,0.05172305383767677,0.6666869275916255,0
1994-04-14,NEOG,0.6446059942245483,0.6446059942245483,0.6223779916763306,0.6446059942245483,74231,0.0,0.0357146345878141,0.1372563741789754,-0.10769196242447654,3.143871726087595e-07,0.03756762093384672,-0.0008607068675831493,-0.011250615096774162,0.015462174247133862,0.017529464248174073,0.03746844849396474,-0.1951272403959795,0.43108810095560546,0.0,0.034483083848696965,1.0,0
1994-04-15,NEOG,0.6223779916763306,0.6446059942245483,0.6223779916763306,0.6446059942245483,109098,0.0,0.01754402801895938,0.09434059635812564,-0.12121191190938219,-0.003436146186369809,0.02836923571917725,0.006071733306959247,-0.011924386386083537,0.014392802290856868,0.015274735825241224,0.03718483709987807,0.4697094205924748,0.6712816330347993,0.03571463458781413,0.034483083848696965,1.0,0
1994-04-18,NEOG,0.6446059942245483,0.6446059942245483,0.6223779916763306,0.6223779916763306,50612,-0.034483083848696916,-0.034483083848696916,0.05660435781487538,-0.1515152352362471,-0.03114185759601972,-0.012345639309214224,-0.020122208335465828,-0.046158776505595224,0.01961965630024293,0.02055279473433052,0.03769928829556992,-0.5360868210233001,0.31120107431146177,-0.034483083848696965,0.03571463458781413,0.0,1
1994-04-19,NEOG,0.6334919929504395,0.6334919929504395,0.6001499891281128,0.6334919929504395,311547,0.01785731729390716,-0.03389712647026821,0.07547247708650051,-0.10937466611706304,-0.006968707527536185,-0.001751170871569704,0.003521563371643126,-0.029456357407719375,0.019810083989092,0.02077595869465483,0.037703542470367266,5.1555955109460205,1.8223673396807274,0.0,0.05263208405687794,1.0,0
1994-04-20,NEOG,0.6001499891281128,0.6334919929504395,0.6001499891281128,0.6334919929504395,59610,0.0,-0.017241541924348458,0.05555611834762386,-0.03389712647026821,-0.0034965369353991043,-0.006968549797706926,0.005291379634875699,-0.029786758576267794,0.01905704351378204,0.020483268549159314,0.033556611526776345,-0.8086645032691697,0.3611578134230018,0.055556118347623945,0.05263208405687794,1.0,0
1994-04-21,NEOG,0.6334919929504395,0.6334919929504395,0.6001499891281128,0.6334919929504395,20245,0.0,-0.017241541924348458,0.01785731729390716,-0.08064452090194862,0.0,-0.008695577719429042,0.009743474560043349,-0.030116934865115536,0.01905704351378204,0.017265024965796474,0.031254885668540726,-0.6603757758765307,0.12345716655283442,0.0,0.05263208405687794,1.0,0
1994-04-22,NEOG,0.6334919929504395,0.6334919929504395,0.6001499891281128,0.6223779916763306,59610,-0.017544028018959268,-0.034483083848696916,-0.017544028018959268,-0.09677371918662858,-0.01060080916860659,-0.024390321383763756,-0.002671279937330963,-0.04615880613049955,0.0198887204184884,0.017260482338477365,0.03139093269323122,1.9444307236354654,0.36214494789268215,-0.017544028018959316,0.0535719518817212,0.6666666666666666,1
1994-04-25,NEOG,0.6001499891281128,0.6446059942245483,0.6001499891281128,0.6446059942245483,37116,0.0357146345878141,0.0357146345878141,0.0,-0.06451532261726867,0.017544028018959316,0.010453221788349907,0.03664029971187814,-0.01175609107363832,0.02026455997692927,0.02020836351206146,0.03265645692058827,-0.37735279315551085,0.2245678403194144,0.0740748244634986,0.06896616769739393,1.0,0
1994-04-26,NEOG,0.6446059942245483,0.6668329834938049,0.6334919929504395,0.6446059942245483,197951,0.0,0.01754402801895938,-0.01694779058786544,0.01754402801895938,0.013986147741596244,0.012216521514547921,0.035714718898952065,-0.011419236225005187,0.01947622816573549,0.019306871006903526,0.027034987717788693,4.333306390774868,1.1956548328945664,0.0,0.05172305383767677,0.33334346379581276,1
1994-04-28,NEOG,0.6446059942245483,0.6779469847679138,0.6446059942245483,0.6779469847679138,184454,0.051723053837676725,0.07017451256239049,0.051723053837676725,0.15094323394031228,0.05172338448591404,0.05902692314765006,0.08155963306329077,0.03900480063781505,0.028642527769741553,0.02468202751953967,0.023615921337468315,-0.06818354037110197,1.1768931969455674,0.05172305383767677,0.0491793477845164,1.0,1
1994-04-29,NEOG,0.6890609860420227,0.6890609860420227,0.6668329834938049,0.6890609860420227,127093,0.016393614137709678,0.08771854058134965,0.0689645957620253,0.21568680030201515,0.0508470333263002,0.06896493183078214,0.08867378795557421,0.057118200863018775,0.027560180405831147,0.02483287965755066,0.021154288773892683,-0.3109772626237436,0.8866203984849187,0.0,0.03225839656935996,1.0,0
1994-05-02,NEOG,0.6890609860420227,0.6890609860420227,0.6668329834938049,0.6668329834938049,53987,-0.032258396569359915,0.07142764109916233,0.03448151191332838,0.13207511466868715,0.0033439054109626015,0.030927043709520513,0.04711961078257936,0.02581573313500529,0.03254085117693575,0.02776093308780383,0.02198413622490862,-0.5752165736901325,0.39604301769418115,-0.03225839656935996,0.033333687892516006,0.0,1
1994-05-03,NEOG,0.6890609860420227,0.6890609860420227,0.6779469847679138,0.6779469847679138,114721,0.01666684394625806,0.051723053837676725,0.08928495839306927,0.15094323394031228,0.009933574903891754,0.03918174036779159,0.05719175408197815,0.04434126133255957,0.030457491568546102,0.02445054070642877,0.022042579929058462,1.1249745309055883,0.8658714737008549,-0.01612919828467998,0.01639361413770963,0.0,1
1994-05-04,NEOG,0.6890609860420227,0.7557439804077148,0.6890609860420227,0.7335169911384583,355411,0.08196807068854817,0.13793076345941913,0.15789465265718694,0.24528383029843814,0.06451679313871991,0.10738285320287291,0.1311055952772433,0.12994389966443434,0.042905401505132196,0.033720883764982126,0.02754941671611977,2.0980465651450038,2.458185681338667,0.06451679313871991,0.09090858858251737,0.6666767969752091,0
1994-05-05,NEOG,0.7224029898643494,0.7557439804077148,0.7001749873161316,0.7112889885902405,316046,-0.030303323326864917,0.04918084241312881,0.1228065966192684,0.1851853727825412,0.02236444525532206,0.06135987485229746,0.08751047411663204,0.09607815305856343,0.046566192756049625,0.03649290392933573,0.029001955633186614,-0.11075909299374531,2.0028504779208367,-0.015384766439291509,0.07812435449298857,0.20000364692215858,0
1994-05-06,NEOG,0.7112889885902405,0.7224029898643494,0.6890609860420227,0.7001749873161316,174331,-0.015625155812037272,0.01612919828468007,0.10526256860030903,0.12499959298088359,0.003184745740508072,0.03448265537364135,0.06418889782412768,0.07821312511253471,0.04773878111235289,0.03739830590199472,0.02870421696086748,-0.44839991646785593,1.0907784915207523,-0.01562515581203724,0.0476195300122491,0.3333333333333333,1
1994-05-09,NEOG,0.7001749873161316,0.7224029898643494,0.7001749873161316,0.7224029898643494,2249,0.031746353341499445,0.08333421973129007,0.1607142275686977,0.14035062463822778,0.01880896557800865,0.05178015967042591,0.0906040794624106,0.10902598460923799,0.04398966196828262,0.03650354405901995,0.029163137257367733,-0.987099253718501,0.015006463989323992,0.031746353341499396,0.030769532878583018,1.0,0
1994-05-10,NEOG,0.7224029898643494,0.7224029898643494,0.7001749873161316,0.7224029898643494,10122,0.0,0.06557445655083849,0.12068922153507078,0.12068922153507078,0.006192011636845563,0.040000256741222685,0.08423693635189018,0.10525442541832451,0.044637555927526135,0.03606162943743458,0.029092571469250098,3.5006669630947087,0.0729301950245064,0.0,0.030769532878583018,1.0,0
1994-05-11,NEOG,0.7001749873161316,0.7224029898643494,0.6890609860420227,0.7112889885902405,140590,-0.015384766439291542,-0.030303323326864917,0.10344767961072221,0.08474667941201353,-0.003115295766058431,0.01426321874457218,0.06312278773679078,0.08456198185564892,0.023622651546612247,0.0369491895958036,0.02934902246323605,12.889547520252915,1.128669893158096,0.015873176670749698,0.04687546743611172,0.6666666666666666,0
1994-05-12,NEOG,0.6890609860420227,0.7224029898643494,0.6890609860420227,0.6890609860420227,149588,-0.031250311624074434,-0.031250311624074434,0.016393614137709678,0.0689645957620253,-0.02821344836701289,-0.018987533510110118,0.026489648870309607,0.047120120559863005,0.023869594040220304,0.03596487606178031,0.03006405835157706,0.06400170709154285,1.1738781736882664,0.0,0.048387594854039935,0.0,0
1994-05-13,NEOG,0.6890609860420227,0.6890609860420227,0.6890609860420227,0.6890609860420227,25869,0.0,-0.015873176670749722,0.0,0.0689645957620253,-0.025157485149378746,-0.018987533510110118,0.02310193783167994,0.04359505390112337,0.0233279292946674,0.03561772766411383,0.03006405835157706,-0.827065005214322,0.20693130686931308,0.0,0.0,0.5,0
1994-05-16,NEOG,0.6890609860420227,0.7224029898643494,0.6334919929504395,0.6334919929504395,366658,-0.08064452090194862,-0.12307672886376808,-0.04999901229941972,-0.017241541924348458,-0.08064479128825983,-0.09379931563219611,-0.05862891124705664,-0.040888051426322944,0.03345441863171423,0.043076436390241855,0.03550988077280136,13.173644130039817,2.659051928885601,-0.08064452090194865,0.1403506246382277,0.0,1
1994-05-17,NEOG,0.655718982219696,0.6668329834938049,0.6334919929504395,0.6668329834938049,92227,0.05263048454343111,-0.0769238321964576,-0.016393614137709678,0.07142764109916233,-0.016393908162871316,-0.04458657907293469,-0.012346327496936151,0.009250828204726976,0.0484052724736166,0.04639336856570828,0.03642351390167488,-0.7484658728297214,0.6588995954526375,0.016949335882402723,0.049999012299419686,1.0,0
1994-05-18,NEOG,0.6334919929504395,0.6668329834938049,0.6334919929504395,0.6668329834938049,39365,0.0,-0.06250062324814898,-0.09090996998059464,0.05263048454343111,-0.003322596248724598,-0.03537027922775581,-0.01477892248107491,0.008911409702504472,0.048856002811892646,0.03631337157327882,0.03628674047829794,-0.5731727151484923,0.3115252470775466,0.05263048454343112,0.049999012299419686,1.0,0
1994-05-19,NEOG,0.6334919929504395,0.6668329834938049,0.6334919929504395,0.6446059942245483,42739,-0.03333216835316166,-0.06451532261726867,-0.09374951030502576,0.01754402801895938,-0.023568341396819424,-0.05844096256923982,-0.048399766118817446,-0.025045679592652463,0.049071042212794146,0.036523906988587936,0.03719512748882135,0.085710656674711,0.34049933635333723,0.017544028018959316,0.05172305383767677,0.33334346379581276,1
1994-05-20,NEOG,0.6446059942245483,0.6668329834938049,0.6446059942245483,0.6668329834938049,4499,0.03448151191332838,-0.032258396569359915,-0.047619530012249056,0.05263048454343111,0.016948707288289847,-0.021207689760415677,-0.01800382770094154,0.00755604645734641,0.053453653808471786,0.03890199072847984,0.03791293951060928,-0.894733147710522,0.03606953507259204,0.034481511913328294,0.03333216835316168,1.0,0
1994-05-23,NEOG,0.6668329834938049,0.6668329834938049,0.6334919929504395,0.6334919929504395,32617,-0.04999901229941972,0.0,-0.12307672886376808,0.01785731729390716,-0.033897723635296306,-0.05785076889373748,-0.06786546829653872,-0.04249917870060725,0.04349430517756727,0.039103131541854796,0.03951067098837551,6.249833296288064,0.26435859789523,-0.049999012299419686,0.05263048454343112,0.0,0
1994-05-24,NEOG,0.6668329834938049,0.6668329834938049,0.6334919929504395,0.6334919929504395,24744,0.0,-0.04999901229941972,-0.12307672886376808,-0.017241541924348458,-0.0239722177938066,-0.045225670198679575,-0.06710266639770522,-0.04185539538228043,0.03287343652055242,0.039103131541854796,0.03868742901607988,-0.24137719594076712,0.20155901959099257,-0.049999012299419686,0.05263048454343112,0.0,0
1994-05-25,NEOG,0.6668329834938049,0.6668329834938049,0.6112639904022217,0.6334919929504395,206948,0.0,-0.04999901229941972,-0.10937466611706304,-0.017241541924348458,-0.013840650334326448,-0.0338978729264379,-0.06633861501551686,-0.04056519868390372,0.03287343652055242,0.039272741341206584,0.03868742901607988,7.363562883931458,1.6795968603936764,-0.049999012299419686,0.08771854058134974,0.40000729384431716,0
1994-05-26,NEOG,0.6334919929504395,0.6334919929504395,0.6112639904022217,0.6334919929504395,38240,0.0,-0.017241541924348458,-0.08064452090194862,-0.06557296192222606,-0.010416452322099168,-0.025640657994666596,-0.06326992322682759,-0.03748697035937909,0.03016917852337102,0.03870488496375206,0.036715191337468124,-0.8152192821385082,0.329933340350744,0.0,0.03508805603791863,1.0,0
1994-05-27,NEOG,0.6334919929504395,0.6334919929504395,0.6112639904022217,0.6223779916763306,82104,-0.017544028018959268,-0.06666585624567767,-0.09677371918662858,-0.09677371918662858,-0.01408464268835974,-0.03281505175965998,-0.07514428237496229,-0.051490318212532096,0.021767416538013798,0.03871538153780066,0.03656803331618615,1.147071129707113,0.7224110283297148,-0.017544028018959316,0.03571463458781413,0.5,1
1994-05-31,NEOG,0.6446059942245483,0.6446059942245483,0.6334919929504395,0.6334919929504395,34866,0.01785731729390716,0.0,0.0,-0.04999901229941972,0.003521160672089979,-0.015543723257041144,-0.05629104584839009,-0.03160004142634931,0.012516559731325995,0.030175188070060706,0.03627756355953668,-0.5753434668225665,0.3093790678875247,-0.017241541924348482,0.017544028018959316,0.0,0
1994-06-01,NEOG,0.6334919929504395,0.6334919929504395,0.6334919929504395,0.6334919929504395,11247,0.0,0.0,-0.04999901229941972,-0.06557296192222606,0.003521160672089979,-0.010416452322099168,-0.05315584051406856,-0.028629489867725382,0.012516559731325995,0.024016216810001656,0.036018228332446244,-0.6774221304422647,0.10460087609162691,0.0,0.0,0.5,1
1994-06-02,NEOG,0.6334919929504395,0.655718982219696,0.6334919929504395,0.655718982219696,114721,0.03508645652447173,0.03508645652447173,-0.01666684394625806,-0.10606163164402704,0.03146756731340176,0.026085944492110047,-0.014202999311084335,0.007168851428259509,0.02004437409210064,0.02716115574097656,0.03144889017837709,9.200142260158264,1.2014116883184887,0.0350864565244718,0.03389712647026821,1.0,0
1994-06-03,NEOG,0.655718982219696,0.655718982219696,0.6223779916763306,0.6223779916763306,74231,-0.050846462352670985,-0.017544028018959268,-0.034483083848696916,-0.12499982192910031,-0.017543713728551118,-0.022687514661882048,-0.05803177131618128,-0.04306200714270874,0.033148825977835555,0.02988142583049509,0.03262826822606461,-0.35294322748232665,0.8900839650949816,-0.050846462352670936,0.05357032380525524,0.0,1
1994-06-06,NEOG,0.6446059942245483,0.6446059942245483,0.6223779916763306,0.6446059942245483,91102,0.0357146345878141,0.0357146345878141,-0.03333216835316166,-0.07936443617414402,0.010453382285446518,0.015762134556552808,-0.020269778591691042,-0.007528571766628286,0.03579417696019411,0.030055765620538286,0.03383991117624133,0.2272770136465898,1.1497508086571433,0.0,0.034483083848696965,1.0,0
1994-06-07,NEOG,0.6223779916763306,0.6446059942245483,0.6223779916763306,0.6223779916763306,39365,-0.034483083848696916,-0.017544028018959268,-0.017544028018959268,-0.13846149530305962,-0.0209789095160002,-0.01754387087378044,-0.04680835479103956,-0.03978035399415834,0.03949311699279873,0.027663674470394414,0.03343977263621588,-0.5679019121424338,0.4854356959555863,0.0,0.03571463458781413,0.0,0
1994-06-08,NEOG,0.655718982219696,0.655718982219696,0.6223779916763306,0.6223779916763306,21370,0.0,-0.017544028018959268,-0.017544028018959268,-0.13846149530305962,-0.017543713728551118,-0.015817217566520787,-0.039450959342808484,-0.0378005300934641,0.03949311699279873,0.027663674470394414,0.03343977263621588,-0.4571319700241331,0.26171245920310576,-0.050846462352670936,0.05357032380525524,0.0,1
1994-06-09,NEOG,0.6223779916763306,0.655718982219696,0.6223779916763306,0.655718982219696,39365,0.05357032380525517,0.0,0.03508645652447173,-0.07812577906018625,0.03508678765151894,0.033274008256394566,0.01636434474663301,0.013048578580501173,0.044487727141082505,0.03269830747794003,0.03597594634569879,0.8420683200748713,0.513948683467538,0.05357032380525524,0.050846462352670936,1.0,0
1994-06-10,NEOG,0.655718982219696,0.655718982219696,0.6446059942245483,0.6446059942245483,16871,-0.01694779058786544,0.0357146345878141,0.01754402801895938,-0.06451532261726867,0.010453382285446518,0.013986470984399169,0.002593411253593759,-0.005827400708221798,0.03652067585433689,0.033357516640453985,0.03553342801248778,-0.5714213133494221,0.2411610494386584,-0.016947790587865493,0.01723996998897981,0.0,0
1994-06-13,NEOG,0.6446059942245483,0.655718982219696,0.6446059942245483,0.6446059942245483,25869,0.0,0.0,0.0357146345878141,-0.06451532261726867,0.010453382285446518,0.010453382285446518,0.006071574198777883,-0.008207454469766595,0.03295897002868154,0.0326553040449441,0.03553342801248778,0.5333412364412304,0.3697821817277372,0.0,0.01723996998897981,0.0,0
1994-06-14,NEOG,0.6446059942245483,0.6446059942245483,0.6223779916763306,0.6223779916763306,28118,-0.034483083848696916,0.0,-0.017544028018959268,-0.017544028018959268,-0.024390166421101984,-0.022687514661882048,-0.027777656865447975,-0.04338900473890712,0.03295897002868154,0.03433783446956773,0.03147283231713574,0.08693803394023725,0.5302241733043688,-0.034483083848696965,0.03571463458781413,0.0,0
1994-06-15,NEOG,0.6223779916763306,0.6223779916763306,0.6223779916763306,0.6223779916763306,76481,0.0,0.0,-0.017544028018959268,-0.06666585624567767,-0.024390166421101984,-0.0209789095160002,-0.024390166421101984,-0.04436847961372323,0.03295897002868154,0.03433783446956773,0.02889920919037246,1.7200014225762859,1.463944520903239,0.0,0.0,0.5,1
1994-06-16,NEOG,0.6223779916763306,0.6446059942245483,0.6223779916763306,0.6334919929504395,39365,0.01785731729390716,-0.03389712647026821,-0.03389712647026821,-0.04999901229941972,0.0,1.5995137019706298e-07,-0.004366616116517857,-0.02862958042199548,0.01981008398909199,0.032706152206286386,0.029271737339056362,-0.48529700186974545,0.7534966340052562,0.017857317293907066,0.03508805603791863,0.5,0
1994-06-17,NEOG,0.6334919929504395,0.6334919929504395,0.6112639904022217,0.6112639904022217,10122,-0.03508805603791865,-0.051724625773045485,-0.01785731729390705,-0.051724625773045485,-0.024822935795205458,-0.03339208178763573,-0.0367777048283644,-0.06303243147627931,0.023474851648848064,0.030444037342735143,0.029372632566104607,-0.7428680299758669,0.19999110887186403,-0.03508805603791863,0.036363998038869236,0.0,0
1994-06-20,NEOG,0.6334919929504395,0.6334919929504395,0.6001499891281128,0.6112639904022217,136091,0.0,-0.051724625773045485,-0.051724625773045485,-0.08333270019193573,-0.014337058114287222,-0.02826866792143056,-0.0325419345806674,-0.06271308013772503,0.023474851648848064,0.02756702327710202,0.028087547494224353,12.445070144240269,2.3795523313199345,-0.03508805603791863,0.054545997058303854,0.3333333333333333,1
1994-06-21,NEOG,0.6112639904022217,0.6223779916763306,0.5890359878540039,0.6223779916763306,61860,0.018181999019434514,0.0,0.0,-0.017544028018959268,0.00358426452857185,-0.010600649794424117,-0.014084484434565551,-0.04534595076970479,0.021682133004941265,0.026301194665122457,0.02628613823253473,-0.5454512054434165,1.0546595287618918,0.018181999019434618,0.0535719518817212,1.0,0
1994-06-22,NEOG,0.5890359878540039,0.6223779916763306,0.5890359878540039,0.6223779916763306,77606,0.0,0.0,0.0,-0.017544028018959268,0.00358426452857185,-0.010600649794424117,-0.013215827890465331,-0.04469452566397135,0.021682133004941265,0.026301194665122457,0.02628613823253473,0.25454251535725825,1.2660631579634274,0.05660435781487544,0.0535719518817212,1.0,0
1994-06-23,NEOG,0.6223779916763306,0.6223779916763306,0.6001499891281128,0.6001499891281128,74231,-0.0357146345878141,-0.052632084056877915,-0.08474513411747642,-0.052632084056877915,-0.021739345870262328,-0.03743352009263257,-0.04593668604843701,-0.07723878413876255,0.02389301389307636,0.020788729572978743,0.02743440788044569,-0.04348890549699769,1.3580187061217956,-0.03571463458781413,0.0370374122317493,0.0,1
1994-06-24,NEOG,0.6001499891281128,0.6223779916763306,0.6001499891281128,0.6223779916763306,16871,0.03703741223174939,0.018181999019434514,-0.034483083848696916,-0.017544028018959268,0.010830431851141693,0.0017889262717957215,-0.009725840704567263,-0.04240754983617778,0.02693419227659712,0.024973956172407975,0.028816067575812156,-0.7727229863534103,0.31479974922004444,0.0370374122317493,0.03571463458781413,1.0,0
1994-06-27,NEOG,0.5890359878540039,0.6223779916763306,0.5890359878540039,0.6223779916763306,146213,0.0,0.018181999019434514,-0.034483083848696916,0.0,0.007194315386591218,0.005386049305595277,-0.009725840704567263,-0.04175210704237321,0.02693419227659712,0.024973956172407975,0.028535262384160296,7.666528362278466,2.57425184754812,0.05660435781487544,0.0535719518817212,1.0,0
1994-06-28,NEOG,0.6223779916763306,0.6223779916763306,0.5890359878540039,0.6223779916763306,35991,0.0,0.0,0.0,-0.017544028018959268,0.007194315386591218,0.005386049305595277,-0.00884948326479725,-0.04109576637284089,0.025724283665568937,0.02242872277910597,0.028237676004429946,-0.753845417302155,0.6330369627733953,0.0,0.0535719518817212,1.0,1
1994-06-29,NEOG,0.5890359878540039,0.6446059942245483,0.5890359878540039,0.6334919929504395,881780,0.01785731729390716,0.01785731729390716,0.01785731729390716,0.0,0.02150558717143092,0.02150558717143092,0.008849805998563214,-0.024306454151052363,0.02689151167718185,0.02310916655313971,0.028535262384160296,23.50001389236198,8.784318569771317,0.07547247708650058,0.08772014009479658,0.8,0
1994-06-30,NEOG,0.6446059942245483,0.655718982219696,0.6223779916763306,0.6223779916763306,43864,-0.017544028018959268,0.03703741223174939,-0.017544028018959268,-0.050846462352670985,-0.0035587535006949065,0.005386049305595277,-0.006211160025289126,-0.04109576637284089,0.020733014881351795,0.023123872305788207,0.0275775902924044,-0.9502551656875865,0.452961276684948,-0.034483083848696965,0.05357032380525524,0.0,1
1994-07-01,NEOG,0.6223779916763306,0.655718982219696,0.6223779916763306,0.655718982219696,73107,0.05357032380525517,0.05357032380525517,0.07272633839958775,0.05357032380525517,0.03873149571045483,0.051692454443368376,0.044246770856453614,0.00958157437005171,0.026998923779244618,0.02568129633855498,0.02777534624113112,0.6666742659128215,0.7553772856757602,0.05357032380525524,0.050846462352670936,1.0,1
1994-07-05,NEOG,0.655718982219696,0.6668329834938049,0.6446059942245483,0.6668329834938049,353162,0.01694933588240266,0.07142764109916233,0.09090833741902249,0.03448151191332838,0.04166613904910251,0.060069982653763544,0.060069897274776976,0.025640314325266398,0.0263641562911272,0.025702433800238213,0.026914848817759227,3.8307549208694107,3.2139207226457454,0.016949335882402723,0.03333216835316168,1.0,0
1994-07-06,NEOG,0.6334919929504395,0.6668329834938049,0.6334919929504395,0.6334919929504395,17996,-0.04999901229941972,0.01785731729390716,0.01785731729390716,0.01785731729390716,-0.01384033922557989,0.005291379634875699,0.006178590292486692,-0.02597369212370227,0.039359963564071516,0.031414523428422436,0.028215152455932514,-0.9490432152949638,0.16537910328979988,0.0,0.05263048454343112,0.0,0
1994-07-07,NEOG,0.655718982219696,0.655718982219696,0.627934992313385,0.627934992313385,218195,-0.00877201400947969,-0.00877201400947969,0.008928658646953469,0.008928658646953469,-0.02079680530875121,-0.004405008911164936,-0.003087570454425454,-0.03402265592319756,0.03884258178686562,0.03160516088056857,0.02830384912272024,11.12463880862414,1.8388577583119203,-0.04237179441146958,0.04424660234963433,0.0,1
1994-07-08,NEOG,0.6446059942245483,0.6446059942245483,0.6334919929504395,0.6446059942245483,48363,0.0265489296109227,0.0357146345878141,0.07407482446349856,-0.01694779058786544,-0.001720559989411973,0.014873607030139673,0.024282960211883517,-0.008376991409556493,0.039196345612347874,0.029561490182703366,0.026221853849115427,-0.7783496413758335,0.406043936669135,0.0,0.017241541924348482,1.0,0
1994-07-11,NEOG,0.6446059942245483,0.6446059942245483,0.6223779916763306,0.6223779916763306,93352,-0.034483083848696916,-0.050846462352670985,0.0,-0.034483083848696916,-0.026086895855112827,-0.02012236465691017,-0.009287855785226678,-0.04093151074563476,0.032645556233221004,0.030281660434828234,0.02707894425190974,0.9302359241568967,0.7593800955570098,-0.034483083848696965,0.03571463458781413,0.0,1
1994-07-12,NEOG,0.6446059942245483,0.6446059942245483,0.6223779916763306,0.6446059942245483,46113,0.0357146345878141,-0.03333216835316166,0.0357146345878141,0.0,0.015761972368576616,0.011334344222484518,0.02609506642711377,-0.005315933364395409,0.037263355095447113,0.0322685052703639,0.028325332569452587,-0.5060309366698089,0.3720469034213421,0.0,0.034483083848696965,1.0,1
1994-07-13,NEOG,0.655718982219696,0.6668329834938049,0.6334919929504395,0.655718982219696,154086,0.01723996998897981,0.03508645652447173,0.05357032380525517,0.05357032380525517,0.026085944492110047,0.023416298870324995,0.04102241739308543,0.012179565397060648,0.028639303529761437,0.032491753541365735,0.027317868225114283,2.3414872161863247,1.1830704966007626,0.0,0.050846462352670936,0.6666565362041872,0
1994-07-14,NEOG,0.6668329834938049,0.6668329834938049,0.6446059942245483,0.6446059942245483,17996,-0.01694779058786544,0.0265489296109227,0.01754402801895938,0.0357146345878141,0.003460556927366825,0.0043295210079084,0.02157685202883677,-0.003949392079805193,0.029984550959091357,0.03290724731925618,0.027675292791364825,-0.8832080786054541,0.14134664172129358,-0.03333216835316168,0.034481511913328294,0.0,1
1994-07-15,NEOG,0.6668329834938049,0.6668329834938049,0.6446059942245483,0.6668329834938049,21370,0.03448151191332838,0.03448151191332838,0.07142764109916233,0.05263048454343111,0.030927205207794566,0.031813651940370884,0.05401770043169215,0.03252377807190837,0.03153871247867607,0.033540524494388706,0.028412642261614385,0.18748610802400534,0.1690417814804722,0.0,0.03333216835316168,1.0,0
1994-07-18,NEOG,0.6446059942245483,0.655718982219696,0.6446059942245483,0.655718982219696,53987,-0.01666684394625806,0.05357032380525517,0.0,0.07272633839958775,0.0034007751325824576,0.014616574821862151,0.032821887510960275,0.017065123882652633,0.02620776250341754,0.029968766867130608,0.02739495336050543,1.5262985493682732,0.41976740840841076,0.01723996998897981,0.016947790587865493,1.0,0
1994-07-19,NEOG,0.655718982219696,0.6668329834938049,0.6334919929504395,0.6334919929504395,64109,-0.03389712647026821,-0.017241541924348458,-0.04999901229941972,0.03636399803886925,-0.027303101131270855,-0.014692845079610639,-0.003931488814290693,-0.015373665208236038,0.02806399437939151,0.031140695891095475,0.028666225534645522,0.18748958082501344,0.5128203077129825,-0.03389712647026821,0.05263048454343112,0.0,0
1994-07-20,NEOG,0.6334919929504395,0.6334919929504395,0.6334919929504395,0.6334919929504395,8998,0.0,-0.03389712647026821,0.0,0.01785731729390716,-0.020618136805196318,-0.014692845079610639,-0.004801046580362111,-0.012644755098649992,0.025907535914796834,0.026761485843041423,0.02841920963680853,-0.8596452916127221,0.07353139466942335,0.0,0.0,0.5,1
1994-07-21,NEOG,0.6334919929504395,0.655718982219696,0.6334919929504395,0.655718982219696,85479,0.03508645652447173,0.01723996998897981,0.0442466023496344,0.05357032380525517,0.010273453994880829,0.015489747596986134,0.027426241760631995,0.024126855937900035,0.030718897185545546,0.028633934461316762,0.02940269677312894,8.499777728384085,0.696292006192412,0.0350864565244718,0.03389712647026821,1.0,0
1994-07-22,NEOG,0.655718982219696,0.655718982219696,0.6334919929504395,0.655718982219696,120345,0.0,-0.01666684394625806,0.01723996998897981,0.09259184220316796,0.013745219972008485,0.013745061165301454,0.022972761827620883,0.025907654150403955,0.025543823197880136,0.027595805980627826,0.027976122866487298,0.40788965710876357,0.9622300037139543,0.0,0.03389712647026821,1.0,0
1994-07-25,NEOG,0.655718982219696,0.655718982219696,0.6334919929504395,0.655718982219696,50612,0.0,0.0,0.05357032380525517,0.05357032380525517,0.013745219972008485,0.008546473061927405,0.02031918985472566,0.02697910885392353,0.024391554446106436,0.02450440621673515,0.026937020261495425,-0.5794424363288877,0.39928713377444364,0.0,0.03389712647026821,1.0,0
1994-07-26,NEOG,0.6334919929504395,0.6446059942245483,0.6334919929504395,0.6446059942245483,22494,-0.01694779058786544,0.01754402801895938,0.0,0.0357146345878141,-0.006848448939903974,-0.008546161361656469,0.0012954203613355923,0.010981871575341105,0.01905573927234185,0.02289578624529387,0.027299075754538202,-0.5555599462578045,0.18656389921369296,0.017544028018959316,0.017241541924348482,1.0,0
1994-07-27,NEOG,0.6334919929504395,0.6334919929504395,0.6334919929504395,0.6334919929504395,4499,-0.017241541924348458,0.0,-0.03389712647026821,0.01785731729390716,-0.023971913044738342,-0.02229790100091858,-0.016817134009298153,-0.006449014748181432,0.02130373698957673,0.022645345786617494,0.02763931397265658,-0.7999911087401085,0.037808200068321994,0.0,0.0,0.5,0
1994-07-28,NEOG,0.6334919929504395,0.6334919929504395,0.6334919929504395,0.6334919929504395,7873,0.0,-0.03389712647026821,-0.017241541924348458,0.0,-0.017240923990848228,-0.020617983381628558,-0.016817134009298153,-0.00540885004383401,0.009363710298449094,0.022131606109117078,0.02736154288734558,0.7499444320960214,0.1045551128818061,0.0,0.0,0.5,1
1994-07-29,NEOG,0.655718982219696,0.655718982219696,0.6223779916763306,0.6446059942245483,431892,0.01754402801895938,-0.01694779058786544,-0.03333216835316166,0.0357146345878141,0.003460556927366825,6.287745428961699e-07,-0.0012908185042101565,0.012747115181026529,0.014464422391981903,0.019570278054805504,0.027278277230501437,53.857360599517335,4.5605661584728425,-0.016947790587865493,0.05172305383767677,0.6666869275916255,1
1994-08-01,NEOG,0.655718982219696,0.655718982219696,0.6223779916763306,0.655718982219696,82104,0.01723996998897981,0.0,0.0,0.0,0.020760186813919595,0.017240609603576953,0.01592689781249585,0.029847227964976315,0.017244108651071698,0.01991443978753709,0.0247648598567266,-0.809896918674113,0.862878837640073,0.0,0.050846462352670936,1.0,0
1994-08-02,NEOG,0.655718982219696,0.655718982219696,0.6334919929504395,0.6334919929504395,160835,-0.03389712647026821,-0.017241541924348458,0.0,-0.04999901229941972,-0.010416452322099168,-0.017240923990848228,-0.015968534049365744,-0.004018560565499353,0.022348380179165506,0.01991443978753709,0.025561976041467555,0.95891795771217,1.8803435790536964,-0.03389712647026821,0.0350864565244718,0.0,1
1994-08-03,NEOG,0.655718982219696,0.655718982219696,0.6334919929504395,0.655718982219696,104599,0.03508645652447173,0.03508645652447173,0.03508645652447173,0.03508645652447173,0.017240609603576953,0.013745061165301454,0.016802328328680595,0.030206877854404172,0.02610683833961281,0.02276620028878522,0.024243194104604474,-0.3496502626915783,1.163956399067268,0.0,0.03389712647026821,1.0,0
1994-08-04,NEOG,0.6334919929504395,0.655718982219696,0.6334919929504395,0.6446059942245483,177706,-0.01694779058786544,0.01754402801895938,-0.01694779058786544,0.0265489296109227,-0.0034358339560461052,-0.001720559989411973,-0.001720559989411973,0.01239359280793212,0.02828390659592984,0.02063927219402118,0.024502018749490248,0.6989263759691775,2.0230508443703705,0.017544028018959316,0.034481511913328294,0.5000227938869477,0
1994-08-05,NEOG,0.655718982219696,0.655718982219696,0.6334919929504395,0.6334919929504395,71982,-0.017241541924348458,-0.017241541924348458,-0.03389712647026821,-0.017241541924348458,-0.017240923990848228,-0.015543723257041144,-0.018087408878389624,-0.005061633766407629,0.028337756741934506,0.02121076838633952,0.02410822342611345,-0.5949377060988374,0.808590728874076,-0.03389712647026821,0.0350864565244718,0.0,1
1994-08-08,NEOG,0.655718982219696,0.655718982219696,0.6334919929504395,0.655718982219696,77606,0.03508645652447173,0.0,0.0,0.05357032380525517,0.017240609603576953,0.018997359097144062,0.013744981761966682,0.02912871372555159,0.03238349024369372,0.024459539010481406,0.02397974429140873,0.07813064377205414,0.8795450746167163,0.0,0.03389712647026821,1.0,0
1994-08-09,NEOG,0.655718982219696,0.655718982219696,0.6334919929504395,0.655718982219696,129343,0.0,0.03508645652447173,0.01723996998897981,0.01723996998897981,0.010273453994880829,0.017240609603576953,0.0128748848779718,0.02805280394509219,0.026399117518289765,0.02370978058964042,0.022702037162119458,0.6666623714661237,1.3998804057545937,0.0,0.03389712647026821,1.0,1
1994-08-10,NEOG,0.6446059942245483,0.6668329834938049,0.6446059942245483,0.6668329834938049,85479,0.01694933588240266,0.01694933588240266,0.05263048454343111,0.01694933588240266,0.023890407970083176,0.029159034208532737,0.029159034208532737,0.04438575586259419,0.022578410959825476,0.02308983646831509,0.022691251813403653,-0.33912929188282315,0.9608117313022816,0.034481511913328294,0.03333216835316168,1.0,1
1994-08-11,NEOG,0.6668329834938049,0.6779469847679138,0.6446059942245483,0.6779469847679138,155211,0.01666684394625806,0.051723053837676725,0.07017451256239049,0.051723053837676725,0.0304054158113068,0.039182063177387885,0.04362677545918525,0.06031588315067479,0.019772108040081008,0.023259093920917327,0.022529659097814965,0.8157793142175271,1.6197144516397666,0.016666843946258003,0.0491793477845164,1.0,0
1994-08-12,NEOG,0.6779469847679138,0.6779469847679138,0.655718982219696,0.6779469847679138,55111,0.0,0.07017451256239049,0.051723053837676725,0.01666684394625806,0.016666843946258003,0.03389819246163682,0.0427347776566277,0.05957916159730773,0.01459548437919217,0.02304011170924241,0.021258297549978204,-0.6449285166644116,0.5651645110610666,0.0,0.03278722827541926,1.0,1
1994-08-15,NEOG,0.6779469847679138,0.7001749873161316,0.6668329834938049,0.7001749873161316,155211,0.032787228275419356,0.06779734352961087,0.06779734352961087,0.06779734352961087,0.03618459034533171,0.06060622339717972,0.07325387935407945,0.0916650981068902,0.0137675659649821,0.024419055194940083,0.021954930090223302,1.816334307125619,1.513155329204948,0.03278722827541926,0.0476195300122491,1.0,1
1994-08-16,NEOG,0.6779469847679138,0.7112889885902405,0.6779469847679138,0.7112889885902405,34866,0.01587317667074961,0.08474667941201353,0.1228065966192684,0.1228065966192684,0.035599073128142915,0.06489221292267018,0.08382750166071488,0.10669208915308083,0.01159888431215279,0.01983289723964115,0.02024545879014228,-0.775363859520266,0.34482468741423516,0.04918084241312889,0.04687546743611172,1.0,0
1994-08-17,NEOG,0.7112889885902405,0.7112889885902405,0.6779469847679138,0.7112889885902405,69733,0.0,0.06666737578503201,0.08474667941201353,0.1228065966192684,0.02236444525532206,0.05610588365398997,0.07744133067168779,0.10363862316909192,0.013704140552800469,0.018305418054747412,0.02024545879014228,1.000028681236735,0.6695503557403336,0.0,0.04687546743611172,1.0,0
1994-08-18,NEOG,0.7112889885902405,0.7112889885902405,0.6779469847679138,0.6779469847679138,227193,-0.046875467436111706,0.0,0.051723053837676725,0.033898671764805544,-0.025559366006082215,0.001641903378550073,0.025209804612759745,0.05009424215872602,0.02968009569802782,0.024345087126089945,0.022245000190737208,2.2580413864311013,2.042465165995863,-0.04687546743611172,0.04918084241312889,0.0,1
1994-08-19,NEOG,0.6890609860420227,0.7112889885902405,0.6779469847679138,0.7112889885902405,12372,0.04918084241312881,0.04918084241312881,0.1228065966192684,0.08474667941201353,0.012658355673406693,0.038961442616600145,0.07112989481739534,0.09984539537110043,0.03682228482450742,0.026472406815489815,0.02461544924004729,-0.9455440968691817,0.1168977867182307,0.03225839656935996,0.04687546743611172,1.0,0
1994-08-22,NEOG,0.7112889885902405,0.7112889885902405,0.6779469847679138,0.6779469847679138,77606,-0.046875467436111706,-0.031746353341499445,0.033898671764805544,0.033898671764805544,-0.02866271166457233,-0.012945117501142833,0.01921436490368481,0.047209867012670166,0.0415350132347432,0.030845889242573518,0.027153540258432328,5.272712576786292,0.7240328121975169,-0.04687546743611172,0.04918084241312889,0.0,1
1994-08-23,NEOG,0.6779469847679138,0.7112889885902405,0.6779469847679138,0.7112889885902405,74231,0.04918084241312881,0.0,0.08474667941201353,0.10344767961072221,0.019108474443048275,0.02728759895567532,0.06400684533760075,0.09645375323351406,0.04803092132317028,0.03394310971087115,0.02870428201681808,-0.04348890549699769,0.6762252146710563,0.04918084241312889,0.04687546743611172,1.0,0
1994-08-24,NEOG,0.7112889885902405,0.7224029898643494,0.6779469847679138,0.7112889885902405,253062,0.0,0.0,0.06666737578503201,0.1228065966192684,0.019108474443048275,0.020733863354803973,0.057851451393951404,0.09345644644163946,0.04803092132317028,0.033907948609445904,0.028246094820368363,2.409114790316714,2.070871087125079,0.0,0.06250062324814896,0.75,1
1994-08-25,NEOG,0.7224029898643494,0.7224029898643494,0.7001749873161316,0.7224029898643494,29243,0.015625155812037272,0.06557445655083849,0.06557445655083849,0.14035062463822778,0.02201279950570652,0.030111239571874532,0.06732386706394192,0.10713704456544158,0.039931748583733294,0.03387651566501481,0.02828200127725936,-0.8844433379962222,0.23722866813905333,0.0,0.030769532878583018,1.0,0
1994-08-26,NEOG,0.7224029898643494,0.7224029898643494,0.7001749873161316,0.7001749873161316,57361,-0.030769532878582972,-0.015625155812037272,0.032787228275419356,0.08620613768637364,-0.006309211775036611,-0.0047393842760475955,0.03025356039847575,0.07088214210534045,0.03799344140968511,0.03590826896437674,0.02937348444772091,0.9615292548644121,0.5486848914367048,-0.030769532878583018,0.031746353341499396,0.0,1
1994-08-29,NEOG,0.7224029898643494,0.7224029898643494,0.7001749873161316,0.7112889885902405,70857,0.01587317667074961,0.04918084241312881,0.01587317667074961,0.08474667941201353,0.0,0.009463817662554759,0.04234548485446587,0.08456204888294691,0.028997535121725766,0.03477220563609466,0.02934399001665501,0.2352818116838966,0.68144606168377,-0.015384766439291509,0.03125031162407448,0.5,1
1994-08-30,NEOG,0.7001749873161316,0.7557439804077148,0.7001749873161316,0.7557439804077148,247438,0.06249919868095133,0.06249919868095133,0.06249919868095133,0.1929811091816589,0.04938209072486235,0.06583010280069568,0.0976588563472319,0.14729132454579277,0.033724847174112726,0.039610516365214676,0.0305976842447727,2.4920755888620745,2.284524584412407,0.07936443617414406,0.0735288596828842,1.0,0
1994-08-31,NEOG,0.7557439804077148,0.7557439804077148,0.7112889885902405,0.7112889885902405,67483,-0.05882281959227964,0.0,0.0,0.08474667941201353,-0.012345522681215509,0.003134970947629442,0.02893912827095734,0.07689732187978095,0.046918174000117496,0.04476251165203328,0.0335009079482486,-0.7272730946742214,0.6339128286491813,-0.05882281959227969,0.062499198680951336,0.0,0
1994-09-01,NEOG,0.7557439804077148,0.7557439804077148,0.7112889885902405,0.7112889885902405,29243,0.0,-0.015384766439291542,0.04918084241312881,0.10344767961072221,-0.009287737809733148,-0.0015599359225226944,0.024000245071202794,0.0740058409643513,0.04620556853460169,0.04154191521631758,0.033139319769344595,-0.5666612331994725,0.2952897334233383,-0.05882281959227969,0.062499198680951336,0.0,1
1994-09-02,NEOG,0.7446309924125671,0.7557439804077148,0.7224029898643494,0.7335169911384583,85479,0.031250311624074545,0.047619530012249056,0.031250311624074545,0.15789465265718694,0.012270341855032408,0.02643897716229149,0.04845171884534539,0.10312598357068696,0.0449407619804488,0.039801849874539566,0.03316512624551534,1.9230585097288242,0.8573070535091027,-0.01492551530537304,0.04545360359222007,0.33334346379581276,0
1994-09-06,NEOG,0.7224029898643494,0.7557439804077148,0.7224029898643494,0.7224029898643494,32617,-0.015151661663432403,0.015625155812037272,0.06557445655083849,0.10169601529441641,-0.006115990527002204,0.004636972468774377,0.027668337432780733,0.08315309977269755,0.0460820420921524,0.03643633119100834,0.03289761327148623,-0.6184208987002655,0.334681107914828,0.0,0.04615289666731051,0.0,0
1994-09-07,NEOG,0.7557439804077148,0.7557439804077148,0.7224029898643494,0.7224029898643494,50612,0.0,-0.04411677950167514,0.015625155812037272,0.10169601529441641,0.00308645015079764,0.003086591283052236,0.022816982287561748,0.07991389808212436,0.03279179774885885,0.03328872924830733,0.03289761327148623,0.5517061654965203,0.5411867357282476,-0.044116779501675175,0.04615289666731051,0.0,1
1994-09-08,NEOG,0.7224029898643494,0.8113139867782593,0.7224029898643494,0.8113139867782593,426268,0.12307672886376797,0.14062497774113747,0.14062497774113747,0.21666745176199975,0.09609594810114414,0.1111111111111111,0.137071755056206,0.20601366793812373,0.055857136521188566,0.050664078543280526,0.04212796409952356,7.42227139808741,3.8555406867863873,0.12307672886376805,0.10958888711752264,1.0,0
1994-09-09,NEOG,0.8113139867782593,0.8113139867782593,0.7668579816818237,0.7668579816818237,167583,-0.05479506802658618,0.0781243544929886,0.061537663106602025,0.13114741847306455,0.020709456644659036,0.04387239605673152,0.06811094278898845,0.1354281445448181,0.06695619486937177,0.055162676476989594,0.04455378878209799,-0.6068600035658318,1.5073334805441163,-0.054795068026586166,0.057971627287411794,0.0,1
1994-09-12,NEOG,0.7890859842300415,0.8001999855041504,0.7668579816818237,0.7890859842300415,221570,0.028985813643706004,0.07575692691908498,0.12698396618639318,0.1639346467484839,0.03498524450159501,0.06128530111232945,0.09062959378241577,0.1626001192217268,0.06684222013192752,0.053798272134620136,0.04478143857894579,0.3221508148201191,1.8541205374999792,0.0,0.04225395519457927,0.6666666666666666,0
1994-09-13,NEOG,0.8113139867782593,0.8224279880523682,0.7779719829559326,0.7890859842300415,296926,0.0,0.09230719598518511,0.10937466611706315,0.12698396618639318,0.01719189099583055,0.05029569239299142,0.08396926907665477,0.1580490715918435,0.06538035970773896,0.053947600158220824,0.044446428984228493,0.34010019406959424,2.345625128616925,-0.027397534013293083,0.0563386069261057,0.25,1
1994-09-14,NEOG,0.7779719829559326,0.8001999855041504,0.7779719829559326,0.8001999855041504,48363,0.01408465173152651,0.10769196242447654,0.058824160362418,0.1249998219291002,0.011236070158219208,0.05882345054298591,0.09256445806385742,0.16978063339511967,0.06463179610769121,0.05097301548088971,0.04442924769723096,-0.8371210335235042,0.38002703084974304,0.028571726277033364,0.027778059173811973,1.0,0
1994-09-15,NEOG,0.8001999855041504,0.8001999855041504,0.7779719829559326,0.794642984867096,119220,-0.006944514793453038,-0.02054815050996983,0.11718724402308167,0.11718724402308167,0.008462710471885923,0.039999872690301086,0.0788380772351261,0.15620947224452525,0.03170005277403815,0.04593611588710538,0.04451243909194634,1.465107623596551,0.9189406053122351,-0.006944514793452993,0.027972313317452122,0.75,1
1994-09-16,NEOG,0.7779719829559326,0.8001999855041504,0.7779719829559326,0.8001999855041504,187828,0.006993078329363023,0.043478720465558895,0.1249998219291002,0.18032826088619336,0.006993078329363031,0.035226418090906216,0.077441040691061,0.15848752072745248,0.013818774424448954,0.04578526154198226,0.04270743367333505,0.5754739137728568,1.4700696026629494,0.028571726277033364,0.027778059173811973,1.0,0
1994-09-19,NEOG,0.8001999855041504,0.8001999855041504,0.7779719829559326,0.7779719829559326,68608,-0.02777805917381193,-0.014084651731526399,0.060605265255652574,0.09374951030502587,-0.018233005590854477,0.0007145428714720144,0.04283022640111966,0.1219743634412208,0.01604595792601276,0.04692598305290239,0.04237840784085224,-0.6347296462721213,0.5254101128887371,-0.027778059173811973,0.028571726277033364,0.0,1
1994-09-20,NEOG,0.7779719829559326,0.8001999855041504,0.7668579816818237,0.8001999855041504,138340,0.028571726277033305,0.01408465173152651,0.10769196242447654,0.18032826088619336,0.006993078329363031,0.019108346011654086,0.06390835779694966,0.14814226246862405,0.02144124876894754,0.04668484366002303,0.04081671574069126,1.0163829291044775,1.0353503980792804,0.028571726277033364,0.04166708876071796,1.0,0
1994-09-21,NEOG,0.7668579816818237,0.8001999855041504,0.7668579816818237,0.7890859842300415,78730,-0.013889029586905965,-0.013889029586905965,0.09230719598518511,0.10937466611706315,-0.0042076166748125495,-0.0035088078487459976,0.04373376077539011,0.12752091898330828,0.021470647955173,0.04725879156891281,0.03998450327379905,-0.4308948966314876,0.5882328768607358,0.028985813643705897,0.04225395519457927,0.6666666666666666,0
1994-09-22,NEOG,0.7779719829559326,0.7779719829559326,0.7446309924125671,0.7557439804077148,173207,-0.04225395519457931,-0.04895154830554116,-0.0684938350332327,0.06249919868095133,-0.036827575934429764,-0.03886965866299557,-0.0032984793562687667,0.07680066143637838,0.028051309925260275,0.028392506558937856,0.04140594421297369,1.2000127016385114,1.333912981868142,-0.028571726277033364,0.044116779501675175,0.33331307240837443,1
1994-09-23,NEOG,0.7446309924125671,0.7779719829559326,0.7446309924125671,0.7668579816818237,276681,0.0147060400906045,-0.04166708876071801,0.0,0.061537663106602025,-0.014285863138516682,-0.024735237330997178,0.00840298064691965,0.08884288259142774,0.029377535630554563,0.023375212189822483,0.041392669258389914,0.5974007978892308,1.9454341034743885,0.029849669830746984,0.04347739912707716,0.6666565362041872,0
1994-09-26,NEOG,0.7557439804077148,0.7779719829559326,0.7224029898643494,0.7335169911384583,540990,-0.043477399127077154,-0.05714215009204571,-0.07042197454033505,0.047619530012249056,-0.04624219577191355,-0.06049767287456365,-0.03754964532284574,0.039534301667099814,0.03265845661781306,0.02467229711644303,0.042043380611478255,0.9552842443102345,3.251099820525156,-0.029410739411070662,0.07575692691908494,0.20000364692215858,0
1994-09-27,NEOG,0.7224029898643494,0.7335169911384583,0.7224029898643494,0.7335169911384583,50612,0.0,-0.08333291123928199,-0.07042197454033505,0.031250311624074545,-0.029411259945630437,-0.05376294330748609,-0.03895111620656192,0.037247074280274524,0.02570391295720511,0.02467229711644303,0.04194018463709216,-0.9064455904915063,0.30601626822435957,0.015384766439291509,0.015151661663432434,1.0,1
1994-09-28,NEOG,0.7335169911384583,0.7446309924125671,0.7224029898643494,0.7446309924125671,79855,0.015151661663432403,-0.056337322808808654,-0.06944388165237603,-0.014704699320466141,-0.002975677664267623,-0.03249038251140807,-0.02367885907916279,0.049663814277995245,0.029568346337345883,0.024775698788347407,0.039639646718567,0.5777878763929503,0.5085957490171852,0.015151661663432434,0.02985103061074608,1.0,0
1994-09-29,NEOG,0.7224029898643494,0.7446309924125671,0.7224029898643494,0.7446309924125671,26993,0.0,-0.014704699320466141,-0.06293642982690306,0.04687546743611182,2.721560739178241e-07,-0.026162259085200645,-0.025808261428948206,0.046385148384139596,0.02397407698879247,0.024871206374695306,0.037150703382967255,-0.6619748293782481,0.17416383711458275,0.030769532878583018,0.02985103061074608,1.0,0
1994-09-30,NEOG,0.7446309924125671,0.7446309924125671,0.7224029898643494,0.7335169911384583,68608,-0.014925515305373005,-0.043477399127077154,-0.08333291123928199,0.031250311624074545,-0.006024154286350991,-0.03225771952585151,-0.04174191245362974,0.028518458049674365,0.022183856291971654,0.024543232767877492,0.03736189478568836,1.54169599525803,0.43712031193753603,-0.01492551530537304,0.03030332332686487,0.5,0
1994-10-03,NEOG,0.7446309924125671,0.7446309924125671,0.6890609860420227,0.7112889885902405,191202,-0.030303323326864917,-0.030303323326864917,-0.08571387636907912,-0.030303323326864917,-0.03030332332686487,-0.05325442988933326,-0.06942920254217883,-0.004200899119433063,0.017246071640116125,0.02477676877762492,0.03737645109911403,1.786876166044776,1.1785085920205571,-0.04477654591611912,0.07812577906018621,0.4,0
1994-10-04,NEOG,0.6890609860420227,0.7112889885902405,0.6890609860420227,0.7112889885902405,53987,0.0,-0.030303323326864917,-0.11111097041309403,-0.015384766439291542,-0.024390481189005487,-0.04191617583745382,-0.06875217076349635,-0.005747907264739972,0.017246071640116125,0.021429947892596005,0.03722557609612267,-0.7176441669020199,0.33058159937762216,0.03225839656935996,0.03125031162407448,1.0,0
1994-10-05,NEOG,0.7112889885902405,0.7112889885902405,0.6890609860420227,0.7112889885902405,177706,0.0,-0.044776545916119126,-0.09859127800338796,-0.015384766439291542,-0.015384766439291509,-0.031770085033075636,-0.06807415312589912,-0.007597955993161806,0.013527128695507694,0.021706149845024746,0.03722557609612267,2.291644284735214,1.0474004922085642,0.0,0.03125031162407448,1.0,0
1994-10-06,NEOG,0.7112889885902405,0.7112889885902405,0.6890609860420227,0.7112889885902405,193452,0.0,-0.044776545916119126,-0.05882281959227964,-0.1232876541241692,-0.006211241677217859,-0.025875306428972036,-0.06192733577200512,-0.009747667889986527,0.013527128695507694,0.01865139879756347,0.023384008224421247,0.08860702508637863,1.224201152933069,0.0,0.03125031162407448,1.0,1
1994-10-07,NEOG,0.7112889885902405,0.7224029898643494,0.6890609860420227,0.7224029898643494,120345,0.015625155812037272,-0.015151661663432403,-0.057970305948930156,-0.057970305948930156,0.012461183064233567,-0.004594225605414806,-0.04446872210758988,0.003241526976205555,0.01672832312639525,0.01876605451491234,0.02086236520959099,-0.3779076980336208,0.7731216170508827,0.01562515581203724,0.04615429931787453,1.0,0
1994-10-10,NEOG,0.7224029898643494,0.7557439804077148,0.7224029898643494,0.7224029898643494,286803,0.0,0.015625155812037272,-0.015151661663432403,-0.08450662627186156,0.009316862515826634,-0.003067514688452146,-0.04023604728354602,0.0010783758225916234,0.00698778211094947,0.01330787012571241,0.019502502035133283,1.3831733765424405,1.804668681900898,0.0,0.04615289666731051,0.0,0
1994-10-11,NEOG,0.7224029898643494,0.7557439804077148,0.7224029898643494,0.7224029898643494,38240,0.0,0.015625155812037272,-0.015151661663432403,-0.08450662627186156,0.006192011636845563,-0.001536113369387859,-0.03596570702804182,-0.0007683669500984308,0.00698778211094947,0.01330787012571241,0.019502502035133283,-0.8666680613522174,0.2619384403566034,0.0,0.04615289666731051,0.0,1
1994-10-12,NEOG,0.7224029898643494,0.7557439804077148,0.7224029898643494,0.7557439804077148,515121,0.046152896667310594,0.06249919868095133,0.01492415452537399,-0.05555611834762397,0.03975463546149732,0.042943953130266874,0.011527751202281535,0.04182562154183095,0.020068195056517555,0.01968617712683364,0.022216258351580195,12.470737447698745,3.0421777112133728,0.04615289666731051,0.044116779501675175,1.0,1
1994-10-13,NEOG,0.7668579816818237,0.8001999855041504,0.7557439804077148,0.8001999855041504,645589,0.058824160362418,0.1249998219291002,0.07462621574686601,0.006993078329363023,0.07462680067912891,0.09589025888150385,0.0706318654311595,0.09873337227551018,0.027044123478175888,0.026682214353151816,0.026074689163560476,0.25327641466762185,3.299800633648164,0.04347872046555885,0.055556118347623945,1.0,1
1994-10-14,NEOG,0.8001999855041504,0.8224279880523682,0.7779719829559326,0.8224279880523682,233942,0.02777805917381193,0.13846149530305962,0.12121191190938219,0.02777805917381193,0.07558162648469535,0.11278212394434788,0.09873811303102709,0.12376641690065351,0.026632724743009588,0.02609855807475024,0.02674555446769389,-0.6376301331032592,1.1818204091880524,0.027778059173811973,0.054054586835880894,1.0,0
1994-10-17,NEOG,0.8224279880523682,0.8224279880523682,0.7890859842300415,0.8224279880523682,89978,0.0,0.13846149530305962,0.15625013355317474,0.05714345255406683,0.04815886704344033,0.09629644837519918,0.09548496991631601,0.11799393848301645,0.026632724743009588,0.0221220535172973,0.02583960166300548,-0.6153833001342213,0.45210747413375757,0.0,0.04054094012691067,1.0,0
1994-10-18,NEOG,0.8224279880523682,0.8224279880523682,0.7890859842300415,0.7890859842300415,158585,-0.040540940126910674,0.09230719598518511,0.10937466611706315,-0.013889029586905965,-0.011142174467693616,0.041055461692537154,0.051851559700275426,0.06879403601659878,0.039701603421858765,0.02806099201322308,0.026855007276124294,0.762486385560915,0.7928009266549786,-0.04054094012691067,0.04225395519457927,0.0,1
1994-10-19,NEOG,0.7890859842300415,0.8224279880523682,0.7890859842300415,0.8224279880523682,110222,0.04225395519457931,0.088236240543627,0.15625013355317474,0.04225395519457931,0.013698767006646542,0.06936432939546072,0.09386561160853568,0.10894675225536554,0.03905429181645171,0.0294057871325339,0.028263498194081357,-0.30496579121606704,0.5467201108697712,0.04225395519457927,0.04054094012691067,1.0,0
1994-10-20,NEOG,0.8224279880523682,0.8224279880523682,0.7890859842300415,0.8001999855041504,53987,-0.027027293417940412,0.0,0.1249998219291002,0.058824160362418,-0.013698767006646542,0.028571324374507635,0.061164135043005635,0.07510819725675143,0.035106429873077716,0.032060798223439615,0.027180265619449178,-0.5101976012048411,0.2759438145333714,-0.027027293417940447,0.04166708876071796,0.3333333333333333,1
1994-10-21,NEOG,0.8224279880523682,0.8224279880523682,0.8001999855041504,0.8224279880523682,79855,0.02777805917381193,0.0,0.13846149530305962,0.07246453410926468,0.013698767006646542,0.04372373567392838,0.08663735313716012,0.10069931939386002,0.035106429873077716,0.032428788633611795,0.027624773238129518,0.47915238853798137,0.4297817695674357,0.0,0.027027293417940447,1.0,1
1994-10-24,NEOG,0.833541989326477,0.8446559906005859,0.8001999855041504,0.8446559906005859,98975,0.027027293417940523,0.027027293417940523,0.16923102818164248,0.15151523523624721,0.03542269531732119,0.05555598468445342,0.10787205722061365,0.1254262405233267,0.03703913340791981,0.03230263828169199,0.02569676564158227,0.23943397407801648,0.60460156924574,0.013333463000573349,0.05263208405687794,1.0,0
1994-10-25,NEOG,0.8446559906005859,0.8446559906005859,0.8113139867782593,0.8113139867782593,85479,-0.039474063042658436,0.028169303463052797,0.12307672886376797,0.10606025024594978,-0.010840215535776064,0.0027472802717984,0.0587381374704453,0.07780900174741766,0.03670630209956757,0.03662790180755994,0.027729754805939363,-0.13635766607729227,0.5166573786523957,-0.03947406304265846,0.04109630101993963,0.0,1
1994-10-26,NEOG,0.8113139867782593,0.8557689785957336,0.8113139867782593,0.8224279880523682,280055,0.013698767006646628,0.0,0.088236240543627,0.10447724635761224,0.00271005388394405,0.008174468150151002,0.06782114945390359,0.08935688987016782,0.03153420923784081,0.03467878076675909,0.027704799434020332,2.276301781724166,1.5961533419736662,0.013698767006646542,0.05405335477790633,0.25000569834184955,1
1994-10-27,NEOG,0.8224279880523682,0.8557689785957336,0.8224279880523682,0.8557689785957336,65234,0.04053970806893603,0.06944388165237614,0.06944388165237614,0.14925243149373224,0.02941108356647068,0.041947888007725996,0.10315112983562459,0.12919714980278205,0.031318646729582074,0.03215171934544519,0.028756345111910105,-0.7670671832318652,0.3677884852559576,0.04053970806893611,0.038960270093075906,1.0,0
1994-10-28,NEOG,0.8224279880523682,0.8557689785957336,0.8224279880523682,0.8224279880523682,64109,-0.0389602700930759,0.0,0.0,0.12121191190938219,-0.010695050286084954,0.0013533168680349807,0.05413120583698317,0.08108128267424228,0.03753698053553521,0.0342636166308284,0.030202960279466815,-0.01724560811846587,0.3619047403994394,0.0,0.04053970806893611,0.0,0
1994-10-31,NEOG,0.8446559906005859,0.8446559906005859,0.8224279880523682,0.8224279880523682,75356,0.0,-0.026316042028438957,0.0,0.15625013355317474,-0.005376153023693423,0.0013533168680349807,0.046676240276801784,0.07793173487955947,0.034605420591234025,0.0342636166308284,0.029013692546227744,0.17543558626713884,0.4397756651551494,-0.02631604202843897,0.027027293417940447,0.0,0
1994-11-01,NEOG,0.8446559906005859,0.8446559906005859,0.8113139867782593,0.8113139867782593,76481,-0.013513646708970262,0.0,0.028169303463052797,0.14062497774113747,-0.01881714830004809,-0.01484482922527827,0.026001409083372472,0.05966037070770359,0.029711204568887654,0.03162864227841198,0.029357373402436708,0.01492913636604909,0.4434305818152934,-0.03947406304265846,0.04109630101993963,0.0,0
1994-11-02,NEOG,0.8113139867782593,0.833541989326477,0.8113139867782593,0.8113139867782593,14621,0.0,-0.013513646708970262,-0.013513646708970262,0.14062497774113747,-0.016172423939532825,-0.013513525168117465,0.019553077071774387,0.056898841129244995,0.02879020734467636,0.028504489867220834,0.029357373402436708,-0.8088283364495757,0.08897803664707193,0.0,0.027397534013293083,0.0,0
1994-11-03,NEOG,0.8224279880523682,0.833541989326477,0.7890859842300415,0.7890859842300415,129343,-0.027397534013293035,-0.07792172424281496,-0.013889029586905965,0.10937466611706315,-0.027397534013293083,-0.03924248799699543,-0.013203872512592692,0.025863073582155328,0.017141006621844618,0.02854227790323356,0.03032486785424767,7.846385336160317,0.8027942600362472,-0.04054094012691067,0.0563386069261057,0.0,0
1994-11-04,NEOG,0.7890859842300415,0.8001999855041504,0.7557439804077148,0.7557439804077148,133842,-0.04225395519457931,-0.08108188025382135,-0.08108188025382135,0.046152896667310594,-0.052925328721544776,-0.07230619754624375,-0.056866099526114926,-0.0183347133352833,0.018271236141519164,0.029270753204742265,0.0320351583544132,0.03478348267784104,0.8272532099312168,-0.04225395519457927,0.058824160362418054,0.0,0
1994-11-07,NEOG,0.7557439804077148,0.7668579816818237,0.7335169911384583,0.7335169911384583,118095,-0.02941073941107064,-0.10810794161378723,-0.13157901050710974,0.01538476643929143,-0.059828626912084196,-0.08713654748949906,-0.08523874108507863,-0.04803079628058944,0.016193874602042736,0.0271215567828258,0.032832861810924104,-0.11765365132021344,0.7700737078467051,-0.029410739411070662,0.04545360359222007,0.0,0
1994-11-08,NEOG,0.7557439804077148,0.7668579816818237,0.6890609860420227,0.7224029898643494,497126,-0.015151661663432403,-0.10958888711752268,-0.10958888711752268,0.0,-0.052477866752392514,-0.0909088590659633,-0.09909889418297303,-0.06272509504597996,0.01598142278379244,0.025598928487683786,0.033037961995298654,3.2095431644015413,2.8197771125597173,-0.044116779501675175,0.10769196242447655,0.4285770105660591,0
1994-11-09,NEOG,0.7112889885902405,0.7224029898643494,0.7001749873161316,0.7112889885902405,187828,-0.015384766439291542,-0.1232876541241692,-0.13513523503172764,-0.05882281959227964,-0.04191604507290651,-0.09219847700172558,-0.11049336385037033,-0.07607905771382939,0.011270700034199707,0.02405574799614545,0.031388409495389326,-0.6221722460704127,1.1744013665543085,0.0,0.03125031162407448,0.5,0
1994-11-10,NEOG,0.7001749873161316,0.7335169911384583,0.6890609860420227,0.7112889885902405,253062,0.0,-0.09859127800338796,-0.16883059986887616,-0.11111097041309403,-0.021406663880490864,-0.07514447059194071,-0.10552058735036554,-0.07607905771382939,0.016028399134627877,0.0158210695382285,0.02789533980016303,0.3473071107609089,1.8036081142480422,0.015873176670749698,0.06250062324814896,0.5,0
1994-11-11,NEOG,0.6890609860420227,0.7112889885902405,0.6890609860420227,0.7112889885902405,578105,0.0,-0.05882281959227964,-0.13513523503172764,-0.13513523503172764,-0.00928801745526819,-0.06158352674813718,-0.09922586384314454,-0.07607905771382939,0.012374600030660264,0.014913761690719849,0.026822006877107712,1.2844401767155875,3.670114127436485,0.03225839656935996,0.03125031162407448,1.0,0
1994-11-14,NEOG,0.7112889885902405,0.7112889885902405,0.6890609860420227,0.7001749873161316,82104,-0.015625155812037272,-0.04545498499029732,-0.1486488817406979,-0.1486488817406979,-0.01562515581203724,-0.06110290246847329,-0.10638307502733314,-0.0897270020144309,0.008429576172638906,0.014040746761950424,0.02683828557417303,-0.8579773570545143,0.5225453656748335,-0.01562515581203724,0.031746353341499396,0.5,1
1994-11-15,NEOG,0.7112889885902405,0.7224029898643494,0.7001749873161316,0.7112889885902405,157461,0.01587317667074961,-0.015384766439291542,-0.1232876541241692,-0.09859127800338796,0.0031348275963348007,-0.03323254934356876,-0.08766924769160643,-0.0750107759166617,0.013105056817967796,0.017289115438499533,0.02615789205994633,0.9178237357497807,1.0025084836407394,0.0,0.03125031162407448,0.5,1
1994-11-16,NEOG,0.7001749873161316,0.7224029898643494,0.7001749873161316,0.7224029898643494,47238,0.015625155812037272,0.015625155812037272,-0.10958888711752268,-0.12162158832275749,0.01562515581203724,-0.006115990527002204,-0.06743167531662839,-0.060557675165904115,0.013132566184847642,0.019189630667791557,0.02424153774134871,-0.7000019052336769,0.3069040747723785,0.031746353341499396,0.030769532878583018,1.0,0
1994-11-17,NEOG,0.6890609860420227,0.7224029898643494,0.6890609860420227,0.7224029898643494,76481,0.0,0.015625155812037272,-0.08450662627186156,-0.09722194082618807,0.012461183064233567,0.003086591283052236,-0.06272514433423436,-0.0583802078655872,0.013132566184847642,0.018594053742050413,0.023767075602855493,0.6190566916465556,0.49329054936549654,0.048387594854039935,0.04615429931787453,1.0,0
1994-11-18,NEOG,0.7224029898643494,0.7224029898643494,0.6890609860420227,0.7224029898643494,52862,0.0,0.015625155812037272,-0.04411677950167514,-0.12162158832275749,0.009316862515826634,0.007752014687345136,-0.056603611298856576,-0.057287697040257636,0.013132566184847642,0.014442424162857579,0.022541171462681392,-0.30882179887815275,0.34394573332461464,0.0,0.04615429931787453,1.0,0
1994-11-21,NEOG,0.7224029898643494,0.7224029898643494,0.7112889885902405,0.7224029898643494,13497,0.0,0.031746353341499445,-0.015151661663432403,-0.14473703152132922,0.00308645015079764,0.009316862515826634,-0.049012259373422164,-0.055644156575242604,0.008626619296284317,0.011474665433131276,0.021214127827834453,-0.7446748136657713,0.09032990795344231,0.0,0.015384766439291509,1.0,0
1994-11-22,NEOG,0.7224029898643494,0.7224029898643494,0.7224029898643494,0.7224029898643494,98975,0.0,0.015625155812037272,0.0,-0.10958888711752268,0.0,0.009316862515826634,-0.04341410538485057,-0.05399487534957799,0.006987782110949454,0.010418551348744667,0.019884414484495093,6.333111061717418,0.6594211950864043,0.0,0.0,0.5,0
1994-11-23,NEOG,0.6890609860420227,0.7112889885902405,0.6668329834938049,0.7001749873161316,232817,-0.030769532878582972,-0.030769532878582972,-0.015625155812037272,-0.1486488817406979,-0.024768046547381944,-0.020217930063417055,-0.06528201150069629,-0.08069470182225698,0.01376055343048592,0.013600746452802853,0.020098146176961998,1.352280879009851,1.5759431700070092,0.01612919828467998,0.06349270668299879,0.75,0
1994-11-25,NEOG,0.7001749873161316,0.7001749873161316,0.7001749873161316,0.7001749873161316,2249,0.0,-0.030769532878582972,-0.015625155812037272,-0.18181775125212252,-0.01869177459635043,-0.01869177459635043,-0.05547240732095172,-0.0784085434307245,0.01376055343048592,0.013600746452802853,0.016725293311037552,-0.9903400524875761,0.015555122123962357,0.0,0.0,0.5,0
1994-11-28,NEOG,0.6668329834938049,0.7001749873161316,0.6668329834938049,0.6890609860420227,52862,-0.015873176670749722,-0.046154299317874514,-0.031250311624074434,-0.16216252844966816,-0.025157485149378746,-0.03125031162407448,-0.06202750691186783,-0.0903758490408979,0.013816778028600079,0.014315082185319798,0.015350504357265548,22.50466874166296,0.36704560643381745,0.033333687892516006,0.048387594854039935,0.6666666666666666,0
1994-11-29,NEOG,0.6668329834938049,0.6890609860420227,0.655718982219696,0.6668329834938049,188953,-0.032258396569359915,-0.0769238321964576,-0.047619530012249056,-0.18918982186760858,-0.04153396975988364,-0.05808535431802277,-0.0825693572944455,-0.11712827728987883,0.01576585813603689,0.01670238498387687,0.01606693354132183,2.574458022776285,1.2622102456845385,0.0,0.050000531838774016,0.3333333333333333,1
1994-11-30,NEOG,0.6779469847679138,0.6779469847679138,0.6779469847679138,0.6779469847679138,17996,0.01666684394625806,-0.061539065757166056,-0.046875467436111706,-0.16438395514410886,-0.012945117501142833,-0.03785527065021935,-0.05864235419447932,-0.09949848502978759,0.02087156588467103,0.016812741008998763,0.017131909272579775,-0.904759384608871,0.12260872616305747,0.0,0.0,0.5,0
1994-12-01,NEOG,0.6668329834938049,0.6668329834938049,0.6668329834938049,0.6668329834938049,82104,-0.016393614137709678,-0.047619530012249056,-0.0769238321964576,-0.17808272215075538,-0.01960804761194278,-0.04610539625519756,-0.06469263849567781,-0.11137495634259323,0.018580984576102123,0.015519256922123269,0.017080914918561275,3.5623471882640585,0.5468131868131868,0.0,0.0,0.5,1
1994-12-02,NEOG,0.6668329834938049,0.6779469847679138,0.655718982219696,0.6779469847679138,161960,0.01666684394625806,-0.031746353341499445,-0.061539065757166056,-0.14084523319796727,0.0032895082132120036,-0.024000245071202794,-0.041634284402399094,-0.09468725755319392,0.02192200901817974,0.017255360023956605,0.017503479174704427,0.9726200915911527,1.0670647845232122,0.016666843946258003,0.03278722827541926,1.0,0
1994-12-05,NEOG,0.655718982219696,0.6779469847679138,0.655718982219696,0.655718982219696,214821,-0.032787228275419245,-0.048387594854039984,-0.09230859863574903,-0.13235302004530225,-0.019933766141600986,-0.046850240707778074,-0.06645636728538534,-0.12176313311358444,0.024885214670716495,0.018976368484495444,0.01661731764725011,0.3263830575450728,1.378561738512146,0.0,0.033898671764805446,0.0,0
1994-12-06,NEOG,0.655718982219696,0.6779469847679138,0.6446059942245483,0.6446059942245483,268808,-0.01694779058786544,-0.03333216835316166,-0.10769196242447654,-0.12121191190938219,-0.030099426814245198,-0.0522867784060495,-0.07643251302492238,-0.13458618796068939,0.02220048545423611,0.01879205847924834,0.015950668836022946,0.25131155706378805,1.6454397181288942,-0.016947790587865493,0.05172305383767677,0.0,0
1994-12-07,NEOG,0.6334919929504395,0.6446059942245483,0.5890359878540039,0.5890359878540039,384654,-0.0862077096217424,-0.13114741847306455,-0.18461579462093414,-0.18461579462093414,-0.08934706288795577,-0.11666665653640741,-0.14791014458916674,-0.20611168004586963,0.03761412912530661,0.029704195897725275,0.023936255118137996,0.43096187613463877,2.438503161970016,-0.07017611207583727,0.09434059635812574,0.0,0
1994-12-08,NEOG,0.577921986579895,0.6223779916763306,0.5223529934883118,0.5390239953994751,518495,-0.08490481648962434,-0.19166566630325843,-0.23015816736666173,-0.24218706595218198,-0.1323786301077363,-0.1716474365736777,-0.21041866249570457,-0.26946783627699983,0.04456079823622387,0.03615912188205261,0.02923947793090291,0.34795166565276836,2.975150795982446,-0.06730664706254856,0.18556687465070912,0.16666835504287184,1
1994-12-09,NEOG,0.5556939840316772,0.6223779916763306,0.5556939840316772,0.6112639904022217,246313,0.13401999840324175,-0.0983601901976453,-0.12698396618639318,-0.14062497774113758,0.005484515542696162,-0.04761874690636298,-0.09799084748994394,-0.16855623848931892,0.09007827486197902,0.062082576997227565,0.04406021865720563,-0.5249462386329666,1.4160985754961186,0.10000109406866761,0.10909199411660771,0.8333333333333334,1
1994-12-12,NEOG,0.6223779916763306,0.6223779916763306,0.6223779916763306,0.6223779916763306,40490,0.018181999019434514,-0.050846462352670985,-0.09677371918662858,-0.12499982192910031,0.03512015410445387,-0.02012205201397178,-0.07552591522748024,-0.150871644983133,0.09077803412066904,0.06276472914410255,0.044390893506370384,-0.8356156597499929,0.2753354141591356,0.0,0.0,0.5,0
1994-12-13,NEOG,0.6001499891281128,0.6223779916763306,0.6001499891281128,0.6112639904022217,66358,-0.01785731729390705,-0.051724625773045485,-0.08333270019193573,-0.12698396618639318,0.028037319470840986,-0.029126026089719512,-0.08599905075095651,-0.1637523952759436,0.0908034291794732,0.06232003032266133,0.04441986037015924,0.6388737959990121,0.45366880495413603,0.01851870611587465,0.036363998038869236,0.5,0
1994-12-14,NEOG,0.6112639904022217,0.6112639904022217,0.6112639904022217,0.6112639904022217,82104,0.0,0.037736238543250256,-0.0983601901976453,-0.14062497774113758,0.020408025183013292,-0.018733137464124843,-0.07911248056277423,-0.16145746381277998,0.079578258150528,0.06183906992454852,0.044152331272390904,0.23728864643298464,0.5761609410684844,0.0,0.0,0.5,1
1994-12-15,NEOG,0.6223779916763306,0.6446059942245483,0.6223779916763306,0.6223779916763306,111347,0.018181999019434514,0.15463874890222873,-0.06666585624567767,-0.13846149530305962,0.010830431851141693,0.0062895348613762146,-0.05525065963585881,-0.14412326458419647,0.059767332965487634,0.06232104230360782,0.044223842274065554,0.35617022313163793,0.7641827142497323,0.0,0.03571463458781413,0.0,1
1994-12-16,NEOG,0.6223779916763306,0.6446059942245483,0.6223779916763306,0.6446059942245483,172082,0.0357146345878141,0.05454599705830376,-0.04917934778451638,-0.10769196242447654,0.03571463458781413,0.04787761861634448,-0.01569730533301412,-0.11192720389666395,0.02041812230641316,0.0633451387479436,0.045210776364670434,0.5454569948000396,1.1434981079805047,0.03571463458781413,0.034483083848696965,1.0,0
1994-12-19,NEOG,0.6446059942245483,0.6446059942245483,0.6112639904022217,0.6112639904022217,20245,-0.051724625773045485,-0.01785731729390705,-0.06779579823507365,-0.15384626174235105,-0.014337058114287222,0.0009097610961154657,-0.05862205298918354,-0.15527561976834883,0.03373142124863482,0.06459664255600266,0.04639010280346218,-0.8823525993421741,0.13600346642571873,-0.05172462577304545,0.054545997058303854,0.0,1
1994-12-20,NEOG,0.6112639904022217,0.6334919929504395,0.6112639904022217,0.6334919929504395,2249,0.03636399803886925,0.03636399803886925,-0.017241541924348458,-0.12307672886376808,0.01423501400277945,0.03919803040876586,-0.017664348789939874,-0.12240147411138545,0.0364242114776918,0.06570558131250073,0.0473936428435946,-0.8889108421832551,0.015165809024094687,0.036363998038869236,0.03508805603791863,1.0,1
1994-12-21,NEOG,0.6334919929504395,0.6446059942245483,0.6112639904022217,0.6446059942245483,69733,0.01754402801895938,0.05454599705830376,0.09434059635812564,-0.10769196242447654,0.021126964032539698,0.04787744601040206,0.0056356336830759605,-0.10507585398879322,0.03634107990855561,0.05832657315387313,0.047662327245938135,30.006224988883947,0.4749169118448295,0.017544028018959316,0.05172462577304545,1.0,0
1994-12-22,NEOG,0.6112639904022217,0.6446059942245483,0.6112639904022217,0.6334919929504395,124844,-0.017241541924348458,0.01785731729390716,0.1752574994012157,-0.09523761284489374,0.0,0.01423501400277945,-0.006535536426360624,-0.11751010043191729,0.038056004570069246,0.04923926718407143,0.04736675740021575,0.7903144852508854,0.8827055287879414,0.036363998038869236,0.05263208405687794,0.6666666666666666,0
1994-12-23,NEOG,0.6112639904022217,0.6446059942245483,0.6112639904022217,0.6112639904022217,76481,-0.03508805603791865,-0.051724625773045485,0.0,-0.12698396618639318,-0.024822935795205458,-0.02135252100416926,-0.034664273095036516,-0.14396883404916622,0.03650713765830566,0.029977660295780723,0.04786027227992365,-0.3873874595495178,0.5269284256875626,0.0,0.054545997058303854,0.0,0
1994-12-27,NEOG,0.6112639904022217,0.6112639904022217,0.6001499891281128,0.6001499891281128,107973,-0.018181999019434625,-0.018181999019434625,-0.0357146345878141,-0.1290321157559886,-0.039146288507643616,-0.03571463458781413,-0.04551493581288375,-0.15426792924605964,0.02930027769411101,0.029786918325613653,0.04788888497581564,0.4117623985042036,0.7300380999388102,-0.018181999019434618,0.01851870611587465,0.0,1
1994-12-28,NEOG,0.6001499891281128,0.6223779916763306,0.6001499891281128,0.6112639904022217,70857,0.018518706115874695,-0.03508805603791865,0.0,-0.08333270019193573,-0.014337058114287222,-0.017857317293907066,-0.023524181347451562,-0.1334488286718666,0.023834943349207296,0.030022195365600763,0.04775886866423413,-0.3437526048178712,0.49900806855418856,0.01851870611587465,0.036363998038869236,0.5,0
1994-12-29,NEOG,0.6001499891281128,0.6223779916763306,0.6001499891281128,0.6001499891281128,29243,-0.018181999019434625,-0.06896616769739394,-0.018181999019434625,-0.11475380433535487,-0.018181999019434618,-0.033989599164120136,-0.035283796441001235,-0.1446223248125534,0.019670104621348092,0.03059480529025965,0.04762859901379809,-0.5872955389022962,0.20513047141147064,0.0,0.0370374122317493,0.0,0
1994-12-30,NEOG,0.5890359878540039,0.6001499891281128,0.577921986579895,0.6001499891281128,101225,0.0,-0.052632084056877915,-0.0357146345878141,-0.09999954413819367,-0.007353015115950783,-0.030520946065040144,-0.030085532756474728,-0.13916797486951027,0.020462749473992663,0.02983190102333316,0.047563511789947485,2.4615121567554628,0.7053313925251944,0.018868119271625145,0.0370374122317493,1.0,0
1995-01-03,NEOG,0.6001499891281128,0.6001499891281128,0.5668079853057861,0.5668079853057861,76481,-0.05555611834762397,-0.0727279960777385,-0.12069079347043943,-0.1639346467484838,-0.04850795774679166,-0.07272799607773847,-0.07566907826245484,-0.1815123833957513,0.02744558950361479,0.030547242872654874,0.04862595286629385,-0.2444455421091628,0.5492740420058438,-0.055556118347623945,0.058824160362418054,0.0,1
1995-01-04,NEOG,0.5668079853057861,0.577921986579895,0.5668079853057861,0.577921986579895,30367,0.019608053454139407,-0.03703741223174928,-0.054545997058303874,-0.11864380588228185,-0.02255662291564273,-0.04936063988426582,-0.05152818077611366,-0.15952846234077397,0.031188346581033647,0.02859876947202103,0.04862074775647666,-0.602947137197474,0.23356095662543758,0.01960805345413935,0.019230971536280922,1.0,0
1995-01-05,NEOG,0.5668079853057861,0.5668079853057861,0.5668079853057861,0.5668079853057861,11247,-0.01923097153628095,-0.0727279960777385,-0.10526416811375594,-0.12069079347043943,-0.026717836172019317,-0.05730187330405066,-0.06379144861868079,-0.16897563716101824,0.02781638499271551,0.024762962737287897,0.04865248259694489,-0.6296308492771758,0.09601380918802727,0.0,0.0,0.5,0
1995-01-06,NEOG,0.6001499891281128,0.6001499891281128,0.5668079853057861,0.5668079853057861,76481,0.0,-0.05555611834762397,-0.12069079347043943,-0.037736238543250256,-0.015444178540607834,-0.04494428063287702,-0.062069668588303394,-0.1629744658862544,0.02842465083374567,0.02309877997121221,0.0447713613086488,5.800124477638481,0.7517982517577035,-0.055556118347623945,0.058824160362418054,0.0,1
1995-01-09,NEOG,0.5668079853057861,0.6001499891281128,0.5668079853057861,0.6001499891281128,14621,0.058824160362418,0.0,-0.052632084056877915,0.11340124790425454,0.04247149098667169,0.016949327151835246,-0.01189398913722313,-0.10788045110415023,0.042715374190657324,0.032134131354741455,0.04204549326961372,-0.8088283364495757,0.1910316637497787,0.058824160362418054,0.055556118347623945,1.0,0
1995-01-10,NEOG,0.6001499891281128,0.6001499891281128,0.5668079853057861,0.6001499891281128,12372,0.0,0.058824160362418,-0.018181999019434625,-0.018181999019434625,0.030534669910879057,0.018868119271625145,-0.010989121087193418,-0.10104885071145547,0.029637942115334055,0.0303406920203883,0.02937028455773054,-0.15381984816360028,0.1908081431215299,0.0,0.055556118347623945,1.0,0
1995-01-11,NEOG,0.5668079853057861,0.6001499891281128,0.5668079853057861,0.577921986579895,31492,-0.03703741223174928,0.0,-0.03703741223174928,-0.07142926917562831,-0.0076336674777198596,-0.01515167212867777,-0.044118090695704326,-0.12795612749398363,0.0360575082839803,0.032036611832223644,0.030107242004065258,1.5454251535725834,0.48908139605311995,0.01960805345413935,0.057692914608842766,0.3333333333333333,0
1995-01-12,NEOG,0.6001499891281128,0.6001499891281128,0.5668079853057861,0.5668079853057861,46113,-0.01923097153628095,0.0,-0.0727279960777385,-0.0727279960777385,-0.026717836172019317,-0.026717836172019317,-0.05904118629525204,-0.13807728743512448,0.0360575082839803,0.03139695127792418,0.030143822331269256,0.4642766416867776,0.7275885818152557,-0.055556118347623945,0.058824160362418054,0.0,1
1995-01-13,NEOG,0.5668079853057861,0.6001499891281128,0.5668079853057861,0.5890359878540039,51737,0.039216106908278814,0.039216106908278814,-0.018518706115874695,-0.03636399803886925,0.0037879180321694897,0.013384461217585531,-0.020332922785308252,-0.09817955754447776,0.039971261564300156,0.0342581672205858,0.03161195712762586,0.12196126905644822,0.8363630485212458,0.0392161069082787,0.05660435781487544,0.6666666666666666,0
1995-01-16,NEOG,0.5890359878540039,0.5890359878540039,0.5668079853057861,0.5668079853057861,8998,-0.037736238543250256,-0.05555611834762397,-0.05555611834762397,-0.08928658646953536,-0.022988746657013982,-0.019230971536280922,-0.052925328721544734,-0.12566487354101227,0.032027998015312725,0.03612175770466047,0.03225744352692061,-0.8260819142973114,0.15857728087018358,-0.03773623854325029,0.0392161069082787,0.0,0
1995-01-17,NEOG,0.5890359878540039,0.5890359878540039,0.5668079853057861,0.5668079853057861,85479,0.0,-0.05555611834762397,0.0,-0.12069079347043943,-0.011628030249267146,-0.019230971536280922,-0.04672944976324768,-0.11962768390352829,0.032027998015312725,0.0314751534538174,0.030892910405388795,8.499777728384085,1.6309082479360604,-0.03773623854325029,0.0392161069082787,0.0,1
1995-01-18,NEOG,0.5890359878540039,0.5890359878540039,0.5668079853057861,0.5890359878540039,12372,0.039216106908278814,0.01923097153628084,0.01923097153628084,-0.03636399803886925,0.02316626781091185,0.017274653545589474,-0.007490713438812899,-0.08034031037131642,0.03455976985824484,0.03335639580904935,0.030491968724213357,-0.8552626961007967,0.2378396043696203,0.0,0.03773623854325029,1.0,0
1995-01-19,NEOG,0.5890359878540039,0.5890359878540039,0.5668079853057861,0.577921986579895,139465,-0.018868119271625128,0.019608053454139407,0.019608053454139407,-0.08772014009479656,0.0,-0.003831457776169029,-0.021637099456383733,-0.09328720611839904,0.03449835013010947,0.03333043581717217,0.029371358191366267,10.272631749110895,2.3686693314515095,-0.018868119271625145,0.038461943072561844,0.5,0
1995-01-20,NEOG,0.577921986579895,0.577921986579895,0.5445809960365295,0.5445809960365295,116971,-0.0576911612944081,-0.07547075685381177,-0.03921431921476093,-0.1551723053837677,-0.0429677692185235,-0.057691326510747945,-0.07020780783286736,-0.1408023984666839,0.037144377533789436,0.03840579913447687,0.031204468603371394,-0.16128777829562968,1.9100128263849598,-0.0576911612944081,0.06122319872713484,0.0,1
1995-01-23,NEOG,0.5668079853057861,0.577921986579895,0.5668079853057861,0.577921986579895,109098,0.061223198727134776,0.019608053454139407,-0.03703741223174928,-0.08772014009479656,0.011672917087374493,0.0038608679472006816,-0.008579775268605748,-0.08434620699660551,0.047054245292817876,0.038842205787272654,0.034708382777557875,-0.06730728129194419,1.8046553020371805,0.01960805345413935,0.019230971536280922,1.0,1
1995-01-24,NEOG,0.5890359878540039,0.5890359878540039,0.5556939840316772,0.5890359878540039,48363,0.01923097153628084,0.039216106908278814,-0.018518706115874695,-0.03636399803886925,0.023165907639310864,0.025145152973317396,0.012416469474496233,-0.06310784169710376,0.047351287681361195,0.03948302005357762,0.03427099154755041,-0.556701314414563,0.8190489900123206,0.0,0.05660435781487544,1.0,0
1995-01-25,NEOG,0.5556939840316772,0.5890359878540039,0.5556939840316772,0.5890359878540039,74231,0.0,0.0,0.01923097153628084,-0.018518706115874695,0.023165907639310864,0.02316608772507956,0.013384372888111609,-0.059450048368009885,0.04415697088740995,0.03742805539099447,0.03403980088089854,0.5348716994396543,1.2941101608855548,0.06000065644120057,0.05660435781487544,1.0,0
1995-01-26,NEOG,0.5556939840316772,0.5890359878540039,0.5556939840316772,0.5890359878540039,51737,0.0,0.01923097153628084,0.039216106908278814,-0.03636399803886925,0.01923061412993128,0.01923079283307487,0.015325742436447196,-0.05609991156968348,0.04284492240815805,0.03667178994896627,0.03374916125131875,-0.3030270372216459,0.9172470709418461,0.06000065644120057,0.05660435781487544,1.0,0
1995-01-27,NEOG,0.5890359878540039,0.5890359878540039,0.5556939840316772,0.5890359878540039,67483,0.0,0.08163155185549731,0.0,-0.018518706115874695,0.0037879180321694897,0.01923079283307487,0.016299219238049615,-0.05238708475378333,0.02656847580336802,0.03457909497396892,0.03351485176189375,0.30434698571621865,1.1571823827328902,0.0,0.05660435781487544,1.0,0
1995-01-30,NEOG,0.5556939840316772,0.5556939840316772,0.5556939840316772,0.5556939840316772,3374,-0.056604357814875494,-0.0384619430725619,-0.019608053454139407,-0.07407482446349856,-0.04580200486631878,-0.036609418299723244,-0.03753657210828805,-0.10120508670096892,0.028698996452306325,0.03730673997783025,0.03579182815139597,-0.950002222782034,0.06315501805364995,0.0,0.0,0.5,1
1995-01-31,NEOG,0.5890359878540039,0.5890359878540039,0.5890359878540039,0.5890359878540039,7873,0.06000065644120056,0.0,0.039216106908278814,0.039216106908278814,0.0114505012165796,0.017274475527732796,0.018251783717032,-0.043148725416732835,0.04123658911736539,0.04206889670796473,0.0362250958596309,1.3334321280379373,0.15747984246014998,0.0,0.0,0.5,0
1995-02-01,NEOG,0.577921986579895,0.577921986579895,0.577921986579895,0.577921986579895,11247,-0.018868119271625128,-0.018868119271625128,-0.018868119271625128,0.0,-0.003831457776169029,-1.75331412648693e-07,-0.0009607123866860124,-0.05677520947633661,0.042167115668022975,0.040755533821661825,0.036292904887684545,0.42855328337355525,0.22935414997032896,0.0,0.0,0.5,1
1995-02-02,NEOG,0.5890359878540039,0.5890359878540039,0.5556939840316772,0.5890359878540039,12372,0.01923097153628084,0.0,0.01923097153628084,0.039216106908278814,0.015325831104675926,0.017274475527732796,0.016299219238049615,-0.03443261998765239,0.04337955176405927,0.04069671869359709,0.03620446064596461,0.10002667377967467,0.25200661181265716,0.0,0.05660435781487544,1.0,0
1995-02-03,NEOG,0.5890359878540039,0.5890359878540039,0.5668079853057861,0.577921986579895,222694,-0.018868119271625128,-0.018868119271625128,0.061223198727134776,0.019608053454139407,0.0,-0.0076336674777198596,-0.0038315447713950434,-0.048142337934488855,0.04427278517280631,0.0358656211133799,0.036518741927667776,16.99983834464921,3.948153164812799,-0.018868119271625145,0.038461943072561844,0.5,1
1995-02-06,NEOG,0.5668079853057861,0.5890359878540039,0.5668079853057861,0.5890359878540039,169833,0.01923097153628084,0.06000065644120056,0.01923097153628084,-0.018518706115874695,0.007604641824233183,0.009523908759011122,0.016299219238049615,-0.026272377257485373,0.032841334367629954,0.030860075975094756,0.034256590979978394,-0.2373705622962451,2.646808550429205,0.0392161069082787,0.03773623854325029,1.0,1
1995-02-07,NEOG,0.5890359878540039,0.6112639904022217,0.577921986579895,0.6001499891281128,105724,0.018868119271625128,0.018868119271625128,0.018868119271625128,0.0,0.02272750819301675,0.02661624638481595,0.035474874122292645,-0.004608207570871867,0.02080201144586106,0.030838208319281635,0.03452628895528716,-0.3774825858343196,1.5359537894724606,0.018868119271625145,0.055556118347623945,0.6666666666666666,1
1995-02-08,NEOG,0.6223779916763306,0.6668329834938049,0.6223779916763306,0.6668329834938049,195701,0.11111054831904266,0.15384601897581263,0.13207511466868715,0.15384601897581263,0.1029409053590702,0.12570333686850457,0.1417694839302614,0.10680640707374002,0.04827742819811108,0.04613875854698182,0.04126807557269031,0.8510555786765541,2.5401446590064674,0.0714276410991623,0.0666658562456777,1.0,1
1995-02-09,NEOG,0.6779469847679138,0.7335169911384583,0.6779469847679138,0.7001749873161316,240690,0.050000531838773954,0.18867947248356276,0.18867947248356276,0.23529485375615433,0.11702151735564476,0.16022131915305002,0.18532484684739955,0.1608624524032773,0.048535549152134594,0.04722063138620203,0.04176666422816562,0.2298864083474279,2.773817851590546,0.03278722827541926,0.0793658833537485,0.4,1
1995-02-10,NEOG,0.7224029898643494,0.7335169911384583,0.7001749873161316,0.7112889885902405,121470,0.01587317667074961,0.23076990512093642,0.2075475917551879,0.2075475917551879,0.08843565894450939,0.15523511451145794,0.19180678991114447,0.17798665165189165,0.04053156724861081,0.04679791072933441,0.041272697072466995,-0.4953259379284557,1.3457974988574515,-0.015384766439291509,0.04687546743611172,0.3333333333333333,0
1995-02-13,NEOG,0.7112889885902405,0.7112889885902405,0.6779469847679138,0.7001749873161316,194576,-0.015625155812037272,0.18867947248356276,0.2600010211307564,0.23529485375615433,0.036184279584297964,0.11111128977528857,0.16022122174965722,0.15830122949408904,0.047961823625617045,0.040748012374062115,0.04020140254718422,0.6018440767267639,1.9547980085927286,-0.01562515581203724,0.0476195300122491,0.6666666666666666,1
1995-02-14,NEOG,0.7112889885902405,0.7112889885902405,0.6890609860420227,0.7112889885902405,75356,0.01587317667074961,0.1851853727825412,0.2075475917551879,0.25490290721029374,0.019108474443048275,0.10726674709489815,0.16469554429704952,0.17539051138933806,0.048247829097449,0.03876896666379934,0.040121664178997506,-0.6127168818353754,0.7609296032070604,0.0,0.03125031162407448,1.0,0
1995-02-15,NEOG,0.7224029898643494,0.7335169911384583,0.6890609860420227,0.7112889885902405,184454,0.0,0.06666737578503201,0.23076990512093642,0.2075475917551879,0.006289371287344765,0.0847460089111808,0.1531534935416823,0.1732357864479905,0.024360303439320916,0.03710786199497986,0.03968605180550317,1.4477679282339828,1.71368952279729,-0.015384766439291509,0.06250062324814896,0.5,0
1995-02-16,NEOG,0.7112889885902405,0.7335169911384583,0.7001749873161316,0.7001749873161316,52862,-0.015625155812037272,0.0,0.18867947248356276,0.2115389335846556,-0.00943405693101699,0.05000005318385319,0.12399656380273517,0.152790538326005,0.01574926388808001,0.03894356901483002,0.03956745784615759,-0.7134136424257538,0.51170581997368,-0.01562515581203724,0.0476195300122491,0.0,0
1995-02-17,NEOG,0.7001749873161316,0.7335169911384583,0.7001749873161316,0.7001749873161316,21370,0.0,-0.015625155812037272,0.2115389335846556,0.2857132224811698,-0.006309211775036611,0.031096580106830782,0.11013232703149133,0.14858710439673742,0.013162042680063265,0.037380019392590516,0.03631377997828591,-0.595739850932617,0.21689838356403526,0.0,0.0476195300122491,0.0,1
1995-02-21,NEOG,0.7335169911384583,0.7335169911384583,0.7001749873161316,0.7112889885902405,158585,0.01587317667074961,0.01587317667074961,0.2075475917551879,0.23076990512093642,0.006289371287344765,0.028939052860377894,0.11595497896590973,0.16026130205413272,0.013191686467576649,0.03740247635886947,0.03453295672999065,6.420917173607862,1.57015240136733,-0.03030332332686487,0.04687546743611172,0.3333333333333333,0
1995-02-22,NEOG,0.7112889885902405,0.7224029898643494,0.7001749873161316,0.7001749873161316,249688,-0.015625155812037272,-0.015625155812037272,0.16666666666666674,0.18867947248356276,-0.006309211775036611,-0.0015848020827301718,0.08902346017039002,0.13882869596869657,0.013162042680063265,0.03903589246420037,0.034971671715245636,0.5744742567077592,2.2481047305205912,-0.01562515581203724,0.031746353341499396,0.0,1
1995-02-23,NEOG,0.6890609860420227,0.7112889885902405,0.6890609860420227,0.7112889885902405,23619,0.01587317667074961,0.0,0.06666737578503201,0.2075475917551879,0.009463817662554759,0.007874094885752948,0.09589068897546665,0.15356910363665818,0.01574926388808001,0.020538656979388226,0.034930977297562386,-0.9054059466213835,0.21761563508311574,0.03225839656935996,0.03125031162407448,1.0,0
1995-02-24,NEOG,0.6890609860420227,0.6890609860420227,0.6779469847679138,0.6779469847679138,122594,-0.046875467436111706,-0.031746353341499445,-0.031746353341499445,0.15094323394031228,-0.031746353341499396,-0.03633527944969844,0.03741472865735323,0.09712201372040025,0.026249787586035467,0.02067209832647082,0.03714240828973914,4.190482238875481,1.0938250731074048,-0.01612919828467998,0.01639361413770963,0.0,0
1995-02-27,NEOG,0.6668329834938049,0.6890609860420227,0.6668329834938049,0.6668329834938049,51737,-0.016393614137709678,-0.047619530012249056,-0.06250062324814898,0.13207511466868715,-0.03846193183325186,-0.04610539625519756,0.014369852955326853,0.0771988263713978,0.02631319254323857,0.01989816274907428,0.03750026573165329,-0.5779809778618856,0.46488056755738,0.0,0.033333687892516006,0.0,0
1995-02-28,NEOG,0.6668329834938049,0.6890609860420227,0.6668329834938049,0.6668329834938049,17996,0.0,-0.06250062324814898,-0.047619530012249056,0.20000036468955584,-0.02597429507773332,-0.04153396975988364,0.005867162322360709,0.07565392096365758,0.023279993797732934,0.01969282022670028,0.0344710781916359,-0.6521638285946227,0.16064694406145932,0.0,0.033333687892516006,0.0,0
1995-03-01,NEOG,0.6668329834938049,0.6668329834938049,0.6668329834938049,0.6668329834938049,7873,0.0,-0.047619530012249056,-0.06250062324814898,0.13207511466868715,-0.01639361413770963,-0.03537013783300299,-3.7988469426913325e-07,0.07488314638871807,0.02381566401108092,0.018451802206804608,0.03241271821292863,-0.5625138919759947,0.07028080632339793,0.0,0.0,0.5,0
1995-03-02,NEOG,0.6446059942245483,0.6779469847679138,0.6446059942245483,0.6668329834938049,123719,0.0,-0.06250062324814898,-0.06250062324814898,0.15384601897581263,-0.003322294356933525,-0.029126514377571414,-0.006622886427800312,0.0729609815332169,0.02040505265376191,0.018451802206804608,0.03189981240698293,14.714340149879334,1.0516240931985161,0.034481511913328294,0.049999012299419686,0.6666565362041872,0
1995-03-03,NEOG,0.6446059942245483,0.6446059942245483,0.6223779916763306,0.6223779916763306,131592,-0.06666585624567767,-0.08196657605993563,-0.11111078951564346,0.05660435781487538,-0.05405338807636031,-0.08346923821265405,-0.07514407348665654,0.0017894164440438298,0.028867420431135642,0.026589681880029973,0.03580171997193708,0.06363614319546707,1.0646029157816348,-0.034483083848696965,0.03571463458781413,0.0,0
1995-03-06,NEOG,0.6001499891281128,0.6223779916763306,0.6001499891281128,0.6001499891281128,123719,-0.0357146345878141,-0.09999954413819367,-0.1428571428571429,0.0384619430725619,-0.06896528958155954,-0.10298988227669056,-0.1096454252145675,-0.032604646650517384,0.03009783435751311,0.02728067900872035,0.036542514195005024,-0.05982886497659434,1.0426528701418112,0.0,0.0370374122317493,0.0,1
1995-03-07,NEOG,0.5890359878540039,0.6112639904022217,0.5890359878540039,0.6112639904022217,182204,0.018518706115874695,-0.08333270019193573,-0.14062497774113758,0.037736238543250256,-0.03508743868167183,-0.07251231828084267,-0.09464997107160274,-0.013983160276566597,0.034118375553768183,0.02762350091316476,0.03652570282323921,0.4727244804759172,1.5275773214243047,0.03773623854325029,0.036363998038869236,1.0,1
1995-03-08,NEOG,0.6112639904022217,0.6223779916763306,0.6001499891281128,0.6223779916763306,51737,0.018181999019434514,-0.06666585624567767,-0.11111078951564346,0.03703741223174939,-0.003558430198742082,-0.044368122778978676,-0.07970380405082199,0.0035847564593015167,0.03718411027370271,0.02950104643386053,0.0365098126149846,-0.7160490439287831,0.4438007121467252,0.018181999019434618,0.03571463458781413,1.0,0
1995-03-09,NEOG,0.6223779916763306,0.6223779916763306,0.5890359878540039,0.6001499891281128,184454,-0.0357146345878141,-0.09999954413819367,-0.15625013355317474,-0.09999954413819367,-0.018181999019434618,-0.06249985160753654,-0.10817503209111036,-0.03225790639554288,0.03745920617142666,0.028720080757346694,0.027042526532339704,2.5652241142702517,1.5899185232912194,-0.03571463458781413,0.055556118347623945,0.3333333333333333,0
1995-03-10,NEOG,0.6112639904022217,0.6112639904022217,0.5890359878540039,0.5890359878540039,34866,-0.018518706115874695,-0.05357195188172115,-0.13114741847306455,-0.15873031952789252,-0.025735552905827557,-0.06690145366610208,-0.11740229633674913,-0.04949786727324232,0.027388345753348715,0.026713863462941596,0.023875785687386342,-0.8109772626237436,0.3297846127944058,-0.036363998038869236,0.03773623854325029,0.0,1
1995-03-13,NEOG,0.6112639904022217,0.6112639904022217,0.577921986579895,0.6001499891281128,148463,0.018868119271625128,0.0,-0.09999954413819367,-0.15625013355317474,-0.007353015115950783,-0.039145820874555266,-0.09319894616560241,-0.03156367966501978,0.02572768152204977,0.028571301171046226,0.02404436103806145,3.258102449377617,1.3865561130142743,-0.018181999019434618,0.055556118347623945,0.6666666666666666,0
1995-03-14,NEOG,0.6001499891281128,0.6001499891281128,0.577921986579895,0.5890359878540039,87728,-0.018518706115874695,-0.03636399803886925,-0.11666638808445173,-0.15873031952789252,-0.01851870611587465,-0.04504517528064547,-0.1024556638091953,-0.049156815272024076,0.024459586817920372,0.02844346620098829,0.024100167281961297,-0.4090918275934071,0.8623543705544436,-0.01851870611587465,0.03773623854325029,0.5,0
1995-03-15,NEOG,0.5668079853057861,0.5890359878540039,0.5668079853057861,0.577921986579895,70857,-0.018868119271625128,-0.07142926917562831,-0.13333323203070968,-0.1875004451772493,-0.02255662291564273,-0.04936048143455003,-0.1103509966523155,-0.06743205488146486,0.020092659496460278,0.02818686411490106,0.023509155512320908,-0.1923103228159767,0.6980582892513091,0.01960805345413935,0.038461943072561844,0.5,1
1995-03-16,NEOG,0.6001499891281128,0.6112639904022217,0.5890359878540039,0.6112639904022217,69733,0.05769291460884274,0.018518706115874695,-0.08333270019193573,-0.14062497774113758,0.02996285375525122,0.014760296573812963,-0.051723880458659666,-0.014689736403975603,0.03406258666954873,0.03612236320659477,0.027932047047945135,-0.015862935207530682,0.7281314151225124,0.01851870611587465,0.036363998038869236,1.0,0
1995-03-17,NEOG,0.5890359878540039,0.6112639904022217,0.5890359878540039,0.6112639904022217,96726,0.0,0.037736238543250256,-0.01785731729390705,-0.12698396618639318,0.022305059507432664,0.01663602773343416,-0.045138637446123654,-0.016099855027075463,0.031923748995676605,0.029685690349514585,0.027901775735532597,0.38709076047208635,0.9873727836019722,0.03773623854325029,0.036363998038869236,1.0,0
1995-03-20,NEOG,0.5890359878540039,0.6112639904022217,0.5890359878540039,0.6112639904022217,15746,0.0,0.018518706115874695,0.018518706115874695,-0.12698396618639318,0.01851870611587465,0.014760296573812963,-0.03846129324281455,-0.017505943259059544,0.03140443179403451,0.027138730254824113,0.027901775735532597,-0.8372102640448277,0.16119686574162229,0.03773623854325029,0.036363998038869236,1.0,0
1995-03-21,NEOG,0.5890359878540039,0.6112639904022217,0.5890359878540039,0.6001499891281128,94476,-0.018181999019434625,0.018868119271625128,-0.018181999019434625,-0.15625013355317474,-0.003690074143453287,-0.0018484475259370468,-0.047618971048691956,-0.035369649235323666,0.031344211591978116,0.027162876529689822,0.027507694181985527,5.0,0.9999962953691585,0.018868119271625145,0.0370374122317493,0.5,0
1995-03-22,NEOG,0.6001499891281128,0.6001499891281128,0.6001499891281128,0.6001499891281128,17996,0.0,0.0384619430725619,-0.0357146345878141,-0.1428571428571429,-0.010989121087193418,0.0018553063989831579,-0.0399999221996182,-0.035369649235323666,0.028925918283882263,0.026293201761228038,0.027504521771255643,-0.8095177611245183,0.21710242575407082,0.0,0.0,0.5,0
1995-03-23,NEOG,0.577921986579895,0.6001499891281128,0.577921986579895,0.6001499891281128,17996,0.0,-0.018181999019434625,0.0,-0.15625013355317474,-0.007353015115950783,0.0018553063989831579,-0.03139004652674453,-0.036058431985296256,0.008131237154859113,0.023702654480103946,0.027025006683536745,0.0,0.21784129397438098,0.038461943072561844,0.0370374122317493,1.0,0
1995-03-24,NEOG,0.6001499891281128,0.6001499891281128,0.577921986579895,0.6001499891281128,76481,0.0,-0.018181999019434625,0.018868119271625128,-0.11475380433535487,-0.003690074143453287,0.0,-0.02527068682845727,-0.0370897637694793,0.008131237154859113,0.022778997452454985,0.02547420472211711,3.2498888641920427,0.9523821383364288,0.0,0.0370374122317493,1.0,1
1995-03-27,NEOG,0.5890359878540039,0.6112639904022217,0.5890359878540039,0.6112639904022217,17996,0.018518706115874695,0.0,0.018518706115874695,-0.08333270019193573,0.014760296573812963,0.01663602773343416,-0.0027196346183398436,-0.019956951380107335,0.0129759863807647,0.022750667530340347,0.0259002186421831,-0.7646997293445431,0.22890461332597287,0.03773623854325029,0.036363998038869236,1.0,0
1995-03-28,NEOG,0.6112639904022217,0.6112639904022217,0.6112639904022217,0.6112639904022217,0,0.0,0.018518706115874695,0.037736238543250256,-0.08333270019193573,0.01102952267392599,0.012891474254178244,0.0018216781467619866,-0.021352044711121173,0.00828181714608835,0.02161440763876987,0.0259002186421831,-1.0,0.0,0.0,0.0,0.5,0
1995-03-29,NEOG,0.5890359878540039,0.6112639904022217,0.577921986579895,0.6001499891281128,76481,-0.018181999019434625,0.0,0.0384619430725619,-0.09999954413819367,-0.007353015115950783,-0.009174404012093197,-0.010989038513558877,-0.040170560286874935,0.0129759863807647,0.021534988960045243,0.026070222709822573,inf,0.942481992889579,0.018868119271625145,0.055556118347623945,0.6666666666666666,0
1995-03-30,NEOG,0.6001499891281128,0.6001499891281128,0.577921986579895,0.6001499891281128,41615,0.0,0.0,-0.018181999019434625,-0.09999954413819367,-0.007353015115950783,-0.007353015115950783,-0.005524917537504909,-0.040511654542594595,0.0129759863807647,0.010393733200079405,0.026070222709822573,-0.45587793046639036,0.5401507983173098,0.0,0.0370374122317493,1.0,0
1995-03-31,NEOG,0.577921986579895,0.6001499891281128,0.577921986579895,0.577921986579895,33742,-0.03703741223174928,-0.03703741223174928,-0.054545997058303874,-0.07142926917562831,-0.0370374122317493,-0.03881739804467946,-0.03881739804467946,-0.0760486199248596,0.021070768364535707,0.015182853765505065,0.023043556795478294,-0.18918659137330285,0.4676594022519501,0.0,0.038461943072561844,0.0,1
1995-04-03,NEOG,0.5890359878540039,0.6001499891281128,0.577921986579895,0.6001499891281128,165334,0.0384619430725619,-0.018181999019434625,-0.018181999019434625,0.0,0.003717509917905475,0.0,-0.0018484475259370468,-0.042213464857893034,0.027953146111541753,0.020624256170240416,0.023540863313419154,3.8999466540216936,2.227273982558629,0.018868119271625145,0.0370374122317493,1.0,0
1995-04-04,NEOG,0.6001499891281128,0.6001499891281128,0.577921986579895,0.5890359878540039,121470,-0.018518706115874695,-0.03636399803886925,-0.018518706115874695,-0.03636399803886925,-0.007490713438812899,-0.016697757590849162,-0.01851870611587465,-0.06028378654016107,0.02861702657387428,0.02065451184640825,0.02348574114568301,-0.2653053818331378,1.7061627350854731,-0.01851870611587465,0.03773623854325029,0.5,0
1995-04-05,NEOG,0.577921986579895,0.5834789872169495,0.577921986579895,0.577921986579895,23619,-0.018868119271625128,-0.03703741223174928,-0.03703741223174928,-0.07142926917562831,-0.018868119271625145,-0.03165767816848085,-0.033457589261148904,-0.07768739958997008,0.028685283879471463,0.0213350225561094,0.023304534343647366,-0.8055569276364535,0.33843466623297813,0.0,0.009615485768140461,0.0,0
1995-04-06,NEOG,0.577921986579895,0.5890359878540039,0.5668079853057861,0.5668079853057861,30367,-0.01923097153628095,-0.05555611834762397,-0.05555611834762397,-0.05555611834762397,-0.026717836172019317,-0.04494428063287702,-0.049394725448557546,-0.09478213416619076,0.028768951635592253,0.02183898907710651,0.022376153027907252,0.2857021889157034,0.48912290648566636,-0.019230971536280922,0.0392161069082787,0.0,0
1995-04-07,NEOG,0.5890359878540039,0.5890359878540039,0.5668079853057861,0.5668079853057861,19120,0.0,-0.01923097153628095,-0.05555611834762397,-0.037736238543250256,-0.022988746657013982,-0.039548430020948655,-0.04761953406601486,-0.0941389887804753,0.02491070415698516,0.02183898907710651,0.022064581410374633,-0.37036915072282417,0.31192238483587365,-0.03773623854325029,0.0392161069082787,0.0,0
1995-04-10,NEOG,0.5890359878540039,0.5890359878540039,0.5668079853057861,0.5668079853057861,13497,0.0,-0.05555611834762397,-0.0727279960777385,-0.05555611834762397,-0.011628030249267146,-0.03225839935975224,-0.04494428063287702,-0.09349492885231726,0.010340015493015844,0.020308897263359223,0.02153622092616181,-0.29408995815899586,0.24742891712038717,-0.03773623854325029,0.0392161069082787,0.0,0
1995-04-11,NEOG,0.5890359878540039,0.5890359878540039,0.5445809960365295,0.5668079853057861,283429,0.0,-0.037736238543250256,-0.0727279960777385,-0.037736238543250256,-0.003906291735396884,-0.02485685654694445,-0.043152412862911056,-0.09381707325607685,0.010434654366577928,0.020308897263359223,0.021213118499534785,19.999407275690896,4.405583046613729,-0.03773623854325029,0.07843042612303959,0.49998860331630085,0
1995-04-12,NEOG,0.5445809960365295,0.5668079853057861,0.5445809960365295,0.5668079853057861,24744,0.0,-0.01923097153628095,-0.05555611834762397,-0.01923097153628095,0.0,-0.019230971536280922,-0.04225395519457927,-0.09317255532501266,0.008600351925698546,0.02004228855565887,0.020825945669331,-0.9126977126546684,0.39891404582417084,0.04081484559877232,0.03921431921476088,1.0,1
1995-04-13,NEOG,0.5556939840316772,0.577921986579895,0.5556939840316772,0.577921986579895,15746,0.019608053454139407,0.019608053454139407,-0.03703741223174928,-0.054545997058303874,0.015625166941587342,0.003861044635152007,-0.020715844296687356,-0.07539143431614492,0.00876898808598197,0.021545081061454165,0.01648877945331985,-0.36364371160685416,0.2654011820516256,0.04000043762746704,0.038461943072561844,1.0,0
1995-04-17,NEOG,0.5556939840316772,0.577921986579895,0.5556939840316772,0.5668079853057861,96726,-0.01923097153628095,0.0,-0.01923097153628095,-0.0727279960777385,-0.003906291735396884,-0.013539795099647202,-0.03591719560915343,-0.09252711992129498,0.013732057277909486,0.019063628212280307,0.016880857752965876,5.1428934332528895,1.6303311784024856,0.02000021881373352,0.0392161069082787,0.5,0
1995-04-18,NEOG,0.5556939840316772,0.5668079853057861,0.5556939840316772,0.5668079853057861,92227,0.0,0.0,-0.05555611834762397,-0.0727279960777385,-0.003906291735396884,-0.00778218398979111,-0.03225839935975224,-0.09220405755477411,0.013732057277909486,0.012939100481080849,0.016880857752965876,-0.04651283005603457,1.460371699884883,0.02000021881373352,0.01960805345413935,1.0,0
1995-04-19,NEOG,0.577921986579895,0.577921986579895,0.5668079853057861,0.5668079853057861,5624,0.0,0.0,-0.037736238543250256,-0.05555611834762397,-0.003906291735396884,-0.003906291735396884,-0.02949602540746103,-0.09155724226452032,0.013732057277909486,0.012192197970182407,0.01654229436925097,-0.939020026673317,0.09579206445184422,-0.019230971536280922,0.01960805345413935,0.0,0
1995-04-20,NEOG,0.5668079853057861,0.5668079853057861,0.5445809960365295,0.5668079853057861,61860,0.0,0.0,-0.01923097153628095,-0.05555611834762397,-0.003906291735396884,-0.0019569681118792796,-0.026717836172019317,-0.09058528924193529,0.013732057277909486,0.010997925952674117,0.01654229436925097,9.999288762446657,1.0157018374909899,0.0,0.03921431921476088,1.0,1
1995-04-21,NEOG,0.5668079853057861,0.577921986579895,0.5556939840316772,0.577921986579895,107973,0.019608053454139407,0.0,0.019608053454139407,-0.03703741223174928,0.015625166941587342,0.015625166941587342,-0.005736197664679459,-0.07010037397744956,0.013732057277909486,0.011049591360801666,0.01727696698997201,0.7454413191076625,1.6508989328397745,0.01960805345413935,0.038461943072561844,1.0,0
1995-04-24,NEOG,0.5556939840316772,0.577921986579895,0.5556939840316772,0.577921986579895,53987,0.0,0.019608053454139407,0.019608053454139407,-0.03703741223174928,0.01167327598468647,0.013645369676492141,-0.003831457776169029,-0.06642751356381205,0.00876898808598197,0.011049591360801666,0.01727696698997201,-0.4999953692126735,0.839900525608744,0.04000043762746704,0.038461943072561844,1.0,0
1995-04-25,NEOG,0.5556939840316772,0.577921986579895,0.5556939840316772,0.577921986579895,10122,0.0,0.019608053454139407,0.019608053454139407,-0.054545997058303874,0.007752020166178227,0.01167327598468647,-0.0009606248893188311,-0.062387520772620525,0.00876898808598197,0.011049591360801666,0.016617541800738697,-0.8125104191749866,0.1584430566893353,0.04000043762746704,0.038461943072561844,1.0,1
1995-04-26,NEOG,0.577921986579895,0.5890359878540039,0.5556939840316772,0.5890359878540039,68608,0.01923097153628084,0.039216106908278814,0.039216106908278814,-0.03636399803886925,0.019230971536280922,0.027132070581623598,0.02021195488955361,-0.04089760017912789,0.010637340528163003,0.012269301115997343,0.01732160861303594,5.7781070934597905,1.0192150136931764,0.019230971536280922,0.05660435781487544,1.0,1
1995-04-27,NEOG,0.6001499891281128,0.6112639904022217,0.5668079853057861,0.6112639904022217,49488,0.037736238543250256,0.0784322138165574,0.0784322138165574,0.018518706115874695,0.04166709835386401,0.057692914608842766,0.057692914608842766,-0.0014520836192855318,0.015855405457071724,0.01612613270896108,0.01895817073211078,-0.2786847014925373,0.7502171609446843,0.01851870611587465,0.07272799607773847,1.0,0
1995-04-28,NEOG,0.6112639904022217,0.6112639904022217,0.6112639904022217,0.6112639904022217,52862,0.0,0.05769291460884274,0.05769291460884274,0.018518706115874695,0.02996285375525122,0.05162577898211552,0.05667686846981334,0.001821844519105925,0.016917456670354623,0.015703231124141254,0.01895817073211078,0.06817814419657298,0.7945916898714437,0.0,0.0,0.5,0
1995-05-01,NEOG,0.6112639904022217,0.6112639904022217,0.6112639904022217,0.6112639904022217,3374,0.0,0.05769291460884274,0.0784322138165574,0.05769291460884274,0.01851870611587465,0.043643716780841176,0.053640408866365834,0.004750074666217275,0.016917456670354623,0.013299760346034724,0.01671413538760396,-0.9361734327115887,0.05190062583786669,0.0,0.0,0.5,1
1995-05-02,NEOG,0.577921986579895,0.6223779916763306,0.577921986579895,0.6223779916763306,92227,0.018181999019434514,0.0769238861451238,0.09804026727069681,0.03703741223174939,0.021898028810995392,0.05263212013649957,0.07074643786438051,0.02564155655906973,0.01577148002190263,0.01337917508489152,0.014969835083736716,26.334617664493184,1.5032068260164457,0.07692388614512369,0.07142926917562827,1.0,1
1995-05-03,NEOG,0.6112639904022217,0.655718982219696,0.6112639904022217,0.6334919929504395,130467,0.01785731729390716,0.07547247708650051,0.11764832072483622,0.07547247708650051,0.025180103853069083,0.059480158686487046,0.0857151788311001,0.046640449374977494,0.01569176591234665,0.013163899438104762,0.014559308748594091,0.4146291216238196,2.1110020735121964,0.036363998038869236,0.07017451256239043,0.5000113966836991,1
1995-05-04,NEOG,0.6112639904022217,0.655718982219696,0.6112639904022217,0.6446059942245483,155211,0.01754402801895938,0.05454599705830376,0.1372563741789754,0.11538582921768548,0.0320287815062538,0.06422082808465238,0.0984858688364058,0.06696188931603701,0.00978553563226482,0.012655544213812991,0.013841757554591116,0.18965715468279343,2.26973244061568,0.054545997058303854,0.06896459576202527,0.7500170950255487,0
1995-05-05,NEOG,0.6112639904022217,0.6446059942245483,0.6112639904022217,0.6446059942245483,28118,0.0,0.05454599705830376,0.11538582921768548,0.1372563741789754,0.021126964032539698,0.05263210147462024,0.09125211509866143,0.06932241280395013,0.00978553563226482,0.013034029162815054,0.012644780960858236,-0.818840159524776,0.4118616386286903,0.054545997058303854,0.05172462577304545,1.0,0
1995-05-08,NEOG,0.6446059942245483,0.6446059942245483,0.6446059942245483,0.6446059942245483,11247,0.0,0.05454599705830376,0.11538582921768548,0.1372563741789754,0.010453061291304104,0.0412930446762307,0.08411300957384582,0.07050657764973606,0.00978553563226482,0.013034029162815054,0.012644780960858236,-0.6000071128814283,0.16569714121972365,0.0,0.0,0.5,0
1995-05-09,NEOG,0.6446059942245483,0.6446059942245483,0.6112639904022217,0.6223779916763306,24744,-0.034483083848696916,0.0,0.0769238861451238,0.09804026727069681,-0.024390476346376474,-0.0017825485758395786,0.04186089114593802,0.035120607659356616,0.021304876970768456,0.01932635741375919,0.015589597505270442,1.2000533475593493,0.36154718348548787,-0.034483083848696965,0.0535719518817212,0.3333333333333333,0
1995-05-10,NEOG,0.6223779916763306,0.6446059942245483,0.6223779916763306,0.6223779916763306,142839,0.0,-0.017544028018959268,0.05660435781487538,0.09804026727069681,-0.02097922161239445,-0.007092267370058753,0.0370374122317493,0.036653532599911526,0.018970303558231278,0.01899511573874371,0.015589597505270442,4.772672162948593,2.3260006155379362,0.0,0.03571463458781413,0.0,1
1995-05-11,NEOG,0.6446059942245483,0.6446059942245483,0.6446059942245483,0.6446059942245483,5624,0.0357146345878141,0.0,0.05454599705830376,0.1372563741789754,0.013986147741596244,0.022927910797481237,0.06715798964717938,0.07447281767258486,0.024820932959967536,0.01862320151405029,0.01699285523619347,-0.9606269996289529,0.09302987244784025,0.0,0.0,0.5,0
1995-05-12,NEOG,0.6334919929504395,0.6446059942245483,0.6334919929504395,0.6446059942245483,120345,0.0,0.0,0.05454599705830376,0.11538582921768548,0.013986147741596244,0.017544028018959316,0.061299790168764905,0.07526958054494577,0.024820932959967536,0.01862320151405029,0.01676628166068145,20.398470839260312,1.8321911160539954,0.017544028018959316,0.017241541924348482,1.0,1
1995-05-15,NEOG,0.655718982219696,0.655718982219696,0.6334919929504395,0.655718982219696,21370,0.01723996998897981,0.01723996998897981,0.07272633839958775,0.15686263993959693,0.027873568271310756,0.027873405007249018,0.07175209745134269,0.09259187909729066,0.02594992940778758,0.018855904442785412,0.01588259643143824,-0.82242718849973,0.34514587137219305,0.0,0.03389712647026821,1.0,0
1995-05-16,NEOG,0.655718982219696,0.655718982219696,0.6223779916763306,0.6223779916763306,85479,-0.050846462352670985,0.0,0.0,0.09804026727069681,-0.024390166421101984,-0.024390321383763756,0.012658436542451721,0.03626983216487145,0.03223827527185752,0.025761638756096945,0.02052560242025139,2.99995320542817,1.3881317246536735,-0.050846462352670936,0.05357032380525524,0.0,1
1995-05-17,NEOG,0.6223779916763306,0.655718982219696,0.6223779916763306,0.655718982219696,39365,0.05357032380525517,0.05357032380525517,0.03508645652447173,0.15686263993959693,0.017240609603576953,0.02430452780083407,0.059245078898222336,0.09016929285768596,0.04002460399387677,0.030504454712801447,0.023177992154762708,-0.539477532493361,0.6222190609415874,0.05357032380525524,0.050846462352670936,1.0,0
1995-05-18,NEOG,0.655718982219696,0.655718982219696,0.655718982219696,0.655718982219696,5624,0.0,0.01723996998897981,0.01723996998897981,0.15686263993959693,0.013745219972008485,0.02252944749540281,0.05169253990256873,0.08896204227203192,0.037658491666678014,0.03013313544271534,0.023177992154762708,-0.8571319700241331,0.09302987244784025,0.0,0.0,0.5,0
1995-05-19,NEOG,0.6223779916763306,0.6446059942245483,0.6223779916763306,0.6223779916763306,44989,-0.050846462352670985,-0.034483083848696916,-0.034483083848696916,0.0769238861451238,-0.03114124629453472,-0.026086741430939198,-0.005328406961823887,0.0328296497347856,0.045130295387316395,0.03450349606328928,0.026384025597895565,6.999466571834993,0.7850866860368731,0.0,0.03571463458781413,0.0,0
1995-05-22,NEOG,0.6446059942245483,0.6446059942245483,0.6223779916763306,0.6223779916763306,43864,0.0,-0.050846462352670985,-0.034483083848696916,0.0769238861451238,-0.020978597419406973,-0.022687359157811622,-0.008849403295355896,0.03168796937809941,0.04352398223016056,0.03450349606328928,0.026384025597895565,-0.0250061126053035,0.7722759551994028,-0.034483083848696965,0.03571463458781413,0.0,0
1995-05-23,NEOG,0.6223779916763306,0.6223779916763306,0.6223779916763306,0.6223779916763306,10122,0.0,0.0,0.0,0.0769238861451238,-0.020978597419406973,-0.022687359157811622,-0.01234555990294191,0.030928250333201405,0.0369244446205321,0.032678436524499886,0.026384025597895565,-0.7692412912639066,0.1782094022097473,0.0,0.0,0.5,1
1995-05-24,NEOG,0.6223779916763306,0.655718982219696,0.6001499891281128,0.6334919929504395,123719,0.01785731729390716,-0.03389712647026821,0.01785731729390716,0.07547247708650051,0.0035214828317066764,-0.006968234337898261,0.0017577269116579109,0.047794703617497776,0.025916161831834306,0.03313383635005428,0.02634417071969917,11.222782058881643,2.077429018082779,0.017857317293907066,0.08771854058134974,0.6000109407664758,0
1995-05-25,NEOG,0.6223779916763306,0.6223779916763306,0.5890359878540039,0.6223779916763306,77606,-0.017544028018959268,-0.050846462352670985,-0.034483083848696916,0.018181999019434514,-0.0035587535006949065,-0.020978753467728546,-0.016681223485881823,0.02790053019985807,0.025987107945990927,0.031395240015437725,0.025502204204266216,-0.37272367219263003,1.2730684811958044,0.0,0.0535719518817212,1.0,0
1995-05-26,NEOG,0.6223779916763306,0.6223779916763306,0.6001499891281128,0.6001499891281128,24744,-0.0357146345878141,-0.0357146345878141,-0.06896616769739394,-0.018181999019434625,-0.03225838075714629,-0.04929579160365877,-0.05096686997578345,-0.008446551531852382,0.020319699639846436,0.032999287700703754,0.02680851832605663,-0.6811586732984563,0.41548916191886676,-0.03571463458781413,0.0370374122317493,0.0,1
1995-05-30,NEOG,0.5890359878540039,0.6223779916763306,0.5890359878540039,0.6223779916763306,11247,0.03703741223174939,0.0,-0.050846462352670985,0.018181999019434514,0.00358426452857185,-0.008849323325901813,-0.016681223485881823,0.02790053019985807,0.028607020054692796,0.03511629410439206,0.028098413853128265,-0.5454655674102813,0.18761400591016647,0.05660435781487544,0.0535719518817212,1.0,0
1995-05-31,NEOG,0.5890359878540039,0.6223779916763306,0.5890359878540039,0.6223779916763306,66358,0.0,0.0,0.0,0.0,0.00358426452857185,-0.008849323325901813,-0.016681223485881823,0.027523315172063842,0.028607020054692796,0.03113986933083265,0.027815435278080797,4.900062238819241,1.131344611885614,0.05660435781487544,0.0535719518817212,1.0,0
1995-06-01,NEOG,0.6001499891281128,0.6223779916763306,0.6001499891281128,0.6001499891281128,21370,-0.0357146345878141,-0.052632084056877915,-0.08474513411747642,-0.052632084056877915,-0.021739345870262328,-0.035714477594757654,-0.049296020506514174,-0.009174304559765794,0.030377482787675904,0.02669509633234084,0.028610813210196796,-0.6779589499382139,0.4016973923504561,0.0,0.0370374122317493,0.0,1
1995-06-02,NEOG,0.6001499891281128,0.6223779916763306,0.6001499891281128,0.6223779916763306,30367,0.03703741223174939,0.0,-0.050846462352670985,-0.034483083848696916,0.014492897246841491,0.005386049305595277,-0.01234555990294191,0.02676971508093981,0.03637722592699683,0.030326605659093498,0.029636395481824753,0.4210107627515207,0.6466973542843939,0.0370374122317493,0.03571463458781413,1.0,0
1995-06-05,NEOG,0.6001499891281128,0.6223779916763306,0.6001499891281128,0.6223779916763306,64109,0.0,0.03703741223174939,0.0,-0.034483083848696916,0.007194315386591218,0.005386049305595277,-0.010600570107313625,0.026017219581563406,0.03051546370256608,0.02564806962864387,0.029636395481824753,1.1111403826522213,1.314878395950497,0.0370374122317493,0.03571463458781413,1.0,0
1995-06-06,NEOG,0.6001499891281128,0.6223779916763306,0.5890359878540039,0.6112639904022217,89978,-0.01785731729390705,-0.01785731729390705,-0.01785731729390705,-0.051724625773045485,-0.007220287900761249,-0.010791473079886647,-0.025686461059242115,0.007326181648147116,0.026979207777535225,0.026284710573005368,0.029862207435750597,0.4035158870049447,1.7075843824102372,0.01851870611587465,0.054545997058303854,0.6666666666666666,0
1995-06-07,NEOG,0.6112639904022217,0.6112639904022217,0.577921986579895,0.6112639904022217,29243,0.0,-0.01785731729390705,-0.01785731729390705,-0.01785731729390705,-0.003623224311710418,-0.009009097805980148,-0.024822699334743185,0.007326181648147116,0.026979207777535225,0.026284710573005368,0.028881209149946373,-0.6749983329258263,0.5526086537498512,0.0,0.054545997058303854,1.0,0
1995-06-08,NEOG,0.577921986579895,0.6112639904022217,0.577921986579895,0.6112639904022217,14621,0.0,0.018518706115874695,-0.03508805603791865,-0.01785731729390705,-0.007220287900761249,-0.0054250084563004855,-0.023957404743661568,0.007326181648147116,0.020106457155569118,0.025416513833814606,0.028881209149946373,-0.5000170981089491,0.31438142911205147,0.057692914608842766,0.054545997058303854,1.0,0
1995-06-09,NEOG,0.577921986579895,0.6112639904022217,0.577921986579895,0.6112639904022217,48363,0.0,-0.01785731729390705,-0.01785731729390705,-0.051724625773045485,-0.003623224311710418,-0.003623224311710418,-0.021352282857703082,0.0069573290772297755,0.007986035072992819,0.024922890120738644,0.027599672662991338,2.307776485876479,0.9942202710911795,0.057692914608842766,0.054545997058303854,1.0,0
1995-06-12,NEOG,0.6112639904022217,0.6112639904022217,0.577921986579895,0.5890359878540039,21370,-0.03636399803886925,-0.05357195188172115,-0.018518706115874695,-0.0862077096217424,-0.029304322899182573,-0.038112901067828324,-0.052725931866581165,-0.029304225645807744,0.016226782852917565,0.025022526601310838,0.02861986946012498,-0.5581332837086203,0.48906749909601466,-0.036363998038869236,0.05660435781487544,0.3333333333333333,1
1995-06-13,NEOG,0.5890359878540039,0.6112639904022217,0.5890359878540039,0.6112639904022217,7873,0.037736238543250256,0.0,-0.01785731729390705,-0.06779579823507365,0.007326080724795734,0.0,-0.01345288546407906,0.006220433718708564,0.02620108511094372,0.025143064718011084,0.02976841377928901,-0.6315863359850258,0.18300556362017686,0.03773623854325029,0.036363998038869236,1.0,0
1995-06-14,NEOG,0.6112639904022217,0.6112639904022217,0.577921986579895,0.6112639904022217,49488,0.0,0.0,-0.01785731729390705,-0.01785731729390705,0.007326080724795734,0.001821511774473125,-0.012567286752256226,0.005852390338718814,0.02620108511094372,0.025143064718011084,0.027564128440077225,5.285786866505779,1.200553116130128,0.0,0.054545997058303854,1.0,0
1995-06-15,NEOG,0.577921986579895,0.577921986579895,0.577921986579895,0.577921986579895,11247,-0.054545997058303874,-0.054545997058303874,-0.03703741223174928,-0.11864380588228185,-0.0370374122317493,-0.04936063988426582,-0.06052445936640398,-0.04866486309891734,0.03590313416206644,0.028473626453266523,0.02698935497632274,-0.7727327837051406,0.2824807673470618,0.0,0.0,0.5,1
1995-06-16,NEOG,0.577921986579895,0.6112639904022217,0.577921986579895,0.5890359878540039,14621,0.01923097153628084,-0.03636399803886925,-0.05357195188172115,-0.10169446999987908,-0.011194144095413402,-0.025735552905827557,-0.037239243795132555,-0.030724424010950293,0.03827870681961124,0.026123677712553542,0.027549105734880196,0.29999110874010837,0.3631197853219736,0.019230971536280922,0.05660435781487544,0.3333333333333333,1
1995-06-19,NEOG,0.5890359878540039,0.6112639904022217,0.5890359878540039,0.6112639904022217,79855,0.037736238543250256,0.037736238543250256,-0.01785731729390705,-0.01785731729390705,0.01851870611587465,0.012891474254178244,0.0,0.004382905256257333,0.03830998328396041,0.029466720150774908,0.026900878755970557,4.461664728814719,1.900936125641987,0.03773623854325029,0.036363998038869236,1.0,0
1995-06-20,NEOG,0.5890359878540039,0.6112639904022217,0.5890359878540039,0.6112639904022217,75356,0.0,0.0,0.0,-0.01785731729390705,0.01851870611587465,0.012891474254178244,0.0009099271657134325,0.002917707554940199,0.034525162223398964,0.028894530017722724,0.026900878755970557,-0.056339615553190114,1.729028734926697,0.03773623854325029,0.036363998038869236,1.0,0
1995-06-21,NEOG,0.6001499891281128,0.6112639904022217,0.6001499891281128,0.6112639904022217,14621,0.0,0.0,0.0,-0.01785731729390705,0.01851870611587465,0.012891474254178244,0.001821511774473125,0.0014567784987549184,0.034525162223398964,0.028894530017722724,0.026900878755970557,-0.805974308615107,0.33375334986007055,0.01851870611587465,0.018181999019434618,1.0,0
1995-06-22,NEOG,0.6001499891281128,0.6001499891281128,0.6001499891281128,0.6001499891281128,7873,-0.018181999019434625,0.0384619430725619,-0.018181999019434625,-0.052632084056877915,-0.007353015115950783,-0.003690074143453287,-0.013698767006646542,-0.017824743140464176,0.021351700954314327,0.029487032701154776,0.02680948991488954,-0.4615279392654401,0.20709973563414924,0.0,0.0,0.5,0
1995-06-23,NEOG,0.6112639904022217,0.6112639904022217,0.5556939840316772,0.577921986579895,343039,-0.03703741223174928,-0.018868119271625128,-0.054545997058303874,-0.07142926917562831,-0.04059081557798579,-0.035250821580681484,-0.04674657326674227,-0.05454590302278796,0.02768233383844885,0.031540760037764876,0.027729239137884134,42.57157373301156,6.688595486393765,-0.054545997058303854,0.09615485768140461,0.4,0
1995-06-26,NEOG,0.5556939840316772,0.5668079853057861,0.5445809960365295,0.5556939840316772,155211,-0.0384619430725619,-0.09090999509717312,-0.056604357814875494,-0.07407482446349856,-0.06015099444171388,-0.06716486457248079,-0.08003760410006293,-0.09024826040314705,0.018884099319917805,0.03177759291199768,0.027904352121272593,-0.5475412416663994,2.6848236911979657,0.0,0.03999861417968769,0.4999772061130523,0
1995-06-27,NEOG,0.5334669947624207,0.5334669947624207,0.5223529934883118,0.5334669947624207,220445,-0.03999861417968764,-0.12727233545789163,-0.12727233545789163,-0.14285691027479053,-0.07335841417724434,-0.0926269899970493,-0.11028680656974442,-0.12568259366194584,0.01737453883247008,0.02949161625881127,0.02732964609264553,0.42029237618467774,3.228998218847407,0.0,0.020833531189794606,1.0,1
1995-06-28,NEOG,0.5334669947624207,0.5556939840316772,0.5223529934883118,0.5556939840316772,352037,0.041665162957561064,-0.09090999509717312,-0.09090999509717312,-0.1071439037634424,-0.0157485543704817,-0.04580217089008213,-0.0680343236744479,-0.08892210860686398,0.03472825258608259,0.034130419109350885,0.02942477811895996,0.5969380117489622,4.2643058784909575,0.04166516295756099,0.059998832993421215,1.0,0
1995-06-29,NEOG,0.5556939840316772,0.577921986579895,0.5445809960365295,0.5556939840316772,208073,0.0,-0.07407482446349856,-0.0384619430725619,-0.07407482446349856,-3.6468942291186706e-07,-0.04214620283628549,-0.06454704533940166,-0.0885899587575284,0.03569562034200816,0.030163575476032874,0.028548530922581857,-0.40894565059922683,2.264382764080771,0.0,0.059998832993421215,0.33331307240837443,1
1995-06-30,NEOG,0.577921986579895,0.577921986579895,0.5556939840316772,0.577921986579895,51737,0.04000043762746697,0.0,-0.018868119271625128,-0.07142926917562831,0.04000005835030762,-0.001919580608504384,-0.023474503150762768,-0.05247859423842864,0.04004115556314704,0.03252558516101249,0.028776486168867053,-0.7513516890706626,0.5565631790701177,0.0,0.038461943072561844,1.0,0
1995-07-03,NEOG,0.5556939840316772,0.5668079853057861,0.5556939840316772,0.5668079853057861,22494,-0.01923097153628095,0.020000218813733595,-0.0727279960777385,-0.08928658646953536,0.0159360596138552,-0.013539969060740523,-0.03773632130912202,-0.07036155850364506,0.03607306912557096,0.029776624754395412,0.02898084745224648,-0.5652241142702514,0.2475206941231166,0.02000021881373352,0.01960805345413935,1.0,1
1995-07-05,NEOG,0.5556939840316772,0.577921986579895,0.5556939840316772,0.577921986579895,11247,0.019608053454139407,0.08333222533715023,-0.054545997058303874,-0.054545997058303874,0.01960805345413935,0.01167309653599865,-0.01608350583510767,-0.05213315824976174,0.026192205380154616,0.03092149756504934,0.029265503523966747,-0.5,0.1293640377866753,0.04000043762746704,0.038461943072561844,1.0,0
1995-07-06,NEOG,0.5556939840316772,0.577921986579895,0.5556939840316772,0.577921986579895,30367,0.0,0.04000043762746697,-0.054545997058303874,-0.054545997058303874,0.01167327598468647,0.017612531444989157,-0.013282955676880643,-0.05213315824976174,0.0225181716617488,0.03092149756504934,0.029265503523966747,1.7000088912598916,0.3490584147251224,0.04000043762746704,0.038461943072561844,1.0,1
1995-07-07,NEOG,0.577921986579895,0.6001499891281128,0.5668079853057861,0.6001499891281128,78730,0.0384619430725619,0.08000087525493416,0.0,-0.018181999019434625,0.03448311998552088,0.05675188669935188,0.02564120324802074,-0.01603507986999331,0.025448624366653457,0.033363521915727175,0.030661390020236802,1.5926169855435175,0.8728153978250012,0.038461943072561844,0.055556118347623945,1.0,0
1995-07-10,NEOG,0.6001499891281128,0.6001499891281128,0.5668079853057861,0.5668079853057861,29243,-0.05555611834762397,-0.01923097153628095,-0.01923097153628095,-0.0727279960777385,-0.019230971536280922,-1.787693197455059e-07,-0.027645749390908428,-0.06934369596712234,0.036277462477408776,0.036081824977799624,0.03304090921813094,-0.6285659850120666,0.3276660614131558,-0.055556118347623945,0.058824160362418054,0.0,1
1995-07-11,NEOG,0.5668079853057861,0.6223779916763306,0.5668079853057861,0.6223779916763306,88853,0.09804026727069681,0.09804026727069681,0.12000131288240112,0.05660435781487538,0.05660435781487544,0.08527203007057568,0.06463936323824211,0.021525273628057607,0.055990949902898234,0.0451605228062578,0.0390690716322783,2.03843654891769,0.9593232599694452,0.09804026727069676,0.08928658646953534,1.0,0
1995-07-12,NEOG,0.6223779916763306,0.6223779916763306,0.5890359878540039,0.5890359878540039,136091,-0.05357195188172115,0.01923097153628084,0.10416575652694471,-0.03636399803886925,-0.0037594371526071526,0.017274653545589474,0.009523821101248744,-0.03249387087830108,0.0649957357760956,0.047070601959777546,0.04017383914438526,0.5316421505182718,1.3742207017168293,-0.0535719518817212,0.05660435781487544,0.0,1
1995-07-13,NEOG,0.6112639904022217,0.6334919929504395,0.5890359878540039,0.6223779916763306,203574,0.05660435781487538,0.0769238861451238,0.12000131288240112,0.018181999019434514,0.0370374122317493,0.06261924581598953,0.06565235120545962,0.022271192242588646,0.06863167469627032,0.04837309150758422,0.04219771457777554,0.4958667362279652,1.9072718874753247,0.018181999019434618,0.07142926917562827,0.75,1
1995-07-14,NEOG,0.6334919929504395,0.6334919929504395,0.6112639904022217,0.6334919929504395,32617,0.01785731729390716,0.05555611834762386,0.14000153169613472,0.09615485768140464,0.04395648434877404,0.06741642094931534,0.07954618547030513,0.04052621328288522,0.06761659909203468,0.04819228415485825,0.04017207049380542,-0.8397781642056451,0.30255778531819727,0.0,0.03508805603791863,1.0,0
1995-07-17,NEOG,0.6112639904022217,0.6334919929504395,0.6112639904022217,0.6334919929504395,23619,0.0,0.11764832072483622,0.09615485768140464,0.07547247708650051,0.02150558717143092,0.05751449836848012,0.07547238458336303,0.040906248592265805,0.057393197792807986,0.047469460220431456,0.04005251687741915,-0.27586841217769875,0.2181811127707865,0.036363998038869236,0.03508805603791863,1.0,0
1995-07-18,NEOG,0.6334919929504395,0.6334919929504395,0.6112639904022217,0.6334919929504395,23619,0.0,0.01785731729390716,0.11764832072483622,0.03636399803886925,0.017857317293907066,0.045872020060465986,0.07344699216956796,0.04128656160652948,0.03970395139556827,0.046523832514589025,0.03928069427313082,0.0,0.22399928681373604,0.0,0.03508805603791863,1.0,0
1995-07-19,NEOG,0.6001499891281128,0.6223779916763306,0.5890359878540039,0.6001499891281128,182204,-0.052632084056877915,0.018868119271625128,0.0384619430725619,-0.018181999019434625,-0.039146288507643616,-0.012797202932957833,0.01790773149544925,-0.012074698177483186,0.03936294948184578,0.05066077163773377,0.041175056762509175,6.714297811084297,1.6446675398317638,0.0,0.055556118347623945,0.3333333333333333,0
1995-07-20,NEOG,0.5890359878540039,0.6112639904022217,0.577921986579895,0.577921986579895,327293,-0.03703741223174928,-0.07142926917562831,0.0,-0.054545997058303874,-0.06137244715647008,-0.04936063988426582,-0.01701349315454545,-0.047270472404203,0.029280506089957723,0.05238499863258488,0.04199404020418553,0.7962997519264121,2.5889685274995786,-0.018868119271625145,0.057692914608842766,0.0,0
1995-07-21,NEOG,0.5834789872169495,0.5890359878540039,0.577921986579895,0.577921986579895,87728,0.0,-0.08772014009479656,-0.03703741223174928,-0.03703741223174928,-0.044118090695704326,-0.045872020060465986,-0.015151757157953277,-0.045871956214554414,0.02516834551606267,0.05073244372573471,0.041821135808806614,-0.7319588258838411,0.6727037317773302,-0.009523908759011122,0.019230971536280922,0.0,0
1995-07-24,NEOG,0.577921986579895,0.6112639904022217,0.577921986579895,0.577921986579895,157461,0.0,-0.08772014009479656,0.019608053454139407,0.0,-0.02621749703584496,-0.04761952471117173,-0.015151757157953277,-0.043766466610009186,0.02516834551606267,0.047212373218557604,0.04095545143003632,0.7948773481670619,1.2999108824535848,0.0,0.057692914608842766,0.0,1
1995-07-25,NEOG,0.6112639904022217,0.6112639904022217,0.577921986579895,0.6112639904022217,124844,0.05769291460884274,-0.03508805603791865,-0.01785731729390705,0.10000109406866753,0.03773623854325029,0.009174404012093197,0.03675806562809012,0.01251860347091654,0.042620060470021925,0.03923005914263268,0.04174172820190625,-0.20714335613262969,1.0437257239549282,0.0,0.054545997058303854,1.0,0
1995-07-26,NEOG,0.6112639904022217,0.6112639904022217,0.5890359878540039,0.6001499891281128,83229,-0.018181999019434625,0.0,0.018868119271625128,0.1249992877167394,0.018868119271625145,-0.010989121087193418,0.012183817523778591,-0.004057550785063296,0.03545984963821221,0.03537864504374614,0.04076106771389099,-0.3333360033321585,0.7381533085594175,-0.018181999019434618,0.0370374122317493,0.5,0
1995-07-27,NEOG,0.5890359878540039,0.6112639904022217,0.5890359878540039,0.6001499891281128,35991,0.0,0.0384619430725619,-0.0357146345878141,0.08000087525493416,0.01123607015821916,-0.007353015115950783,0.008403447188120312,-0.003322259136212654,0.028925918283882284,0.029843127406449302,0.03993559901247263,-0.5675665933749054,0.37122991376029263,0.018868119271625145,0.0370374122317493,0.5,0
1995-07-28,NEOG,0.6112639904022217,0.6112639904022217,0.5890359878540039,0.5890359878540039,206948,-0.018518706115874695,0.01923097153628084,-0.0701761120758373,0.06000065644120056,-0.011194144095413402,-0.01851870611587465,-0.013035514539962725,-0.019608041549289645,0.03128044672353643,0.029197125363026592,0.040261290111449584,4.7499930538190105,2.135808604104776,-0.036363998038869236,0.03773623854325029,0.0,1
1995-07-31,NEOG,0.6112639904022217,0.6112639904022217,0.6112639904022217,0.6112639904022217,53987,0.037736238543250256,0.05769291460884274,-0.03508805603791865,0.05769291460884274,0.014760296573812963,0.022305059507432664,0.021355834396412893,0.018896044438469612,0.03441009132040053,0.032441734078505036,0.04015682450468453,-0.7391277035777104,0.5565271354268947,0.0,0.0,0.5,0
1995-08-01,NEOG,0.6112639904022217,0.6112639904022217,0.5890359878540039,0.5890359878540039,19120,-0.03636399803886925,-0.03636399803886925,-0.0701761120758373,0.039216106908278814,-0.014870039671621715,-0.007490713438812899,-0.017609075674950785,-0.017062520882755675,0.028152582184753288,0.03405432467964831,0.04084552660975826,-0.645840665345361,0.19744264275738152,-0.036363998038869236,0.03773623854325029,0.0,0
1995-08-02,NEOG,0.5890359878540039,0.6112639904022217,0.5890359878540039,0.5890359878540039,124844,0.0,-0.018518706115874695,-0.018518706115874695,0.01923097153628084,-0.011194144095413402,-0.005628575590814453,-0.01851870611587465,-0.015967518176704762,0.02752501713158846,0.029997415325824964,0.040653374289005464,5.529497907949791,1.2177752026227564,0.0,0.03773623854325029,0.0,0
1995-08-03,NEOG,0.577921986579895,0.5890359878540039,0.577921986579895,0.577921986579895,125969,-0.018868119271625128,-0.03703741223174928,0.0,0.0,-0.02255662291564273,-0.024390494226862753,-0.0370374122317493,-0.03309817532011696,0.02822189924933198,0.028093390890194872,0.04091364376457766,0.009011246035051768,1.1740085108603873,0.0,0.019230971536280922,0.0,0
1995-08-04,NEOG,0.5890359878540039,0.5890359878540039,0.5668079853057861,0.5668079853057861,10122,-0.01923097153628095,-0.037736238543250256,-0.01923097153628095,-0.05555611834762397,-0.03409126228952503,-0.04135380867867831,-0.052925328721544734,-0.049571912975749755,0.028294999280783075,0.028770050616432313,0.04014385097314968,-0.9196468972524986,0.09745079803365432,-0.03773623854325029,0.0392161069082787,0.0,1
1995-08-07,NEOG,0.5890359878540039,0.6001499891281128,0.577921986579895,0.6001499891281128,213697,0.058824160362418,-0.018181999019434625,0.0384619430725619,0.058824160362418,0.02661624638481595,0.01123607015821916,0.0,0.007086945923348879,0.036944360767119044,0.03455882485374035,0.040275006706437876,20.112131989725352,1.8896105331570734,0.018868119271625145,0.0370374122317493,1.0,0
1995-08-08,NEOG,0.577921986579895,0.6112639904022217,0.577921986579895,0.5890359878540039,30367,-0.018518706115874695,0.0,-0.03636399803886925,-0.05357195188172115,0.007604641824233183,-0.0037594371526071526,-0.01578474716256592,-0.011194177734115924,0.0336455305415984,0.02951316988171124,0.03380633717245817,-0.8578969288291366,0.2756471585658759,0.019230971536280922,0.05660435781487544,0.3333333333333333,1
1995-08-09,NEOG,0.6223779916763306,0.6223779916763306,0.6223779916763306,0.6223779916763306,22494,0.05660435781487538,0.05660435781487538,0.03703741223174939,0.05660435781487538,0.05263212013649957,0.04868963735228328,0.0370374122317493,0.04477654083885431,0.04195644660356129,0.03439772173077639,0.03397269535544293,-0.25926169855435177,0.21528170904620555,0.0,0.0,0.5,0
1995-08-10,NEOG,0.6001499891281128,0.6001499891281128,0.6001499891281128,0.6001499891281128,23619,-0.0357146345878141,0.0384619430725619,0.0,-0.0357146345878141,0.007462762730275726,0.01123607015821916,0.0018553063989831579,0.008215135464982272,0.04555338658147281,0.03665820460976704,0.032592445423973354,0.05001333688983722,0.24734889819308273,0.0,0.0,0.5,1
1995-08-11,NEOG,0.6001499891281128,0.6390489935874939,0.6001499891281128,0.6112639904022217,164209,0.018518706115874695,0.0784322138165574,0.037736238543250256,-0.03508805603791865,0.01102952267392599,0.026119669555964852,0.022305059507432664,0.026502661925230875,0.04288034105143032,0.0363824850762317,0.03261325381792877,5.952411194377408,1.608816458015327,0.01851870611587465,0.06363699656802116,0.2857142857142857,1
1995-08-14,NEOG,0.6446059942245483,0.6446059942245483,0.6112639904022217,0.6446059942245483,28118,0.05454599705830376,0.07407482446349856,0.05454599705830376,0.01754402801895938,0.050725140363945306,0.07606756235831244,0.07706670673488111,0.08168673466210186,0.041840858069230547,0.03842978004779173,0.03492510386672818,-0.8287669981547905,0.2748766657395926,0.0,0.05172462577304545,1.0,0
1995-08-15,NEOG,0.6446059942245483,0.6446059942245483,0.6112639904022217,0.6112639904022217,35991,-0.051724625773045485,0.037736238543250256,0.037736238543250256,-0.03508805603791865,-0.010791473079886647,0.01663602773343416,0.023256050636632233,0.02611963464786423,0.05029056178302349,0.04055837613443047,0.03689702244531514,0.27999857742371437,0.3497268290549913,-0.05172462577304545,0.054545997058303854,0.0,0
1995-08-16,NEOG,0.6446059942245483,0.6446059942245483,0.6112639904022217,0.6112639904022217,10122,0.0,-0.01785731729390705,0.037736238543250256,0.018518706115874695,-0.007220287900761249,0.012891474254178244,0.022305059507432664,0.02611963464786423,0.04250839542822908,0.04055837613443047,0.0348516673683647,-0.7187630240893557,0.10732957506628572,-0.05172462577304545,0.054545997058303854,0.0,1
1995-08-17,NEOG,0.6446059942245483,0.6446059942245483,0.6112639904022217,0.6446059942245483,66358,0.05454599705830376,0.07407482446349856,0.11538582921768548,0.11538582921768548,0.0320287815062538,0.05646686500866906,0.07208945351154777,0.0808804001670586,0.044207385464320695,0.04246918510445949,0.035533286060438325,5.555819008101166,0.8166042955468129,0.0,0.05172462577304545,1.0,0
1995-08-18,NEOG,0.6446059942245483,0.6446059942245483,0.6112639904022217,0.6112639904022217,16871,-0.051724625773045485,0.0,0.0784322138165574,0.05769291460884274,-0.02135252100416926,-0.0054250084563004855,0.013825024196869318,0.02497226596299787,0.053139056503076945,0.04618631987466241,0.037807684973054326,-0.7457578588866451,0.21707955873828538,-0.05172462577304545,0.054545997058303854,0.0,0
1995-08-21,NEOG,0.6112639904022217,0.6112639904022217,0.6112639904022217,0.6112639904022217,53987,0.0,-0.051724625773045485,0.018518706115874695,0.05769291460884274,-0.010791473079886647,-0.007220287900761249,0.01102952267392599,0.02497226596299787,0.044294000603660504,0.04268291570607875,0.037807684973054326,2.1999881453381542,0.7441930350192675,0.0,0.0,0.5,1
1995-08-22,NEOG,0.6112639904022217,0.6446059942245483,0.6112639904022217,0.6223779916763306,92227,0.018181999019434514,0.018181999019434514,0.05660435781487538,0.018181999019434514,0.00358426452857185,0.005386049305595277,0.028466769001462708,0.04244269018123082,0.03838313262996411,0.042235685325449863,0.03580513027465151,0.7083186693092782,1.3005563115626784,0.018181999019434618,0.0535719518817212,0.3333333333333333,0
1995-08-23,NEOG,0.6112639904022217,0.6446059942245483,0.6112639904022217,0.6223779916763306,41615,0.0,0.018181999019434514,0.0,0.03703741223174939,0.0,0.005386049305595277,0.02658138479873586,0.04205472841490611,0.03838313262996411,0.03836386318290048,0.035508544145185325,-0.5487763886931158,0.6045809555909392,0.018181999019434618,0.0535719518817212,0.3333333333333333,1
1995-08-24,NEOG,0.6112639904022217,0.6446059942245483,0.6112639904022217,0.6446059942245483,52862,0.0357146345878141,0.0,0.07407482446349856,0.07407482446349856,0.03571463458781413,0.033868422940953415,0.05936132369546835,0.07806767173700714,0.03271319917036208,0.037477640267299606,0.03627059043246013,0.2702631262765829,0.7586792362114261,0.054545997058303854,0.05172462577304545,1.0,0
1995-08-25,NEOG,0.6112639904022217,0.6446059942245483,0.6112639904022217,0.6446059942245483,58485,0.0,0.05454599705830376,0.05454599705830376,0.09434059635812564,0.02473522139341561,0.028369069480234658,0.054545997058303854,0.07566838707991791,0.01600898801646338,0.03734677123246732,0.03589450762785218,0.1063713064204912,0.9394697782603947,0.054545997058303854,0.05172462577304545,1.0,0
1995-08-28,NEOG,0.6446059942245483,0.6446059942245483,0.6112639904022217,0.6112639904022217,20245,-0.051724625773045485,0.0,-0.051724625773045485,0.0,-0.02826882444961769,-0.019608034334236076,0.0,0.019273696899306355,0.03271319917036208,0.03710243448118149,0.037168435178973454,-0.6538428656920579,0.33426289624063626,-0.05172462577304545,0.054545997058303854,0.0,0
1995-08-29,NEOG,0.6446059942245483,0.6446059942245483,0.6112639904022217,0.6112639904022217,22494,0.0,-0.01785731729390705,0.0,0.037736238543250256,-0.024822935795205458,-0.019608034334236076,-0.0018149000508488986,0.019273696899306355,0.031223821321038393,0.03321607115436815,0.03613744958129075,0.11108915781674478,0.3703642722129652,-0.05172462577304545,0.054545997058303854,0.0,1
1995-08-30,NEOG,0.6112639904022217,0.6668329834938049,0.6112639904022217,0.6668329834938049,142839,0.09090833741902249,0.07142764109916233,0.09090833741902249,0.13207511466868715,0.04895025756360144,0.060069811895804154,0.08205516046404308,0.10987733878334677,0.052662475714882195,0.04381383814717239,0.04117622189744044,5.350093358228861,2.3175150950238135,0.09090833741902242,0.0833327001919357,1.0,1
1995-08-31,NEOG,0.6668329834938049,0.7112889885902405,0.6668329834938049,0.6890609860420227,221570,0.03333368789251612,0.0689645957620253,0.0689645957620253,0.19230796204837453,0.06896526789975033,0.0877188885455475,0.1081318692189249,0.14391124793321886,0.05243839915797177,0.04186566325528605,0.04110348431714558,0.5511870007490951,3.3361640362209513,0.033333687892516006,0.06451679313871991,0.5,1
1995-09-01,NEOG,0.7112889885902405,0.7112889885902405,0.6668329834938049,0.7112889885902405,166458,0.032258396569359915,0.10344767961072221,0.163636333496761,0.25490290721029374,0.08108128919904636,0.10535400161023824,0.13074197547479482,0.1764707656900584,0.05219173337653051,0.03678757012045816,0.04081232623590773,-0.24873403439093744,2.2424203234749718,0.0,0.06250062324814896,1.0,1
1995-09-05,NEOG,0.7335169911384583,0.7335169911384583,0.7001749873161316,0.7335169911384583,143964,0.031250311624074545,0.20000033153563024,0.20000033153563024,0.2222227850142906,0.07491902626922557,0.11864431399585061,0.15384639906479955,0.20702320188236864,0.03294912404110067,0.03661684348660241,0.03960225923109438,-0.13513318674981079,2.034977860547956,0.0,0.045454984990297306,1.0,0
1995-09-06,NEOG,0.7001749873161316,0.7224029898643494,0.7001749873161316,0.7001749873161316,322794,-0.04545498499029732,0.14545433447732625,0.12499959298088359,0.18867947248356276,0.0,0.05527616703077339,0.09185414145395486,0.14670545038928542,0.04850048025028264,0.041919188302916174,0.0410829870016242,1.2421855463865965,3.7812902311339043,0.0,0.031746353341499396,0.0,1
1995-09-07,NEOG,0.7224029898643494,0.7224029898643494,0.7001749873161316,0.7112889885902405,562359,0.01587317667074961,0.06666737578503201,0.14285691027479053,0.14285691027479053,0.0031348275963348007,0.05785121226978256,0.10154895882432367,0.15816156385110045,0.03369583408633845,0.04168774915730161,0.03960682459559796,0.7421606349560401,5.005004033932201,-0.015384766439291509,0.03125031162407448,0.5,0
1995-09-08,NEOG,0.7001749873161316,0.7224029898643494,0.6890609860420227,0.7001749873161316,120345,-0.015625155812037272,0.01612919828468007,0.08620613768637364,0.16666666666666674,-0.01562515581203724,0.03278676518562434,0.0760031552474083,0.13472617095249143,0.033587401845507014,0.04190668311300644,0.03869913280691344,-0.7859996905891077,1.0268725844346613,0.0,0.0476195300122491,0.3333333333333333,0
1995-09-11,NEOG,0.7112889885902405,0.7112889885902405,0.6890609860420227,0.7001749873161316,95601,0.0,-0.015625155812037272,0.08620613768637364,0.14545433447732625,-0.012539310385339045,0.024390193281286977,0.0687020421474827,0.12943700447999798,0.029579905506095662,0.04190668311300644,0.0386669203731442,-0.2056088744858532,0.8403356912589741,-0.01562515581203724,0.031746353341499396,0.5,0
1995-09-12,NEOG,0.6668329834938049,0.7001749873161316,0.6668329834938049,0.6890609860420227,121470,-0.015873176670749722,-0.06060664665372972,0.12727233545789174,0.0689645957620253,-0.015873176670749698,-0.00321561318368896,0.048182217912962386,0.10753815345962976,0.02273796335302338,0.03742001753507944,0.037342684131962116,0.270593403834688,1.0256444896833943,0.033333687892516006,0.048387594854039935,0.6666666666666666,0
1995-09-13,NEOG,0.7001749873161316,0.7001749873161316,0.6668329834938049,0.6668329834938049,120345,-0.032258396569359915,-0.047619530012249056,0.09090833741902249,0.09090833741902249,-0.03846193183325186,-0.0430626392753622,0.010100343432821977,0.068375457852168,0.018235255693887835,0.03993898288897129,0.036045040447258855,-0.009261546060755688,0.9812022856807409,-0.0476195300122491,0.050000531838774016,0.0,0
1995-09-14,NEOG,0.6890609860420227,0.6890609860420227,0.6668329834938049,0.6668329834938049,71982,0.0,-0.06250062324814898,0.0,0.09090833741902249,-0.02597429507773332,-0.0430626392753622,0.005866931709049119,0.06534030433043429,0.01345105275723499,0.027852615976961752,0.036045040447258855,-0.40186962482861777,0.5724508334622332,-0.03225839656935996,0.033333687892516006,0.0,0
1995-09-15,NEOG,0.6668329834938049,0.6890609860420227,0.6668329834938049,0.6668329834938049,8998,0.0,-0.047619530012249056,-0.032258396569359915,0.03448151191332838,-0.01639361413770963,-0.04000040845200466,0.0041835321975762655,0.06232234712317181,0.014398196226727493,0.02534873442826814,0.034108065424269564,-0.8749965269095051,0.07322856337163902,0.0,0.033333687892516006,0.0,0
1995-09-18,NEOG,0.6890609860420227,0.6890609860420227,0.6668329834938049,0.6668329834938049,40490,0.0,-0.047619530012249056,-0.06250062324814898,0.09090833741902249,-0.006622586532003471,-0.03381677265467837,-5.318384910952688e-07,0.06007008510856578,0.014398196226727493,0.02222588075505016,0.0316748274338877,3.4998888641920427,0.3263835429824314,-0.03225839656935996,0.033333687892516006,0.0,1
1995-09-19,NEOG,0.6890609860420227,0.7001749873161316,0.6890609860420227,0.7001749873161316,141715,0.050000531838773954,0.01612919828468007,-0.04545498499029732,0.14545433447732625,0.03960437748355502,0.01941767625171433,0.043046340121973926,0.10837432102397193,0.0294860164340776,0.026176867843552803,0.03320963995649226,2.5,1.1033307407416058,0.01612919828467998,0.015873176670749698,1.0,0
1995-09-20,NEOG,0.7001749873161316,0.7001749873161316,0.655718982219696,0.7001749873161316,87728,0.0,0.050000531838773954,0.0,0.12499959298088359,0.02941207141791409,0.01941767625171433,0.037037037037037035,0.10565105061164838,0.022360917620528623,0.021828294946839973,0.03314571461089144,-0.3809547330910631,0.6842099721606842,0.0,0.06349270668299879,1.0,0
1995-09-21,NEOG,0.7001749873161316,0.7001749873161316,0.6668329834938049,0.7001749873161316,37116,0.0,0.050000531838773954,-0.015625155812037272,0.12499959298088359,0.01941767625171433,0.02106990999693823,0.031096580106830782,0.10178378194463202,0.022360917620528623,0.02112880411239674,0.03314571461089144,-0.5769195695786977,0.2899846085332792,0.0,0.0476195300122491,1.0,0
1995-09-22,NEOG,0.7001749873161316,0.7001749873161316,0.7001749873161316,0.7001749873161316,13497,0.0,0.050000531838773954,0.0,0.08620613768637364,0.009615482958312885,0.02106990999693823,0.026894916394668227,0.0990927617783666,0.022360917620528623,0.020527125063580374,0.03243893319257952,-0.6363562883931457,0.10709801050984033,0.0,0.0,0.5,0
1995-09-25,NEOG,0.7001749873161316,0.7001749873161316,0.6779469847679138,0.6835039854049683,39365,-0.023809765006124528,0.025000265919387088,-0.023809765006124528,0.06034382479985112,-0.019138950789049883,-0.0008123561079684036,-0.000406491228861579,0.07124164709601226,0.0270636603231656,0.021887033406596108,0.033049127071971315,1.916574053493369,0.31474688921093397,-0.02380976500612455,0.032520662677698854,0.25,0
1995-09-26,NEOG,0.6668329834938049,0.6890609860420227,0.6668329834938049,0.6668329834938049,107973,-0.024390497008274115,-0.047619530012249056,-0.032258396569359915,0.09090833741902249,-0.03381677265467837,-0.022005118886082434,-0.028733674875094574,0.04402243049273568,0.013201782098510854,0.022631563109129227,0.031158744631792624,1.7428680299758668,0.8340572005053488,0.0,0.033333687892516006,0.0,0
1995-09-27,NEOG,0.6668329834938049,0.6890609860420227,0.6668329834938049,0.6668329834938049,79855,0.0,-0.047619530012249056,0.0,0.09090833741902249,-0.02439049700827414,-0.022005118886082434,-0.03264846168867036,0.04293360592371464,0.013201782098510854,0.020170193468398694,0.031158744631792624,-0.26041695609087456,0.6034844985610989,0.0,0.033333687892516006,0.0,1
1995-09-28,NEOG,0.655718982219696,0.6723899841308594,0.655718982219696,0.6723899841308594,24744,0.00833342197312903,-0.03968294167687425,0.00833342197312903,0.00833342197312903,-0.008196807068854815,-0.014658132814601977,-0.024980111882367723,0.04925383194350108,0.015111040572744948,0.020333418548879642,0.02373665040233643,-0.6901383758061486,0.19573092376943396,0.025424003823604085,0.024793649971916965,1.0,0
1995-09-29,NEOG,0.6890609860420227,0.6890609860420227,0.655718982219696,0.655718982219696,31492,-0.02479364997191702,-0.06349270668299878,-0.01666684394625806,-0.048387594854039984,-0.019933766141600986,-0.0375207821493218,-0.046850240707778074,0.020760573243284234,0.015888490023604145,0.021920396391038727,0.023077746497677243,0.2727125767862917,0.26935911740668717,-0.048387594854039935,0.05084800764720817,0.0,0
1995-10-02,NEOG,0.655718982219696,0.6779469847679138,0.655718982219696,0.655718982219696,275556,0.0,-0.040650828347123524,-0.01666684394625806,-0.07812577906018625,-0.011725418478375734,-0.03594808728856174,-0.04298503541019375,0.018294123957324014,0.015372955134767994,0.021920396391038727,0.021622252192629476,7.750031754096279,2.2518365490733188,0.0,0.033898671764805446,0.0,0
1995-10-03,NEOG,0.6779469847679138,0.6779469847679138,0.6446059942245483,0.6446059942245483,78730,-0.01694779058786544,-0.03333216835316166,-0.07936443617414402,-0.12121191190938219,-0.02192142754493704,-0.044480163549335226,-0.053060359320919,-0.0010327018495939041,0.01367643470851555,0.012768053511330587,0.020140944292388687,-0.7142867511504014,0.6609981298446155,-0.0491793477845164,0.05172305383767677,0.0,1
1995-10-04,NEOG,0.6446059942245483,0.655718982219696,0.6446059942245483,0.655718982219696,29243,0.01723996998897981,-0.01666684394625806,-0.06349270668299878,-0.06349270668299878,-0.0016923736631390214,-0.021559248419357052,-0.03357945677143122,0.014791216535747657,0.017437990227173305,0.01496695799492083,0.01853215316395407,-0.6285659850120666,0.2800243607692028,0.01723996998897981,0.016947790587865493,1.0,0
1995-10-05,NEOG,0.6334919929504395,0.655718982219696,0.6334919929504395,0.6334919929504395,42739,-0.03389712647026821,-0.0578503429534275,-0.09523761284489374,-0.10937466611706304,-0.023971913044738342,-0.045225378577211754,-0.060954798869045965,-0.020618014066345954,0.02040897600094976,0.017041850434685646,0.01917886699672843,0.46151215675546275,0.5447984173197432,0.0,0.0350864565244718,0.0,1
1995-10-06,NEOG,0.655718982219696,0.655718982219696,0.655718982219696,0.655718982219696,10122,0.03508645652447173,0.0,-0.06349270668299878,-0.06349270668299878,0.010273453994880829,-0.005059382308947542,-0.024793796933643236,0.012006201189497518,0.027221681668124883,0.022139288058543722,0.021045264714871392,-0.763167130723695,0.13877530315109876,0.0,0.0,0.5,0
1995-10-09,NEOG,0.6334919929504395,0.6446059942245483,0.6334919929504395,0.6334919929504395,55111,-0.03389712647026821,-0.03389712647026821,-0.07317000854778821,-0.09523761284489374,-0.017240923990848228,-0.03143509570265852,-0.05315541031807954,-0.023637691372595908,0.031238515982139416,0.02322787029519012,0.022122745188024415,4.444674965421854,0.7771575390034767,0.0,0.017544028018959316,0.0,0
1995-10-10,NEOG,0.6223779916763306,0.6446059942245483,0.6112639904022217,0.6112639904022217,52862,-0.03508805603791865,-0.051724625773045485,-0.08333270019193573,-0.11290291747130865,-0.041811636383342315,-0.05741182251326535,-0.08103554389515834,-0.05789634677102587,0.03371312277401945,0.02432164782796611,0.02302940364275635,-0.04080855001723793,0.7833362846873627,-0.017857317293907066,0.054545997058303854,0.0,0
1995-10-11,NEOG,0.6112639904022217,0.6223779916763306,0.6112639904022217,0.6112639904022217,31492,0.0,-0.06779579823507365,-0.08333270019193573,-0.08333270019193573,-0.028268511393193006,-0.04926505807207566,-0.07718085770282186,-0.058541408879927224,0.030987924873465265,0.02432164782796611,0.02218722720382042,-0.40426014906738295,0.49955187538169904,0.0,0.018181999019434618,0.0,1
1995-10-12,NEOG,0.6112639904022217,0.6446059942245483,0.6112639904022217,0.6446059942245483,8998,0.05454599705830376,0.01754402801895938,-0.04132124297214956,-0.03333216835316166,0.021127291844133738,0.0069451479345299,-0.025209270236410126,-0.008885161992071804,0.04031516502950276,0.03125554218884711,0.025780306838378106,-0.7142766416867776,0.1502388493821306,0.054545997058303854,0.05172462577304545,1.0,0
1995-10-13,NEOG,0.6446059942245483,0.6446059942245483,0.6112639904022217,0.6112639904022217,43864,-0.051724625773045485,-0.06779579823507365,-0.06779579823507365,-0.08333270019193573,-0.017857317293907066,-0.03846144650453173,-0.07172969160460022,-0.061112847911168354,0.04229467928356645,0.03428156021201163,0.028122545815280408,3.874861080240053,0.7116781807621044,-0.05172462577304545,0.054545997058303854,0.0,1
1995-10-16,NEOG,0.6112639904022217,0.6390489935874939,0.6112639904022217,0.6223779916763306,51737,0.018181999019434514,-0.017544028018959268,-0.050846462352670985,-0.06666585624567767,0.00358426452857185,-0.015817059868444998,-0.05165074304873613,-0.04567112269347308,0.04234614444335001,0.03513429098014763,0.02854819563170002,0.17948659492978303,0.8318253547802585,0.018181999019434618,0.04464329323476767,0.4,0
1995-10-17,NEOG,0.6112639904022217,0.6446059942245483,0.6112639904022217,0.6112639904022217,57361,-0.01785731729390705,0.0,-0.051724625773045485,-0.12698396618639318,-0.014337058114287222,-0.028268511393193006,-0.06223336777148513,-0.06303222773573562,0.039680574736937764,0.03517082190601825,0.02581163124105488,0.10870363569592367,0.9893367023547217,0.0,0.054545997058303854,0.0,1
1995-10-18,NEOG,0.6334919929504395,0.6334919929504395,0.6001499891281128,0.6334919929504395,19120,0.03636399803886925,0.03636399803886925,-0.03389712647026821,-0.09523761284489374,0.01423501400277945,0.010638564427814846,-0.02313570051148771,-0.03028193875138578,0.04275015526961792,0.036972609601693185,0.027514542188454866,-0.6666724778159376,0.35051151399158736,0.0,0.05263208405687794,1.0,0
1995-10-19,NEOG,0.6334919929504395,0.6334919929504395,0.6112639904022217,0.6223779916763306,6748,-0.017544028018959268,-0.034483083848696916,-0.017544028018959268,-0.11111078951564346,0.00358426452857185,-0.005328487500446442,-0.03448240086962852,-0.047294699588422376,0.03443380646839913,0.035788440404306864,0.027638456469592627,-0.647071129707113,0.1272476473422345,-0.017544028018959316,0.03571463458781413,0.5,0
1995-10-20,NEOG,0.6223779916763306,0.6223779916763306,0.6001499891281128,0.6001499891281128,62984,-0.0357146345878141,-0.018181999019434625,-0.08474513411747642,-0.1428571428571429,-0.02877726154636451,-0.03225838075714629,-0.06168548261914218,-0.08132022126249557,0.029581347160164705,0.03480347805637235,0.02840681069336221,8.33372851215175,1.1347487064181836,-0.03571463458781413,0.0370374122317493,0.0,0
1995-10-23,NEOG,0.6112639904022217,0.6112639904022217,0.5890359878540039,0.5890359878540039,29243,-0.018518706115874695,-0.05357195188172115,-0.0701761120758373,-0.13821133390318585,-0.036363998038869236,-0.043321727404567134,-0.07221023886719495,-0.09771897044498769,0.027385860466033828,0.033872767639307536,0.02826922456375967,-0.5357074812650833,0.5317034766276294,-0.036363998038869236,0.03773623854325029,0.0,1
1995-10-24,NEOG,0.6112639904022217,0.6112639904022217,0.6112639904022217,0.6112639904022217,30367,0.037736238543250256,0.0,0.0,-0.08333270019193573,0.0,-0.007220287900761249,-0.03296688499506386,-0.06271287625827385,0.03417438890756785,0.034912295252240905,0.02964137373181303,0.03843654891768966,0.5940522395067138,0.0,0.0,0.5,0
1995-10-25,NEOG,0.5890359878540039,0.5890359878540039,0.5890359878540039,0.5890359878540039,57361,-0.03636399803886925,-0.0701761120758373,-0.03636399803886925,-0.11666638808445173,-0.022140444860719536,-0.03985546742881423,-0.062362012248537574,-0.09618027646805781,0.03033668635478825,0.03681741122170134,0.030491063317700056,0.8889254783152765,1.14736456793556,0.0,0.0,0.5,0
1995-10-26,NEOG,0.6001499891281128,0.6112639904022217,0.5834789872169495,0.5890359878540039,41615,0.0,-0.05357195188172115,-0.0862077096217424,-0.12396674287853948,-0.011194144095413402,-0.031078921408611827,-0.056099972875151546,-0.09556332843813721,0.030846322592227367,0.030893837913709102,0.030345171168333185,-0.2745070692630882,0.8185926658109949,-0.01851870611587465,0.04717029817906287,0.2,1
1995-10-27,NEOG,0.6001499891281128,0.6001499891281128,0.6001499891281128,0.6001499891281128,1125,0.018868119271625128,0.0,-0.018181999019434625,-0.08474513411747642,0.007462762730275726,-0.010989121087193418,-0.033989362831215265,-0.07723855411750201,0.029345866981371354,0.027845610927612875,0.030504186086932644,-0.9729664784332572,0.022810727733181397,0.0,0.0,0.5,0
1995-10-30,NEOG,0.577921986579895,0.5890359878540039,0.5668079853057861,0.5668079853057861,103474,-0.05555611834762397,-0.037736238543250256,-0.08928658646953536,-0.1355931417646845,-0.04135380867867831,-0.05730187330405066,-0.08108172929907695,-0.1273105725588225,0.038533789402191446,0.03157282774374825,0.032581815128857085,90.9768888888889,2.5414345643353276,-0.019230971536280922,0.0392161069082787,0.0,0
1995-10-31,NEOG,0.5890359878540039,0.5890359878540039,0.5668079853057861,0.5668079853057861,61860,0.0,-0.0727279960777385,-0.0727279960777385,-0.12069079347043943,-0.026717836172019317,-0.05027984179699898,-0.07524991355867187,-0.1261142760691482,0.030403575889935648,0.03151225892568183,0.03252308659565229,-0.40216866072636603,1.5514919252695547,-0.03773623854325029,0.0392161069082787,0.0,0
1995-11-01,NEOG,0.5668079853057861,0.5890359878540039,0.5668079853057861,0.5668079853057861,91102,0.0,-0.037736238543250256,-0.10526416811375594,-0.1355931417646845,-0.019230971536280922,-0.039548430020948655,-0.06849375747380913,-0.12461428531548056,0.028165965079610954,0.02782530621011128,0.032103060576104264,0.47271257678629164,2.120414065182099,0.0,0.0392161069082787,0.0,0
1995-11-02,NEOG,0.5890359878540039,0.5890359878540039,0.5668079853057861,0.5668079853057861,195701,0.0,-0.037736238543250256,-0.08928658646953536,-0.10526416811375594,-0.011628030249267146,-0.03041856729693235,-0.06336143968359406,-0.12310913635673124,0.028165965079610954,0.02789947380091762,0.03148429282019639,1.148152620140063,3.8666649543046314,-0.03773623854325029,0.0392161069082787,0.0,0
1995-11-03,NEOG,0.5668079853057861,0.5890359878540039,0.5668079853057861,0.5668079853057861,21370,0.0,-0.05555611834762397,-0.05555611834762397,-0.1355931417646845,0.0,-0.02485685654694445,-0.056429803306237404,-0.12099321124751039,0.024845451438262514,0.026335400300429367,0.03007471144907976,-0.890802806321889,0.41758875226552156,0.0,0.0392161069082787,0.0,0
1995-11-06,NEOG,0.5668079853057861,0.5890359878540039,0.5668079853057861,0.5668079853057861,16871,0.0,0.0,-0.037736238543250256,-0.10526416811375594,0.0,-0.021113465444609188,-0.05116331140059092,-0.11886705004470567,0.0,0.025957512256931135,0.029416910924045334,-0.2105287786616753,0.3424697159618576,0.0,0.0392161069082787,0.0,0
1995-11-07,NEOG,0.5668079853057861,0.5890359878540039,0.5668079853057861,0.5668079853057861,35991,0.0,0.0,-0.0727279960777385,-0.0727279960777385,0.0,-0.013539795099647202,-0.04761953406601486,-0.11764747636420533,0.0,0.021682479193598007,0.028570560024267902,1.1333056724556934,0.7433208314057234,0.0,0.0392161069082787,0.0,0
1995-11-08,NEOG,0.5890359878540039,0.5890359878540039,0.5556939840316772,0.5668079853057861,83229,0.0,0.0,-0.037736238543250256,-0.0727279960777385,0.0,-0.009708840990509848,-0.04404918643212225,-0.11642452198737237,0.0,0.019171411827346316,0.028570560024267902,1.3124947903642576,1.6317476064113963,-0.03773623854325029,0.058824160362418054,0.3333333333333333,1
1995-11-09,NEOG,0.5668079853057861,0.577921986579895,0.5334669947624207,0.577921986579895,34866,0.019608053454139407,0.019608053454139407,-0.018868119271625128,-0.10344925154609086,0.015625166941587342,0.01167327598468647,-0.019792852540083766,-0.09659508869360879,0.008768988085982114,0.020542074753807933,0.025773626566372998,-0.5810835165627366,0.6666609304686761,0.01960805345413935,0.07692213283068902,1.0,0
1995-11-10,NEOG,0.577921986579895,0.577921986579895,0.5445809960365295,0.5668079853057861,57361,-0.01923097153628095,0.0,-0.05555611834762397,-0.0727279960777385,-0.003906291735396884,-0.0019569681118792796,-0.0350050926921108,-0.11056894284337938,0.01373205727790958,0.01982230983909321,0.023615390203664682,0.6451844203522057,1.0828080786343566,-0.019230971536280922,0.05882237266890023,0.6666565362041872,0
1995-11-13,NEOG,0.5668079853057861,0.5668079853057861,0.5334669947624207,0.5334669947624207,163084,-0.058822372668900225,-0.058822372668900225,-0.058822372668900225,-0.14285691027479053,-0.05138249473607426,-0.05511707861893903,-0.08484193348642562,-0.1581894620858079,0.02971198054107946,0.02074392106883696,0.026046322986335607,1.8431164031310474,2.785777305559375,-0.05882237266890023,0.062498694147355593,0.0,1
1995-11-14,NEOG,0.5556939840316772,0.5556939840316772,0.5556939840316772,0.5556939840316772,21370,0.041665162957561064,-0.019608053454139407,-0.019608053454139407,-0.09090999509717312,-0.007936953001825007,-0.01380703242794209,-0.04214611918707952,-0.11816635769219495,0.03838635440952848,0.025651957014994623,0.02810219413574807,-0.8689632336709916,0.37661630429610465,0.0,0.0,0.5,0
1995-11-15,NEOG,0.5223529934883118,0.5556939840316772,0.5223529934883118,0.5556939840316772,74231,0.0,-0.019608053454139407,-0.019608053454139407,-0.12280819613271521,-0.003984468949040974,-0.011858013748965857,-0.035680306924933534,-0.11410403483632174,0.03838635440952848,0.025651957014994623,0.02645577936403543,2.4736078614880674,1.2476291080404016,0.0638284664948733,0.059998832993421215,1.0,0
1995-11-16,NEOG,0.5556939840316772,0.5556939840316772,0.5556939840316772,0.5556939840316772,12372,0.0,-0.0384619430725619,-0.019608053454139407,-0.1071439037634424,0.004015740747421656,-0.00990127610191191,-0.03006830009143913,-0.10968715777070817,0.036404215586956744,0.025651957014994623,0.026350270141560734,-0.8333310880898815,0.20696283049941577,0.0,0.0,0.5,0
1995-11-17,NEOG,0.5556939840316772,0.5556939840316772,0.5223529934883118,0.5334669947624207,75356,-0.03999861417968764,-0.058822372668900225,-0.058822372668900225,-0.11111054831904277,-0.024389385150498374,-0.04382370989252503,-0.06341369866706385,-0.14070821214258014,0.03918733477171635,0.02833896010688914,0.026626345440431267,5.090850307145167,1.2476685687889142,-0.03999861417968769,0.062498694147355593,0.33334346379581276,1
1995-11-20,NEOG,0.5556939840316772,0.5556939840316772,0.5223529934883118,0.5445809960365295,51737,0.020833531189794696,0.020833531189794696,-0.03921431921476093,-0.07547075685381177,-0.008096142322466538,-0.01999893146018579,-0.04015561060564489,-0.11838702921667632,0.030284733128680356,0.02954296813771479,0.02706642364637644,-0.31343224162641325,0.8409491540851547,-0.019998395365954172,0.06122319872713484,0.6666869275916255,0
1995-11-21,NEOG,0.5445809960365295,0.5445809960365295,0.5223529934883118,0.5334669947624207,131592,-0.020408353128362533,-0.03999861417968764,-0.058822372668900225,-0.12727233545789163,-0.020407624053824548,-0.03420448210459522,-0.05325355469528156,-0.13200654696656283,0.02311500955170987,0.02996890421041437,0.025472718115410815,1.543479521425672,1.976348459225573,-0.020408353128362523,0.04166706237958921,0.5,1
1995-11-22,NEOG,0.5223529934883118,0.5556939840316772,0.5223529934883118,0.5556939840316772,42739,0.041665162957561064,0.0,-0.019608053454139407,-0.056604357814875494,0.0204072519219572,0.008063863881614373,-0.01088079105788513,-0.0925595722601918,0.03234786227708774,0.03352478400747954,0.026603607475691897,-0.6752158185907957,0.6490130185278267,0.0638284664948733,0.059998832993421215,1.0,0
1995-11-24,NEOG,0.5223529934883118,0.5223529934883118,0.5223529934883118,0.5223529934883118,5624,-0.059998832993421236,-0.059998832993421236,-0.09615310436697,-0.11320699539706214,-0.02892552642686513,-0.04276936579813671,-0.06467593088309286,-0.14296084915215962,0.04217708267462158,0.037212601322501454,0.02952153651124938,-0.8684105851798123,0.08780263142488028,0.0,0.0,0.5,0
1995-11-27,NEOG,0.5556939840316772,0.5556939840316772,0.5223529934883118,0.5223529934883118,31492,0.0,-0.020833531189794585,-0.07843042612303963,-0.12962925443491735,-0.024896132131945015,-0.034907201584175894,-0.05811555874431261,-0.13887823025987017,0.0391223716278203,0.037146652278413704,0.028996325450110206,4.599573257467994,0.4802725590999693,-0.059998832993421215,0.0638284664948733,0.0,1
1995-11-28,NEOG,0.5223529934883118,0.5556939840316772,0.5223529934883118,0.5556939840316772,283429,0.06382846649487339,0.02040649247040971,0.041665162957561064,-0.019608053454139407,0.033057057272682246,0.02249418596827289,0.003008509770023564,-0.08054494301227573,0.049245694861468285,0.03854273677044358,0.030612014025389885,8.000031754096279,3.8009034603591174,0.0638284664948733,0.059998832993421215,1.0,0
1995-11-29,NEOG,0.5223529934883118,0.5556939840316772,0.5223529934883118,0.5556939840316772,14621,0.0,0.041665162957561064,0.0,-0.019608053454139407,0.02458967389225816,0.02249418596827289,0.00401555693523822,-0.07612773874647588,0.047423526858961076,0.03629637062458456,0.030612014025389885,-0.9484138884870638,0.2024875739022171,0.0638284664948733,0.059998832993421215,1.0,0
1995-11-30,NEOG,0.5223529934883118,0.5556939840316772,0.5223529934883118,0.5223529934883118,57361,-0.059998832993421236,-0.059998832993421236,-0.059998832993421236,-0.07843042612303963,-0.024895763241967586,-0.03292139381657489,-0.052418704444207674,-0.12639355372844988,0.05158196696016555,0.041052497002423416,0.03337153551990983,2.9231926680801585,0.8134021839241007,0.0,0.0638284664948733,0.0,1
1995-12-01,NEOG,0.5223529934883118,0.5556939840316772,0.5223529934883118,0.5556939840316772,44989,0.06382846649487339,0.06382846649487339,0.0,-0.019608053454139407,0.02458967389225816,0.028805750596112626,0.009081186032263324,-0.06611940163353318,0.052039606387165135,0.04657702085202758,0.036621945500152506,-0.21568661634211395,0.7142896835319941,0.0638284664948733,0.059998832993421215,1.0,0
1995-12-04,NEOG,0.5223529934883118,0.5556939840316772,0.5223529934883118,0.5334669947624207,14621,-0.03999861417968764,0.02127680211017613,0.0,-0.058822372668900225,-0.02040725951614879,-0.012345053687825283,-0.028339266519334685,-0.09842153771562341,0.05743449733373277,0.04657702085202758,0.037678662166085446,-0.6750094467536509,0.2333878186914575,0.021276802110176046,0.062498694147355593,0.33334346379581276,0
1995-12-05,NEOG,0.5223529934883118,0.5334669947624207,0.500124990940094,0.500124990940094,286803,-0.06250059356938387,-0.09999927062088831,-0.08163341251345013,-0.11764653303131833,-0.06249988128603296,-0.0663899630065574,-0.0835028942627552,-0.14949903062692638,0.05299294635147031,0.049961227734089265,0.039994099459105335,18.615826550851516,3.7666166732770012,-0.04255360422035209,0.06666734201714873,0.0,1
1995-12-06,NEOG,0.4890109896659851,0.5223529934883118,0.4890109896659851,0.5223529934883118,143964,0.04444489467809909,-0.059998832993421236,-0.020833531189794585,-0.07843042612303963,-0.00843851827741059,-0.022868498756524153,-0.03885427193238169,-0.10731194762193717,0.0603478084037532,0.05223642078245493,0.04152007163964588,-0.49803872344431543,1.7655185269440736,0.06818252457905014,0.06383040633052814,1.0,0
1995-12-07,NEOG,0.5223529934883118,0.5223529934883118,0.4890109896659851,0.4890109896659851,139465,-0.06383040633052817,-0.06383040633052817,-0.1199994894346218,-0.13725458648545763,-0.05982927628754759,-0.07368438428408716,-0.09371793078933027,-0.15918221106084357,0.06114705676249691,0.05333229536681767,0.04365509862130858,-0.03125086827262369,1.6533329539789825,-0.06383040633052814,0.06818252457905014,0.0,0
1995-12-08,NEOG,0.5223529934883118,0.5223529934883118,0.4890109896659851,0.4890109896659851,152962,0.0,-0.1199994894346218,-0.06383040633052817,-0.15384601897581274,-0.03508807006887852,-0.06779672475694386,-0.08618911660528644,-0.15384625634758442,0.046326843739272955,0.05056331165932679,0.04325755824195227,0.09677696913204037,1.6947073770768786,-0.06383040633052814,0.06818252457905014,0.0,1
1995-12-11,NEOG,0.5223529934883118,0.5223529934883118,0.4890109896659851,0.500124990940094,59610,0.02272750819301672,-0.06250059356938387,-0.04255360422035215,-0.11764653303131833,0.0,-0.04255304703343104,-0.05956106879693866,-0.12993031263081437,0.04942819372578162,0.051338970715111114,0.043670397994551545,-0.6102953674768896,0.6596135268907869,-0.04255360422035209,0.06666734201714873,0.3333333333333333,0
1995-12-12,NEOG,0.5223529934883118,0.5223529934883118,0.4890109896659851,0.4890109896659851,39365,-0.022222447339049545,-0.022222447339049545,-0.1199994894346218,-0.08333412475917845,-0.01785732456217949,-0.05172427344281075,-0.07660032430470322,-0.14430195428844564,0.04179937782191733,0.04577528666008323,0.04204745365534653,-0.33962422412346926,0.46760028342290777,-0.06383040633052814,0.06818252457905014,0.0,0
1995-12-13,NEOG,0.5223529934883118,0.5223529934883118,0.4890109896659851,0.4890109896659851,100100,0.0,-0.06383040633052817,-0.1199994894346218,-0.1199994894346218,-0.00452493354575658,-0.03930150997914739,-0.07074988036995287,-0.13961684782925013,0.03272108529211604,0.04577528666008323,0.040702702389552675,1.542868029975867,1.1359297062640112,-0.06383040633052814,0.06818252457905014,0.0,0
1995-12-14,NEOG,0.4890109896659851,0.5112389922142029,0.4890109896659851,0.4890109896659851,52862,0.0,0.0,-0.06383040633052817,-0.1199994894346218,-0.00452493354575658,-0.03296716948880671,-0.06482482966087615,-0.13453985242493366,0.015892811087936196,0.04256905334852735,0.040702702389552675,-0.4719080919080919,0.6072378729328732,0.0,0.04545501638603342,0.0,1
1995-12-15,NEOG,0.5112389922142029,0.5112389922142029,0.4890109896659851,0.5112389922142029,77606,0.04545501638603344,0.04545501638603344,-0.07999905180715472,-0.07999905180715472,0.03139045537124389,0.019955855809661124,-0.018142803992872377,-0.09126798235674094,0.025758831345160788,0.039519282140927856,0.04226965349284123,0.46808671635579424,0.8592823554031506,0.0,0.04347869174052458,1.0,0
1995-12-18,NEOG,0.500124990940094,0.5112389922142029,0.4778969883918762,0.4778969883918762,183329,-0.06521803761078682,-0.0444448946780992,-0.10416765594897304,-0.10416765594897304,-0.02714960127453925,-0.035874806138564495,-0.07725361354040376,-0.14512954824826999,0.04018965101891615,0.042508703906363576,0.04377127436043595,1.3623044609952837,1.9153923347321251,-0.04444489467809916,0.06976818149560333,0.0,1
1995-12-19,NEOG,0.4667829871177673,0.500124990940094,0.4667829871177673,0.4890109896659851,138340,0.023256060498534348,0.0,-0.022222447339049545,-0.10204176564181267,-0.00452493354575658,-0.011236070158219237,-0.050701311818107435,-0.12070354356929684,0.04140638546678069,0.039294845973448254,0.043848555073565394,-0.24540034582635595,1.3827957182711155,0.04761956446928046,0.06818252457905025,0.6666666666666672,0
1995-12-20,NEOG,0.4667829871177673,0.4890109896659851,0.4667829871177673,0.4890109896659851,43864,0.0,0.0,-0.06383040633052817,-0.08333412475917845,-0.00452493354575658,-0.00452493354575658,-0.04658729907588067,-0.11682065317329456,0.04140638546678069,0.03588113458898321,0.043694795644745314,-0.6829261240422149,0.4585536075134882,0.04761956446928046,0.04545501638603353,1.0,0
1995-12-21,NEOG,0.4890109896659851,0.4890109896659851,0.4667829871177673,0.4667829871177673,113597,-0.04545501638603355,-0.04545501638603355,-0.04545501638603355,-0.15999992706208888,-0.04109631812882529,-0.04545501638603353,-0.08196775542797867,-0.1525428717655156,0.04629900729062364,0.032939444461446504,0.043303597496901956,1.5897546963341238,1.145128739659799,-0.04545501638603353,0.04761956446928046,0.0,0
1995-12-22,NEOG,0.4556689858436584,0.4890109896659851,0.4556689858436584,0.4667829871177673,93352,0.0,-0.08695738348104931,-0.04545501638603355,-0.10638401055088031,-0.02325606049853456,-0.04109631812882529,-0.07692357016308281,-0.14703540776139545,0.036510440780385976,0.032939444461446504,0.0415382212403326,-0.1782177346232735,0.9011976452552742,0.02439051508746338,0.07142934670392063,0.33333333333333276,0
1995-12-26,NEOG,0.4890109896659851,0.4890109896659851,0.4556689858436584,0.4556689858436584,149588,-0.023809782234640142,-0.04651212099706903,-0.0888897893561984,-0.12766081266105633,-0.03755908736082852,-0.05530012002176184,-0.09292101667575184,-0.1625823710395943,0.02622283259827597,0.03199478892255846,0.04173462066640442,0.6024080898106092,1.366207756956254,-0.06818252457905025,0.07317154526239025,0.0,0
1995-12-27,NEOG,0.4556689858436584,0.4778969883918762,0.4501129984855652,0.4501129984855652,83229,-0.012193033826531918,-0.07954420657701144,-0.07954420657701144,-0.18999843183490972,-0.0334114960504827,-0.05923215812105028,-0.09446501426938544,-0.16752203999196238,0.019069993610455145,0.0316829409330796,0.03836872360053928,-0.4436117870417413,0.8366287567324143,-0.012193033826531887,0.06172669973938122,0.0,0
1995-12-28,NEOG,0.4334419965744018,0.4556689858436584,0.4334419965744018,0.4334419965744018,85479,-0.037037370543072656,-0.11363546886653664,-0.11363546886653664,-0.2199987600555101,-0.04645390658666763,-0.08343040126727469,-0.11714694409519197,-0.19304703057663936,0.018339019255497448,0.03281487918574581,0.038763834924455925,0.027033846375662307,0.829697459725521,0.0,0.05128019307063443,0.0,1
1995-12-29,NEOG,0.4334419965744018,0.4556689858436584,0.4223279953002929,0.4445559978485107,442014,0.0256412654102407,-0.04761739369830298,-0.09090796067351992,-0.14893567493557758,-0.012344900830895332,-0.0510073081124572,-0.08727796774195352,-0.16649203601766033,0.023955612945968496,0.03475762731154086,0.03785884135384525,4.171024462148598,3.615450900746338,0.025641265410240723,0.07499840448610241,0.6666869275916255,0
1996-01-02,NEOG,0.4445559978485107,0.4445559978485107,0.4223279953002929,0.4445559978485107,134966,0.0,-0.04761739369830298,-0.13043409321516075,-0.19999854124177663,-0.0024933346750380665,-0.037303512438641176,-0.07674461969008405,-0.1608968555427535,0.023955612945968496,0.029415942996717882,0.03404103666621301,-0.6946567303298086,1.064771789535469,0.0,0.0500004558611136,1.0,0
1996-01-03,NEOG,0.4556689858436584,0.4556689858436584,0.4223279953002929,0.4223279953002929,56236,-0.05000045586111357,-0.0731693215451904,-0.11627818220527608,-0.20833341247591797,-0.03797503415055257,-0.07429926667863927,-0.11266737685122297,-0.1974651313044865,0.029978622698637568,0.026711398813488565,0.03456605165135648,-0.5833320984544256,0.4364910423323195,-0.07316932154519046,0.0789457268151467,0.0,1
1996-01-04,NEOG,0.4556689858436584,0.4556689858436584,0.4223279953002929,0.4445559978485107,97851,0.052632084056877915,-0.01234579018102433,-0.09090796067351992,-0.11111021064380178,0.015228567351236021,-0.015989420557573998,-0.060480612948999965,-0.15056178020607783,0.04267335221152864,0.03208868089567491,0.03512678416685856,0.7400064015932855,0.8195984636769148,-0.024388291370263698,0.07499840448610241,0.6666869275916255,0
1996-01-05,NEOG,0.4445559978485107,0.4445559978485107,0.4445559978485107,0.4445559978485107,44989,0.0,0.0256412654102407,-0.09090796067351992,-0.14893567493557758,0.010101103124406915,-0.006210561077073041,-0.052693027297686774,-0.14511551006328705,0.03797296751557815,0.03208868089567491,0.03316658985042768,-0.5402295326567945,0.3931223468676217,0.0,0.0,0.5,0
1996-01-08,NEOG,0.4556689858436584,0.4556689858436584,0.4223279953002929,0.4223279953002929,7873,-0.05000045586111357,-0.05000045586111357,-0.09523695816758326,-0.13636297705955336,-0.030612529692543716,-0.04642407885627984,-0.09361919045838255,-0.18261939518499487,0.04278278356398391,0.03268868634551795,0.032055968482320084,-0.8250016670741737,0.07299236236401428,-0.07316932154519046,0.0789457268151467,0.0,0
1996-01-09,NEOG,0.4556689858436584,0.4556689858436584,0.4223279953002929,0.4223279953002929,49488,0.0,-0.05000045586111357,-0.09523695816758326,-0.13636297705955336,-0.02061875049898694,-0.03675550373048363,-0.08708675031631538,-0.17731059008100775,0.04278278356398391,0.03268868634551795,0.032055968482320084,5.285786866505779,0.48193099606668427,-0.07316932154519046,0.0789457268151467,0.0,1
1996-01-10,NEOG,0.4112139940261841,0.4445559978485107,0.4112139940261841,0.4334419965744018,14621,0.026316042028438957,0.026316042028438957,-0.04877880645772703,-0.13333265798285132,-1.2807054154875632e-16,-0.0063694859327283375,-0.05626079846323126,-0.15014091139225494,0.03806285066915714,0.03406102815725432,0.03223952496880871,-0.7045546395085678,0.14557319007999506,0.054054586835880755,0.07692379623072204,0.6666666666666661,0
1996-01-11,NEOG,0.4334419965744018,0.4334419965744018,0.4223279953002929,0.4334419965744018,80980,0.0,-0.025000227930556784,-0.037037370543072656,-0.11363546886653664,0.005154687624746799,-0.002557568611466818,-0.05051684645647251,-0.14567289037436945,0.027750627752549745,0.0339717362429021,0.03205634295910063,4.538608850283838,0.7899085235597192,0.0,0.025641265410240723,1.0,0
1996-01-12,NEOG,0.4445559978485107,0.4445559978485107,0.4223279953002929,0.4223279953002929,40490,-0.0256412654102407,-0.05000045586111357,-0.0256412654102407,-0.13636297705955336,-0.010416765594897279,-0.0256412654102406,-0.06805618227986501,-0.16281071750042136,0.02899762757384313,0.03288597897487048,0.0323354616026509,-0.5,0.4067805464663138,-0.0500004558611136,0.05263208405687795,0.0,1
1996-01-15,NEOG,0.4445559978485107,0.4445559978485107,0.4223279953002929,0.4445559978485107,11247,0.052632084056877915,0.052632084056877915,0.0,-0.09090796067351992,0.03092812574848054,0.025641265410240855,-0.014170639803467984,-0.11445559861109479,0.029798576111304848,0.03634227145909258,0.034953935457750926,-0.7222277105458138,0.1154048018124926,0.0,0.0500004558611136,1.0,1
1996-01-16,NEOG,0.4334419965744018,0.4890109896659851,0.4334419965744018,0.4890109896659851,130467,0.0999986324166593,0.15789385290046365,0.0999986324166593,-0.043478691740524544,0.09999913386348938,0.11675029409450309,0.08709018599570119,-0.02287387135717075,0.04852668460453848,0.048036838935105915,0.04068726078727406,10.600160042678047,1.3033666333666334,0.12820398930135674,0.11363546886653661,1.0,1
1996-01-17,NEOG,0.4890109896659851,0.5334669947624207,0.4778969883918762,0.5112389922142029,209198,0.04545501638603344,0.17948652012183808,0.21052593695734179,0.06976818149560327,0.11111086641901524,0.14427816691194087,0.13230752519807143,0.02381502313356736,0.04885201350274325,0.043970106485007196,0.03905028197836331,0.6034552798792032,2.063229922642932,0.04545501638603342,0.10869672935131146,0.6,1
1996-01-18,NEOG,0.5334669947624207,0.5390239953994751,0.5112389922142029,0.5390239953994751,69733,0.054348364675655736,0.24358968364744005,0.21249965810416493,0.10227378686857524,0.120092699698122,0.1814861712379311,0.18727086926290046,0.08066026801542667,0.04516703102410293,0.04411414134948961,0.04044737579647797,-0.6666650732798594,0.7118292499931096,0.010416765594897303,0.05154687624746747,1.0,1
1996-01-19,NEOG,0.5112389922142029,0.5445809960365295,0.5112389922142029,0.5445809960365295,114721,0.010309375249493602,0.28947406304265866,0.22499977206944344,0.1136375409650836,0.07692341602534308,0.16805751404361619,0.19221452481803633,0.09277511851903587,0.031973515347803794,0.04370531104155906,0.04043734887649173,0.645146487315905,1.1301899051237883,0.06521803761078687,0.06122505938508757,1.0,0
1996-01-22,NEOG,0.5445809960365295,0.5445809960365295,0.5334669947624207,0.5445809960365295,24744,0.0,0.22499977206944344,0.28947406304265866,0.16666847564248122,0.03594114976793198,0.13821164038486286,0.18214747834681375,0.09375077588038029,0.0396754137539271,0.036979183905740336,0.03862025156199866,-0.7843115035608128,0.25492642430249124,0.0,0.020408353128362523,1.0,0
1996-01-23,NEOG,0.5334669947624207,0.5445809960365295,0.5112389922142029,0.5445809960365295,130467,0.0,0.1136375409650836,0.28947406304265866,0.16666847564248122,0.014492890407555442,0.10985299212942491,0.1722490203777755,0.09521755521533676,0.02598664394991391,0.036979183905740336,0.03862025156199866,4.272672162948593,1.3189269407662123,0.020833531189794606,0.06122505938508757,1.0,0
1996-01-24,NEOG,0.5445809960365295,0.5556939840316772,0.5112389922142029,0.5334669947624207,115846,-0.020408353128362533,0.043478691740524544,0.2307690509423197,0.1707336056122437,-0.014373851179056823,0.06548281261555024,0.13878993551759808,0.07430667232966565,0.027771060440621588,0.039825176229541785,0.038478021185543894,-0.11206665287007445,1.1914396450960822,-0.020408353128362523,0.0833322253371502,0.5000113966836991,0
1996-01-25,NEOG,0.5556939840316772,0.5556939840316772,0.5334669947624207,0.5334669947624207,24744,0.0,-0.010309375249493491,0.2307690509423197,0.18518460154962302,-0.01234579481309582,0.044613738622535815,0.12874772357072747,0.07430667232966565,0.011206986934579317,0.039825176229541785,0.038226965610089515,-0.7864060908447421,0.2623751825142592,-0.03999861417968769,0.04166516295756099,0.0,1
1996-01-26,NEOG,0.5334669947624207,0.5556939840316772,0.5334669947624207,0.5445809960365295,64109,0.020833531189794696,0.0,0.28947406304265866,0.2564103163525604,0.00823052987539735,0.04144547073757521,0.1388728924632131,0.09717936174421171,0.014581672949042866,0.03624118629007858,0.03670170799084165,1.5908907209828644,0.6875756119743628,0.020833531189794606,0.04081484559877232,0.5000227938869477,1
1996-01-29,NEOG,0.5445809960365295,0.5556939840316772,0.5334669947624207,0.5556939840316772,38240,0.02040649247040971,0.02040649247040971,0.24999772069443216,0.24999772069443216,0.02458890820230917,0.04058141134344922,0.14876345808162103,0.11956894412833399,0.01717680219630259,0.03505456878287598,0.03661867116371187,-0.4035158870049447,0.5234734875189081,0.020406492470409793,0.03999861417968769,1.0,0
1996-01-30,NEOG,0.5556939840316772,0.5556939840316772,0.5556939840316772,0.5556939840316772,0,0.0,0.02040649247040971,0.13636297705955314,0.24999772069443216,0.0204072519219572,0.027748000369385212,0.13571685304645484,0.11956894412833399,0.01717680219630259,0.02279986359041959,0.03661867116371187,-1.0,0.0,0.0,0.0,0.5,0
1996-01-31,NEOG,0.5223529934883118,0.5445809960365295,0.5223529934883118,0.5223529934883118,272182,-0.059998832993421236,-0.020833531189794585,0.021739345870262383,0.23684197898578074,-0.03688487071324472,-0.035897410961428164,0.056773400254054814,0.052867622340425725,0.03309056637409513,0.029555734171553365,0.03756347128508083,inf,3.5302693272978423,0.0,0.04255360422035209,0.0,1
1996-02-01,NEOG,0.5445809960365295,0.5445809960365295,0.5223529934883118,0.5334669947624207,83229,0.02127680211017613,0.0,-0.010309375249493491,0.19999954413888665,-0.016392860698093807,-0.01437348213682978,0.06963804712849025,0.07575125057936424,0.03500626789542198,0.024540352680894932,0.03638542118796015,-0.6942156351264963,1.0898355864467504,-0.020408353128362523,0.04166706237958921,0.5,0
1996-02-02,NEOG,0.5223529934883118,0.5445809960365295,0.5223529934883118,0.5334669947624207,42739,0.0,-0.020408353128362533,-0.020408353128362533,0.19999954413888665,-0.012345053687825283,-0.012345424250599686,0.0601879206034406,0.07575125057936424,0.03317339074500304,0.02423843963498825,0.03638542118796015,-0.4864890843335856,0.5604681080414762,0.021276802110176046,0.04166706237958921,0.5,0
1996-02-05,NEOG,0.5223529934883118,0.5334669947624207,0.5223529934883118,0.5334669947624207,16871,0.0,-0.03999861417968764,-0.020408353128362533,0.2631580210142197,-0.004149040098449159,-0.010309003157314355,0.04860748918867385,0.07671644829988374,0.030629573672610683,0.02423843963498825,0.03367912416081906,-0.6052551533727977,0.21994425454137756,0.021276802110176046,0.020833531189794606,1.0,0
1996-02-06,NEOG,0.5223529934883118,0.5223529934883118,0.5223529934883118,0.5223529934883118,7873,-0.020833531189794585,-0.059998832993421236,-0.040816706256725066,0.23684197898578074,-0.0126051627342674,-0.026915000535974377,0.01676578416017779,0.05428464259166324,0.03072956758431995,0.024952412813700066,0.03439342057241832,-0.5333412364412304,0.10550076683365706,0.0,0.0,0.5,0
1996-02-07,NEOG,0.5223529934883118,0.5223529934883118,0.5223529934883118,0.5223529934883118,21370,0.0,0.0,-0.020833531189794585,0.205127785532079,-0.0126051627342674,-0.024896132131945015,0.00804287552101199,0.05428464259166324,0.01488874601880606,0.02427507489973575,0.03428931553691572,1.7143401498793343,0.28507587126896783,0.0,0.0,0.5,0
1996-02-08,NEOG,0.5223529934883118,0.5334669947624207,0.4667829871177673,0.4778969883918762,316046,-0.08510720844070419,-0.10416765594897304,-0.10416765594897304,0.10256272389111598,-0.07725397460862259,-0.09853309181125704,-0.08168792820096982,-0.032403930032209066,0.03685303545067315,0.035762596411958385,0.04033335017440224,13.789237248479177,3.644618397108716,-0.08510720844070419,0.13953636299120678,0.16666666666666735,0
1996-02-09,NEOG,0.4667829871177673,0.4778969883918762,0.4445559978485107,0.4778969883918762,67483,0.0,-0.10416765594897304,-0.12245011877017509,0.1315778108720247,-0.05701811386192765,-0.08704932133847197,-0.08656474343457035,-0.029346073968076987,0.03685303545067315,0.03432248678286634,0.03968826813284095,-0.7864772849521905,0.7662823502292897,0.023809782234640288,0.06976606120820722,1.0,0
1996-02-12,NEOG,0.4890109896659851,0.500124990940094,0.4556689858436584,0.4778969883918762,247438,0.0,-0.10416765594897304,-0.13999970824835528,0.07499840448610251,-0.035874806138564495,-0.07327639988122168,-0.08946601338781582,-0.02759001149464148,0.03685303545067315,0.0327229167094161,0.038217174151718165,2.6666716061822977,2.477476846057572,-0.02272750819301671,0.09302424199413789,0.5000000000000007,1
1996-02-13,NEOG,0.500124990940094,0.500124990940094,0.4778969883918762,0.500124990940094,34866,0.04651212099706892,-0.04255360422035215,-0.09999927062088831,0.02272750819301672,0.018099734183026094,-0.019608037874956234,-0.048122966870309786,0.019945345296020427,0.047719750034077,0.037903177261433905,0.03263239376745768,-0.8590919745552421,0.3666440752111442,0.0,0.04444489467809916,1.0,0
1996-02-14,NEOG,0.4778969883918762,0.4890109896659851,0.4778969883918762,0.4778969883918762,56236,-0.0444448946780992,-0.08510720844070419,-0.08510720844070419,-0.06521803761078682,-0.009216686670293602,-0.05494560543596746,-0.08753382671242127,-0.023171970832205145,0.05000708766016894,0.0358801703992401,0.03247063090112859,0.6129180290254115,0.643087772744244,0.0,0.023256060498534445,0.0,0
1996-02-15,NEOG,0.4890109896659851,0.4890109896659851,0.4778969883918762,0.4778969883918762,68608,0.0,0.0,-0.10416765594897304,-0.1134031277444284,-0.009216686670293602,-0.04444489467809916,-0.08217778214302804,-0.02228353271607554,0.032163144193558826,0.034539877655690936,0.029576574187767213,0.22000142257628563,0.7850729941206491,-0.02272750819301671,0.023256060498534445,0.0,1
1996-02-16,NEOG,0.4890109896659851,0.4890109896659851,0.4778969883918762,0.4890109896659851,68608,0.023256060498534348,0.023256060498534348,-0.08333412475917845,-0.10204176564181267,0.009174407849028612,-0.013453052301961699,-0.05579435248475307,0.0018210550070191138,0.0337317233530121,0.036066182980590424,0.030079874372454313,0.0,0.8063470684298457,0.0,0.02272750819301671,1.0,0
1996-02-20,NEOG,0.4890109896659851,0.4890109896659851,0.4556689858436584,0.4556689858436584,42739,-0.06818252457905027,-0.04651212099706903,-0.14583471832856232,-0.16326682502690026,-0.05092646331441266,-0.06605991147768245,-0.11255504800958048,-0.06520858357405454,0.04733139607643519,0.040540181293372925,0.03319475282633909,-0.37705515391791045,0.4970535455726426,-0.06818252457905025,0.07317154526239025,0.0,1
1996-02-21,NEOG,0.4556689858436584,0.4778969883918762,0.4556689858436584,0.4778969883918762,79855,0.048781030174926965,-0.0444448946780992,-0.08510720844070419,-0.12245011877017509,0.004672946967181981,-0.011494373328506974,-0.06318126929225404,-0.01916123193788007,0.04799771770837778,0.04512232742819133,0.03554810142835165,0.8684339830131729,0.9568732992147779,0.04878103017492688,0.04651212099706901,1.0,0
1996-02-22,NEOG,0.4556689858436584,0.4778969883918762,0.4556689858436584,0.4778969883918762,17996,0.0,0.0,-0.08510720844070419,-0.10416765594897304,0.004672946967181981,-0.0023202101550798826,-0.0580507749171407,-0.018265479858186627,0.04349229350372393,0.04512232742819133,0.03540219317125522,-0.7746415377872393,0.2290686544062239,0.04878103017492688,0.04651212099706901,1.0,0
1996-02-23,NEOG,0.4556689858436584,0.4778969883918762,0.4556689858436584,0.4667829871177673,137216,-0.02325606049853457,-0.02325606049853457,-0.02325606049853457,-0.12500118713876773,-0.014084657760310782,-0.02325606049853456,-0.07387045712701046,-0.04022023733216298,0.04481866426417782,0.036846246062841904,0.03561493157316696,6.624805512336074,1.6299302015081036,0.02439051508746338,0.04761956446928046,0.4999999999999988,1
1996-02-26,NEOG,0.4778969883918762,0.4890109896659851,0.4667829871177673,0.4890109896659851,209198,0.047619564469280506,0.0,0.023256060498534348,-0.10204176564181267,0.032864201440724806,0.02088189139571871,-0.02439029320876722,0.005484056952508786,0.04957819209407405,0.040034378737186974,0.03714921273503099,0.5245889692164178,2.2878259048454366,0.023256060498534445,0.04545501638603353,1.0,0
1996-02-27,NEOG,0.4778969883918762,0.4778969883918762,0.4667829871177673,0.4667829871177673,59610,-0.04545501638603355,0.024390515087463482,-0.02325606049853457,-0.15999992706208888,-0.018691787868727806,-0.02325606049853456,-0.060403204742813764,-0.03934211351714886,0.04213333837647149,0.042894741609511934,0.0377213856194731,-0.7150546372336255,0.6443756577123205,-0.02325606049853456,0.023809782234640288,0.0,0
1996-02-28,NEOG,0.4667829871177673,0.4778969883918762,0.4667829871177673,0.4667829871177673,148463,0.0,-0.02325606049853457,-0.06666734201714886,-0.15999992706208888,-0.014084657760310782,-0.01639361763804836,-0.05191927015260785,-0.03758103656035127,0.034589215825229704,0.039495146550861865,0.0377213856194731,1.490572051669183,1.4856506419910478,0.0,0.023809782234640288,0.0,1
1996-02-29,NEOG,0.4778969883918762,0.4778969883918762,0.4556689858436584,0.4723399877548218,44989,0.011904891117320293,-0.011628030249267174,-0.011628030249267174,-0.09574560949579225,0.0,-0.0035170364188867563,-0.03573491298942058,-0.02590032878867802,0.03535347725171785,0.037391025436693794,0.03588561510153657,-0.6969682681880334,0.5079390527330133,-0.011628030249267222,0.04705932828993456,0.7500000000000007,0
1996-03-01,NEOG,0.4778969883918762,0.4778969883918762,0.4667829871177673,0.4723399877548218,15746,0.0,0.011904891117320293,-0.011628030249267174,-0.11458442154387039,-0.002347442960051797,-0.002347442960051797,-0.029680674204151502,-0.02523007002182927,0.033301343980124076,0.037391025436693794,0.03539651211883712,-0.6500033341483473,0.18481762962528242,-0.011628030249267222,0.02352966414496734,0.5000000000000024,0
1996-03-04,NEOG,0.4667829871177673,0.4778969883918762,0.4667829871177673,0.4667829871177673,26993,-0.011764832072483689,-0.04545501638603355,-0.04545501638603355,-0.12500118713876773,-0.004739387689167042,-0.009434063693008856,-0.03448311998552103,-0.035813490936608586,0.021997767779349586,0.0365458205765329,0.03539875148401477,0.7142766416867776,0.3197836280449519,0.0,0.023809782234640288,0.0,1
1996-03-05,NEOG,0.4778969883918762,0.4778969883918762,0.4667829871177673,0.4778969883918762,30367,0.023809782234640364,0.023809782234640364,0.048781030174926965,-0.10416765594897304,0.014151095539513166,0.00938977184020707,-0.005780407746568512,-0.01330945061851179,0.013530746993492654,0.029504417344997484,0.03600800266238662,0.12499536916978471,0.356901921607804,0.0,0.02325606049853456,1.0,0
1996-03-06,NEOG,0.4667829871177673,0.4778969883918762,0.4667829871177673,0.4778969883918762,74231,0.0,0.023809782234640364,0.0,-0.08510720844070419,0.00938977184020707,0.00938977184020707,-0.001161452484464432,-0.013762065486329486,0.013530746993492654,0.025212105154051277,0.035822391493026864,1.4444627391576383,0.8396896481902744,0.023809782234640288,0.02325606049853456,1.0,0
1996-03-07,NEOG,0.4778969883918762,0.4778969883918762,0.4556689858436584,0.4778969883918762,39365,0.0,0.011764832072483689,0.0,-0.08510720844070419,0.007025836130592038,0.00938977184020707,0.00350062067169866,-0.014666050622364996,0.013002892359712246,0.025212105154051277,0.035822391493026864,-0.4696959491317644,0.44080438822364176,0.0,0.04651212099706901,1.0,0
1996-03-08,NEOG,0.4667829871177673,0.4667829871177673,0.4667829871177673,0.4667829871177673,33742,-0.02325606049853457,-0.011764832072483689,0.0,-0.02325606049853457,-0.014084657760310782,-0.014084657760310782,-0.018691787868727806,-0.03824215639828818,0.0174715737318611,0.025212105154051277,0.03074517669110666,-0.14284262669884418,0.44877170325632804,0.0,0.0,0.5,0
1996-03-11,NEOG,0.4556689858436584,0.4778969883918762,0.4556689858436584,0.4556689858436584,25869,-0.023809782234640142,-0.023809782234640142,-0.06818252457905027,-0.04651212099706903,-0.03301922292553076,-0.030733191724332747,-0.039813071406688647,-0.062000541220474575,0.019789434934146498,0.01986273334144283,0.031173660823039823,-0.23332938177938478,0.3538524144487342,0.0,0.04878103017492688,0.0,1
1996-03-12,NEOG,0.4667829871177673,0.4667829871177673,0.4556689858436584,0.4667829871177673,60735,0.024390515087463482,-0.02325606049853457,0.0,-0.02325606049853457,-0.004739387689167278,-0.007092275013307611,-0.015240491148509472,-0.040000736880667374,0.019998832524901835,0.016830951329731114,0.031724702864262,1.347790792067726,0.9523831925182997,0.0,0.02380978223464017,1.0,0
1996-03-13,NEOG,0.4556689858436584,0.4556689858436584,0.4556689858436584,0.4556689858436584,2249,-0.023809782234640142,-0.04651212099706903,-0.023809782234640142,-0.0888897893561984,-0.019138964704072173,-0.02843632613500284,-0.0341581995583729,-0.06328628754177418,0.02143233508129526,0.01845659364094846,0.030071174128300283,-0.9629702807277517,0.03619203179877938,0.0,0.0,0.5,1
1996-03-14,NEOG,0.4667829871177673,0.500124990940094,0.4556689858436584,0.500124990940094,322794,0.09756206034985371,0.04651212099706892,0.058824160362418,0.04651212099706892,0.06635142764833953,0.06007131646472442,0.05757993532818169,0.024823504983312625,0.05307103183969817,0.03665876918857841,0.036209830359153775,142.5277901289462,4.277193245142189,0.07142934670392063,0.08888978935619843,1.0,0
1996-03-15,NEOG,0.500124990940094,0.500124990940094,0.4778969883918762,0.4778969883918762,43864,-0.0444448946780992,0.023809782234640364,0.011764832072483689,0.0,0.014151095539513166,0.01176483207248361,0.010575906488849736,-0.022060927283006463,0.05710462562248678,0.04004676608879631,0.03772847038014684,-0.864111476669331,0.5909085704239915,-0.04444489467809916,0.04651212099706889,0.0,1
1996-03-18,NEOG,0.4778969883918762,0.500124990940094,0.4778969883918762,0.500124990940094,15746,0.04651212099706892,0.09756206034985371,0.07142934670392065,0.02272750819301672,0.04166710634815564,0.05140241663900132,0.056338631041242544,0.021102840305133416,0.05659168453953478,0.0420335174033704,0.03880434579659077,-0.6410268101404341,0.21995198939492247,0.04651212099706889,0.04444489467809916,1.0,0
1996-03-19,NEOG,0.500124990940094,0.500124990940094,0.4890109896659851,0.4890109896659851,23619,-0.022222447339049545,0.047619564469280506,0.023256060498534348,0.07317154526239023,0.009174407849028612,0.02564129810639023,0.029240077878197362,-0.004299782911256224,0.059462794401726304,0.04258958734126032,0.03567463594303281,0.5,0.33439351798432304,-0.02222244733904958,0.02272750819301671,0.0,0
1996-03-20,NEOG,0.4778969883918762,0.500124990940094,0.4778969883918762,0.4778969883918762,309298,-0.02272750819301672,0.048781030174926965,0.0,0.0,-0.02272750819301671,0.002331027100580951,0.005848015575639472,-0.029126593321187423,0.05930744604598508,0.04337215823129914,0.03452883828341276,12.095304627630298,3.767126040594608,0.0,0.04651212099706889,0.0,1
1996-03-21,NEOG,0.4834539890289306,0.4890109896659851,0.4667829871177673,0.4890109896659851,80980,0.023256060498534348,-0.022222447339049545,0.023256060498534348,0.023256060498534348,0.004566257569869514,0.023256060498534445,0.028037681803091654,-0.008785893501195418,0.037459664914208456,0.043943074085346825,0.0348988546379907,-0.7381813008813507,0.9498707973964766,0.011494373328507088,0.04545501638603353,1.0,1
1996-03-22,NEOG,0.500124990940094,0.500124990940094,0.4778969883918762,0.500124990940094,51737,0.02272750819301672,0.04651212099706892,0.07142934670392065,0.07142934670392065,0.018099734183026094,0.03926138331581399,0.047730425104688334,0.011008874825256846,0.030736862255785483,0.04327425591135658,0.03468116329302245,-0.36111385527290685,0.6388881170910011,0.0,0.04444489467809916,1.0,0
1996-03-25,NEOG,0.500124990940094,0.500124990940094,0.4778969883918762,0.4778969883918762,78730,-0.0444448946780992,-0.0444448946780992,0.048781030174926965,-0.02272750819301672,-0.01826503027947783,-0.011494373328506974,0.002331027100580951,-0.03609089205706242,0.03027458324777297,0.04538646936238426,0.03469871586944961,0.5217349285810928,1.0573980593999033,-0.04444489467809916,0.04651212099706889,0.0,1
1996-03-26,NEOG,0.500124990940094,0.500124990940094,0.4778969883918762,0.500124990940094,167583,0.04651212099706892,0.02272750819301672,0.07142934670392065,0.07142934670392065,0.02272750819301671,0.027397545419216858,0.0452966468941147,0.006486392918316701,0.03736440785956552,0.046913196650365536,0.03453343477632393,1.1285786866505778,2.0985911965437354,0.0,0.04444489467809916,1.0,1
1996-03-27,NEOG,0.4778969883918762,0.5112389922142029,0.4778969883918762,0.5112389922142029,96726,0.022222447339049545,0.06976818149560327,0.12195257543731697,0.09523912893856079,0.03139045537124389,0.03837511272149276,0.06358448521225364,0.027933329214009935,0.034286591726362406,0.045699612351288006,0.03475442943306727,-0.4228173502085534,1.251822387361416,0.06976818149560333,0.06521803761078687,1.0,1
1996-03-28,NEOG,0.5223529934883118,0.5223529934883118,0.5223529934883118,0.5223529934883118,25869,0.021739345870262383,0.06818252457905016,0.04444489467809909,0.10588348865235253,0.03982341048183043,0.05618035079109618,0.08108193126538217,0.049810733416966735,0.03419140972160556,0.03507179132098391,0.034924619581546315,-0.7325538117982755,0.33898926972965643,0.0,0.0,0.5,0
1996-03-29,NEOG,0.5223529934883118,0.5223529934883118,0.5223529934883118,0.5223529934883118,37116,0.0,0.04444489467809909,0.09302424199413784,0.10588348865235253,0.03070206131026887,0.04677107618976591,0.07551566188420741,0.050514681684052536,0.03421048179816429,0.030660646342213965,0.034924619581546315,0.4347674823147396,0.47965479742028533,0.0,0.0,0.5,0
1996-04-01,NEOG,0.5223529934883118,0.5223529934883118,0.500124990940094,0.500124990940094,22494,-0.04255360422035215,0.04651212099706892,0.0,0.07142934670392065,-0.02173934587026229,0.0022271941042745886,0.026226042310692192,0.007613236568895922,0.03347144953001264,0.03159060911540894,0.036379188617148436,-0.39395408988037506,0.29154035281903995,-0.04255360422035209,0.04444489467809916,0.0,0
1996-04-02,NEOG,0.5223529934883118,0.5223529934883118,0.4890109896659851,0.4890109896659851,5624,-0.022222447339049545,-0.022222447339049545,0.0,0.023256060498534348,-0.039301701221701735,-0.020044746938471074,0.00227792798198907,-0.012567372708707832,0.02821540382641259,0.03159060911540894,0.036520677161453435,-0.7499777718502711,0.0740793916638292,-0.06383040633052814,0.06818252457905014,0.0,1
1996-04-03,NEOG,0.4890109896659851,0.5223529934883118,0.4890109896659851,0.500124990940094,51737,0.02272750819301672,-0.021739345870262272,0.04651212099706892,0.04651212099706892,-0.01315802627582939,-0.002217317312184471,0.02272750819301671,0.011690850243838235,0.028334133500173067,0.031152121052280227,0.03681506035466686,8.199324324324325,0.6917279963526413,0.02272750819301671,0.06666734201714873,0.3333333333333333,1
1996-04-04,NEOG,0.5334669947624207,0.577921986579895,0.5334669947624207,0.577921986579895,464509,0.15555510532190087,0.10638207071522543,0.18181799344558658,0.2093024241994137,0.11587944206683885,0.13289716208029498,0.16985357908668658,0.16696569400168185,0.07816941361053296,0.05707528697378321,0.05017572512289293,7.978274735682394,4.836063739022114,0.0833322253371502,0.07692213283068902,1.0,0
1996-04-08,NEOG,0.5556939840316772,0.5556939840316772,0.5334669947624207,0.5334669947624207,87728,-0.07692213283068905,0.02127680211017613,0.06666734201714863,0.14285869340784108,0.025641675016489257,0.03896162842612841,0.07262654741809337,0.07720020387882728,0.09037132737571534,0.0644276127265957,0.05341670740451276,-0.8111382126072907,0.888381661432086,-0.03999861417968769,0.04166516295756099,0.0,0
1996-04-09,NEOG,0.5334669947624207,0.5556939840316772,0.5334669947624207,0.5334669947624207,35991,0.0,0.06666734201714863,0.11628030249267218,0.1707336056122437,0.012658739149273887,0.027837731498141494,0.06430230963085043,0.07768390902530098,0.08641790387555963,0.06186995573217828,0.05293353718450437,-0.5897432974648915,0.3626061580884668,0.0,0.04166516295756099,0.0,0
1996-04-10,NEOG,0.5556939840316772,0.5556939840316772,0.5334669947624207,0.5334669947624207,20245,0.0,0.09091003277206688,0.06666734201714863,0.14285869340784108,-0.004149040098449159,0.02127700022112981,0.057269403662824854,0.0786525795059742,0.08452241645073509,0.06078491979361546,0.05284586456084557,-0.4374982634547526,0.20821345247112705,-0.03999861417968769,0.04166516295756099,0.0,1
1996-04-11,NEOG,0.5334669947624207,0.5556939840316772,0.5334669947624207,0.5556939840316772,41615,0.041665162957561064,0.11111021064380178,0.0869554014746361,0.21951241206997074,0.016259213455096146,0.05485133053632663,0.09051166916748662,0.12359481500568413,0.08508240540311458,0.0615940090244442,0.0528013395991372,1.0555692763645346,0.4195049911668569,0.04166516295756099,0.03999861417968769,1.0,0
1996-04-12,NEOG,0.5445809960365295,0.5556939840316772,0.5334669947624207,0.5334669947624207,23619,-0.03999861417968764,-0.07692213283068905,0.02127680211017613,0.06666734201714863,-0.008264167018406161,0.010526804735666645,0.04347889855871138,0.07816800461257513,0.0450561007899369,0.06335539312919798,0.049842565284083706,-0.43244022588009134,0.28037250048966367,-0.020408353128362523,0.04166516295756099,0.0,1
1996-04-15,NEOG,0.5556939840316772,0.5556939840316772,0.5334669947624207,0.5445809960365295,103474,0.020833531189794696,0.020833531189794696,0.04255360422035204,0.13953636299120675,0.008230908158018805,0.027254321914328174,0.058316117335272616,0.10013582531767452,0.030284733128680377,0.06355785149366273,0.04859963197506171,3.380964477750963,1.1863291371442986,-0.019998395365954172,0.04081484559877232,0.5000227938869477,0
1996-04-16,NEOG,0.5334669947624207,0.5556939840316772,0.5334669947624207,0.5334669947624207,23619,-0.020408353128362533,0.0,0.06666734201714863,0.06666734201714863,-0.012345424250599686,3.798845499984301e-07,0.03336974452542449,0.07768386490542886,0.032347862277087754,0.062049591771592194,0.04808291596349312,-0.771739760712836,0.26957512727463645,0.0,0.04166516295756099,0.0,0
1996-04-17,NEOG,0.5334669947624207,0.5556939840316772,0.5334669947624207,0.5334669947624207,105724,0.0,0.0,0.09091003277206688,0.09091003277206688,-0.012345424250599686,-0.008264167018406161,0.028939390636788177,0.07768386490542886,0.032347862277087754,0.06123463150072659,0.04769326761928925,3.4762267665862225,1.152670765332656,0.0,0.04166516295756099,0.0,0
1996-04-18,NEOG,0.5556939840316772,0.5556939840316772,0.5334669947624207,0.5334669947624207,49488,0.0,-0.03999861417968764,0.06666734201714863,0.11628030249267218,-0.004149416836940591,-0.01437348213682978,0.02345458471030891,0.0772001597985516,0.023115009551709902,0.06114569980569484,0.047256618667736665,-0.5319132836442056,0.628575493075102,-0.03999861417968769,0.04166516295756099,0.0,0
1996-04-19,NEOG,0.5334669947624207,0.5556939840316772,0.5334669947624207,0.5334669947624207,161960,0.0,0.0,-0.07692213283068905,0.09091003277206688,-0.004149416836940591,-0.0062110511560818475,0.019108662466501412,0.07671688870701096,0.014581672949042833,0.032563557328472416,0.04710940017770762,2.2727125767862915,1.9565254157435306,0.0,0.04166516295756099,0.0,1
1996-04-22,NEOG,0.5334669947624207,0.5556939840316772,0.5334669947624207,0.5556939840316772,66358,0.041665162957561064,0.02040649247040971,0.041665162957561064,0.11111021064380178,0.03305666807362444,0.03092663350376712,0.05596512738696317,0.11806728011056747,0.02270526529722346,0.02523430448072701,0.047663667199271724,-0.590281551000247,0.7946071419804348,0.04166516295756099,0.03999861417968769,1.0,0
1996-04-23,NEOG,0.5334669947624207,0.5556939840316772,0.5334669947624207,0.5556939840316772,80980,0.0,0.041665162957561064,0.041665162957561064,0.162790303202345,0.024589291047140506,0.02669299955455624,0.04821697949966883,0.11457800243420159,0.01863322733334305,0.02523430448072701,0.046185501548473264,0.22035022152566386,0.9683944419564247,0.04166516295756099,0.03999861417968769,1.0,0
1996-04-24,NEOG,0.5334669947624207,0.5556939840316772,0.5334669947624207,0.5556939840316772,24744,0.0,0.041665162957561064,0.041665162957561064,0.11111021064380178,0.016259590100332386,0.02249399532787155,0.042751868292592615,0.11111043576049211,0.01863322733334305,0.02523430448072701,0.04533609118915012,-0.6944430723635466,0.3235313345798303,0.04166516295756099,0.03999861417968769,1.0,1
1996-04-25,NEOG,0.5334669947624207,0.5668079853057861,0.5334669947624207,0.5668079853057861,34866,0.020000218813733595,0.06249869414735554,0.020000218813733595,0.10869474734489848,0.02409627525480284,0.04081562023951685,0.0580905446029794,0.13031871900777717,0.01854366937176614,0.022453940970962677,0.045297501839995515,0.4090688651794374,0.4750912955796588,0.062498694147355593,0.05882237266890023,1.0,0
1996-04-26,NEOG,0.5334669947624207,0.5668079853057861,0.5334669947624207,0.5556939840316772,59610,-0.019608053454139407,0.041665162957561064,0.041665162957561064,0.06382846649487339,-0.003984107159752262,0.016259401777679264,0.034125281980973164,0.10472758882336985,0.023273947581482646,0.018828261504584533,0.04548948908103849,0.7096885217690587,0.7940054651978253,0.04166516295756099,0.059998832993421215,0.6666565362041872,0
1996-04-29,NEOG,0.5668079853057861,0.5668079853057861,0.5334669947624207,0.5556939840316772,33742,0.0,0.0,0.02040649247040971,0.06382846649487339,-0.003984107159752262,0.01419819027319431,0.030927021099518986,0.10132094894057626,0.014004050790073563,0.01791989391671603,0.04548948908103849,-0.4339540345579601,0.45045580247869504,-0.01960805345413935,0.059998832993421215,0.6666565362041872,1
1996-04-30,NEOG,0.5668079853057861,0.5668079853057861,0.5668079853057861,0.5668079853057861,13497,0.020000218813733595,0.020000218813733595,0.06249869414735554,0.13333265798285132,0.011904891117320003,0.028225550740930395,0.04508139868779017,0.1198941998601214,0.016593096448526384,0.01678413653869077,0.04425114354335922,-0.5999940726690771,0.18127362956894294,0.0,0.0,0.5,0
1996-05-01,NEOG,0.5334669947624207,0.5668079853057861,0.5334669947624207,0.5668079853057861,41615,0.0,0.020000218813733595,0.06249869414735554,0.15909048525256986,0.00790522380200649,0.02204395636142532,0.037639334451108494,0.11499741106584008,0.016593096448526384,0.01678413653869077,0.04375058610426294,2.083277765429355,0.5457271914818562,0.062498694147355593,0.05882237266890023,1.0,0
1996-05-02,NEOG,0.5668079853057861,0.5668079853057861,0.5334669947624207,0.5668079853057861,61860,0.0,0.0,0.06249869414735554,0.13333265798285132,0.00790522380200649,0.015936244126398616,0.03134428378401915,0.1111107138460269,0.014004050790073563,0.01678413653869077,0.04365050052480885,0.4864832392166287,0.8058653868701001,0.0,0.05882237266890023,1.0,0
1996-05-03,NEOG,0.5334669947624207,0.5668079853057861,0.5334669947624207,0.5668079853057861,47238,0.0,0.020000218813733595,0.06249869414735554,-0.01923097153628095,0.003937050269254143,0.009901097350117547,0.03238816520900876,0.10725101927137891,0.008944369766476801,0.01678413653869077,0.026173256874152975,-0.23637245392822503,0.8450651312688231,0.062498694147355593,0.05882237266890023,1.0,1
1996-05-06,NEOG,0.5668079853057861,0.655718982219696,0.5668079853057861,0.6223779916763306,891902,0.09804026727069681,0.12000131288240112,0.12000131288240112,0.16666635009632857,0.07692388614512369,0.0958914374820886,0.12449853605201035,0.2084599158939202,0.04250056319655432,0.032307133679315314,0.02847299048098223,17.88102798594352,9.280268366571338,0.09804026727069676,0.14285691027479058,0.6250071228461351,0
1996-05-07,NEOG,0.6223779916763306,0.6446059942245483,0.6112639904022217,0.6112639904022217,312672,-0.01785731729390705,0.0784322138165574,0.10000109406866753,0.1458328189065341,0.04166709835386401,0.06589217141251434,0.09671022746215213,0.18127194197126958,0.046489022075240874,0.03350577275130531,0.029015494185302988,-0.6494323367365473,2.843987797135565,-0.017857317293907066,0.054545997058303854,0.0,1
1996-05-08,NEOG,0.6112639904022217,0.6334919929504395,0.6112639904022217,0.6168209910392761,301425,0.009090999509717257,0.088236240543627,0.11000120347553444,0.15624958450143134,0.03351989453133259,0.06423844947752544,0.0984665773259042,0.1851382797436098,0.04587879806660916,0.033325410477002645,0.02896765954819019,-0.03597060178077982,2.4308389327776365,0.009090999509717309,0.03603639122392059,0.25,1
1996-05-09,NEOG,0.6112639904022217,0.6223779916763306,0.6001499891281128,0.6223779916763306,147338,0.009009097805980248,0.09804026727069681,0.09804026727069681,0.12000131288240112,0.023766234018350155,0.06362839138715826,0.10182047343499756,0.1887079077221493,0.04517376568814289,0.03317527971325207,0.027849461566969748,-0.5111951563407149,1.1396235725990058,0.018181999019434618,0.03571463458781413,1.0,0
1996-05-10,NEOG,0.6223779916763306,0.6334919929504395,0.6001499891281128,0.6112639904022217,111347,-0.01785731729390705,0.0784322138165574,0.10000109406866753,0.1458328189065341,-0.009009097805980148,0.03480750782113885,0.07474384739678401,0.16131795534991483,0.04774885358462225,0.03300663791296046,0.026321240496757055,-0.24427506821050915,0.8329807937956033,-0.017857317293907066,0.054545997058303854,0.3333333333333333,1
1996-05-13,NEOG,0.6223779916763306,0.6890609860420227,0.6112639904022217,0.6890609860420227,626468,0.12727233545789174,0.10714227568697643,0.2400008023170228,0.2653048693528073,0.09347407231545862,0.14075430037933293,0.19633381318007553,0.29842929178085864,0.06040459111183043,0.04924663208257377,0.03758498875447846,4.626267434237114,3.919769819859701,0.10714227568697644,0.11290291747130861,1.0,0
1996-05-14,NEOG,0.6668329834938049,0.7112889885902405,0.6668329834938049,0.6890609860420227,642214,0.0,0.12727233545789174,0.21568680030201515,0.291665637813068,0.06712537804845918,0.11812432523270026,0.18039033082040729,0.2876427432514779,0.05794160925890288,0.049774904896626226,0.03691654428734156,0.025134563936226595,3.366741388312808,0.033333687892516006,0.06451679313871991,0.5,1
1996-05-15,NEOG,0.7112889885902405,0.7335169911384583,0.6890609860420227,0.7224029898643494,461135,0.048387594854039984,0.17117121556965675,0.27451096066443315,0.35416623138245185,0.08333356126409787,0.1433600443823177,0.2177992229017386,0.3377243818447235,0.057823924458807706,0.049883299198942986,0.037565943731333436,-0.28196053029052626,2.211435240101869,0.01562515581203724,0.061539065757166035,0.75,0
1996-05-16,NEOG,0.7001749873161316,0.7224029898643494,0.6668329834938049,0.6668329834938049,345289,-0.0769238321964576,0.07142764109916233,0.17647069339373633,0.2499985754334788,-0.013158328815587221,0.03896048537641152,0.11162547648309094,0.2262410931912282,0.07659551392208347,0.05931128643472716,0.04284703150821556,-0.25121927418218093,1.5462109236811112,-0.0476195300122491,0.08333421973129003,0.0,1
1996-05-17,NEOG,0.6890609860420227,0.6890609860420227,0.6668329834938049,0.6890609860420227,157461,0.03333368789251612,0.12727233545789174,0.21568680030201515,0.291665637813068,-0.0032154670757275736,0.05352567772935655,0.13397362528519224,0.25735138664072016,0.07429591466179361,0.059128912525865475,0.04300122332809416,-0.5439733093148058,0.7058244491356664,0.0,0.03225839656935996,1.0,1
1996-05-20,NEOG,0.6890609860420227,0.7112889885902405,0.6668329834938049,0.7112889885902405,322794,0.032258396569359915,0.032258396569359915,0.14285691027479053,0.28000123994449,0.02236444525532206,0.07292552243091953,0.15575667076309022,0.28643248754264267,0.05033822362812674,0.052975581242214645,0.04273015610931473,1.0499933316821308,1.3682938631006716,0.03225839656935996,0.06250062324814896,1.0,0
1996-05-21,NEOG,0.6779469847679138,0.7112889885902405,0.6779469847679138,0.6779469847679138,262059,-0.046875467436111706,-0.016129198284679958,0.109090336438457,0.22000058350328944,-0.02243612690273028,0.0124478050174834,0.09074641529144735,0.2163506488120014,0.056099016595682526,0.05568103801682599,0.04473417874764308,-0.1881540549080838,1.0697866378624108,0.0,0.04918084241312889,0.0,1
1996-05-22,NEOG,0.6779469847679138,0.7001749873161316,0.6779469847679138,0.7001749873161316,157461,0.032787228275419356,-0.030769532878582972,0.1351348243457362,0.2600010211307564,0.01612919828467998,0.032786919548843114,0.1135662671273628,0.24579799623282667,0.05294358199092186,0.056057330788511085,0.04491359592930998,-0.3991391251588383,0.6258395033538401,0.03278722827541926,0.031746353341499396,1.0,0
1996-05-23,NEOG,0.7001749873161316,0.7001749873161316,0.655718982219696,0.655718982219696,240690,-0.06349270668299878,-0.01666684394625806,0.05357032380525517,0.15686263993959693,-0.045307911253999994,-0.037520925300170364,0.035541391067034425,0.15845206795750105,0.04854541153797935,0.06124319357588588,0.047961777366774525,0.5285689789852726,0.9190469999238232,-0.06349270668299879,0.06779734352961089,0.0,1
1996-05-24,NEOG,0.6779469847679138,0.6779469847679138,0.6446059942245483,0.6779469847679138,238440,0.033898671764805544,-0.016129198284679958,0.109090336438457,0.22000058350328944,-0.009740360654149955,-0.014539729874827722,0.060408347903340015,0.19024360357170392,0.04864991954886825,0.06110631316461062,0.04781060179306431,-0.00934812414308861,0.8803970426723396,0.0,0.0491793477845164,1.0,1
1996-05-28,NEOG,0.6779469847679138,0.6890609860420227,0.655718982219696,0.6890609860420227,69733,0.016393614137709678,-0.031250311624074434,0.0,0.2400008023170228,0.013072031741295132,0.0016155255416474528,0.06666664575258417,0.20085211338504122,0.046294092298340125,0.04609451704913575,0.047751613703903496,-0.7075448750209696,0.255777111922706,0.01639361413770963,0.048387594854039935,1.0,0
1996-05-29,NEOG,0.6890609860420227,0.6890609860420227,0.6668329834938049,0.6890609860420227,204699,0.0,0.016393614137709678,0.0,0.21568680030201515,0.009772088543067877,0.0016155255416474528,0.05666804653385817,0.19299585962552043,0.04014806367143768,0.04609451704913575,0.04778187421361577,1.935468142773149,0.7253890967851675,0.0,0.03225839656935996,1.0,0
1996-05-30,NEOG,0.6668329834938049,0.6890609860420227,0.6668329834938049,0.6890609860420227,190077,0.0,-0.015873176670749722,-0.046154299317874514,0.21568680030201515,0.013072031741295132,0.006493573769433411,0.046855154036517736,0.18478874050546149,0.03679111343820397,0.04300047465863639,0.04778187421361577,-0.07143171192824582,0.656309011512176,0.033333687892516006,0.03225839656935996,1.0,1
1996-05-31,NEOG,0.7112889885902405,0.7112889885902405,0.6779469847679138,0.7112889885902405,166458,0.032258396569359915,0.08474667941201353,0.06666737578503201,0.25490290721029374,0.028939203681547843,0.03225839656935996,0.06889377423346989,0.21327041577282896,0.01654955925263438,0.03561515299637877,0.047939714592919055,-0.12426016824760489,0.564561040546728,0.0,0.04687546743611172,1.0,1
1996-06-03,NEOG,0.7112889885902405,0.7890859842300415,0.6890609860420227,0.7779719829559326,1392402,0.09374951030502587,0.14754103261077423,0.1290321157559886,0.3725494402416121,0.0937498219290496,0.11464955669332708,0.1508423199565772,0.3140601589044394,0.03886736027453743,0.044567266002354514,0.05113165856040749,7.36488483581444,3.8453181303009747,0.09374951030502582,0.12857146578462916,0.888887763304752,0
1996-06-04,NEOG,0.7668579816818237,0.7779719829559326,0.7224029898643494,0.7557439804077148,756936,-0.028571726277033416,0.09677371918662869,0.06249919868095133,0.21428455137395286,0.04294439065006158,0.07594900187334377,0.10704057059552217,0.26558654845140245,0.04676311718712744,0.045795871997221425,0.04835514748172942,-0.45638113131121616,2.1300845999309423,-0.014492906821852948,0.0735288596828842,0.5999927061556828,0
1996-06-05,NEOG,0.7224029898643494,0.7557439804077148,0.7224029898643494,0.7224029898643494,314921,-0.04411677950167514,0.048387594854039984,0.06557445655083849,0.1818183325161955,-0.012157625133854908,0.022013092522344072,0.04965727745378857,0.1999266154342554,0.05482612721382734,0.045442116727930235,0.04951798169708177,-0.5839529365758795,0.8859350936168963,0.0,0.04615289666731051,0.0,0
1996-06-06,NEOG,0.7112889885902405,0.7112889885902405,0.655718982219696,0.6890609860420227,328418,-0.046154299317874514,0.0,-0.015873176670749722,0.11711662873377593,-0.05775079778230698,-0.02362200428360476,-0.004016105430962949,0.13740587714926203,0.060646847025492924,0.04733800420560913,0.05106061178695301,0.04285836765411011,0.9204101822502851,-0.03125031162407448,0.08064599142339988,0.6,0
1996-06-07,NEOG,0.6334919929504395,0.6334919929504395,0.5890359878540039,0.6223779916763306,373407,-0.09677371918662858,-0.12499982192910031,-0.050846462352670985,0.0,-0.12772545853062695,-0.11392363063541852,-0.10040117115839169,0.0235793108588831,0.07084607030390945,0.05307319245683951,0.05605113374579815,0.136987010456187,1.0143609245289142,-0.017544028018959316,0.07142926917562827,0.75,1
1996-06-10,NEOG,0.6334919929504395,0.6334919929504395,0.6112639904022217,0.6334919929504395,116971,0.01785731729390716,-0.1857136158766749,-0.06557296192222606,0.03636399803886925,-0.07467489218735147,-0.09235617468622961,-0.08580535027362916,0.038062904230872024,0.04109485624111978,0.052034996454523086,0.05597154565856198,-0.6867466330304467,0.3175094356933526,0.0,0.03508805603791863,1.0,1
1996-06-11,NEOG,0.6334919929504395,0.6446059942245483,0.6112639904022217,0.6446059942245483,229443,0.01754402801895938,-0.1470577193657684,-0.06451532261726867,-0.06451532261726867,-0.026845288516546703,-0.07051221640634901,-0.06677322119774977,0.05205956511691403,0.04865488581697498,0.052090108405958506,0.04798431302525633,0.961537475100666,0.6582778272525293,0.017544028018959316,0.05172462577304545,1.0,0
1996-06-12,NEOG,0.6446059942245483,0.6446059942245483,0.6057069897651672,0.6223779916763306,124844,-0.034483083848696916,-0.13846149530305962,-0.09677371918662858,-0.09677371918662858,-0.03114185759601972,-0.09385089396763201,-0.09458330552076856,0.011743866807685221,0.048160610522467305,0.052827541771384524,0.04851683236627882,-0.45588228884733895,0.38689495754177716,-0.034483083848696965,0.06250061052867474,0.42857142857142855,0
1996-06-13,NEOG,0.6223779916763306,0.6223779916763306,0.6112639904022217,0.6223779916763306,79855,0.0,-0.09677371918662858,-0.09677371918662858,-0.13846149530305962,-0.01060080916860659,-0.084967125523727,-0.08794751514094408,0.007375830249316143,0.04833026676410363,0.052827541771384524,0.04695095980200558,-0.36036173144083816,0.26301150228626174,0.0,0.017857317293907066,1.0,0
1996-06-14,NEOG,0.6223779916763306,0.6223779916763306,0.6223779916763306,0.6223779916763306,11247,0.0,0.0,-0.12499982192910031,-0.06666585624567767,-0.01060080916860659,-0.07284750218176873,-0.08496698920728009,0.003404801801142216,0.02130487697076852,0.05099006028142436,0.043919569624627224,-0.8591572224657191,0.039199653696310906,0.0,0.0,0.5,0
1996-06-17,NEOG,0.6223779916763306,0.6223779916763306,0.6001499891281128,0.6223779916763306,71982,0.0,-0.017544028018959268,-0.19999947901519166,-0.09677371918662858,-0.007092267370058753,-0.05084734238492096,-0.08045946037377458,0.0019685305785001007,0.018970303558231358,0.035690383411930884,0.0431124561397899,5.400106695118699,0.2546756610884057,0.0,0.03571463458781413,1.0,0
1996-06-18,NEOG,0.6223779916763306,0.6223779916763306,0.6001499891281128,0.6001499891281128,7873,-0.0357146345878141,-0.06896616769739394,-0.2058818797281865,-0.15625013355317474,-0.02877726154636451,-0.06250029678478593,-0.10596027989545093,-0.03588642269223736,0.019229367258955122,0.03591905510857149,0.04276609177807964,-0.8906254341363119,0.02949840349679538,-0.03571463458781413,0.0370374122317493,0.0,1
1996-06-19,NEOG,0.6223779916763306,0.6334919929504395,0.6223779916763306,0.6334919929504395,20245,0.05555611834762386,0.01785731729390716,-0.12307672886376808,-0.06557296192222606,0.02150558717143092,0.003521321751872384,-0.05315569711544894,0.014415944691508548,0.032723388096429565,0.04240104892895377,0.043930697204609195,1.5714467166264448,0.07945288379235738,0.017857317293907066,0.017544028018959316,1.0,1
1996-06-20,NEOG,0.6334919929504395,0.6668329834938049,0.6001499891281128,0.655718982219696,208073,0.03508645652447173,0.05357032380525517,-0.048387594854039984,-0.06349270668299878,0.04609845958551743,0.044246770856453614,-0.016667366920679966,0.045913181202415325,0.035318766669666116,0.04295538146297689,0.04403069277864703,9.277747591998024,0.8085663978997084,0.0350864565244718,0.1016944699998791,0.8333308007561977,0
1996-06-21,NEOG,0.6668329834938049,0.6890609860420227,0.6001499891281128,0.6446059942245483,655711,-0.01694779058786544,0.0357146345878141,0.0357146345878141,-0.01694779058786544,0.021127291844133738,0.022928075281918373,-0.03252651992304323,0.025279156288727758,0.03738918992388609,0.02895351749797492,0.041802484625299105,2.151350727869546,2.357936866823033,-0.03333216835316168,0.13793076345941918,0.5000056982769081,1
1996-06-24,NEOG,0.6446059942245483,0.6668329834938049,0.6446059942245483,0.6668329834938049,76481,0.03448151191332838,0.07142764109916233,0.05263048454343111,-0.016393614137709678,0.04166613904910251,0.05263082128286179,0.001668857022482768,0.056151598028518754,0.03879156039021283,0.030290957811541317,0.04182757135611923,-0.8833617249062468,0.2832747136177501,0.034481511913328294,0.03333216835316168,1.0,0
1996-06-25,NEOG,0.6668329834938049,0.6668329834938049,0.6446059942245483,0.655718982219696,83229,-0.01666684394625806,0.09259184220316796,0.01723996998897981,-0.048387594854039984,0.006825386322375357,0.03327417324059215,-0.01255303802696289,0.03490552144103356,0.033153927760524685,0.03071504674640578,0.04179920512093196,0.0882310639243733,0.307499789406481,-0.016666843946258003,0.03389712647026821,0.4999772061130523,0
1996-06-26,NEOG,0.6446059942245483,0.6668329834938049,0.6334919929504395,0.6334919929504395,25869,-0.03389712647026821,0.0,0.01785731729390716,-0.08064452090194862,-0.027303101131270855,-0.0034960604309253597,-0.04201638565999242,-0.003321655352667004,0.03214504228240844,0.030637897905825388,0.04241173833773716,-0.689182856936885,0.09884148109769866,-0.017241541924348482,0.05263048454343112,0.0,0
1996-06-27,NEOG,0.655718982219696,0.655718982219696,0.6112639904022217,0.6223779916763306,182204,-0.017544028018959268,-0.050846462352670985,0.0,-0.09677371918662858,-0.034482476756239354,-0.020978753467728546,-0.05405382512432761,-0.02353924125566026,0.025977117612426066,0.03127294795040011,0.042520321743802075,6.043333719896401,0.6972222121242444,-0.050846462352670936,0.0714276410991623,0.25000569834184955,1
1996-06-28,NEOG,0.6112639904022217,0.6446059942245483,0.6112639904022217,0.6446059942245483,51737,0.0357146345878141,0.0,0.0357146345878141,-0.09374951030502576,6.287745428961699e-07,0.010453542782594293,-0.015279591818700474,0.007820064412064148,0.032396872936680386,0.03319782318008462,0.04268307930894239,-0.7160490439287831,0.2024199467589803,0.054545997058303854,0.05172462577304545,1.0,0
1996-07-01,NEOG,0.6446059942245483,0.6446059942245483,0.6112639904022217,0.6112639904022217,15746,-0.051724625773045485,-0.08333270019193573,-0.01785731729390705,-0.2142853421537083,-0.03508774735989398,-0.04013954108067682,-0.054170239918169105,-0.04662828087515055,0.032674135752674756,0.03762572396750829,0.03718148132298502,-0.6956530142837815,0.08431159629812872,-0.05172462577304545,0.054545997058303854,0.0,0
1996-07-02,NEOG,0.6334919929504395,0.6334919929504395,0.6112639904022217,0.6112639904022217,127093,0.0,-0.06779579823507365,0.018518706115874695,-0.1911758396375819,-0.02135252100416926,-0.04181178857888337,-0.04347829533924197,-0.04827801514668261,0.03353300138152991,0.03562369311397257,0.03703224905798536,7.071446716626445,0.8185424569025896,-0.03508805603791863,0.036363998038869236,0.0,0
1996-07-03,NEOG,0.6112639904022217,0.6112639904022217,0.577921986579895,0.6001499891281128,174331,-0.018181999019434625,-0.052632084056877915,-0.052632084056877915,-0.1692310281816426,-0.02877726154636451,-0.054290785150806355,-0.05180001837289163,-0.06687398389048249,0.031835620483384904,0.030689488344660284,0.03621570731188604,0.3716805803624117,1.176021389934224,-0.018181999019434618,0.055556118347623945,0.6666666666666666,0
1996-07-05,NEOG,0.5890359878540039,0.5890359878540039,0.5668079853057861,0.577921986579895,58485,-0.03703741223174928,-0.07142926917562831,-0.11864380588228185,-0.16129051232534852,-0.05109540055898913,-0.07801464298730074,-0.07883136448817031,-0.10205522652978427,0.03405363957780529,0.028636626609222518,0.03577270225181356,-0.6645174983221573,0.43405399829154095,-0.018868119271625145,0.038461943072561844,0.5,1
1996-07-08,NEOG,0.6001499891281128,0.7668579816818237,0.6001499891281128,0.7224029898643494,2118970,0.25000087665721726,0.12068922153507078,0.12068922153507078,0.1607142275686977,0.1565839070092076,0.1383540393657928,0.14235514114108766,0.1170307910563614,0.12528485379401452,0.08754086351544789,0.06369326056892781,35.230999401555955,9.544073728675572,0.20370407889841596,0.23076869128824462,0.7333361698111048,1
1996-07-09,NEOG,0.7446309924125671,0.8001999855041504,0.7112889885902405,0.7779719829559326,2680205,0.07692242954589346,0.272726669935218,0.1666669199232258,0.22806916521957743,0.18243213066138295,0.20481882335496104,0.21633308889632544,0.19474280301690064,0.11763848454415105,0.08962053963870698,0.06546050838678888,0.26486217360321285,7.653767200204808,0.04477518513612003,0.11428560264611248,0.749997150861546,0
1996-07-10,NEOG,0.7890859842300415,0.7890859842300415,0.7335169911384583,0.7557439804077148,503874,-0.028571726277033416,0.23636267189634874,0.15254247764708717,0.1724122753727475,0.10032318535338776,0.152541587138978,0.1714031720756954,0.15351926260663762,0.12156638797723422,0.09022046761200728,0.06607006477459025,-0.81200169390028,1.3846393555200331,-0.04225395519457927,0.0735288596828842,0.39998905923352424,0
1996-07-11,NEOG,0.7557439804077148,0.7557439804077148,0.6779469847679138,0.7001749873161316,316046,-0.07352885968288425,0.16666666666666674,0.10526256860030903,0.12499959298088359,-0.009433772930364504,0.05704694393235756,0.07876705779339507,0.06436898671177478,0.13130064810309308,0.09354174009948603,0.06799774405446474,-0.372767795123384,0.8462583154199026,-0.0735288596828842,0.11111078951564346,0.28571800704403943,1
1996-07-12,NEOG,0.7224029898643494,0.7224029898643494,0.6890609860420227,0.7112889885902405,242939,0.01587317667074961,0.23076990512093642,0.14285691027479053,0.14285691027479053,-0.030302787511718877,0.059602798954508894,0.08843549017717321,0.07653506450762623,0.12580281199630886,0.0929000243608243,0.06799335050723743,-0.23131759300861265,0.6366042393289607,-0.015384766439291509,0.04687546743611172,0.6666666666666666,0
1996-07-15,NEOG,0.7112889885902405,0.7112889885902405,0.6668329834938049,0.6668329834938049,179955,-0.06250062324814898,-0.0769238321964576,0.03448151191332838,0.07142764109916233,-0.07692331429484396,-0.009901392290421503,0.01694862871408042,0.0062044122014561975,0.061779797741238866,0.09584057301442309,0.0698254277619024,-0.2592584969889561,0.46136108892036043,-0.06250062324814896,0.06666737578503201,0.0,0
1996-07-16,NEOG,0.7001749873161316,0.7001749873161316,0.6446059942245483,0.6668329834938049,155211,0.0,-0.14285732892314584,0.09090833741902249,0.07142764109916233,-0.04761925435905092,-0.018003607903365682,0.013513034842193595,0.0031762096824386387,0.03859118053473728,0.09368307662235395,0.0698254277619024,-0.1375010419271484,0.3937228486518168,-0.0476195300122491,0.0833327001919357,0.39998905923352424,1
1996-07-17,NEOG,0.6890609860420227,0.7001749873161316,0.655718982219696,0.7001749873161316,124844,0.050000531838773954,-0.07352885968288425,0.14545433447732625,0.16666666666666674,0.01612919828467998,0.017770780958122626,0.0561609746829249,0.050875727999059005,0.05263189502933833,0.0942861753562586,0.06978885569735134,-0.1956497928626193,0.3120613184343242,0.01612919828467998,0.06349270668299879,1.0,1
1996-07-18,NEOG,0.7001749873161316,0.7112889885902405,0.6890609860420227,0.7112889885902405,233942,0.01587317667074961,0.01587317667074961,0.1851853727825412,0.1228065966192684,0.028939203681547843,0.017488401234919987,0.06666688953233707,0.06436071881647684,0.04134069679546129,0.09347381963870287,0.0689804829469385,0.8738745954951779,0.5695522002886203,0.015873176670749698,0.03125031162407448,1.0,1
1996-07-19,NEOG,0.7112889885902405,0.7224029898643494,0.7112889885902405,0.7224029898643494,60735,0.015625155812037272,0.015625155812037272,0.25000087665721726,0.10169601529441641,0.04166709281935605,0.012461470629463279,0.07794395125231288,0.07758653916097295,0.04132280753277165,0.09131792617905804,0.06871306068524603,-0.7403843687751666,0.15056509321785258,0.01562515581203724,0.015384766439291509,1.0,0
1996-07-22,NEOG,0.7112889885902405,0.7224029898643494,0.6890609860420227,0.7001749873161316,119220,-0.030769532878582972,0.050000531838773954,-0.030769532878582972,0.08620613768637364,0.0,-0.015624875350334662,0.04046246256037125,0.04201125059736758,0.02927553396510252,0.047371677200675755,0.06903423354577604,0.962953815756977,0.3166064631058664,-0.01562515581203724,0.0476195300122491,0.3333333333333333,0
1996-07-23,NEOG,0.6890609860420227,0.7001749873161316,0.6668329834938049,0.7001749873161316,107973,0.0,0.050000531838773954,-0.09999973950759578,0.050000531838773954,-0.00943405693101699,-0.004739240926564,0.037891277194485644,0.039260976923775066,0.02927553396510252,0.03853377799717899,0.06872070358310484,-0.09433819828887768,0.28554435189553656,0.01612919828467998,0.0476195300122491,1.0,0
1996-07-24,NEOG,0.655718982219696,0.6890609860420227,0.655718982219696,0.655718982219696,176581,-0.06349270668299878,-0.06349270668299878,-0.13235302004530225,0.0,-0.06051016906965274,-0.05448773676377345,-0.02800724923726683,-0.02576023008749967,0.034228385811018586,0.04186255161399558,0.0702595091053577,0.6354181137877062,0.4612902888729826,0.0,0.05084800764720817,0.0,1
1996-07-25,NEOG,0.6668329834938049,0.6890609860420227,0.655718982219696,0.6779469847679138,111347,0.033898671764805544,-0.046875467436111706,-0.031746353341499445,0.07017451256239049,-0.019292802454365283,-0.019292802454365283,0.0016417534245012568,0.00759796769660931,0.038636279245305244,0.0383212517068916,0.07006461720526679,-0.3694281944263539,0.2876649015337977,0.016666843946258003,0.04918084241312889,0.6666666666666666,1
1996-07-26,NEOG,0.6779469847679138,0.6890609860420227,0.655718982219696,0.6890609860420227,155211,0.016393614137709678,-0.046154299317874514,-0.031250311624074434,0.10714227568697643,0.006493573769433411,0.0,0.013071805358625241,0.02513213854193415,0.038759795931021246,0.03834939397870615,0.06988717438289536,0.3939396660888932,0.4023905802685741,0.01639361413770963,0.048387594854039935,1.0,0
1996-07-29,NEOG,0.6668329834938049,0.7224029898643494,0.6668329834938049,0.6890609860420227,209198,0.0,-0.015873176670749722,0.03333368789251612,0.0689645957620253,0.009772088543067877,-0.0032154670757275736,0.009771938602889363,0.024454582330818733,0.036791113438203966,0.032061179346496396,0.06957649015930241,0.34782972856305294,0.5315053304752368,0.033333687892516006,0.08064599142339988,0.4,1
1996-07-30,NEOG,0.6890609860420227,0.7224029898643494,0.6668329834938049,0.7001749873161316,254186,0.01612919828468007,0.0,0.050000531838773954,0.14545433447732625,0.026058902781514445,0.008000081690400932,0.01941760105537051,0.04063431227332656,0.0377744285979955,0.03225651816140431,0.06828472273897318,0.21504985707320334,0.6268191270754664,0.01612919828467998,0.0793658833537485,0.6,0
1996-07-31,NEOG,0.7001749873161316,0.7001749873161316,0.6668329834938049,0.6668329834938049,41615,-0.047619530012249056,0.01694933588240266,-0.047619530012249056,0.09090833741902249,-0.02597429507773332,-0.03537013783300299,-0.03303821248958313,-0.007608805493484545,0.031124502050831553,0.03201834034280102,0.06942948909275283,-0.8362813058154265,0.1037151016066557,-0.0476195300122491,0.050000531838774016,0.0,0
1996-08-01,NEOG,0.6668329834938049,0.6668329834938049,0.6668329834938049,0.6668329834938049,29243,0.0,-0.016393614137709678,-0.06250062324814898,0.11111054831904266,-0.022801539933825263,-0.029126514377571414,-0.037690772533884205,-0.007280413274994034,0.026224697729395344,0.03128693441240866,0.06920866114438283,-0.29729664784332577,0.07422288439524961,0.0,0.0,0.5,1
1996-08-02,NEOG,0.6890609860420227,0.6890609860420227,0.6779469847679138,0.6890609860420227,53987,0.03333368789251612,0.0,-0.046154299317874514,0.19230796204837453,0.009772088543067877,0.008130165669424714,-0.013524258350701117,0.026150154991432816,0.030158853724982636,0.03309481142646621,0.06861903199370316,0.8461512156755462,0.13710493160752849,0.0,0.01612919828467998,1.0,0
1996-08-05,NEOG,0.6668329834938049,0.6890609860420227,0.6668329834938049,0.6723899841308594,132717,-0.024193797427019992,-0.024193797427019992,-0.03968294167687425,-0.06923144897681177,-0.009820069839051036,-0.012245025547300014,-0.03393234088363868,0.000826746128531364,0.03211049989266585,0.032569674397103364,0.03957285826152215,1.4583140385648399,0.4507262572488605,0.008333421973129002,0.033058199962555955,0.25,1
1996-08-06,NEOG,0.6890609860420227,0.7112889885902405,0.6668329834938049,0.7112889885902405,591602,0.0578518499344729,0.01587317667074961,0.01587317667074961,-0.08571387636907912,0.04404613556659523,0.04319523336897682,0.026875601012201482,0.057676611096308984,0.04253197107712759,0.03796276352038504,0.03773718807062352,3.45762035006819,3.113345714401491,0.03225839656935996,0.06250062324814896,1.0,1
1996-08-07,NEOG,0.7335169911384583,0.7335169911384583,0.7112889885902405,0.7335169911384583,147338,0.031250311624074545,0.10000106367754813,0.11864535117681907,-0.02941073941107064,0.056000571832806524,0.06365899479700174,0.060667556737950455,0.08928917582449682,0.03197496263765988,0.030904160757260095,0.03803873073046859,-0.7509508081446649,0.8556486995809971,0.0,0.03030332332686487,1.0,0
1996-08-08,NEOG,0.7335169911384583,0.7335169911384583,0.7001749873161316,0.7224029898643494,121470,-0.015151661663432403,0.08333421973129007,0.06557445655083849,0.031746353341499445,0.023622284657258845,0.04083308342134889,0.042920615995603456,0.07172333667077971,0.034887903910257125,0.03088270508043401,0.034210892542596245,-0.17556909962127898,0.7476655072424517,-0.015151661663432434,0.04615429931787453,0.6666666666666666,1
1996-08-09,NEOG,0.7335169911384583,0.7335169911384583,0.7001749873161316,0.7335169911384583,56236,0.01538476643929143,0.06451679313871983,0.06451679313871983,0.031250311624074545,0.026438831621391604,0.05011984067572496,0.057269307957668804,0.08677802766536846,0.03363903999319303,0.030849511046637548,0.034200735136803634,-0.5370379517576356,0.3672421995480327,0.0,0.045454984990297306,1.0,0
1996-08-12,NEOG,0.7001749873161316,0.7446309924125671,0.7001749873161316,0.7224029898643494,236191,-0.015151661663432403,0.07438094991575084,0.048387594854039984,0.08333421973129007,-0.003067514688452146,0.029295624647031535,0.03709650857570237,0.06995916518531557,0.03129941619968548,0.03157853144430804,0.030980754981913668,3.199996443559286,1.5146045958650745,0.031746353341499396,0.061539065757166035,0.5,0
1996-08-13,NEOG,0.7112889885902405,0.7335169911384583,0.7112889885902405,0.7224029898643494,201325,0.0,0.015625155812037272,0.031746353341499445,0.08333421973129007,-0.006116267636092076,0.026046039819666238,0.032976099250504314,0.07172330444934692,0.02011885604827595,0.03136854788309119,0.030980754981913668,-0.14761781778306537,1.2722115691157017,0.01562515581203724,0.030769532878583018,0.5,1
1996-08-14,NEOG,0.7112889885902405,0.7446309924125671,0.7112889885902405,0.7335169911384583,97851,0.01538476643929143,0.0,0.10000106367754813,0.047619530012249056,0.00917440145413796,0.032056613894021334,0.046373834257138064,0.08892966459526538,0.015268303023258706,0.0257727004334181,0.029220032204336124,-0.5139649819942879,0.6236583674530779,0.03125031162407448,0.045454984990297306,0.6666666666666666,0
1996-08-15,NEOG,0.7557439804077148,0.7557439804077148,0.7224029898643494,0.7224029898643494,111347,-0.015151661663432403,0.0,0.08333421973129007,0.015625155812037272,-0.006116267636092076,0.008533831594865891,0.029703270599914247,0.07243057074204297,0.015268303023258706,0.026840730225369355,0.02930935990239968,0.13792398646922366,0.7385288652514963,-0.044116779501675175,0.04615289666731051,0.0,0
1996-08-16,NEOG,0.7446309924125671,0.7446309924125671,0.7224029898643494,0.7224029898643494,55111,0.0,-0.015151661663432403,0.048387594854039984,0.0,-0.003067514688452146,0.003861041916848635,0.029703270599914247,0.07136997271815883,0.012760525780667584,0.02542663715362678,0.029111803880207197,-0.505051775081502,0.3662165848381376,-0.02985103061074608,0.030769532878583018,0.0,1
1996-08-19,NEOG,0.7224029898643494,0.7446309924125671,0.7224029898643494,0.7335169911384583,119220,0.01538476643929143,0.01538476643929143,0.09091004989702878,0.047619530012249056,0.00917440145413796,0.010719859745967984,0.04306641619874572,0.08427839834079603,0.012788386799042442,0.023370873798560038,0.028329353684253843,1.1632704904646984,0.7922255310991049,0.015384766439291509,0.03030332332686487,0.5,0
1996-08-20,NEOG,0.7224029898643494,0.7224029898643494,0.7224029898643494,0.7224029898643494,44989,-0.015151661663432403,0.0,0.015625155812037272,0.031746353341499445,-0.006116267636092076,-0.006116267636092076,0.02564128385421223,0.06505024198751905,0.015268303023258706,0.016920498206501964,0.028606942685471787,-0.6226388189901023,0.3053450139390145,0.0,0.0,0.5,1
1996-08-21,NEOG,0.7224029898643494,0.7557439804077148,0.7224029898643494,0.7446309924125671,104599,0.030769532878583084,0.015151661663432403,0.015151661663432403,0.13559468705922173,0.021341671040379914,0.02290098649471201,0.05056891059295351,0.09459298183762119,0.019952131504619802,0.016827568712581318,0.02476351582890596,1.3249905532463493,0.7277001429325275,0.030769532878583018,0.04477518513612003,0.6666869275916255,0
1996-08-22,NEOG,0.7446309924125671,0.7446309924125671,0.7335169911384583,0.7446309924125671,20245,0.0,0.030769532878583084,0.030769532878583084,0.09836168482625784,0.015151661663432434,0.019787102406752174,0.045650084024530205,0.09067289583301573,0.01746994086147994,0.01579918066715908,0.023948303301809457,-0.8064513045057792,0.14545488509638857,0.0,0.01492551530537304,1.0,0
1996-08-23,NEOG,0.7224029898643494,0.7335169911384583,0.7224029898643494,0.7335169911384583,124844,-0.014925515305373005,0.01538476643929143,0.0,0.06451679313871983,-0.0030211771618501885,0.004566254401558171,0.02683807278181375,0.07090744322387642,0.019900403749965042,0.016095208270982677,0.02418501860400369,5.166658434181279,0.9068635106638763,0.015384766439291509,0.015151661663432434,1.0,0
1996-08-26,NEOG,0.7112889885902405,0.7335169911384583,0.7112889885902405,0.7335169911384583,49488,0.0,0.0,0.01538476643929143,0.06451679313871983,-0.0030211771618501885,0.0030395431585966085,0.023652812643953375,0.06744340166112547,0.018701685355330757,0.015185741078465823,0.02418501860400369,-0.6036012944154305,0.3816156976932485,0.03125031162407448,0.03030332332686487,1.0,0
1996-08-27,NEOG,0.7112889885902405,0.7335169911384583,0.7112889885902405,0.7335169911384583,113597,0.0,0.01538476643929143,0.01538476643929143,0.047619530012249056,-0.006024154286350991,0.001517465378543349,0.021276805862313012,0.0640016979658967,0.01672818416718597,0.015185741078465823,0.02400672998758921,1.2954453604914322,0.9261826772359729,0.03125031162407448,0.03030332332686487,1.0,0
1996-08-28,NEOG,0.7335169911384583,0.7335169911384583,0.7112889885902405,0.7335169911384583,28118,0.0,-0.014925515305373005,0.0,0.10000106367754813,-0.0030211771618501885,0.001517465378543349,0.01655772918195561,0.05990083025735718,0.0066748933644069875,0.014396319952863335,0.02092775649936718,-0.7524758576370855,0.23052094717071162,0.0,0.03030332332686487,1.0,0
1996-08-29,NEOG,0.7335169911384583,0.7446309924125671,0.7112889885902405,0.7112889885902405,84354,-0.030303323326864917,-0.044776545916119126,-0.015384766439291542,0.06666737578503201,-0.024390481189005487,-0.027355888427369173,-0.017274641453692004,0.0254767671842484,0.013527128695507769,0.016779127164023657,0.022355676277018146,2.0,0.6762849305447824,-0.03030332332686487,0.04687546743611172,0.0,1
1996-08-30,NEOG,0.7446309924125671,0.7446309924125671,0.7335169911384583,0.7335169911384583,13497,0.031250311624074545,0.0,0.01538476643929143,0.06451679313871983,0.006097620297251448,0.001517465378543349,0.010333051581336931,0.05515625350438052,0.02176404158174298,0.019725027523361863,0.0222135844050535,-0.8399957322711431,0.10999376970905071,-0.01492551530537304,0.015151661663432434,0.0,0
1996-09-03,NEOG,0.7001749873161316,0.7335169911384583,0.7001749873161316,0.7112889885902405,41615,-0.030303323326864917,-0.030303323326864917,-0.030303323326864917,0.0578518499344729,-0.018405088130712722,-0.025875441608829836,-0.02290098649471201,0.021222342962622723,0.02569438608252884,0.021421978401913948,0.022650192642763516,2.083277765429355,0.35221623698655585,0.015873176670749698,0.04687546743611172,0.3333333333333333,0
1996-09-04,NEOG,0.7335169911384583,0.7335169911384583,0.7112889885902405,0.7112889885902405,22494,0.0,-0.030303323326864917,-0.015384766439291542,0.0,-0.012345800603190408,-0.024390481189005487,-0.02290098649471201,0.019920373138183383,0.02569438608252884,0.02098793747290621,0.018619608607563044,-0.4594737474468341,0.2507791556967974,-0.03030332332686487,0.03125031162407448,0.0,1
1996-09-05,NEOG,0.7335169911384583,0.7557439804077148,0.7112889885902405,0.7446309924125671,329543,0.04687546743611182,0.015151661663432403,0.0,0.015151661663432403,0.030769532878583018,0.021341671040379914,0.022120734057158434,0.06501401656409976,0.035174885334588735,0.02411217432341558,0.020249097434016518,13.6502622921668,3.3352292911310673,0.015151661663432434,0.05970070044149307,0.7500170950255487,0
1996-09-06,NEOG,0.7446309924125671,0.7501879930496216,0.7335169911384583,0.7446309924125671,259810,0.0,0.04687546743611182,0.0,0.030769532878583084,0.021341671040379914,0.021341671040379914,0.020563794726709106,0.061638909755165186,0.03014459061811603,0.02411217432341558,0.01989550132817389,-0.21160516230051918,2.4574433168721868,0.0,0.02238827295805956,0.6666666666666666,0
1996-09-09,NEOG,0.7446309924125671,0.7557439804077148,0.7335169911384583,0.7390739917755127,129343,-0.007462757652686558,0.0075758308317162015,0.0075758308317162015,0.0075758308317162015,0.012176678404155173,0.012947574457557563,0.01256197970387801,0.05022151462963033,0.028083346575267294,0.023701978158712403,0.019723768765270988,-0.5021631192024941,1.1825207843732415,-0.00746275765268652,0.030074105592404404,0.25001139694347385,0
1996-09-10,NEOG,0.7335169911384583,0.7446309924125671,0.7224029898643494,0.7224029898643494,109098,-0.02255660745294774,0.015625155812037272,-0.015151661663432403,0.0,-0.013657188406890747,-0.008390623263060054,-0.010277983394081954,0.024267440153143707,0.02600469718035598,0.024853664927769508,0.02010015011957602,-0.15652180635983393,1.0589530247203576,-0.015151661663432434,0.030769532878583018,0.0,1
1996-09-11,NEOG,0.7446309924125671,0.7446309924125671,0.7112889885902405,0.7446309924125671,17996,0.030769532878583084,0.04687546743611182,0.015151661663432403,0.030769532878583084,0.007518869150982563,0.020563794726709106,0.01862427800850455,0.05180582644541559,0.028525982308572922,0.026850108515178203,0.02123057307996779,-0.8350473885864086,0.19173655508137563,0.0,0.04477654591611912,1.0,0
1996-09-12,NEOG,0.7446309924125671,0.7446309924125671,0.7224029898643494,0.7335169911384583,155211,-0.014925515305373005,-0.014925515305373005,0.0,0.0,-0.004524930434531324,0.005331354188406019,0.0034207857566640513,0.0325410007455919,0.020578145912188713,0.027372704562917075,0.021286223941492127,7.6247499444320965,1.6046469432453236,-0.01492551530537304,0.03030332332686487,0.5,0
1996-09-13,NEOG,0.7335169911384583,0.7668579816818237,0.7224029898643494,0.7224029898643494,344164,-0.015151661663432403,-0.02985103061074612,0.015625155812037272,0.0,-0.013657188406890747,-0.01140695482761384,-0.011782706495176445,0.013408331853303156,0.02116356899104375,0.025866271426910892,0.021286223941492127,1.2173943857071987,3.1759173473794555,-0.015151661663432434,0.06153766310660202,0.0,1
1996-09-16,NEOG,0.7557439804077148,0.833541989326477,0.7446309924125671,0.7835289835929871,1644339,0.08461481276553928,0.060149582196334705,0.06818109608736878,0.08461481276553928,0.056970981417947396,0.0649540784232481,0.06737254642607367,0.0928534190955587,0.045497385925593326,0.03609013944547014,0.028446184033300365,3.7777774549342755,8.75448415094219,0.036765100226511284,0.11347505807149022,0.4374935894384784,0
1996-09-17,NEOG,0.8224279880523682,0.8224279880523682,0.7779719829559326,0.7779719829559326,579230,-0.0070922719560060354,0.07692242954589346,0.09374951030502587,0.060605265255652574,0.03397294265336002,0.047903570485330796,0.05660308808878507,0.08342315386812212,0.04296964294401062,0.0341028316282715,0.028435204083927218,-0.6477429532474751,2.7473963459434128,-0.054054586835880894,0.05714345255406673,0.0,0
1996-09-18,NEOG,0.7668579816818237,0.7668579816818237,0.7335169911384583,0.7335169911384583,64109,-0.05714215009204571,-0.014925515305373005,0.031250311624074545,0.01538476643929143,-0.02222190405714914,-0.014925247211368769,-0.004524793542022463,0.022780414277906297,0.05222243412452276,0.040127910999209836,0.031278876784288104,-0.8893203045422371,0.30270836372976895,-0.04347739912707716,0.04545360359222007,0.0,1
1996-09-19,NEOG,0.7224029898643494,0.7446309924125671,0.7112889885902405,0.7446309924125671,188953,0.015151661663432403,0.015151661663432403,0.0,0.0,-0.010339298479177243,2.721560739178241e-07,0.010558309980564362,0.03859910744940925,0.052084704604984405,0.03751224404035268,0.030691796222434915,1.94737088396325,0.8747726877108774,0.030769532878583018,0.04477654591611912,1.0,0
1996-09-20,NEOG,0.7446309924125671,0.7446309924125671,0.6779469847679138,0.7224029898643494,124844,-0.02985103061074612,0.0,-0.02985103061074612,-0.02985103061074612,-0.03988169037452776,-0.02694609961164903,-0.018126927745123134,0.006971465863164896,0.05382702447656605,0.03873490686558482,0.03143124115194357,-0.33928543076849793,0.5643116840733283,-0.02985103061074608,0.09230859863574906,0.6666666666666666,0
1996-09-23,NEOG,0.7224029898643494,0.7224029898643494,0.6890609860420227,0.7224029898643494,42739,0.0,-0.0780136982914601,-0.02255660745294774,-0.015151661663432403,-0.024023987025286107,-0.024756159287424355,-0.017384763965412112,0.006659562045421854,0.02824036935906972,0.03869764264530282,0.03126124865063768,-0.6576607606292653,0.1968386258555473,0.0,0.04615429931787453,1.0,0
1996-09-24,NEOG,0.7112889885902405,0.7224029898643494,0.7001749873161316,0.7224029898643494,102349,0.0,-0.07142801323056247,0.0,-0.015151661663432403,-0.00914643044587702,-0.024756159287424355,-0.016641477385326228,0.0051029367892109325,0.02895531654658719,0.03799253592663387,0.03126124865063768,1.3947448466272023,0.46570928763528624,0.01562515581203724,0.030769532878583018,1.0,1
1996-09-25,NEOG,0.7335169911384583,0.7335169911384583,0.6890609860420227,0.7335169911384583,40490,0.01538476643929143,0.0,-0.014925515305373005,0.0,0.006097620297251448,-0.00826427033313125,-0.0015127361888127137,0.018675962864004452,0.018420463920149035,0.036933519015210685,0.03145784998388422,-0.6043928128267009,0.18735412845395133,0.0,0.06060664665372974,1.0,0
1996-09-26,NEOG,0.7335169911384583,0.7335169911384583,0.7001749873161316,0.7335169911384583,38240,0.0,-0.014925515305373005,0.0,0.0,0.00917440145413796,-0.00826427033313125,-0.0015127361888127137,0.017733462282468235,0.01647665399208577,0.036603908804553144,0.03145784998388422,-0.05556927636453446,0.17652959617469968,0.0,0.045454984990297306,1.0,0
1996-09-27,NEOG,0.7335169911384583,0.7335169911384583,0.7001749873161316,0.7112889885902405,67483,-0.030303323326864917,-0.015384766439291542,-0.015384766439291542,0.0,-0.018405088130712722,-0.03686991675529463,-0.03177021858183974,-0.013107243885647034,0.0166618559524636,0.037627263010886,0.03145784998388422,0.7647228033472804,0.3127436684156145,-0.03030332332686487,0.04687546743611172,0.3333333333333333,0
1996-09-30,NEOG,0.7112889885902405,0.7335169911384583,0.7001749873161316,0.7112889885902405,174331,0.0,-0.015384766439291542,-0.09219824220347217,-0.030303323326864917,-0.015384766439291509,-0.027355753658084337,-0.03030318937313396,-0.012802785293359523,0.0166618559524636,0.022877302291079142,0.03061290609566441,1.5833320984544255,0.7788925920291414,0.0,0.04687546743611172,0.3333333333333333,0
1996-10-01,NEOG,0.7112889885902405,0.7112889885902405,0.6890609860420227,0.7099000215530396,31492,-0.0019527464356700053,-0.017307470327133645,-0.08749924533818199,-0.0019527464356700053,-0.013894070504302134,-0.02013407281068197,-0.032105122432264196,-0.014996430179102061,0.016597194691582558,0.02299198259626108,0.029835985116531835,-0.8193551347723583,0.1410218576714556,-0.001952746435670023,0.03131145495613572,0.9375127371796934,0
1996-10-02,NEOG,0.7112889885902405,0.7224029898643494,0.6890609860420227,0.7001749873161316,38240,-0.013699160362937612,-0.04545498499029732,-0.04545498499029732,-0.015625155812037272,-0.018309570498638177,-0.029089131774372362,-0.04464063685121019,-0.02849015204014456,0.013109109263858007,0.01585413987770305,0.03000046312162412,0.21427664168677762,0.1706379557001734,-0.01562515581203724,0.0476195300122491,0.3333333333333333,0
1996-10-03,NEOG,0.7112889885902405,0.7112889885902405,0.6890609860420227,0.7001749873161316,95601,0.0,-0.04545498499029732,-0.05970206122149213,-0.05970206122149213,-0.009044605915153983,-0.02306675262446827,-0.04173429594045547,-0.02968720345210829,0.013109109263858007,0.014424019271694545,0.027870888263072515,1.500026150627615,0.4500923009127456,-0.01562515581203724,0.031746353341499396,0.5,0
1996-10-04,NEOG,0.6779469847679138,0.7001749873161316,0.6779469847679138,0.6890609860420227,62984,-0.015873176670749722,-0.031250311624074434,-0.046154299317874514,-0.07462757652686525,-0.018599396442268636,-0.03408022139212778,-0.05334519125679685,-0.045383209031411555,0.007820993756589144,0.012394977571563413,0.02801526177951903,-0.34117843955607163,0.31093720533684044,0.01639361413770963,0.03225839656935996,0.5,1
1996-10-07,NEOG,0.6890609860420227,0.7112889885902405,0.6890609860420227,0.7112889885902405,48363,0.032258396569359915,0.0,-0.015384766439291542,-0.03759434575491283,0.013059013420705876,-0.0013653741422143268,-0.02093899124690205,-0.015195331532395077,0.019260935533599966,0.017058404344588374,0.029106582673072156,-0.2321383208433888,0.24362660745302067,0.03225839656935996,0.03125031162407448,1.0,0
1996-10-08,NEOG,0.7112889885902405,0.7112889885902405,0.6890609860420227,0.6890609860420227,17996,-0.031250311624074434,-0.029354887841005484,-0.046154299317874514,-0.046154299317874514,-0.012738982962032129,-0.028023050916760127,-0.04935350709841235,-0.04597078431085109,0.02394591592852679,0.01946269237463711,0.029499572613194445,-0.6278973595517234,0.09278311714358337,-0.03125031162407448,0.03225839656935996,0.0,1
1996-10-09,NEOG,0.7112889885902405,0.7112889885902405,0.6890609860420227,0.7112889885902405,21370,0.032258396569359915,0.01587317667074961,-0.030303323326864917,-0.044776545916119126,0.015873176670749698,0.00648714882854589,-0.016424977701636315,-0.015498316383139707,0.02850106402398125,0.021954349791833944,0.029588240808396594,0.18748610802400534,0.11008291504916384,0.0,0.03125031162407448,1.0,0
1996-10-10,NEOG,0.7112889885902405,0.7112889885902405,0.6779469847679138,0.7001749873161316,197951,-0.015625155812037272,0.0,-0.04545498499029732,-0.04545498499029732,0.0,-0.004542847088400764,-0.029556349302107158,-0.03177496048092852,0.029804648281037984,0.02228206880284361,0.029604886793895478,8.263032288254562,1.008598648550876,-0.01562515581203724,0.0476195300122491,0.6666666666666666,0
1996-10-11,NEOG,0.6779469847679138,0.7001749873161316,0.6779469847679138,0.6779469847679138,26993,-0.031746353341499445,-0.016129198284679958,-0.046875467436111706,-0.061539065757166056,-0.02866271166457233,-0.03155423861814533,-0.05746061656965277,-0.0628006474210437,0.032672528057792756,0.022472190138591246,0.03022156187506659,-0.8636379710130284,0.14962458049215416,0.0,0.03278722827541926,0.0,0
1996-10-14,NEOG,0.7001749873161316,0.7001749873161316,0.6779469847679138,0.6779469847679138,47238,0.0,-0.046875467436111706,-0.046875467436111706,-0.13475187393950827,-0.019292802454365283,-0.02691955587499365,-0.05049174596478967,-0.06251257469958818,0.026642302591925394,0.022472190138591246,0.022209056727356152,0.7500092616604306,0.46979705578728154,-0.031746353341499396,0.03278722827541926,0.0,1
1996-10-15,NEOG,0.6779469847679138,0.6890609860420227,0.6779469847679138,0.6890609860420227,22494,0.016393614137709678,0.0,-0.029354887841005484,-0.11428560264611254,-0.0032154670757275736,-0.008000081690400932,-0.02887940742459638,-0.04758289303439586,0.025303177871120935,0.023437154103235523,0.022815114621638096,-0.5238155722088149,0.30935321056757387,0.01639361413770963,0.01612919828467998,1.0,0
1996-10-16,NEOG,0.6779469847679138,0.6890609860420227,0.6668329834938049,0.6890609860420227,175456,0.0,-0.031250311624074434,-0.015873176670749722,-0.06060664665372972,0.0032362793752857485,-0.006410321972208697,-0.025827637812237535,-0.04699730244392431,0.01822636163094303,0.02312291055495194,0.01936410464267823,6.800124477638481,2.24137986097405,0.01639361413770963,0.03225839656935996,1.0,0
1996-10-17,NEOG,0.6668329834938049,0.7001749873161316,0.6446059942245483,0.6668329834938049,222694,-0.032258396569359915,-0.047619530012249056,-0.047619530012249056,-0.10447860713761126,-0.01960804761194278,-0.03381677265467837,-0.05203964718670419,-0.07603535132895352,0.02158600029118272,0.025079697959581596,0.019926204486309402,0.26922989239467454,2.784809809997574,0.0,0.0833327001919357,0.39998905923352424,0
1996-10-18,NEOG,0.6446059942245483,0.6779469847679138,0.6223779916763306,0.655718982219696,228318,-0.01666684394625806,-0.032787228275419245,-0.048387594854039984,-0.09230859863574903,-0.029605573918907703,-0.045307911253999994,-0.06339980799214996,-0.08975283564555336,0.0185437123972847,0.025120614356320126,0.01927928868864259,0.025254384940770702,2.681642590946088,0.01723996998897981,0.08474513411747638,0.5999927061556828,1
1996-10-21,NEOG,0.6223779916763306,0.7112889885902405,0.6223779916763306,0.6890609860420227,114721,0.050848007647208204,0.016393614137709678,-0.031250311624074434,-0.046154299317874514,0.01639361413770963,0.006493573769433411,-0.01342631248590005,-0.042286526086888085,0.03203732330416069,0.02860294703394777,0.022932012919289122,-0.49753852083497574,1.292773737269017,0.10714227568697644,0.12903211575598858,0.749997150861546,0
1996-10-22,NEOG,0.6446059942245483,0.6668329834938049,0.6001499891281128,0.6446059942245483,5513371,-0.06451532261726867,-0.06451532261726867,-0.06451532261726867,-0.10769196242447654,-0.03654401526435421,-0.0522867784060495,-0.07190655277143189,-0.10213201485334024,0.042668984549700584,0.03374997770052596,0.026826263313133137,47.05895171764542,15.345128033993587,0.0,0.10344767961072222,0.6666767969752091,1
1996-10-23,NEOG,0.6446059942245483,0.655718982219696,0.6223779916763306,0.655718982219696,890777,0.01723996998897981,-0.048387594854039984,-0.07812577906018625,-0.10606163164402704,-0.010067524761676803,-0.02800703024505087,-0.05058896225446242,-0.08495293729789467,0.04458693680168482,0.03214799793192477,0.02690478039676209,-0.8384333287203056,2.216934978390672,0.01723996998897981,0.050846462352670936,1.0,0
1996-10-24,NEOG,0.6334919929504395,0.655718982219696,0.6223779916763306,0.6223779916763306,226068,-0.050846462352670985,-0.06666585624567767,-0.11111078951564346,-0.1515152352362471,-0.04761860460483723,-0.06666613989318396,-0.09155391581185887,-0.1287774331330504,0.04767186891398835,0.03492995417015548,0.028723940845871425,-0.7462125762115546,0.5497802087831126,-0.017544028018959316,0.05357032380525524,0.0,1
1996-10-25,NEOG,0.6223779916763306,0.6668329834938049,0.6223779916763306,0.655718982219696,259810,0.05357032380525517,0.0,-0.032787228275419245,-0.07812577906018625,0.0034007751325824576,-0.01337837004022847,-0.03899069318229727,-0.08038891435474166,0.055884202601826784,0.03946646388936399,0.03127317516875776,0.14925597607799412,0.6173995409841987,0.05357032380525524,0.06779579823507366,0.7499943016581504,0
1996-10-28,NEOG,0.655718982219696,0.655718982219696,0.6334919929504395,0.6334919929504395,152962,-0.03389712647026821,-0.08064452090194862,-0.06557296192222606,-0.10937466611706304,-0.01384033922557989,-0.040403381487605784,-0.06624290060724954,-0.1093399068267193,0.049580146744542045,0.04065391964747435,0.031978759556618094,-0.41125437819945343,0.36441653437402877,-0.03389712647026821,0.0350864565244718,0.0,0
1996-10-29,NEOG,0.6446059942245483,0.6446059942245483,0.6112639904022217,0.6334919929504395,285679,0.0,-0.017241541924348458,-0.08064452090194862,-0.10763209787688577,-0.010416139049102583,-0.03225746532237521,-0.06095493991506269,-0.10682776226565918,0.04142024484618739,0.039974836620199294,0.031992457185005395,0.867646866542017,0.6605992818200674,-0.017241541924348482,0.05263208405687794,0.6666666666666666,0
1996-10-30,NEOG,0.6334919929504395,0.6334919929504395,0.6001499891281128,0.6001499891281128,419520,-0.052632084056877915,-0.08474513411747642,-0.1290321157559886,-0.1428571428571429,-0.045936532366195715,-0.07056792140870194,-0.10373436448629514,-0.15091018069592457,0.04463638223129016,0.04225513474504668,0.033677533148557544,0.46850135991794994,0.9291317760542597,-0.05263208405687794,0.055556118347623945,0.0,1
1996-10-31,NEOG,0.6223779916763306,0.6446059942245483,0.6001499891281128,0.6223779916763306,353162,0.03703741223174939,0.0,-0.06666585624567767,-0.11111078951564346,-0.010600490420190298,-0.029462404205634066,-0.06510811270797028,-0.11640550689812668,0.04515909121779691,0.0443602214985405,0.035079767240455674,-0.1581760106788711,0.760475399946619,0.0,0.07142926917562827,0.5,0
1996-11-01,NEOG,0.6112639904022217,0.655718982219696,0.6112639904022217,0.6223779916763306,455511,0.0,-0.050846462352670985,-0.050846462352670985,-0.09677371918662858,0.0,-0.024390011458390815,-0.06040230469620726,-0.11332762838831711,0.034644746139327505,0.04422724618811204,0.035007099499006954,0.28980751043430497,0.9410942916520237,0.018181999019434618,0.0714276410991623,0.25000569834184955,0
1996-11-04,NEOG,0.6112639904022217,0.6446059942245483,0.6112639904022217,0.6223779916763306,156336,0.0,-0.017544028018959268,-0.09677371918662858,-0.12499982192910031,0.00358426452857185,-0.014084326180720384,-0.05405367944171661,-0.11051089292507082,0.03198932407510428,0.039890256502468135,0.033951998246403894,-0.6567898470069877,0.3194302823119588,0.018181999019434618,0.0535719518817212,0.3333333333333333,0
1996-11-05,NEOG,0.6334919929504395,0.6334919929504395,0.6112639904022217,0.6223779916763306,165334,0.0,-0.017544028018959268,-0.034483083848696916,-0.09677371918662858,0.007194315386591218,-0.010600490420190298,-0.04923564105112323,-0.10767620430670412,0.03198932407510428,0.034890447863254764,0.033449215655606934,0.05755552144099885,0.3328057779144334,-0.017544028018959316,0.03571463458781413,0.5,0
1996-11-06,NEOG,0.6223779916763306,0.6223779916763306,0.577921986579895,0.6001499891281128,320545,-0.0357146345878141,0.0,-0.08474513411747642,-0.15625013355317474,-0.02877726154636451,-0.0374333636587728,-0.07534244971400891,-0.13624199333450684,0.025724283665569003,0.03549845278487174,0.03296297580259804,0.9387724243047406,0.6263739699499948,-0.03571463458781413,0.0740748244634986,0.5,0
1996-11-07,NEOG,0.6001499891281128,0.6001499891281128,0.577921986579895,0.5890359878540039,197951,-0.018518706115874695,-0.05357195188172115,-0.05357195188172115,-0.15873031952789252,-0.036363998038869236,-0.050179548207709375,-0.08462882105898803,-0.1486972353768743,0.01604857120720428,0.03253652307411297,0.033004802438758356,-0.3824548815298944,0.3868141874793599,-0.01851870611587465,0.03773623854325029,0.5,1
1996-11-08,NEOG,0.577921986579895,0.6001499891281128,0.577921986579895,0.6001499891281128,192327,0.018868119271625128,-0.0357146345878141,-0.08474513411747642,-0.11475380433535487,-0.010989121087193418,-0.023508369977302223,-0.06168548261914218,-0.12983939092229768,0.020762609105118464,0.026967745147426732,0.033035527819508435,-0.028411071426767243,0.3698498712630071,0.038461943072561844,0.0370374122317493,1.0,0
1996-11-11,NEOG,0.6001499891281128,0.6001499891281128,0.577921986579895,0.577921986579895,47238,-0.03703741223174928,-0.07142926917562831,-0.08772014009479656,-0.14754103261077423,-0.033457589261148904,-0.05109540055898913,-0.08931733448760033,-0.15827003599250994,0.023967817784108166,0.027312608055791228,0.03373839042228559,-0.7543870595392222,0.09083991440994728,-0.0370374122317493,0.038461943072561844,0.0,1
1996-11-12,NEOG,0.6001499891281128,0.6112639904022217,0.577921986579895,0.6001499891281128,101225,0.0384619430725619,-0.0357146345878141,-0.052632084056877915,-0.1290321157559886,0.01123607015821916,-0.009174404012093197,-0.047619047619047686,-0.12305642480611002,0.0338938799747642,0.031130737683660006,0.034898663710092814,1.1428722638553706,0.1931958234584295,0.0,0.055556118347623945,0.6666666666666666,0
1996-11-13,NEOG,0.5890359878540039,0.6223779916763306,0.5890359878540039,0.6001499891281128,237316,0.0,0.0,0.0,-0.1290321157559886,0.01123607015821916,-0.009174404012093197,-0.04085258411759326,-0.12019888139873394,0.02978846251208433,0.026239040952303023,0.034898663710092814,1.3444406026179303,0.4502780369542727,0.018868119271625145,0.055556118347623945,0.3333333333333333,0
1996-11-14,NEOG,0.6112639904022217,0.6112639904022217,0.5890359878540039,0.5890359878540039,130467,-0.018518706115874695,0.0,-0.05357195188172115,-0.11666638808445173,-0.007490713438812899,-0.022140444860719536,-0.05272585468591323,-0.1325343262588238,0.02978846251208433,0.023317418716619992,0.03449372286368008,-0.450239343322827,0.24973015621748976,-0.036363998038869236,0.03773623854325029,0.0,1
1996-11-15,NEOG,0.6001499891281128,0.6001499891281128,0.5890359878540039,0.6001499891281128,165334,0.018868119271625128,0.0,-0.0357146345878141,-0.08474513411747642,0.01123607015821916,0.0,-0.030520708031887087,-0.11238964923412056,0.02978846251208433,0.02452138636559383,0.03480830292442048,0.2672476564955122,0.31838919340082,0.0,0.01851870611587465,1.0,1
1996-11-18,NEOG,0.6112639904022217,0.655718982219696,0.6001499891281128,0.6446059942245483,302549,0.07407482446349856,0.11538582921768548,0.0357146345878141,-0.06451532261726867,0.062271686160763194,0.07011140872561171,0.04504566070414601,-0.043968603758418066,0.03576552504519103,0.034717447993916656,0.037044551640245844,0.8299260890077056,0.572278838702331,0.054545997058303854,0.08620613768637374,0.8000145876886343,0
1996-11-19,NEOG,0.6446059942245483,0.6446059942245483,0.6112639904022217,0.6223779916763306,119220,-0.034483083848696916,0.03703741223174939,0.0,-0.034483083848696916,0.018181999019434618,0.033210667291079216,0.01083059820446707,-0.07418863973583877,0.04200015458056162,0.03681347131262508,0.03495582826690882,-0.6059481274107665,0.46036833714624537,-0.034483083848696965,0.0535719518817212,0.3333333333333333,1
1996-11-20,NEOG,0.6112639904022217,0.6334919929504395,0.6112639904022217,0.6334919929504395,178830,0.01785731729390716,0.05555611834762386,0.05555611834762386,-0.03389712647026821,0.025180103853069083,0.045872020060465986,0.030741799554142135,-0.054529962981652844,0.041910208247890844,0.03478369186874754,0.03497321478128123,0.5,0.8006027688687607,0.036363998038869236,0.03508805603791863,1.0,0
1996-11-21,NEOG,0.6446059942245483,0.6446059942245483,0.6223779916763306,0.6223779916763306,41615,-0.017544028018959268,0.05660435781487538,0.05660435781487538,0.0,-0.0035587535006949065,0.021898028810995392,0.012658436542451721,-0.06802554617347079,0.04173723967711266,0.03470877192637863,0.03323177242144473,-0.767292959794218,0.19432953741258033,-0.034483083848696965,0.03571463458781413,0.0,1
1996-11-22,NEOG,0.6223779916763306,0.6446059942245483,0.6223779916763306,0.6446059942245483,114721,0.0357146345878141,0.07407482446349856,0.07407482446349856,-0.01694779058786544,0.017544028018959316,0.050725140363945306,0.049774248469230044,-0.03248618104256526,0.04311237578608079,0.035791738373776985,0.03194652904708754,1.7567223356962636,0.5544967642553775,0.03571463458781413,0.034483083848696965,1.0,0
1996-11-25,NEOG,0.6446059942245483,0.6446059942245483,0.6112639904022217,0.6112639904022217,113597,-0.051724625773045485,-0.051724625773045485,0.05769291460884274,-0.03508805603791865,-0.024822935795205458,-0.009009097805980148,-0.002719881919356657,-0.07776140719796257,0.036273715094820726,0.038062626311567975,0.033156930680541895,-0.009797683074589614,0.5543376234635451,-0.05172462577304545,0.054545997058303854,0.0,0
1996-11-26,NEOG,0.6112639904022217,0.6334919929504395,0.6112639904022217,0.6112639904022217,215946,0.0,-0.01785731729390705,0.018518706115874695,-0.03508805603791865,-0.02135252100416926,-0.010791473079886647,-0.0009082742389056366,-0.07309874052245713,0.03364658766129193,0.03635317574792596,0.033156930680541895,0.9009833006153332,1.0720264181591086,0.0,0.036363998038869236,0.0,0
1996-11-27,NEOG,0.6446059942245483,0.6446059942245483,0.6112639904022217,0.6112639904022217,184454,0.0,-0.03508805603791865,0.018518706115874695,0.018518706115874695,-0.014337058114287222,-0.012567448379722432,-0.0018149000508488986,-0.06964936209237821,0.03175527717278562,0.03635317574792596,0.030875579890721844,-0.1458327544849175,0.9724283399909007,-0.05172462577304545,0.054545997058303854,0.0,0
1996-11-29,NEOG,0.6334919929504395,0.6334919929504395,0.6112639904022217,0.6112639904022217,80980,0.0,-0.01785731729390705,0.037736238543250256,-0.01785731729390705,-0.010791473079886647,-0.016100336446162208,-0.0009082742389056366,-0.06585700176408084,0.0312238213210384,0.035632302110150664,0.029712334377899087,-0.560974551920804,0.4599181711409015,-0.03508805603791863,0.036363998038869236,0.0,1
1996-12-02,NEOG,0.6112639904022217,0.6334919929504395,0.6001499891281128,0.6223779916763306,82104,0.018181999019434514,-0.034483083848696916,0.03703741223174939,0.0,0.014492897246841491,-0.0017825485758395786,0.017257210539207823,-0.04595571555248282,0.02636759582232511,0.0356017303015252,0.030004665429977692,0.013879970363052552,0.5216116825159645,0.018181999019434618,0.0535719518817212,0.6666666666666666,0
1996-12-03,NEOG,0.6334919929504395,0.6334919929504395,0.6001499891281128,0.6001499891281128,209198,-0.0357146345878141,-0.018181999019434625,-0.06896616769739394,-0.0357146345878141,-0.018181999019434618,-0.030520946065040144,-0.017288616148555945,-0.07656800156451533,0.019650964035443405,0.02771753319705116,0.03107493824702954,1.547963558413719,1.3070990465021177,-0.05263208405687794,0.055556118347623945,0.0,0
1996-12-04,NEOG,0.6001499891281128,0.6223779916763306,0.6001499891281128,0.6001499891281128,122594,0.0,-0.018181999019434625,-0.0357146345878141,-0.0357146345878141,-0.014598685873996868,-0.027027293417940447,-0.015496964034250597,-0.07308080429043055,0.019650964035443405,0.025977233751294914,0.03107493824702954,-0.4139810132028031,0.7763509151225172,0.0,0.0370374122317493,0.0,1
1996-12-05,NEOG,0.6223779916763306,0.6223779916763306,0.6001499891281128,0.6112639904022217,77606,0.018518706115874695,0.0,-0.03508805603791865,0.018518706115874695,0.0036496714684992626,-0.0054250084563004855,0.001821511774473125,-0.052336757313833616,0.02207299380048551,0.02603792216183536,0.03027540240597771,-0.36696738828980213,0.5324100118273698,-0.017857317293907066,0.036363998038869236,0.5,1
1996-12-06,NEOG,0.577921986579895,0.6223779916763306,0.577921986579895,0.6223779916763306,160835,0.018181999019434514,0.018181999019434514,0.0,0.05660435781487538,0.018181999019434618,0.012658353064701254,0.017257210539207823,-0.03176977441637868,0.02348491429858857,0.02630931914704345,0.03011957490300314,1.0724557379584052,1.1176253128739375,0.07692388614512369,0.07142926917562827,1.0,0
1996-12-09,NEOG,0.6223779916763306,0.6223779916763306,0.6001499891281128,0.6001499891281128,145089,-0.0357146345878141,-0.0357146345878141,-0.06896616769739394,0.0,-0.010989121087193418,-0.01639360597025885,-0.019073759017019094,-0.0631100281931988,0.0273101774983732,0.025308154729900483,0.03108127950029665,-0.09790157614946993,1.0250314562272733,-0.03571463458781413,0.0370374122317493,0.0,0
1996-12-10,NEOG,0.5890359878540039,0.6112639904022217,0.5890359878540039,0.5890359878540039,241815,-0.018518706115874695,-0.018518706115874695,-0.03636399803886925,0.01923097153628084,-0.025735552905827557,-0.031078921408611827,-0.038112901067828324,-0.07693671691533759,0.02361422506933813,0.020480798738196134,0.03016795501198544,0.6666666666666667,1.5985152842757961,0.0,0.03773623854325029,0.0,1
1996-12-11,NEOG,0.5890359878540039,0.6112639904022217,0.5556939840316772,0.6112639904022217,202449,0.037736238543250256,0.018518706115874695,0.0,0.018518706115874695,0.007326080724795734,0.005484515542696162,-0.002719881919356657,-0.03913335733613239,0.030142958337130717,0.024316057038929705,0.030121409516099377,-0.16279387134793122,1.2949612677058602,0.03773623854325029,0.0909099950971731,1.0,0
1996-12-12,NEOG,0.6112639904022217,0.6223779916763306,0.577921986579895,0.5890359878540039,177706,-0.03636399803886925,-0.03636399803886925,-0.03636399803886925,-0.018518706115874695,-0.022140444860719536,-0.027523212036279592,-0.038112901067828324,-0.0708277231871258,0.03337251387491364,0.026938133644054455,0.031282066053167704,-0.12221843526023835,1.1587850317677004,-0.036363998038869236,0.07547247708650058,0.25,0
1996-12-13,NEOG,0.6223779916763306,0.6223779916763306,0.5890359878540039,0.5890359878540039,75356,0.0,-0.05357195188172115,-0.03636399803886925,0.0,-0.011194144095413402,-0.023941309329188063,-0.038112901067828324,-0.06755828910867409,0.030846322592227367,0.026938133644054455,0.03099252322388086,-0.5759512903334721,0.5003721782019775,-0.0535719518817212,0.05660435781487544,0.0,1
1996-12-16,NEOG,0.6223779916763306,0.6223779916763306,0.6001499891281128,0.6223779916763306,195701,0.05660435781487538,0.03703741223174939,0.0,0.03703741223174939,0.0370374122317493,0.0313078660458614,0.014492897246841491,-0.0126936449245263,0.03867161362413613,0.032516185730508324,0.03323980839831996,1.597019480864165,1.286505728273892,0.0,0.03571463458781413,1.0,1
1996-12-17,NEOG,0.6334919929504395,0.6779469847679138,0.6223779916763306,0.6779469847679138,617471,0.08928495839306927,0.15094323394031228,0.12962925443491735,0.051723053837676725,0.09712197773940832,0.10909052028996923,0.10207713986618096,0.07659682755913595,0.04895157799954738,0.04018190172761506,0.0350899416107266,2.155175497314781,3.678392702202701,0.07017451256239043,0.08196657605993567,1.0,0
1996-12-18,NEOG,0.6890609860420227,0.7224029898643494,0.6668329834938049,0.6668329834938049,651212,-0.016393614137709678,0.09090833741902249,0.11111054831904266,0.07142764109916233,0.060070324169847554,0.07913618337434762,0.08010733568102536,0.05969563057985338,0.052517247637315405,0.04109404895983922,0.034294312517719396,0.05464386181699221,3.348754357812849,-0.03225839656935996,0.08333421973129003,0.0,0
1996-12-19,NEOG,0.6779469847679138,0.6779469847679138,0.6446059942245483,0.6446059942245483,352037,-0.03333216835316166,0.09434059635812564,0.05454599705830376,0.01754402801895938,0.0069451479345299,0.037567790160036876,0.04316606337680817,0.02654932717341507,0.05173527835799114,0.043298748181953485,0.035106670068058204,-0.4594126029618619,1.7331112033370701,-0.0491793477845164,0.05172305383767677,0.0,0
1996-12-20,NEOG,0.6223779916763306,0.6668329834938049,0.6223779916763306,0.6223779916763306,259810,-0.034483083848696916,0.05660435781487538,0.0,0.0,-0.03780043965434653,0.001789253053241103,0.0071944805452705644,-0.006387217253295025,0.05697330217529403,0.04484762818214476,0.03578665786922744,-0.26198098495328614,1.2138722787332203,0.0,0.0714276410991623,0.0,1
1996-12-23,NEOG,0.655718982219696,0.6668329834938049,0.6223779916763306,0.6334919929504395,331792,0.01785731729390716,0.01785731729390716,0.05555611834762386,-0.017241541924348458,-0.0239722177938066,0.014235343078037827,0.026103035719616342,0.012793629460534717,0.05185163070401979,0.04315816786504639,0.03508021311297851,0.2770563103806627,1.475368139461669,-0.03389712647026821,0.07017451256239043,0.25000569834184955,1
1996-12-24,NEOG,0.6334919929504395,0.655718982219696,0.6334919929504395,0.6446059942245483,307048,0.01754402801895938,-0.04917934778451638,0.09434059635812564,0.05454599705830376,0.003460556927366825,0.022928239766408225,0.0412932151198282,0.03166193970879454,0.026072538146711437,0.042358844361496235,0.03309872280735175,-0.07457684332352799,1.3090373620583036,0.017544028018959316,0.034481511913328294,0.5000227938869477,1
1996-12-26,NEOG,0.655718982219696,0.655718982219696,0.6223779916763306,0.655718982219696,308173,0.01723996998897981,-0.01666684394625806,0.07272633839958775,0.07272633839958775,0.02430452780083407,0.03327417324059215,0.05545534165209869,0.05056897670945038,0.028186699487156054,0.04134303178592624,0.033236043588719524,0.0036639222531982263,1.2885021835795654,0.0,0.050846462352670936,1.0,0
1996-12-27,NEOG,0.655718982219696,0.655718982219696,0.6223779916763306,0.655718982219696,163084,0.0,0.01723996998897981,0.11320699539706203,0.07272633839958775,0.020760508838369662,0.02252960906624404,0.05169262536178297,0.05169259117809561,0.02262206921957704,0.03853089797428835,0.033236043588719524,-0.4708037368620872,0.6849304712666368,0.0,0.050846462352670936,1.0,0
1996-12-30,NEOG,0.655718982219696,0.655718982219696,0.6223779916763306,0.6446059942245483,281180,-0.01694779058786544,0.0357146345878141,0.09434059635812564,0.05454599705830376,-0.0034358339560461052,-0.0034358339560461052,0.031111747921540766,0.034606386423743335,0.01546217424713397,0.039451342746790005,0.033558724170862704,0.724142159868534,1.1332739517880965,-0.016947790587865493,0.05172305383767677,0.6666869275916255,0
1996-12-31,NEOG,0.6446059942245483,0.6446059942245483,0.6223779916763306,0.6390489935874939,372282,-0.008620770962174285,0.008772014009479578,0.02678597594086063,0.02678597594086063,-0.013721638730311252,-0.014566787165700784,0.020861607218201555,0.0262364349625241,0.015407546270590291,0.03609055683355618,0.03346330837494794,0.32399886193897154,1.4175588555257577,-0.008620770962174241,0.03478293960441779,0.75,1
1997-01-02,NEOG,0.6446059942245483,0.655718982219696,0.6223779916763306,0.655718982219696,61860,0.026085619098811463,0.01723996998897981,-0.032787228275419245,0.09259184220316796,0.008546473061927405,0.014616574821862151,0.042862678665828303,0.05413528492266118,0.017861683720931734,0.022206985576595565,0.03265619947760907,-0.8338356407239673,0.24234588940471294,0.01723996998897981,0.050846462352670936,1.0,0
1997-01-03,NEOG,0.655718982219696,0.655718982219696,0.6223779916763306,0.6446059942245483,336291,-0.01694779058786544,-0.01694779058786544,-0.03333216835316166,0.07407482446349856,-0.005145223562014318,0.0008632933093296346,0.02157701607906639,0.03627002086251199,0.017855241735485628,0.022244491690955482,0.03300894956823695,4.436323957322988,1.2645378268807779,-0.016947790587865493,0.05172305383767677,0.6666869275916255,1
1997-01-06,NEOG,0.655718982219696,0.6779469847679138,0.6446059942245483,0.6779469847679138,244064,0.051723053837676725,0.033898671764805544,0.051723053837676725,0.109090336438457,0.03918174036779159,0.04720983423102652,0.0687687372649531,0.08909072424403942,0.030640647611449422,0.025455379062777127,0.03457109259254739,-0.27424760103600754,0.8898911718780622,0.033898671764805446,0.0491793477845164,1.0,1
1997-01-07,NEOG,0.6890609860420227,0.7224029898643494,0.6779469847679138,0.7224029898643494,410522,0.06557445655083849,0.12068922153507078,0.1607142275686977,0.1607142275686977,0.08153099153383458,0.09890131909746383,0.12994378040906618,0.15678966847449335,0.036198183615147865,0.027632380144290238,0.03700673145830208,0.6820260259604038,1.4316517935142152,0.048387594854039935,0.061539065757166035,1.0,0
1997-01-08,NEOG,0.7224029898643494,0.7224029898643494,0.6890609860420227,0.7001749873161316,164209,-0.030769532878582972,0.09565149830764708,0.10526256860030903,0.16666666666666674,0.029411764705882287,0.05439324287119373,0.08667521986869657,0.11960175202170598,0.04200995609689693,0.03119166949529209,0.036713828635415786,-0.5999995128153912,0.5707585354485232,-0.030769532878583018,0.0476195300122491,0.3333333333333333,0
1997-01-09,NEOG,0.7224029898643494,0.7224029898643494,0.6890609860420227,0.6890609860420227,139465,-0.015873176670749722,0.050848007647208204,0.0689645957620253,0.16981135321193763,0.0032359833643952098,0.0307562998506523,0.06118931687543845,0.09987549251776687,0.04439691587600212,0.03212777210573101,0.03661651333281789,-0.1506860159918153,0.4935318714046293,-0.04615429931787453,0.048387594854039935,0.0,0
1997-01-10,NEOG,0.7001749873161316,0.7112889885902405,0.6779469847679138,0.6890609860420227,182204,0.0,0.0689645957620253,0.050848007647208204,0.12727233545789174,-0.009584762252280792,0.0256408322786096,0.05487004561571952,0.09792779206318095,0.04235441348046033,0.031988214871369325,0.035997510100574635,0.3064496468648048,0.6470924893992986,-0.015873176670749698,0.048387594854039935,0.3333333333333333,0
1997-01-13,NEOG,0.7112889885902405,0.7112889885902405,0.6779469847679138,0.6890609860420227,346413,0.0,0.016393614137709678,0.050848007647208204,0.16981135321193763,-0.012738982962032129,0.020575888351102026,0.046854992881256594,0.09482575773758627,0.03683425387536411,0.031988214871369325,0.034604130089459846,0.9012370749270049,1.194491751454353,-0.03125031162407448,0.048387594854039935,0.3333333333333333,1
1997-01-14,NEOG,0.6779469847679138,0.7112889885902405,0.6779469847679138,0.7112889885902405,277806,0.032258396569359915,-0.015384766439291542,0.10344767961072221,0.2075475917551879,0.02236444525532206,0.04319492331022487,0.07068182455711204,0.1269590233832507,0.023441119578808716,0.03194932228137652,0.034940809103603525,-0.1980497267712239,0.9256151976202407,0.04918084241312889,0.04687546743611172,1.0,0
1997-01-15,NEOG,0.7112889885902405,0.7112889885902405,0.6779469847679138,0.6890609860420227,80980,-0.031250311624074434,-0.015873176670749722,0.078260028505438,0.10714227568697643,-0.006410321972208697,0.003236131369818563,0.032043071450667815,0.0894391772808343,0.023584686096318253,0.03416626545091492,0.034295241423898226,-0.7085016162357904,0.27507246637724836,-0.03125031162407448,0.048387594854039935,0.3333333333333333,0
1997-01-16,NEOG,0.7112889885902405,0.7112889885902405,0.6779469847679138,0.6779469847679138,113597,-0.016129198284679958,-0.016129198284679958,0.033898671764805544,0.0,-0.019292802454365283,-0.016129342964970556,0.015397044112909845,0.06998727290396159,0.023619946810957738,0.03430206207976237,0.02834978546777663,0.4027784638182268,0.42197766765372174,-0.04687546743611172,0.04918084241312889,0.0,0
1997-01-17,NEOG,0.6779469847679138,0.7001749873161316,0.6668329834938049,0.6668329834938049,64109,-0.016393614137709678,-0.032258396569359915,0.03448151191332838,0.0,-0.029126514377571414,-0.03537013783300299,-0.0012489832248481214,0.05097154417673132,0.024225256128879945,0.03426514061902122,0.02834978546777663,-0.43564530753453,0.267292011592424,-0.01639361413770963,0.050000531838774016,0.0,0
1997-01-20,NEOG,0.6890609860420227,0.6890609860420227,0.6668329834938049,0.6668329834938049,77606,0.0,-0.032258396569359915,-0.016393614137709678,0.03448151191332838,-0.022801539933825263,-0.03381677265467837,-0.002908668519696392,0.048767105457362764,0.024225256128879945,0.029868202808320043,0.027221116157440196,0.21053206258091683,0.3431999372028051,-0.03225839656935996,0.033333687892516006,0.0,0
1997-01-21,NEOG,0.6668329834938049,0.6890609860420227,0.655718982219696,0.655718982219696,166458,-0.01666684394625806,-0.07812577906018625,-0.09230859863574903,0.05357032380525517,-0.023179052862011985,-0.040650828347123566,-0.02196496162845678,0.029128844656014286,0.011058363298872153,0.01862921510766122,0.026236588735641282,1.1449114759168104,0.7516487952635532,-0.016666843946258003,0.05084800764720817,0.0,1
1997-01-22,NEOG,0.655718982219696,0.6890609860420227,0.655718982219696,0.6890609860420227,277806,0.050848007647208204,0.0,-0.015873176670749722,0.08771854058134965,0.026490346128013556,0.009772088543067877,0.023524496080838335,0.07844820209607489,0.029118959308453807,0.02504198087378614,0.028188676387824484,0.6689254947193888,1.2699247135588505,0.05084800764720817,0.048387594854039935,1.0,0
1997-01-23,NEOG,0.6890609860420227,0.6890609860420227,0.6668329834938049,0.6779469847679138,124844,-0.016129198284679958,0.0,-0.016129198284679958,0.051723053837676725,0.009933879798005042,-0.004894015062954989,0.004528433963064841,0.05774192926454102,0.029118959308453807,0.02505863736103305,0.028378818535979792,-0.5506072583025565,0.5954943926154193,-0.01612919828467998,0.03278722827541926,0.5,1
1997-01-24,NEOG,0.6668329834938049,0.6890609860420227,0.6668329834938049,0.6890609860420227,101225,0.016393614137709678,0.03333368789251612,0.0,0.050848007647208204,0.01973704927927186,0.011419368480228417,0.018480457754106887,0.0721076841047146,0.028084273181178558,0.02568491547984921,0.02835693237783084,-0.18918810675723308,0.5079020222001729,0.033333687892516006,0.03225839656935996,1.0,0
1997-01-27,NEOG,0.6890609860420227,0.7001749873161316,0.6668329834938049,0.6668329834938049,254186,-0.032258396569359915,0.0,-0.032258396569359915,0.01694933588240266,-0.01315803285284785,-0.018003461371593622,-0.015182981663449278,0.03537476835486011,0.03328608037140535,0.02767446998565617,0.029425323154894507,1.5110990367992096,1.2468939372942627,-0.03225839656935996,0.050000531838774016,0.0,1
1997-01-28,NEOG,0.6668329834938049,0.7224029898643494,0.6668329834938049,0.7224029898643494,500500,0.08333421973129007,0.10169601529441641,0.015625155812037272,0.12068922153507078,0.048387594854039935,0.06209215077115201,0.06079198900111675,0.117030721049639,0.04746348670231847,0.037764748927431105,0.0343020763255515,0.9690305524301102,2.329842913658256,0.08333421973129003,0.07692383219645754,1.0,0
1997-01-29,NEOG,0.7224029898643494,0.7224029898643494,0.7001749873161316,0.7112889885902405,424019,-0.015384766439291542,0.032258396569359915,0.032258396569359915,0.11304296810985592,0.02564128788883447,0.04234571701996102,0.03896136572980228,0.09607822151684625,0.0460766475180632,0.03651714088201391,0.03448933689740564,-0.15280919080919086,1.9503358199000773,-0.015384766439291509,0.03125031162407448,0.5,1
1997-01-30,NEOG,0.7224029898643494,0.7446309924125671,0.705731987953186,0.7446309924125671,289053,0.04687546743611182,0.09836168482625784,0.09836168482625784,0.13559468705922173,0.05345965594243003,0.08064599142339988,0.08064591196775019,0.14393098214017672,0.04671543000808147,0.03810474532110573,0.03542956677678095,-0.31830177421294803,1.2635210760602942,0.030769532878583018,0.05223930356880564,1.0,0
1997-01-31,NEOG,0.7446309924125671,0.7557439804077148,0.7224029898643494,0.7224029898643494,122594,-0.02985103061074612,0.048387594854039984,0.08333421973129007,0.12068922153507078,0.012461183064233567,0.04000040845200466,0.04250243985639275,0.10638327588983262,0.051851943526054045,0.03935985090011204,0.03600071661675952,-0.5758770882848474,0.5621437709495926,-0.02985103061074608,0.04615289666731051,0.0,1
1997-02-03,NEOG,0.7557439804077148,0.7557439804077148,0.7224029898643494,0.7557439804077148,41615,0.046152896667310594,0.13333323203070968,0.13333323203070968,0.11475380433535487,0.03343387553222021,0.07424906806354988,0.08452899073188691,0.1531280005766985,0.04733106728350039,0.040900033210471455,0.035650788951990225,-0.6605461931252753,0.20011006895298172,0.0,0.044116779501675175,1.0,0
1997-02-04,NEOG,0.7224029898643494,0.7446309924125671,0.7112889885902405,0.7335169911384583,106848,-0.02941073941107064,0.01538476643929143,0.11864535117681907,0.01538476643929143,2.7627969180874666e-07,0.031250458532631996,0.05179343186021202,0.1154306054051687,0.03953665280554334,0.04211897108445974,0.03356786906750756,1.5675357443229605,0.5542574225069037,0.015384766439291509,0.045454984990297306,0.6666666666666666,0
1997-02-05,NEOG,0.7001749873161316,0.7335169911384583,0.6890609860420227,0.7112889885902405,175456,-0.030303323326864917,0.0,0.032258396569359915,0.01587317667074961,-0.03030305541936589,-0.0031151541955255495,0.019108548419551962,0.07944019842817937,0.04183111131429423,0.04162954559643099,0.03354459006580528,0.6421084156933214,0.907503496445625,0.015873176670749698,0.06250062324814896,0.5,0
1997-02-06,NEOG,0.7112889885902405,0.7112889885902405,0.6890609860420227,0.7112889885902405,84354,0.0,-0.044776545916119126,0.04918084241312881,0.032258396569359915,-0.021406663880490864,-0.00775187443069802,0.01748832749344043,0.07617301777574524,0.033269855472053245,0.04107425107532421,0.03330353903369433,-0.5192298923946744,0.4426087967147234,0.0,0.03125031162407448,1.0,0
1997-02-07,NEOG,0.7224029898643494,0.7335169911384583,0.7001749873161316,0.7112889885902405,50612,0.0,-0.015384766439291542,0.032258396569359915,0.032258396569359915,-0.01840481360839667,-0.010819132708934651,0.015873250178302083,0.07292555522927749,0.03113114125398768,0.040920447990704524,0.03330353903369433,-0.40000474192095214,0.27505916309994266,-0.015384766439291509,0.04687546743611172,0.3333333333333333,0
1997-02-10,NEOG,0.7335169911384583,0.7335169911384583,0.7001749873161316,0.7112889885902405,237316,0.0,-0.05882281959227964,0.06666737578503201,0.032258396569359915,-0.006211241677217859,-0.016897109380107047,0.014263292019319333,0.06969763282158412,0.016356414182397094,0.03897730371647427,0.03330353903369433,3.688927527068679,1.3291350507311148,-0.03030332332686487,0.04687546743611172,0.3333333333333333,0
1997-02-11,NEOG,0.7112889885902405,0.7112889885902405,0.6890609860420227,0.7112889885902405,93352,0.0,-0.030303323326864917,-0.015384766439291542,0.0,0.0,-0.01538462833216093,0.014263292019319333,0.06648907472072359,0.013552058180605755,0.02833185324854825,0.03253865249344574,-0.6066341923848371,0.5513135864734698,0.0,0.03125031162407448,1.0,0
1997-02-12,NEOG,0.7112889885902405,0.7112889885902405,0.6668329834938049,0.6668329834938049,419520,-0.06250062324814898,-0.06250062324814898,-0.06250062324814898,-0.032258396569359915,-0.05063342269362693,-0.0712080027399843,-0.047619461098964554,-0.001498254074210432,0.027951128443793345,0.03425322912836679,0.03481389623466653,3.4939583511869055,2.25241404859506,-0.06250062324814896,0.06666737578503201,0.0,1
1997-02-13,NEOG,0.6779469847679138,0.6890609860420227,0.655718982219696,0.6779469847679138,128218,0.01666684394625806,-0.046875467436111706,-0.08955309183223825,0.0,-0.025559366006082215,-0.04687533165709801,-0.03174628327964789,0.012784002285719964,0.030675578757853837,0.03017004413373027,0.0348396736760692,-0.694369755911518,0.6857144079550958,0.0,0.04918084241312889,0.6666666666666666,1
1997-02-14,NEOG,0.6890609860420227,0.6890609860420227,0.655718982219696,0.6890609860420227,168708,0.016393614137709678,-0.031250311624074434,-0.046154299317874514,0.03333368789251612,-0.0032154670757275736,-0.026687726189583788,-0.01743275192514405,0.02665989080596725,0.03270901065858352,0.030150223137883427,0.03477084148840636,0.31579029465441666,0.8777069367815643,0.0,0.048387594854039935,1.0,0
1997-02-18,NEOG,0.7001749873161316,0.7112889885902405,0.6890609860420227,0.6890609860420227,339665,0.0,-0.031250311624074434,-0.08823489977348875,0.03333368789251612,0.0032362793752857485,-0.017432822910032522,-0.018987462749681924,0.024285333201030563,0.03270901065858352,0.024588383752650118,0.03477084148840636,1.0133307252768096,1.6543406320310328,-0.015873176670749698,0.03225839656935996,0.0,1
1997-02-19,NEOG,0.6890609860420227,0.7112889885902405,0.6890609860420227,0.6946179866790771,107973,0.008064599142340034,-0.02343773371805591,-0.05303081582201352,0.059322675588409535,0.016260331338849427,-0.003984104265407299,-0.01380677421458443,0.030332951098387628,0.033266037383523704,0.023965532151125568,0.034502994059617265,-0.6821191468064123,0.5334813620220442,0.00806459914233999,0.03200032676160373,0.25,1
1997-02-20,NEOG,0.6890609860420227,0.7112889885902405,0.6890609860420227,0.7001749873161316,113597,0.008000081690400895,0.050000531838773954,-0.015625155812037272,0.01612919828468007,0.01449290256629082,0.005586649088555374,-0.006700823783060243,0.035502989615123194,0.00694473691524092,0.02251915452898264,0.032687148616696776,0.05208709584803617,0.585000469918157,0.01612919828467998,0.031746353341499396,0.5,0
1997-02-21,NEOG,0.7224029898643494,0.7224029898643494,0.7001749873161316,0.7001749873161316,156336,0.0,0.032787228275419356,-0.015625155812037272,0.032787228275419356,0.008000081690400932,0.007194318008183652,-0.008264474671234857,0.03211011914951761,0.006838886393232308,0.02251915452898264,0.032432423454169905,0.3762335272938546,0.7986213544472276,-0.030769532878583018,0.031746353341499396,0.0,0
1997-02-24,NEOG,0.7112889885902405,0.7112889885902405,0.6779469847679138,0.6779469847679138,35991,-0.031746353341499445,-0.016129198284679958,-0.046875467436111706,-0.016129198284679958,-0.020866987436692835,-0.020080527154814745,-0.038992052050349,-0.002616383873265122,0.016490050381432596,0.024463428876129168,0.03309603676850207,-0.7697843107153822,0.1869704588129654,-0.04687546743611172,0.04918084241312889,0.0,1
1997-02-25,NEOG,0.7112889885902405,0.7112889885902405,0.6779469847679138,0.6890609860420227,87728,0.016393614137709678,0.0,-0.031250311624074434,0.03333368789251612,-0.004815458639236784,-0.0008058100607215083,-0.02477406787524072,0.010759571607087478,0.018745127561466724,0.025333227404695832,0.03240405596025357,1.4374982634547524,0.47633539706606975,-0.03125031162407448,0.048387594854039935,0.3333333333333333,0
1997-02-26,NEOG,0.6668329834938049,0.6890609860420227,0.6668329834938049,0.6668329834938049,17996,-0.032258396569359915,-0.0400004084520047,-0.06250062324814898,-0.0769238321964576,-0.029126514377571414,-0.02676426733087538,-0.05250736977463385,-0.024073321735698455,0.02273422458623462,0.026930260025644085,0.02702023086468099,-0.7948659492978296,0.11244158376682431,0.0,0.033333687892516006,0.0,0
1997-02-27,NEOG,0.6668329834938049,0.6668329834938049,0.6668329834938049,0.6668329834938049,48363,0.0,-0.047619530012249056,0.0,-0.06250062324814898,-0.01960804761194278,-0.02676426733087538,-0.04950538235922897,-0.025341566541537693,0.021586000291182728,0.018234673325710687,0.026887099711097876,1.6874305401200265,0.34235716978227054,0.0,0.0,0.5,1
1997-02-28,NEOG,0.6890609860420227,0.6890609860420227,0.6446059942245483,0.6779469847679138,166458,0.01666684394625806,-0.031746353341499445,0.0,-0.08955309183223825,0.0032895082132120036,-0.010543499251557007,-0.029049170123771194,-0.00909708653018121,0.0245125454206666,0.018234673325710687,0.024705084240735302,2.441846039327585,1.2317904317904318,-0.01612919828467998,0.06557296192222603,0.7499943016581504,0
1997-03-03,NEOG,0.6446059942245483,0.6779469847679138,0.6446059942245483,0.6779469847679138,69733,0.0,0.0,-0.016129198284679958,-0.061539065757166056,0.0032895082132120036,-0.008935917187652765,-0.025948297323978648,-0.009418916022547222,0.019918645538267398,0.017326499150724445,0.023976669921781046,-0.5810775090413197,0.5263187688006705,0.05172305383767677,0.0491793477845164,1.0,1
1997-03-04,NEOG,0.6668329834938049,0.6890609860420227,0.655718982219696,0.6890609860420227,62984,0.016393614137709678,0.0,0.0,-0.08823489977348875,0.01973704927927186,0.007311204971715958,-0.005214654279839708,0.005514018028440809,0.019918645538267398,0.018234673325710687,0.02157589267265239,-0.09678344542755946,0.47157690453158274,0.033333687892516006,0.048387594854039935,1.0,0
1997-03-05,NEOG,0.6668329834938049,0.6890609860420227,0.655718982219696,0.6890609860420227,181080,0.0,0.03333368789251612,-0.008000081690400895,-0.06060664665372972,0.013072031741295132,0.008130165669424714,-0.002012093104503775,0.0035609412901911053,0.00905449465570483,0.018022918224952045,0.02076735666820388,1.8750158770481393,1.3191328165977039,0.033333687892516006,0.048387594854039935,1.0,0
1997-03-06,NEOG,0.6668329834938049,0.6890609860420227,0.655718982219696,0.655718982219696,61860,-0.048387594854039984,-0.01666684394625806,-0.06349270668299878,-0.07812577906018625,-0.03278722827541926,-0.03437024443667879,-0.046465125721715954,-0.045616860779926154,0.026650090914808005,0.02311554714067963,0.022355725819698392,-0.6583830351225978,0.47008865267090294,-0.016666843946258003,0.05084800764720817,0.0,1
1997-03-07,NEOG,0.655718982219696,0.6890609860420227,0.655718982219696,0.6668329834938049,62984,0.01694933588240266,-0.016393614137709678,-0.047619530012249056,-0.06250062324814898,-0.01315803285284785,-0.01315803285284785,-0.027158773128852197,-0.03006826263754375,0.026702629268826727,0.02422317771823908,0.022824333504846257,0.018170061429033213,0.4825483801026174,0.016949335882402723,0.050000531838774016,0.3333333333333333,0
1997-03-10,NEOG,0.6890609860420227,0.6890609860420227,0.655718982219696,0.6668329834938049,75356,0.0,-0.016393614137709678,-0.016393614137709678,-0.06250062324814898,-0.009901094370888671,-0.01153224645595876,-0.023993742379831717,-0.03038175380874571,0.026702629268826727,0.022271664134799238,0.022824333504846257,0.19643083957830565,0.5719147334300236,-0.03225839656935996,0.050000531838774016,0.3333333333333333,0
1997-03-11,NEOG,0.6890609860420227,0.6890609860420227,0.655718982219696,0.655718982219696,65234,-0.01666684394625806,-0.048387594854039984,-0.048387594854039984,-0.07812577906018625,-0.016666843946258003,-0.023179052862011985,-0.036341742642559696,-0.04654222980545972,0.024716405606367804,0.021781244883291452,0.023013733368506154,-0.13432241626413288,0.5296824860665428,-0.048387594854039935,0.05084800764720817,0.0,1
1997-03-12,NEOG,0.6779469847679138,0.6779469847679138,0.655718982219696,0.6668329834938049,151837,0.01694933588240266,-0.032258396569359915,0.0,-0.06250062324814898,0.006711481262845703,-0.006622586532003471,-0.01679657057872982,-0.031008100068608147,0.027384149761690346,0.0203848377297733,0.023468669461746614,1.327574577674219,1.2042808970896102,-0.01639361413770963,0.033333687892516006,0.5,0
1997-03-13,NEOG,0.6668329834938049,0.6668329834938049,0.655718982219696,0.655718982219696,26993,-0.01666684394625806,0.0,-0.01666684394625806,-0.01666684394625806,-0.010067221894268386,-0.021559100481133152,-0.032390662922716945,-0.04761953818848932,0.01680820860927578,0.021071910843935455,0.019197045145385727,-0.8222238321357772,0.253563252726277,-0.016666843946258003,0.016949335882402723,0.0,1
1997-03-14,NEOG,0.6668329834938049,0.6779469847679138,0.655718982219696,0.6668329834938049,107973,0.01694933588240266,0.0,-0.016393614137709678,-0.016393614137709678,0.006711481262845703,-0.003322294356933525,-0.015182760601294589,-0.03178990299028304,0.01680820860927578,0.021099107924585653,0.019210565710119965,3.0000370466417223,1.0239993475113676,0.0,0.033333687892516006,0.5,0
1997-03-17,NEOG,0.6779469847679138,0.6779469847679138,0.655718982219696,0.655718982219696,91102,-0.01666684394625806,-0.01666684394625806,-0.032787228275419245,-0.048387594854039984,-0.0067340790856486275,-0.016666843946258003,-0.029206394726672767,-0.04823405464566281,0.018412339989308163,0.0216237792601041,0.01908897341215334,-0.1562520259694553,0.8970073989178056,-0.03278722827541926,0.033898671764805446,0.0,1
1997-03-18,NEOG,0.655718982219696,0.6779469847679138,0.655718982219696,0.6779469847679138,128218,0.033898671764805544,0.033898671764805544,-0.016129198284679958,-0.016129198284679958,0.020067103792983845,0.018364135559040783,0.004528660192503308,-0.015970453267176384,0.02259257944221116,0.02396075818855943,0.020737806286907128,0.40741147285460255,1.4091469593295072,0.033898671764805446,0.03278722827541926,1.0,0
1997-03-19,NEOG,0.655718982219696,0.6779469847679138,0.6446059942245483,0.655718982219696,509498,-0.032787228275419245,-0.01666684394625806,-0.048387594854039984,-0.05600057183280649,-0.010067221894268386,-0.010067221894268386,-0.02559894859194624,-0.04638803727154925,0.027478706754405287,0.02591676945686159,0.021822313237011136,2.973685441981625,4.587342396708985,0.0,0.050846462352670936,0.33331307240837443,0
1997-03-20,NEOG,0.6446059942245483,0.6779469847679138,0.6446059942245483,0.6446059942245483,109098,-0.01694779058786544,-0.01694779058786544,-0.01694779058786544,-0.07936443617414402,-0.023568041654185856,-0.025208971500386926,-0.038141584664286,-0.061032018443044185,0.02751376511454739,0.02156147358113017,0.021894469642321047,-0.7858715834017013,0.9842738839654244,0.0,0.05172305383767677,0.0,1
1997-03-21,NEOG,0.6779469847679138,0.6779469847679138,0.6446059942245483,0.655718982219696,103474,0.01723996998897981,-0.01666684394625806,-0.01666684394625806,-0.06349270668299878,-0.003378721773126815,-0.006734231540859332,-0.01830309744036058,-0.043915540866744124,0.02756699548446999,0.021589281481274186,0.022389718171885765,-0.051549982584465304,0.956339303868833,-0.03278722827541926,0.050846462352670936,0.33331307240837443,1
1997-03-24,NEOG,0.6779469847679138,0.6779469847679138,0.6779469847679138,0.6779469847679138,4499,0.033898671764805544,0.033898671764805544,0.01666684394625806,0.0,0.02348987128574851,0.025210197347182876,0.01497512363203483,-0.01118507275588468,0.03044846466681705,0.024332720928677613,0.02276758632290904,-0.9565204785743279,0.042195240444405265,0.0,0.0,0.5,0
1997-03-25,NEOG,0.6668329834938049,0.6779469847679138,0.6446059942245483,0.6779469847679138,80980,0.0,0.0,0.033898671764805544,-0.016129198284679958,0.02348987128574851,0.021775621131076024,0.015820240895693487,-0.010864390038120602,0.026496096056730083,0.023473785816241065,0.02244858024907545,16.99955545676817,0.7619065540146397,0.016666843946258003,0.0491793477845164,1.0,0
1997-03-26,NEOG,0.6779469847679138,0.6779469847679138,0.655718982219696,0.6779469847679138,353162,0.0,0.033898671764805544,0.01666684394625806,0.01666684394625806,0.016666534973295948,0.020066948271385707,0.01497512363203483,-0.009901092661495994,0.01936337559517416,0.0230090438972043,0.021174826078312347,3.361101506544826,2.8702020329263527,0.0,0.03278722827541926,1.0,0
1997-03-27,NEOG,0.6779469847679138,0.6779469847679138,0.655718982219696,0.655718982219696,267683,-0.032787228275419245,0.01723996998897981,0.0,-0.01666684394625806,-0.019933766141600986,-0.013378219617798505,-0.017485689229344997,-0.04143016150639021,0.02476885128186551,0.024937632834658906,0.0224881440049909,-0.24203906422548294,1.9974807906556438,-0.03278722827541926,0.033898671764805446,0.0,1
1997-03-31,NEOG,0.6779469847679138,0.6779469847679138,0.655718982219696,0.6668329834938049,143964,0.01694933588240266,0.01694933588240266,0.0,-0.016393614137709678,-0.006622586532003471,0.0033443643267936007,-7.597696191051624e-08,-0.024866176980134748,0.024729354631458565,0.024937632834658906,0.02249964455249612,-0.46218474837774537,1.0833679495746718,-0.01639361413770963,0.033333687892516006,0.5,0
1997-04-01,NEOG,0.655718982219696,0.6779469847679138,0.6334919929504395,0.6334919929504395,231692,-0.04999901229941972,-0.06557296192222606,-0.03389712647026821,-0.06557296192222606,-0.0436233910718559,-0.0436233910718559,-0.04682186288573518,-0.07271769851727973,0.02736459369267327,0.029300424188427574,0.025063018368200407,0.6093745658636882,1.6433974034559353,-0.03389712647026821,0.07017451256239043,0.0,0
1997-04-02,NEOG,0.655718982219696,0.655718982219696,0.6223779916763306,0.6223779916763306,290177,-0.017544028018959268,-0.08196657605993563,-0.08196657605993563,-0.09677371918662858,-0.044368122778978676,-0.052452930978187554,-0.0588228443797843,-0.08779879766158173,0.026360484095147692,0.02647118978724897,0.024822597833599344,0.2524256340313864,1.904758466410053,-0.050846462352670936,0.05357032380525524,0.0,0
1997-04-03,NEOG,0.6446059942245483,0.6446059942245483,0.6112639904022217,0.6112639904022217,44989,-0.01785731729390705,-0.0983601901976453,-0.06779579823507365,-0.11290291747130865,-0.041811636383342315,-0.06303208220672143,-0.07016011089995573,-0.10291925328552015,0.024693235931093738,0.025326510057334044,0.024962346427718007,-0.8449601450149391,0.30912063565245385,-0.05172462577304545,0.054545997058303854,0.0,1
1997-04-04,NEOG,0.6446059942245483,0.6446059942245483,0.6446059942245483,0.6446059942245483,6748,0.05454599705830376,-0.01694779058786544,0.0,-0.01694779058786544,0.013986470984399169,-0.01192423291904417,-0.018611557954947976,-0.05275109265559732,0.039844867206135975,0.031461591268301774,0.02626929995246884,-0.8500077796794772,0.047260511664374734,0.0,0.0,0.5,0
1997-04-07,NEOG,0.6446059942245483,0.6446059942245483,0.5668079853057861,0.5890359878540039,448763,-0.0862077096217424,-0.11666638808445173,-0.10169446999987908,-0.11666638808445173,-0.05017970340000536,-0.0877798009268007,-0.09787227174704712,-0.13214345955295453,0.051944458967075585,0.04091303736581129,0.0321305835244836,65.50311203319502,2.7689113480428453,-0.08620770962174241,0.13207683490137603,0.2857142857142857,0
1997-04-08,NEOG,0.6112639904022217,0.6112639904022217,0.577921986579895,0.5890359878540039,277806,0.0,-0.0701761120758373,-0.13114741847306455,-0.11666638808445173,-0.036363998038869236,-0.07504375775294653,-0.09246569862330734,-0.12957794462358244,0.050334433907198155,0.038194902574464736,0.0321305835244836,-0.3809516381698135,1.6133267903446393,-0.036363998038869236,0.05660435781487544,0.3333333333333333,0
1997-04-09,NEOG,0.577921986579895,0.6001499891281128,0.5445809960365295,0.5890359878540039,292427,0.0,-0.05357195188172115,-0.13114741847306455,-0.10169446999987908,-0.025735552905827557,-0.0619470483135167,-0.08777965777835624,-0.12757203918875346,0.05058530396924574,0.038194902574464736,0.03204679301825288,0.05263025276631894,1.5931375019306293,0.019230971536280922,0.09433887612543694,0.7999963530778414,0
1997-04-10,NEOG,0.5890359878540039,0.5890359878540039,0.5556939840316772,0.577921986579895,87728,-0.018868119271625128,-0.054545997058303874,-0.14754103261077423,-0.13333323203070968,-0.033457589261148904,-0.06474853175623878,-0.09878698177842024,-0.14035395838135964,0.05062703856908759,0.03793055951696587,0.03176391279484882,-0.7000003419656872,0.48643544422554746,-0.018868119271625145,0.057692914608842766,0.6666666666666666,1
1997-04-11,NEOG,0.5668079853057861,0.6001499891281128,0.5668079853057861,0.5890359878540039,206948,0.01923097153628084,-0.0862077096217424,-0.10169446999987908,-0.10169446999987908,0.0037879180321694897,-0.036363838299008265,-0.07665504949761649,-0.12062386331569695,0.040877064114159874,0.038803959141866406,0.03217918080176557,1.358973189859566,1.0929594930351216,0.0392161069082787,0.05660435781487544,0.6666666666666666,0
1997-04-14,NEOG,0.5890359878540039,0.5890359878540039,0.5668079853057861,0.5890359878540039,208073,0.0,0.0,-0.11666638808445173,-0.11666638808445173,0.0037879180321694897,-0.023941309329188063,-0.07099037193953944,-0.11651940824963473,0.013470429268627614,0.037855835260257806,0.03179583068353619,0.005436148211144909,1.070601737213692,0.0,0.03773623854325029,1.0,1
1997-04-15,NEOG,0.5890359878540039,0.6112639904022217,0.5668079853057861,0.6112639904022217,123719,0.037736238543250256,0.037736238543250256,-0.03508805603791865,-0.06779579823507365,0.033834934373464,0.01663602773343416,-0.032541469116797485,-0.08011337025850991,0.021561260088367167,0.038151278477213654,0.03310782822804438,-0.40540579508153385,0.6312763958786074,0.03773623854325029,0.07272799607773847,1.0,0
1997-04-16,NEOG,0.6112639904022217,0.6334919929504395,0.5890359878540039,0.6112639904022217,177706,0.0,0.037736238543250256,-0.01785731729390705,-0.0983601901976453,0.026119669555964852,0.01851870611587465,-0.027409088562070784,-0.07609573817628958,0.021561260088367167,0.03780466926471115,0.03196887408188907,0.43636789822096844,0.8954396601374506,0.0,0.07272799607773847,0.5,0
1997-04-17,NEOG,0.6334919929504395,0.6334919929504395,0.6001499891281128,0.6001499891281128,60735,-0.018181999019434625,0.0384619430725619,-0.018181999019434625,-0.08474513411747642,0.0,0.0018553063989831579,-0.04085250645534045,-0.089222280664008,0.02135170095431437,0.03782075614792862,0.03145547833521809,-0.658227634407392,0.34504885990709505,-0.05263208405687794,0.055556118347623945,0.0,0
1997-04-18,NEOG,0.6223779916763306,0.6223779916763306,0.6001499891281128,0.6001499891281128,82104,0.0,0.018868119271625128,-0.06896616769739394,-0.06896616769739394,-0.003690074143453287,0.009345889952649535,-0.03743305079090053,-0.08613959719503206,0.020482523837804575,0.03244271802520789,0.031314568080579204,0.35183996048407007,0.4700551930123774,-0.03571463458781413,0.0370374122317493,0.0,0
1997-04-21,NEOG,0.6001499891281128,0.6223779916763306,0.5668079853057861,0.5890359878540039,121470,-0.018518706115874695,0.0,0.0,-0.10169446999987908,-0.022140444860719536,-0.009345889952649535,-0.050179315419170124,-0.09971120655785477,0.022898344907734194,0.01771123907695828,0.03111277136403764,0.4794650686933646,0.6918661161887387,-0.01851870611587465,0.09434059635812574,0.4,1
1997-04-22,NEOG,0.6001499891281128,0.6112639904022217,0.577921986579895,0.6112639904022217,68608,0.037736238543250256,0.0,0.037736238543250256,-0.0983601901976453,0.014760296573812963,0.024208812717073525,-0.009008772217008137,-0.06287234627811439,0.022898344907734194,0.021328799708794966,0.03137524121922287,-0.43518564254548453,0.38376923726647205,0.01851870611587465,0.054545997058303854,1.0,0
1997-04-23,NEOG,0.577921986579895,0.5890359878540039,0.577921986579895,0.5890359878540039,59610,-0.03636399803886925,-0.03636399803886925,0.0,-0.13114741847306455,-0.014870039671621715,-0.013035514539962725,-0.03811266232696359,-0.09355221968135431,0.028152582184753316,0.02487520825338222,0.032133737433476445,-0.13115088619402981,0.33544243963049,0.019230971536280922,0.018868119271625145,1.0,0
1997-04-24,NEOG,0.6001499891281128,0.6001499891281128,0.5668079853057861,0.577921986579895,138340,-0.018868119271625128,-0.03703741223174928,0.0,-0.14754103261077423,-0.02621749703584496,-0.03165767816848085,-0.04849072005043036,-0.1069896625080111,0.028221899249332005,0.02487520825338222,0.03220954467239456,1.3207515517530615,0.828559364415789,-0.0370374122317493,0.057692914608842766,0.3333333333333333,0
1997-04-25,NEOG,0.6001499891281128,0.6112639904022217,0.577921986579895,0.577921986579895,80980,0.0,-0.03703741223174928,-0.018868119271625128,-0.11864380588228185,-0.018868119271625145,-0.02985105092110253,-0.042357620724492014,-0.10452915783742035,0.028221899249332005,0.02397412249493532,0.031682146305801635,-0.4146306202110742,0.5137368136073643,-0.0370374122317493,0.057692914608842766,0.0,0
1997-04-28,NEOG,0.577921986579895,0.6001499891281128,0.577921986579895,0.577921986579895,40490,0.0,-0.018868119271625128,-0.018868119271625128,-0.13333323203070968,-0.01515167212867777,-0.02803766985794861,-0.035250821580681484,-0.10174482912601594,0.027573306035206867,0.02397412249493532,0.031265246295467,-0.5,0.26558543419020547,0.0,0.038461943072561844,0.0,0
1997-04-29,NEOG,0.6001499891281128,0.6001499891281128,0.577921986579895,0.577921986579895,102349,0.0,-0.054545997058303874,-0.054545997058303874,-0.08772014009479656,-0.003831457776169029,-0.02255662291564273,-0.030755206411366046,-0.09863074941109834,0.016341885767095537,0.019669973087849433,0.029570331205199505,1.527759940726105,0.7010757696667889,-0.0370374122317493,0.038461943072561844,0.0,1
1997-04-30,NEOG,0.5890359878540039,0.5890359878540039,0.5668079853057861,0.5890359878540039,34866,0.01923097153628084,0.0,-0.03636399803886925,-0.05357195188172115,0.015325831104675926,0.0,-0.009345889952649535,-0.0784211011456263,0.013470429268627621,0.021143605294313614,0.029836330295111315,-0.6593420551251111,0.2617116645442846,0.0,0.03773623854325029,1.0,0
1997-05-01,NEOG,0.5668079853057861,0.5890359878540039,0.5668079853057861,0.5890359878540039,145089,0.0,0.01923097153628084,-0.018518706115874695,-0.03636399803886925,0.0114505012165796,0.0018903787162711536,-0.007490713438812899,-0.07536631876204576,0.00860035192569858,0.02051279750234539,0.029613234670246638,3.16133195663397,1.0496357646915837,0.0392161069082787,0.03773623854325029,1.0,0
1997-05-02,NEOG,0.5890359878540039,0.5890359878540039,0.5668079853057861,0.5890359878540039,70857,0.0,0.01923097153628084,-0.018518706115874695,-0.0862077096217424,0.007604641824233183,0.0037879180321694897,-0.0028222303638762046,-0.07212880180051165,0.00860035192569858,0.02051279750234539,0.026539236595909402,-0.5116307921344829,0.5009919863342039,0.0,0.03773623854325029,1.0,0
1997-05-05,NEOG,0.5668079853057861,0.5890359878540039,0.5668079853057861,0.577921986579895,88853,-0.018868119271625128,0.0,-0.018868119271625128,-0.018868119271625128,-0.011406962736349583,-0.013282870324603886,-0.020715844296687356,-0.08611611800222431,0.013470429268627621,0.020544942900263964,0.018693109732010837,0.25397631850064206,0.719819439572449,0.01960805345413935,0.038461943072561844,0.5,0
1997-05-06,NEOG,0.6001499891281128,0.6001499891281128,0.5668079853057861,0.577921986579895,139465,0.0,0.0,-0.054545997058303874,-0.018868119271625128,-0.011406962736349583,-0.0076336674777198596,-0.019792852540083766,-0.08321592159039734,0.013470429268627621,0.015286591236293267,0.018693109732010837,0.5696149820490022,1.1969102525427853,-0.0370374122317493,0.057692914608842766,0.3333333333333333,0
1997-05-07,NEOG,0.6001499891281128,0.6001499891281128,0.5668079853057861,0.577921986579895,26993,0.0,-0.018868119271625128,-0.018868119271625128,-0.018868119271625128,-0.0076336674777198596,-0.005736197664679459,-0.018868119271625145,-0.0799718124476025,0.008438079459786687,0.010788870938898633,0.018693109732010837,-0.8064532319936901,0.26143556629764025,-0.0370374122317493,0.057692914608842766,0.3333333333333333,1
1997-05-08,NEOG,0.6001499891281128,0.6001499891281128,0.5668079853057861,0.5890359878540039,65234,0.01923097153628084,0.0,0.01923097153628084,0.01923097153628084,0.0114505012165796,0.0114505012165796,-0.0009425167876230007,-0.05995028020811583,0.013470429268627621,0.010838586747729842,0.018694791751419138,1.4167006260882453,0.6387696580006061,-0.01851870611587465,0.05660435781487544,0.6666666666666666,0
1997-05-09,NEOG,0.6001499891281128,0.6001499891281128,0.5668079853057861,0.577921986579895,56236,-0.018868119271625128,-0.018868119271625128,0.0,-0.018868119271625128,-0.003831457776169029,-0.0076336674777198596,-0.018868119271625145,-0.07506238580777738,0.015916604023204977,0.012700042508453286,0.018693109732010837,-0.13793420608884932,0.594530962158859,-0.0370374122317493,0.057692914608842766,0.3333333333333333,1
1997-05-12,NEOG,0.5890359878540039,0.5890359878540039,0.5668079853057861,0.5890359878540039,30367,0.01923097153628084,0.01923097153628084,0.01923097153628084,0.0,0.0114505012165796,0.009523908759011122,0.0,-0.05458432224623228,0.015959972361179103,0.014069967055262766,0.019222810837673077,-0.4600078241695711,0.35432604600392864,0.0,0.03773623854325029,1.0,0
1997-05-13,NEOG,0.5890359878540039,0.5890359878540039,0.5556939840316772,0.5890359878540039,533117,0.0,0.01923097153628084,0.01923097153628084,-0.03636399803886925,0.007604641824233183,0.007604641824233183,0.0018903787162711536,-0.05187830518670684,0.015959972361179103,0.014069967055262766,0.017073805153711787,16.555800704712354,5.0211893839749955,0.0,0.05660435781487544,1.0,1
1997-05-14,NEOG,0.5668079853057861,0.6223779916763306,0.5668079853057861,0.6223779916763306,291302,0.05660435781487538,0.0769238861451238,0.05660435781487538,0.018181999019434514,0.04868963735228328,0.05860174020440803,0.057602105948723524,0.003944662574275531,0.02801110139136811,0.02192677739140656,0.02149228145789147,-0.4535871112720097,2.604323075100634,0.09804026727069676,0.08928658646953534,1.0,0
1997-05-15,NEOG,0.6223779916763306,0.6334919929504395,0.6001499891281128,0.6112639904022217,66358,-0.01785731729390705,0.037736238543250256,0.037736238543250256,0.018518706115874695,0.022305059507432664,0.03578191287609655,0.03773623854325029,-0.011502110940111221,0.0313960847595154,0.023139191685066722,0.021477053081075993,-0.7722020446134938,0.591772016437418,-0.017857317293907066,0.054545997058303854,0.3333333333333333,1
1997-05-16,NEOG,0.6223779916763306,0.6668329834938049,0.6001499891281128,0.655718982219696,379030,0.07272633839958775,0.1346150474395318,0.11320699539706203,0.09259184220316796,0.06883996332509668,0.09869595596011664,0.10798071263711971,0.06038772104693645,0.037964332676018564,0.03163132475364871,0.026777511093644485,4.711896078845053,2.984941806116993,0.05357032380525524,0.1016944699998791,0.8333308007561977,0
1997-05-19,NEOG,0.6668329834938049,0.6779469847679138,0.6446059942245483,0.6446059942245483,57361,-0.01694779058786544,0.09434059635812564,0.11538582921768548,0.09434059635812564,0.032029116354817734,0.06814082897520693,0.08411310194871557,0.04316640549149912,0.0427558991177329,0.03143357624884142,0.026707814432542415,-0.8486636941666886,0.463428674149315,-0.03333216835316168,0.05172305383767677,0.0,1
1997-05-20,NEOG,0.6446059942245483,0.6779469847679138,0.6446059942245483,0.655718982219696,114721,0.01723996998897981,0.11320699539706203,0.1346150474395318,0.07272633839958775,0.027873894799590015,0.07272669404670831,0.09869595596011664,0.06153241315219597,0.041527682234929905,0.031210111080217484,0.025755749075839846,0.9999825665521871,0.9098999134682574,0.01723996998897981,0.050846462352670936,0.33331307240837443,0
1997-05-21,NEOG,0.655718982219696,0.6668329834938049,0.6334919929504395,0.6446059942245483,74231,-0.01694779058786544,0.0357146345878141,0.11538582921768548,0.09434059635812564,0.00346087349421395,0.043166234434125504,0.07507045166324623,0.043917398725245235,0.03933072245478549,0.032438650485660914,0.02449633334263217,-0.35294322748232665,0.5853628147820454,-0.016947790587865493,0.05172305383767677,0.33334346379581276,1
1997-05-22,NEOG,0.6668329834938049,0.6890609860420227,0.655718982219696,0.655718982219696,33742,0.01723996998897981,0.07272633839958775,0.11320699539706203,0.1346150474395318,0.006825386322375357,0.0498214376592825,0.08655563602971574,0.062296903584536246,0.03668486395719038,0.03239160218569748,0.023985805143912704,-0.5454459727068206,0.2775245194500339,-0.016666843946258003,0.05084800764720817,0.0,0
1997-05-23,NEOG,0.655718982219696,0.6779469847679138,0.6446059942245483,0.6446059942245483,74231,-0.01694779058786544,-0.01694779058786544,0.11538582921768548,0.11538582921768548,-0.006848759035498425,0.021127455750009596,0.0622719522315937,0.044669474043601,0.0187254076585245,0.03219837650742524,0.024524595183202675,1.1999585086835398,0.6122416998365288,-0.016947790587865493,0.05172305383767677,0.0,1
1997-05-27,NEOG,0.6668329834938049,0.6668329834938049,0.6446059942245483,0.655718982219696,66358,0.01723996998897981,0.01723996998897981,0.11320699539706203,0.1346150474395318,0.006825386322375357,0.027873894799590015,0.07370279753091492,0.06306249594616516,0.01872540765852447,0.03215092797502915,0.024614545157592725,-0.1060608101736471,0.5415299743752958,-0.016666843946258003,0.03389712647026821,0.4999772061130523,1
1997-05-28,NEOG,0.655718982219696,0.6668329834938049,0.6446059942245483,0.6668329834938049,68608,0.01694933588240266,0.01694933588240266,0.13207511466868715,0.15384601897581263,0.02040775189496784,0.0327017864688848,0.08401046960077181,0.08069125695832582,0.018672722344759567,0.031938900382396884,0.024666518893087196,0.033906989360740214,0.5677075769780875,0.016949335882402723,0.03333216835316168,1.0,0
1997-05-29,NEOG,0.6668329834938049,0.6668329834938049,0.6334919929504395,0.6446059942245483,94476,-0.03333216835316166,0.0,0.0357146345878141,0.09434059635812564,-0.013604651080066463,-0.005145067981883361,0.04316631996280539,0.045799638243463225,0.02387315429700203,0.030920521051027824,0.026104951089998843,0.3770405783582089,0.7629402708278067,-0.03333216835316168,0.05172305383767677,0.33334346379581276,0
1997-05-30,NEOG,0.6223779916763306,0.6446059942245483,0.6223779916763306,0.6223779916763306,155211,-0.034483083848696916,-0.050846462352670985,0.018181999019434514,0.05660435781487538,-0.03780043965434653,-0.041095526850867196,0.004484759611819945,0.010830797828529581,0.02578904856498345,0.03262267851171029,0.02754035931294684,0.6428616791566113,1.2483035092777683,0.0,0.03571463458781413,0.0,1
1997-06-02,NEOG,0.6668329834938049,0.6668329834938049,0.6223779916763306,0.6668329834938049,93352,0.07142764109916233,0.03448151191332838,0.01694933588240266,0.13207511466868715,0.023890407970083176,0.025640506140654818,0.06951829072951066,0.08225067645981754,0.04387689414267215,0.0323121528905581,0.031467125449831254,-0.3985477833400983,0.7440641531360417,0.0,0.0666658562456777,1.0,0
1997-06-03,NEOG,0.6668329834938049,0.6668329834938049,0.6223779916763306,0.6223779916763306,56236,-0.06666585624567767,-0.050846462352670985,-0.034483083848696916,0.0769238861451238,-0.034482476756239354,-0.0394507340199538,-0.005328165345877791,0.011195854220276798,0.054102963458594736,0.03875818335240117,0.03511355657534796,-0.39759191018939066,0.4541334208716768,-0.0666658562456777,0.0714276410991623,0.0,1
1997-06-04,NEOG,0.6446059942245483,0.6890609860420227,0.6446059942245483,0.6890609860420227,518495,0.10714227568697643,0.03333368789251612,0.050848007647208204,0.19230796204837453,0.061643514828172166,0.0580202866542834,0.0915491855621246,0.11913350984236025,0.07572493554972563,0.05207074578687876,0.041934826638799716,8.219983640372716,3.6313509421117853,0.06896459576202527,0.06451532261726868,1.0,1
1997-06-05,NEOG,0.7001749873161316,0.7112889885902405,0.6668329834938049,0.7112889885902405,368908,0.032258396569359915,0.10344767961072221,0.10344767961072221,0.23076990512093642,0.07382563682267192,0.08108128919904636,0.11498279423814867,0.15398514621607914,0.07219675508375702,0.05196908597725825,0.04216390907604612,-0.2885022999257466,2.3074243160596124,0.015873176670749698,0.06250062324814896,1.0,0
1997-06-06,NEOG,0.7112889885902405,0.7112889885902405,0.6779469847679138,0.7112889885902405,218195,0.0,0.14285691027479053,0.08474667941201353,0.2075475917551879,0.04575179951400698,0.07202691578366349,0.10440053924147344,0.15273803137468137,0.066913662436348,0.05202806028437148,0.04219188404620315,-0.40853817211879384,1.302448713414425,0.0,0.04687546743611172,1.0,0
1997-06-09,NEOG,0.7112889885902405,0.7112889885902405,0.6779469847679138,0.6779469847679138,74231,-0.046875467436111706,0.01666684394625806,0.051723053837676725,0.1730769905120937,-0.006515020738862169,0.016666380486885426,0.04452021913718123,0.09791188644312568,0.06897096498381323,0.054510921805618784,0.04365053017129816,-0.6597951373771168,0.4407323075644272,-0.04687546743611172,0.04918084241312889,0.0,1
1997-06-10,NEOG,0.7001749873161316,0.7001749873161316,0.6779469847679138,0.6890609860420227,105724,0.016393614137709678,0.10714227568697643,0.050848007647208204,0.16981135321193763,-0.009584762252280792,0.028192203478321277,0.053525759337153186,0.11510780867531946,0.05615485196272455,0.054492816786194,0.043619786798917606,0.4242567121552989,0.6139806561597404,-0.015873176670749698,0.03225839656935996,0.5,0
1997-06-11,NEOG,0.6946179866790771,0.6946179866790771,0.6779469847679138,0.6779469847679138,12372,-0.016129198284679958,-0.016129198284679958,0.01666684394625806,0.15094323394031228,-0.02243612690273028,0.009933422456903977,0.029535549432987772,0.0955457088111038,0.03051891002802273,0.054776535322172186,0.04393817436062523,-0.8829783209110514,0.08464864176971218,-0.024000245071202794,0.024590421206564444,0.0,1
1997-06-12,NEOG,0.6890609860420227,0.6946179866790771,0.6668329834938049,0.6946179866790771,113597,0.024590421206564406,-0.02343773371805591,0.07758536672419947,0.1160709343339299,0.006441290029462622,0.0271158352769606,0.04909773994913348,0.11987100783908813,0.02843377503883845,0.05355982441900154,0.04263629907845975,8.181781441965729,0.8275331031089039,0.00806459914233999,0.04000040845200466,1.0,0
1997-06-13,NEOG,0.6946179866790771,0.6946179866790771,0.655718982219696,0.6835039854049683,132717,-0.0160001633808019,-0.03906288953009307,0.09821361704002296,0.11818133594817426,-0.0016233934423582716,0.0016285326928735131,0.026711001084353397,0.09939204977022216,0.028713189307781377,0.05220325184968199,0.04258278941775428,0.16831430407493153,0.944001627429586,-0.016000163380801864,0.056911159685972997,0.7142857142857143,0
1997-06-16,NEOG,0.6835039854049683,0.6835039854049683,0.655718982219696,0.655718982219696,264309,-0.040650828347123524,-0.032787228275419245,-0.01666684394625806,0.0,-0.03594808728856174,-0.037520925300170364,-0.01502565158283005,0.054323934642509765,0.026645292361410347,0.049665859242556086,0.0408040406338095,0.991523316530663,1.959967742832513,-0.040650828347123566,0.042373339706006805,0.0,0
1997-06-17,NEOG,0.6723899841308594,0.6723899841308594,0.6446059942245483,0.655718982219696,69733,0.0,-0.048387594854039984,0.05357032380525517,0.01723996998897981,-0.026402918322369903,-0.04220822950131669,-0.015847081655565507,0.05206790308747975,0.02402542487879544,0.043957889688968355,0.04059204250397691,-0.7361686510864178,0.5147397236410234,-0.024793649971916965,0.04237179441146958,0.39997811806803996,0
1997-06-18,NEOG,0.6668329834938049,0.6668329834938049,0.6446059942245483,0.655718982219696,186703,0.0,-0.032787228275419245,-0.048387594854039984,0.0,-0.019933766141600986,-0.0375207821493218,-0.015847081655565507,0.0498215057835999,0.024018783546450418,0.025958471870281146,0.04042564935522065,1.6773980755166136,1.3424969682850074,-0.016666843946258003,0.03389712647026821,0.4999772061130523,0
1997-06-19,NEOG,0.6612759828567505,0.6612759828567505,0.6446059942245483,0.655718982219696,197951,0.0,-0.05600057183280649,-0.07812577906018625,0.01723996998897981,-0.008403451480345436,-0.029605573918907703,-0.016667142788853024,0.0475846811486005,0.017794859515940536,0.022658019294962722,0.040211980434578104,0.060245416517142214,1.362759706989211,-0.008403451480345436,0.025422458529066855,0.6666464051259314,1
1997-06-20,NEOG,0.655718982219696,0.6723899841308594,0.655718982219696,0.6723899841308594,67483,0.02542400382360399,-0.01626033133884941,-0.05468804534213034,0.02542400382360399,0.020236305477317116,0.0008271385918880503,0.007074259700680525,0.07098574551713116,0.023730247463501053,0.02494937995879967,0.04042052700920966,-0.6590924016549551,0.4592414142754577,0.025424003823604085,0.024793649971916965,1.0,0
1997-06-23,NEOG,0.6723899841308594,0.6779469847679138,0.6668329834938049,0.6668329834938049,60735,-0.00826454999063897,0.01694933588240266,-0.016393614137709678,0.03448151191332838,0.008403451480345436,-0.0057995642299980485,-0.002908441912764351,0.05950874130905021,0.012804231583751302,0.020372489528431844,0.040252386113210165,-0.099995554435932,0.4152261199687973,-0.008264549990638989,0.016666843946258003,0.0,0
1997-06-24,NEOG,0.6668329834938049,0.6779469847679138,0.655718982219696,0.6668329834938049,248563,0.0,0.01694933588240266,-0.032258396569359915,0.01694933588240266,0.005025179347875267,-0.0024937920455102265,-0.003736255858701467,0.056895903169313866,0.012804231583751302,0.019412852667412675,0.04010333861558338,3.092582530666008,1.5997109022109994,0.0,0.033333687892516006,0.5,0
1997-06-25,NEOG,0.6779469847679138,0.6890609860420227,0.655718982219696,0.6668329834938049,131592,0.0,0.01694933588240266,-0.016393614137709678,0.0,0.001669466869003647,-0.0008326483163353432,-0.003736255858701467,0.05503747597909994,0.012804231583751302,0.01887285622189307,0.03994042010727904,-0.4705889452573392,0.8300807769422848,-0.01639361413770963,0.050000531838774016,0.3333333333333333,1
1997-06-26,NEOG,0.6779469847679138,0.6779469847679138,0.655718982219696,0.6779469847679138,92227,0.01666684394625806,0.033898671764805544,-0.024000245071202797,0.051723053837676725,0.011608746412917901,0.018364135559040783,0.010351923727966245,0.07036308490957928,0.013816862522020435,0.01779158618946303,0.03925429072699361,-0.2991443248829716,0.5821797828133018,0.0,0.03278722827541926,1.0,0
1997-06-27,NEOG,0.6668329834938049,0.6779469847679138,0.655718982219696,0.6779469847679138,124844,0.0,0.00826454999063908,-0.008130165669424705,0.08928495839306927,0.009933879798005042,0.019214908319958333,0.006185556467689404,0.06774011221948376,0.009109977564920674,0.0171279461947733,0.03825467460202849,0.35365999110889446,0.7956998910441059,0.016666843946258003,0.03278722827541926,1.0,0
1997-06-30,NEOG,0.6779469847679138,0.6779469847679138,0.655718982219696,0.6779469847679138,39365,0.0,0.01666684394625806,0.033898671764805544,0.01666684394625806,0.006600729580592558,0.015820318010372186,0.005356387893833146,0.06512996352776969,0.0074536392068439185,0.009877272464009348,0.034911450385336135,-0.6846864887379449,0.25528699926718074,0.0,0.03278722827541926,1.0,0
1997-07-01,NEOG,0.6501629948616028,0.6779469847679138,0.6446059942245483,0.6446059942245483,42739,-0.04917934778451638,-0.03333216835316166,-0.01694779058786544,0.0357146345878141,-0.03654401526435421,-0.03252607852106326,-0.045659273036171344,0.010982257171615653,0.024924783622294784,0.019400753359264958,0.03329895839176022,0.085710656674711,0.2783861692118146,-0.00854708847008024,0.05172305383767677,0.0,1
1997-07-02,NEOG,0.6501629948616028,0.6946179866790771,0.6501629948616028,0.6946179866790771,179955,0.07758536672419947,0.041667109865644925,0.059322675588409535,0.008064599142340034,0.02965403871831163,0.036484474869141026,0.027960742738621654,0.08657871528798282,0.04557841723782471,0.0316987165844614,0.028743924526999434,3.2105571024123165,1.3174140163246453,0.06837514926074391,0.06399919476604796,1.0,0
1997-07-03,NEOG,0.6668329834938049,0.7001749873161316,0.6668329834938049,0.6890609860420227,182204,-0.008000081690400895,0.016393614137709678,0.050848007647208204,-0.031250311624074434,0.018062281834361423,0.023102399606905768,0.02141695242328229,0.07452344014858632,0.0458770591643791,0.03197299485116338,0.027819054341973366,0.012497568836653539,1.431724093493774,0.033333687892516006,0.048387594854039935,0.6666666666666666,0
1997-07-07,NEOG,0.7001749873161316,0.7001749873161316,0.6668329834938049,0.6835039854049683,309298,-0.008064599142340034,0.008196807068854728,0.01652909998127794,-0.03906288953009307,0.0081965056929859,0.01317955805422599,0.01527041052234797,0.06235959890976961,0.04619706354132465,0.03139390084285781,0.02785882869652747,0.697536826853417,2.346417877498443,-0.02380976500612455,0.04878099401654828,0.5,1
1997-07-08,NEOG,0.6668329834938049,0.6890609860420227,0.6668329834938049,0.6890609860420227,317171,0.008130165669424816,0.016393614137709678,0.03333368789251612,0.016393614137709678,0.013071729897757596,0.018062434246699052,0.02268057423135735,0.06730938349865352,0.04623153562520353,0.031221598717702623,0.025795217618099463,0.02545441612942856,2.203125640350615,0.033333687892516006,0.03225839656935996,1.0,0
1997-07-09,NEOG,0.6668329834938049,0.6890609860420227,0.6668329834938049,0.6723899841308594,111347,-0.024193797427019992,0.04310228287550255,0.00833342197312903,-0.024193797427019992,-0.019449147689481507,-0.007383326691739267,-0.0008258477598796371,0.03844810619409304,0.03995841234882361,0.032454418328316074,0.026125227269939814,-0.6489370087429178,0.7719283650588148,0.008333421973129002,0.033058199962555955,0.25,0
1997-07-10,NEOG,0.6890609860420227,0.7001749873161316,0.6723899841308594,0.6723899841308594,271057,0.0,-0.03200032676160369,0.00833342197312903,-0.008196807068854839,-0.013050706834546693,-0.008196955306575604,-0.0004131320999105163,0.035426779682825475,0.01197949080878747,0.032454418328316074,0.025878292872094033,1.4343448858074308,1.7245060583600278,-0.024193797427019968,0.04132274995319494,0.0,1
1997-07-11,NEOG,0.6890609860420227,0.7001749873161316,0.6723899841308594,0.6890609860420227,96726,0.02479364997191702,0.0,0.016393614137709678,-0.008000081690400895,0.011419368480228417,0.0147299533423603,0.02479357275469252,0.05783999647436848,0.018242215528139268,0.032979624594553066,0.025888535116694287,-0.6431525472502093,0.6187060621693219,0.0,0.04032299571169994,0.6,1
1997-07-14,NEOG,0.6723899841308594,0.7001749873161316,0.6723899841308594,0.7001749873161316,136091,0.01612919828468007,0.024390497008274226,0.032787228275419356,0.024390497008274226,0.022727508193016777,0.02773259916731601,0.04003336043278256,0.07124659518388082,0.01872644797472051,0.03325835544525809,0.025845974069267714,0.40697433988793086,0.8695652173913044,0.04132274995319494,0.03968294167687425,1.0,0
1997-07-15,NEOG,0.7001749873161316,0.7001749873161316,0.6779469847679138,0.6779469847679138,43864,-0.031746353341499445,-0.016129198284679958,0.0,0.033898671764805544,-0.006514725695378693,-0.004894163066427176,0.005356387893833146,0.03442414431601841,0.024611699584306604,0.0351161692860634,0.02514861250011092,-0.6776862540505986,0.30150726135944966,-0.031746353341499396,0.03278722827541926,0.0,1
1997-07-16,NEOG,0.7001749873161316,0.7112889885902405,0.6779469847679138,0.7001749873161316,313797,0.032787228275419356,0.04132274995319496,0.08620613768637364,0.06779734352961087,0.017770780958122626,0.01941767625171433,0.03490788600417556,0.06436918344974338,0.025522140348637763,0.0316112458852588,0.02606577091566184,6.15386193689586,1.9900168436433003,0.0,0.0476195300122491,0.6666666666666666,0
1997-07-17,NEOG,0.6779469847679138,0.7001749873161316,0.6779469847679138,0.6779469847679138,107973,-0.031746353341499445,0.00826454999063908,-0.024000245071202797,0.033898671764805544,-0.01612919828467998,-0.010543499251557007,0.00040993359870810926,0.027454796914079174,0.031403269837157625,0.022847343410213394,0.02723706067657169,-0.6559144924903679,0.7022675254684417,0.0,0.03278722827541926,0.0,1
1997-07-18,NEOG,0.7001749873161316,0.7001749873161316,0.6779469847679138,0.7001749873161316,248563,0.032787228275419356,0.01612919828468007,0.01612919828468007,0.06779734352961087,0.012861868302910135,0.020243124196868145,0.0298326823808128,0.0572245588127824,0.033013216625010285,0.025213286083798653,0.02808290510488803,1.302084780454373,1.590500877593187,0.0,0.031746353341499396,1.0,1
1997-07-21,NEOG,0.7001749873161316,0.7112889885902405,0.6779469847679138,0.705731987953186,179955,0.007936588335374806,0.007936588335374806,0.03252066267769882,0.04958729994383404,0.019261834556947296,0.025020435319375693,0.035467067506312386,0.061873181479248016,0.032436794660038695,0.02501849798566533,0.027638177878823854,-0.27601855465214054,1.1114968008681727,0.007936588335374849,0.04724456931451769,0.8333333333333334,1
1997-07-22,NEOG,0.705731987953186,0.7224029898643494,0.6779469847679138,0.7112889885902405,607348,0.007874094885752969,0.04918084241312881,0.032258396569359915,0.06666737578503201,0.0174882537519714,0.029766999151908738,0.040227889987447966,0.06595637429549052,0.026410341759760786,0.02501334891816016,0.027534112226079425,2.374999305381901,3.20950865317772,0.007874094885752948,0.06250062324814896,0.75,0
1997-07-23,NEOG,0.7112889885902405,0.7112889885902405,0.6779469847679138,0.7001749873161316,401525,-0.015625155812037272,0.0,0.04132274995319496,0.050000531838773954,0.0015898412501791604,0.009615482958312885,0.021483730107925893,0.045816901902697,0.024757164492081693,0.024090432166312643,0.027861011675415555,-0.33888808393211145,2.0394190328676487,-0.01562515581203724,0.0476195300122491,0.6666666666666666,0
1997-07-24,NEOG,0.7001749873161316,0.7001749873161316,0.6668329834938049,0.7001749873161316,176581,0.0,0.032787228275419356,0.04132274995319496,0.050000531838773954,-0.0047393842760475955,0.005586649088555374,0.01900537782483272,0.04235621981761145,0.017512125180313913,0.024090432166312643,0.027861011675415555,-0.560224145445489,0.8867557367869975,0.0,0.0476195300122491,1.0,1
1997-07-25,NEOG,0.7112889885902405,0.7335169911384583,0.6779469847679138,0.7112889885902405,311547,0.01587317667074961,0.01587317667074961,0.032258396569359915,0.04918084241312881,0.007874094885752948,0.018297719611772647,0.03267472602633446,0.05610594721018389,0.011932284369533065,0.023403396582252718,0.027840789122779607,0.7643291180817868,1.4828686681183736,0.0,0.07812577906018621,0.6,1
1997-07-28,NEOG,0.7224029898643494,0.7335169911384583,0.7112889885902405,0.7335169911384583,355411,0.031250311624074545,0.039370474428764846,0.047619530012249056,0.08196807068854817,0.03125031162407448,0.04513109742921077,0.06066747903323212,0.0851700181581552,0.017497492472242675,0.024764216607407363,0.028545339505393254,0.14079416588829297,1.6036531839584596,0.015384766439291509,0.03030332332686487,1.0,0
1997-07-29,NEOG,0.7335169911384583,0.7446309924125671,0.7112889885902405,0.7224029898643494,409398,-0.015151661663432403,0.015625155812037272,0.06557445655083849,0.06557445655083849,0.012461183064233567,0.022816908918101512,0.04124984507858331,0.06662338209139883,0.020302803563553528,0.02248376311379863,0.02886555604442443,0.15190019442279512,1.7049192616422526,-0.015151661663432434,0.04615429931787453,0.3333333333333333,0
1997-07-30,NEOG,0.7279599905014038,0.7335169911384583,0.7001749873161316,0.7112889885902405,302549,-0.015384766439291542,0.01587317667074961,0.01587317667074961,0.10344767961072221,-0.006211241677217859,0.005498876816681116,0.020327030254371242,0.04814967674024658,0.020247083065308893,0.021382862417058363,0.026507931243800447,-0.2609905275550931,1.195288363530053,-0.02290098649471201,0.04687546743611172,0.3333333333333333,1
1997-07-31,NEOG,0.7446309924125671,0.7446309924125671,0.7001749873161316,0.7224029898643494,229443,0.015625155812037272,0.031746353341499445,0.06557445655083849,0.0400004084520047,0.00308645015079764,0.0148323101635675,0.034208780143748806,0.06243916680243846,0.02080519001324154,0.018129716800303116,0.020565011811058374,-0.2416335866256375,0.8976910111568263,-0.02985103061074608,0.061539065757166035,0.5,0
1997-08-01,NEOG,0.7001749873161316,0.7224029898643494,0.7001749873161316,0.7001749873161316,157461,-0.030769532878582972,-0.015625155812037272,0.0,0.01612919828468007,-0.024768046547381944,-0.01639360597025875,0.0015898412501791604,0.028068024477263368,0.025456372900914098,0.019016321771236817,0.021753218207302978,-0.31372497744537864,0.6190593667714741,0.0,0.031746353341499396,0.0,1
1997-08-04,NEOG,0.7001749873161316,0.7557439804077148,0.7001749873161316,0.7446309924125671,431892,0.06349270668299889,0.015151661663432403,0.05511866420027056,0.08943182236367186,0.03395095165877374,0.040373070901915616,0.0605467137458963,0.09049556985757387,0.03750014857336488,0.02768107891859232,0.02570519705052575,1.7428506106273933,1.6580305311304933,0.06349270668299879,0.0746262157468661,0.8000145876886343,0
1997-08-05,NEOG,0.7446309924125671,0.7668579816818237,0.7224029898643494,0.7224029898643494,296926,-0.02985103061074612,0.0,0.015625155812037272,0.048387594854039984,0.00308645015079764,0.007752014687345136,0.026451115374575035,0.05553796273991907,0.03983739118206002,0.029841061413317653,0.026810155058468167,-0.31249942115158424,1.1443438943673072,-0.02985103061074608,0.06153766310660202,0.0,0
1997-08-06,NEOG,0.7335169911384583,0.7335169911384583,0.7001749873161316,0.7001749873161316,370032,-0.030769532878582972,-0.015625155812037272,0.0,0.04132274995319496,-0.024768046547381944,-0.023256044062035408,-0.007092269917806503,0.021732183218522588,0.041922428623869794,0.031185864787504625,0.027194937807757606,0.24620949327441854,1.3583794392911046,-0.045454984990297306,0.0476195300122491,0.0,0
1997-08-07,NEOG,0.7335169911384583,0.7335169911384583,0.6890609860420227,0.6890609860420227,343039,-0.015873176670749722,-0.046154299317874514,-0.015873176670749722,0.02479364997191702,-0.03125031162407448,-0.037267450063306846,-0.024006537913676018,0.004862168133871511,0.04088007271089191,0.03161132607653495,0.02749784058993254,-0.07294774505988666,1.2428676835163577,-0.06060664665372974,0.06451679313871991,0.0,1
1997-08-08,NEOG,0.7112889885902405,0.7224029898643494,0.6890609860420227,0.7224029898643494,223819,0.048387594854039984,0.031746353341499445,0.015625155812037272,0.048387594854039984,0.009316862515826634,0.007752014687345136,0.020809003224192515,0.05110004628429896,0.04531017356010064,0.035043352346897025,0.02901058084120203,-0.34754065864231176,0.7926705097416177,0.01562515581203724,0.04615429931787453,1.0,1
1997-08-11,NEOG,0.7001749873161316,0.7335169911384583,0.7001749873161316,0.7335169911384583,436391,0.01538476643929143,-0.014925515305373005,0.0,0.047619530012249056,0.028037661894525567,0.023256044062035408,0.03407789656881696,0.063830381316843,0.034042214961011286,0.03391781290607529,0.02899299886882936,0.9497495744329123,1.4674736368842511,0.0476195300122491,0.045454984990297306,1.0,0
1997-08-12,NEOG,0.7335169911384583,0.7335169911384583,0.7112889885902405,0.7168459892272949,322794,-0.022727492495148605,-0.007692383219645715,-0.007692383219645715,0.05737764948198376,0.006240311740488877,0.0007758028722605074,0.00781257790601862,0.03814615417506058,0.032737761133893054,0.03438782410702675,0.02849449692126055,-0.2603101347186354,1.0368486410541875,-0.022727492495148653,0.031008058749380545,0.25,0
1997-08-13,NEOG,0.7224029898643494,0.7224029898643494,0.7112889885902405,0.7112889885902405,271057,-0.007752014687345099,0.01587317667074961,0.0,0.01587317667074961,-0.004665676168480835,-0.006982225850344877,-0.0007806479033456251,0.02745249071579679,0.028922101091456306,0.03409801684166968,0.02770819318404196,-0.1602786916733273,0.8766816781657077,-0.015384766439291509,0.01562515581203724,0.0,1
1997-08-14,NEOG,0.7224029898643494,0.7335169911384583,0.7112889885902405,0.7224029898643494,278930,0.015625155812037272,0.048387594854039984,0.0,0.06557445655083849,0.0015408472013602457,0.008533831594865891,0.011673267702356695,0.04250240936806296,0.027019595556594295,0.03409801684166968,0.026756679139877303,0.029045551304707207,0.8778753107364815,0.0,0.030769532878583018,0.5,1
1997-08-15,NEOG,0.7112889885902405,0.7446309924125671,0.7112889885902405,0.7335169911384583,419520,0.01538476643929143,0.01538476643929143,0.047619530012249056,0.047619530012249056,0.013825020324491346,0.019305209584243175,0.024844966708871125,0.05786239780143491,0.01763165914822066,0.03247813348643029,0.02602773806521261,0.5040332699960564,1.285763279431925,0.03125031162407448,0.045454984990297306,0.6666666666666666,1
1997-08-18,NEOG,0.7112889885902405,0.7779719829559326,0.7112889885902405,0.7779719829559326,1078605,0.060605265255652574,0.060605265255652574,0.04477518513612,0.10236179773041343,0.062214990939656045,0.076094807120688,0.08149811928577068,0.1198205934743268,0.03155532076501649,0.03190947123656896,0.029076988578693785,1.571045480549199,2.905619786354695,0.09374951030502582,0.08571387636907912,1.0,1
1997-08-19,NEOG,0.8001999855041504,0.8224279880523682,0.7779719829559326,0.8224279880523682,1062859,0.05714345255406683,0.14728686553562587,0.13846149530305962,0.15625013355317474,0.0914455308638006,0.12206227731187322,0.1345343814813902,0.17890752201681384,0.029591928506375632,0.03323161128256645,0.03130972245319867,-0.014598486007389222,2.6976873336168437,0.027778059173811973,0.054054586835880894,1.0,0
1997-08-20,NEOG,0.8001999855041504,0.8224279880523682,0.8001999855041504,0.8113139867782593,540990,-0.013513646708970262,0.14062497774113747,0.15873031952789263,0.15873031952789263,0.04885053707049348,0.09036588981551236,0.11068839344790303,0.15891434313532918,0.0313989883637319,0.031051602417439667,0.031230236188057113,-0.49100492163118536,1.34922942860948,0.013889029586905986,0.027397534013293083,0.5,0
1997-08-21,NEOG,0.8224279880523682,0.8224279880523682,0.7613009810447693,0.7835289835929871,417271,-0.03424691751661635,0.08461481276553928,0.13709671489832864,0.11904737785101838,-0.0028291406815347197,0.039822598292178095,0.06656536699936719,0.11585927309327444,0.04205004844526963,0.033542603954125186,0.03259241159278176,-0.22868999426976466,1.0103494773687054,-0.04729776348139578,0.07801499151606622,0.36363636363636365,1
1997-08-22,NEOG,0.7446309924125671,0.8224279880523682,0.7446309924125671,0.8001999855041504,416146,0.021276815868018106,0.09090858858251738,0.10769196242447654,0.1249998219291002,0.0013908346931108544,0.05109473506773664,0.08270656075007582,0.13618437791453375,0.04207340703143994,0.03143237359533405,0.0326995939999555,-0.0026960895916562366,0.9950250659540706,0.0746262157468661,0.09722194082618803,0.7142819929559606,1
1997-08-25,NEOG,0.8891109824180603,0.922452986240387,0.8779969811439514,0.8946679830551147,3104224,0.11805548520654696,0.15000026049240422,0.21969633132361577,0.21969633132361577,0.08783773960616434,0.1508218349834538,0.19747090954825464,0.2627450848032802,0.060389161166474595,0.04635296138320752,0.04090262862402894,6.459458939891288,5.586479535506228,0.006250064105542158,0.0496899474871416,0.375,1
1997-08-26,NEOG,0.9335669875144958,1.089161038398743,0.8946679830551147,1.0113639831542969,3035616,0.13043497957833283,0.22972952993654472,0.41085253785749676,0.3999997194698872,0.1757107251971219,0.25344356076630603,0.32798243474839067,0.4132631374918875,0.07566564272744992,0.05483306825002532,0.04833117852888061,-0.02210149783005355,4.418795239790724,0.08333306198725567,0.19230767417387423,0.6000008580923619,0
1997-08-27,NEOG,1.0224779844284058,1.0224779844284058,0.9669079780578612,0.9891359806060792,1764684,-0.02197824217438682,0.21917777423504536,0.3906246215993383,0.3906246215993383,0.10421829211102877,0.18508635243210314,0.2755281679315151,0.36944133294533893,0.07736105509544183,0.05626876110061008,0.04859285480318128,-0.4186735081116979,2.3216931212754575,-0.032609018805393325,0.05618035079109629,0.4000000000000032,0
1997-08-28,NEOG,0.9669079780578612,1.000249981880188,0.8446559906005859,0.9335669875144958,1410397,-0.056179326382945094,0.19149004958755644,0.2923077570454107,0.2923077570454107,0.008403664862874409,0.09090941383344421,0.18769909734700266,0.2826390407783723,0.08321566539192493,0.06315838975012586,0.051329498557960394,-0.20076512282085635,1.7218175835134883,-0.03448207202751014,0.16666612397451133,0.5714295017610098,1
1997-08-29,NEOG,0.922452986240387,0.9891359806060792,0.922452986240387,0.9446809887886048,824419,0.011904878195938107,0.18055611834762408,0.287878808809062,0.3492069923972847,-0.010476979165665005,0.07731348508176551,0.18343232070410295,0.28768427246227024,0.08379908437203519,0.0632433023311419,0.05024129369073532,-0.4154702541199393,0.9670824747849085,0.024096623762704553,0.07058784410513227,0.33333839848760566,0
1997-09-02,NEOG,0.9669079780578612,1.0113639831542969,0.9446809887886048,0.9446809887886048,2198825,0.0,0.05590119092303447,0.21428664461572944,0.2686565539367167,-0.02073711179006877,0.05721427449261044,0.16878689046266768,0.278196047435048,0.07065814994491504,0.06260305360097729,0.04909118575153779,1.667120723806705,2.3371188673116596,-0.022987698699003054,0.07058784410513204,0.0,1
1997-09-03,NEOG,0.9724649786949158,1.000249981880188,0.9446809887886048,0.9557949900627136,841290,0.011764819453348618,-0.05494460354250663,0.16216252844966816,0.32307728992399376,0.002331237641799012,0.053921993094789414,0.1657070146320281,0.283199719362071,0.028833623290913313,0.061347457584136116,0.04804723972837153,-0.6173911066137596,0.869060480014677,-0.01714199379660324,0.05813902946691218,0.200003646922157,1
1997-09-04,NEOG,0.9335669875144958,0.9780219793319702,0.9335669875144958,0.9724649786949158,484754,0.017440966740271735,-0.016854105237328998,0.19862962372507553,0.38888848689455435,0.02339118927337704,0.05358172667483359,0.16666613989337606,0.29495292339097606,0.030393371894430504,0.06042465336701494,0.04681598297626305,-0.4237967882656397,0.4978057192501603,0.041665988301472515,0.0457137200736366,0.8749971508290753,1
1997-09-05,NEOG,0.9780219793319702,0.9891359806060792,0.9557949900627136,0.9780219793319702,316046,0.005714345255406705,0.047618427399441554,0.24822693201099844,0.41935474383732574,0.019698287124164826,0.03773547377011229,0.153341629138808,0.291647935584308,0.006679480865177947,0.057710109581681525,0.046250100267339965,-0.3480280719705252,0.3250058088903608,0.0,0.03409022624025165,0.666656536204185,0
1997-09-08,NEOG,0.9780219793319702,0.9891359806060792,0.9669079780578612,0.9669079780578612,255311,-0.011363754096508472,0.023528566291737052,0.208332911239282,0.33846065371272105,0.0034598219104551987,0.008110793039292909,0.12403048270261188,0.2672973647322292,0.011106376137992454,0.05878447556557722,0.04615689157305806,-0.1921713927719383,0.2621245475325138,-0.01136375409650847,0.022988746657014177,0.0,0
1997-09-09,NEOG,0.9891359806060792,0.9891359806060792,0.9669079780578612,0.9669079780578612,226068,0.0,0.023528566291737052,0.0807450320911911,0.31818075073784935,-0.0011483267541317677,0.0005746294926416815,0.10898614236633991,0.25777019495733255,0.011106376137992454,0.04787570649285287,0.04628953059912108,-0.11453873902808731,0.2346344327493489,-0.022472140316438696,0.022988746657014177,0.0,0
1997-09-10,NEOG,0.9557949900627136,0.9780219793319702,0.922452986240387,0.9669079780578612,484754,0.0,0.011626957779322877,-0.04395648434877408,0.3488364203587355,-0.0034364620053864412,0.005198937975617831,0.09330776570430355,0.24838520127862876,0.01046622905063398,0.0216101195399838,0.045591423456205024,1.1442840207371234,0.4989294333824316,0.011626957779322974,0.05747081868452421,0.7999963530778395,0
1997-09-11,NEOG,0.9669079780578612,0.9669079780578612,0.922452986240387,0.9669079780578612,428518,0.0,-0.005714345255406816,-0.022472140316438738,0.35937430997526354,-0.0022936019622570676,0.007527158304038922,0.07773264414529864,0.238081207822798,0.006233086811788916,0.020707770785814275,0.04541131977649477,-0.11600935732350837,0.43750373610964843,0.0,0.045976445356017116,1.0,1
1997-09-12,NEOG,0.9724649786949158,0.9780219793319702,0.9557949900627136,0.9724649786949158,455511,0.005747186664253556,-0.00568187704825418,0.0416659883014725,0.3461530369323669,0.004592470574274861,0.009226998945725312,0.06902840825697691,0.23639920932737163,0.006242112939052426,0.008228201200229832,0.04547390393845953,0.0629915196094446,0.46090804888927384,0.0,0.022856339052009914,0.7499886030565261,0
1997-09-15,NEOG,0.9780219793319702,1.000249981880188,0.9669079780578612,0.9724649786949158,524119,0.0,0.005747186664253556,0.029410976018411583,0.32575658156956555,0.003440402943385945,0.006325329698389629,0.05517007112847517,0.22755292418602804,0.0025702200121335414,0.007828347453073434,0.04561315991692678,0.15061765797093818,0.527537256785933,-0.005681877048254178,0.034286071532440156,0.16666666666666943,0
1997-09-16,NEOG,0.9780219793319702,0.9780219793319702,0.9613509774208068,0.9669079780578612,253062,-0.005714345255406816,0.0,0.023528566291737052,0.24285706843074162,-0.002293601962257296,-0.0017212928373209876,0.03849565567667975,0.21186749920251946,0.0040522734526499396,0.00826253739977223,0.04453182626686357,-0.5171669029361652,0.26575353859182194,-0.01136375409650847,0.017241559992760575,0.3333333333333311,1
1997-09-17,NEOG,0.9724649786949158,0.9891359806060792,0.9669079780578612,0.9724649786949158,398150,0.005747186664253556,0.005747186664253556,0.017440966740271735,0.1824317664551489,0.0022909746702575893,0.0022909746702575893,0.03611581968062507,0.2102347607629072,0.004796673480143311,0.007701471411696913,0.04324326412880965,0.5733298559246351,0.43323900152093386,0.0,0.022857381021626922,0.2500000000000025,1
1997-09-18,NEOG,0.9780219793319702,1.0558199882507324,0.9780219793319702,1.0558199882507324,668083,0.08571517883110014,0.09195498662805601,0.08571517883110014,0.30137037627492447,0.06861712665004682,0.07893324207308516,0.11046236295726368,0.3015488024569069,0.03798529766753376,0.0276297836023374,0.04609209464583661,0.6779681024739419,0.7219690361311417,0.07954627867555848,0.07368491767962912,1.0,1
1997-09-19,NEOG,1.0558199882507324,1.0780470371246338,1.0447059869766235,1.0780470371246338,1111222,0.021051930368098937,0.10857157917544047,0.10227281176337666,0.37588661006653634,0.06828188082243919,0.09050034917891805,0.11654664299615645,0.31578921906172003,0.03733200255995644,0.02787734426445877,0.04466855961141392,0.6632993205933992,1.1574506362857861,0.021051930368098853,0.0309272684770207,1.0,1
1997-09-22,NEOG,1.089161038398743,1.1225030422210691,1.066933035850525,1.089161038398743,1157336,0.010309384369491248,0.12000026968625388,0.1264371203001553,0.3611110449002799,0.05489774435189154,0.08828443485354412,0.1114261410240345,0.3164963892557239,0.03612244346948408,0.026845029790679615,0.04468036437469566,0.041498458453846254,1.1606793950313576,0.0,0.05102092749502116,0.4000000000000056,0
1997-09-23,NEOG,1.089161038398743,1.1002750396728516,1.0113639831542969,1.0224779844284058,783929,-0.061224237389516656,0.0574718666425349,0.0574718666425349,0.14285746645011832,-0.02023413012666323,0.016013606143804888,0.03661998174644074,0.2263398563320717,0.05224724439409763,0.035533750011420034,0.04105622147767853,-0.3226435538166963,0.8897115178252937,-0.06122423738951669,0.08695645077214889,0.12500134077013836,0
1997-09-24,NEOG,1.0447059869766235,1.0447059869766235,0.9446809887886048,0.9446809887886048,403774,-0.0760867195427114,-0.028570684307416494,-0.02298769869900308,-0.06593372462970004,-0.08993550516027271,-0.0592136717913548,-0.0390046133107319,0.12582828160719906,0.06586400476270363,0.04411094116718892,0.03383771778849408,-0.4849354979851491,0.5387154265318556,-0.09574463957796468,0.10588230246517821,0.0,1
1997-09-25,NEOG,1.0558199882507324,1.089161038398743,1.0113639831542969,1.066933035850525,2392277,0.1294109318519132,0.010525513556723265,0.10344837364314108,0.07865152695868627,0.025640722990933132,0.05205456593207147,0.08108082644263188,0.2605038040229562,0.08173763847412094,0.06051497419690163,0.04456706612016833,4.9247920866623405,3.0635174058905053,0.010525513556723263,0.07291653049474534,0.7142822118603922,0
1997-09-26,NEOG,1.0780470371246338,1.1225030422210691,1.0447059869766235,1.0558199882507324,849163,-0.010415881059427035,-0.020617884107529627,0.08571517883110014,0.13095257477100786,0.019313669617482807,0.032609205410629075,0.06323505260350644,0.23633581130614764,0.08137373428144712,0.06090019594401191,0.04239825963615739,-0.6450398511543605,1.1279603358285606,-0.020617884107529606,0.07368401442497659,0.14285889406980332,1
1997-09-29,NEOG,1.1002750396728516,1.1780719757080078,1.0558199882507324,1.1225030422210691,1014496,0.06315759761360096,0.030612556497012333,0.15428634121869367,0.18823502911865653,0.07675907780385961,0.0819498251556511,0.12035527262038315,0.3015466196078226,0.0865736719118434,0.06300051815640505,0.04422008490488614,0.19470113511775722,1.3307755756528894,0.020202223759276296,0.10891016136168183,0.5454557865052384,1
1997-09-30,NEOG,1.1780719757080078,1.2892110347747805,1.1336170434951782,1.2669830322265625,1867033,0.12871233713506425,0.23912988985757178,0.31034499764024526,0.34117553678226975,0.16089571768380154,0.18688145730783692,0.24454128273529518,0.4501967560873872,0.08968897616463385,0.0715655398513083,0.05151889902716161,0.8403552108633252,2.50358165420664,0.07547166756523527,0.12280668905736292,0.857140996477979,0
1997-10-01,NEOG,1.311439037322998,1.322553038597107,1.2336419820785522,1.25586998462677,1990752,-0.008771267899509883,0.32941172684888365,0.2914295240865068,0.3139533034635045,0.08863231131487642,0.14604494243915025,0.2157079830697648,0.4197768776442643,0.06934738643411889,0.07224807120955513,0.051811534318132825,0.0662650312019124,2.478470661572657,-0.04237257784369413,0.07079638625568237,0.2500026815402767,1
1997-10-02,NEOG,1.2669830322265625,1.3003250360488892,1.25586998462677,1.2892110347747805,1017870,0.02654817023747813,0.20833359869400114,0.22105193036809911,0.32571461494166076,0.07606655221589691,0.15193626802917165,0.22913907724333143,0.4383135312262668,0.058110636205767674,0.06937902972948295,0.05187436233438287,-0.48870075227853593,1.2265360379537273,0.017544041224573537,0.03448236962219707,0.7499946368619257,0
1997-10-03,NEOG,1.2725399732589722,1.3003250360488892,1.1780719757080078,1.2225279808044434,1049363,-0.05172392430071493,0.1578943327544977,0.13402100159300012,0.25000051802463674,-0.007220153350305345,0.07843141430307592,0.15213430514375673,0.3482045757425238,0.0689654323177986,0.07323092824753957,0.05398731911524525,0.030940100405749238,1.2109810798595402,-0.03930092060404845,0.1000002145230548,0.36363920029877145,0
1997-10-06,NEOG,1.2002999782562256,1.2114139795303345,1.155845046043396,1.155845046043396,672582,-0.05454511946398877,0.029703263660073365,0.06122511299402533,0.19540336027119687,-0.06642694902573988,0.013645563479056388,0.07967873048832316,0.2622896771342843,0.07529211078880914,0.07649091905698947,0.055826360790686175,-0.35905687545682474,0.7579216254709951,-0.03703651838552303,0.04807645598963112,0.0,0
1997-10-07,NEOG,1.155845046043396,1.1891859769821167,1.1002750396728516,1.144731044769287,803049,-0.009615476842811721,-0.09649062722050272,0.11956546957754233,0.18390898694268998,-0.05677642688951071,-0.006750023488670197,0.06048946801003661,0.23902365163341754,0.033910585841076535,0.0729211616173926,0.055961841610905984,0.19397932148050345,0.8764497851382941,-0.009615476842811692,0.07766971789184292,0.5000060334737122,1
1997-10-08,NEOG,1.1113890409469604,1.2447559833526611,1.1113890409469604,1.1891859769821167,710822,0.0388343903277204,-0.0530978592218454,0.25882281012879127,0.22988537065411818,-0.009259549851184564,0.010386886357453832,0.09044567932127111,0.2742643878036419,0.04314457503204293,0.06592456011052442,0.056272566769322394,-0.11484604301854562,0.7663390079440525,0.06999973291878897,0.1121497772317797,0.5833299814169757,0
1997-10-09,NEOG,1.144731044769287,1.2002999782562256,1.144731044769287,1.1780719757080078,265434,-0.009345889952649511,-0.0862070336577504,0.10416674348159671,0.2183909973256113,-3.6428443665045796e-07,-0.008419448002074358,0.06989625792773888,0.24985227508597516,0.038228238469923674,0.05528838936153348,0.05641483471999479,-0.6265816195897145,0.28870307836724407,0.02912555843668968,0.047169387467639386,0.5999922770977333,1
1997-10-10,NEOG,1.1891859769821167,1.1891859769821167,1.166957974433899,1.1891859769821167,206948,0.009434059635812675,-0.02727299852915188,0.12631508232037092,0.22285738102162678,0.015180051308463515,-0.01017597420611127,0.0694650782120879,0.2492700799005923,0.034002546850881527,0.05477672814390838,0.056401449132528335,-0.2203410263945086,0.22817432753250041,0.0,0.01869177990529907,1.0,1
1997-10-13,NEOG,1.2002999782562256,1.2114139795303345,1.1780719757080078,1.2114139795303345,217071,0.018691779905299022,0.04807645598963117,0.07920774729780633,0.24571476204325338,0.02443615560028961,0.0009182631538372797,0.07787391204583693,0.25909671121289074,0.020405384534605442,0.05201194032437296,0.056354416616417026,0.04891566963681693,0.24345663537683282,0.009259353057937325,0.027523212036279592,1.0,0
1997-10-14,NEOG,1.2002999782562256,1.2336419820785522,1.1780719757080078,1.1780719757080078,457761,-0.02752321203627961,0.029125558436689625,-0.0701754121855166,0.2183909973256113,-0.009345889952649535,-0.019426750893994104,0.03845181320543502,0.21350857078408644,0.025545408852424574,0.031364301776806366,0.05693360394404069,1.1088077172906559,0.5075767382976712,-0.01851870611587465,0.04717029817906287,0.0,0
1997-10-15,NEOG,1.1780719757080078,1.2002999782562256,1.1336170434951782,1.1336170434951782,403774,-0.03773532783182676,-0.04672854756323297,-0.09734522094492448,0.16571503172950708,-0.037735503100880835,-0.04672872912751896,-0.007781884215197387,0.15790702227498798,0.023849319029797054,0.03286774210875239,0.05798213439042942,-0.11793708944187031,0.44757506052711843,-0.037735327831826815,0.058823158264672826,0.0,0
1997-10-16,NEOG,1.1113890409469604,1.1225030422210691,1.0447059869766235,1.066933035850525,646713,-0.05882410468975707,-0.09433968564670225,-0.17241397484864573,0.010525513556723265,-0.0769233006490891,-0.08571459567824256,-0.06660217938287516,0.08168980008657983,0.03255226524896791,0.03348852808214764,0.056947555276857,0.6016707366001772,0.7177179491746715,-0.04000039901289359,0.07291653049474492,0.28570552965098633,0
1997-10-17,NEOG,1.066933035850525,1.0780470371246338,1.0113639831542969,1.0224779844284058,464509,-0.04166620577708613,-0.14018664513415968,-0.16363633349676088,-0.05154603721600293,-0.0891087479115859,-0.1085270064962348,-0.10331374345838912,0.0296588099706972,0.029163574914340577,0.03250766898278764,0.05756765768529267,-0.2817385764628204,0.5346972049403452,-0.04166620577708609,0.0652171049018866,0.16666905026654605,1
1997-10-20,NEOG,1.0558199882507324,1.1113890409469604,1.0113639831542969,1.1113890409469604,473507,0.08695645077214897,-0.08256875046311896,-0.03846190737124677,0.020408370998008296,0.008064619023656143,-0.027237242843711724,-0.026290133598183333,0.11049427618828338,0.05851838610406108,0.04342391474880542,0.06082745120955132,0.019370991735359278,0.5673859060428821,0.05263118080222562,0.0900000396867663,1.0,0
1997-10-21,NEOG,1.1225030422210691,1.144731044769287,1.0780470371246338,1.0780470371246338,401525,-0.030000299259670182,-0.08490562601088969,-0.05825299134618389,0.0543474319667554,-0.0041069937167202905,-0.05088075428168531,-0.05779528955625391,0.06981339324963608,0.05865321677675969,0.044235719172880224,0.0594859622653409,-0.1520188719490947,0.4924142573441957,-0.039604351546764026,0.06185630621694658,0.0,0
1997-10-22,NEOG,1.1225030422210691,1.1225030422210691,1.066933035850525,1.0780470371246338,169833,0.0,-0.04902008724146423,-0.09345799732648064,0.14117575130526183,0.006223951660200746,-0.04150210091671108,-0.06325468281297245,0.0621986535145646,0.05761671997735601,0.04157292484848388,0.056430620332198,-0.5770300728472697,0.21130758677013667,-0.039604351546764026,0.051546921847455275,0.2000000000000008,0
1997-10-23,NEOG,1.1113890409469604,1.1113890409469604,1.0224779844284058,1.0780470371246338,358785,0.0,0.010416774905886328,-0.08490562601088969,0.010416774905886328,0.004140651114467565,-0.03290142682884474,-0.0637067845164512,0.05457688188715923,0.05037548635571481,0.04166925638478266,0.04867201917862464,1.1125752945540621,0.5110537077513765,-0.03000029925967019,0.08247419032447618,0.6249959776895849,1
1997-10-24,NEOG,1.089161038398743,1.1002750396728516,1.0447059869766235,1.089161038398743,212572,0.010309384369491248,0.06521710490188681,-0.0841121073738309,0.03157834717947461,0.0020450106333710478,-0.014084541998690817,-0.05542178504956681,0.057858292798383004,0.04376869665965387,0.04171100253716316,0.04862314283918432,-0.4075226110344635,0.3171675209011609,0.0,0.05102005189051221,0.79999656760636,0
1997-10-27,NEOG,1.1113890409469604,1.1113890409469604,0.9557949900627136,0.9669079780578612,361035,-0.11224516488453817,-0.13000043869965994,-0.20183521537969074,-0.13861438081747712,-0.08613461970896576,-0.10493853488156203,-0.15574995517758145,-0.06511962062027116,0.050308678606282284,0.051751418333739314,0.05277536439332455,0.6984127730839433,0.5662877507521408,-0.13000043869966,0.16091919232766516,0.0714229620733702,1
1997-10-28,NEOG,0.9335669875144958,1.0947179794311523,0.8891109824180603,1.0447059869766235,819920,0.0804606132995489,-0.030927268477020653,-0.11320699539706214,-0.17543806001830597,-0.006342015048637188,-0.020832918532822084,-0.07888255967553096,0.004918085124903253,0.06907773551801616,0.06074104378015681,0.047082819917582695,1.2710263547855472,1.4011145928788238,0.1190476965750698,0.1968084796834736,0.7567592874704342,1
1997-10-29,NEOG,1.089161038398743,1.166957974433899,1.0780470371246338,1.1336170434951782,223819,0.08510629557686666,0.051546921847455573,0.0,-0.09734522094492448,0.06694592216415904,0.0625003645216614,0.0049264063505849,0.08395358508270381,0.0800194791692677,0.06669970327305809,0.05152802368546525,-0.7270233681334765,0.45048089483110015,0.040816741996016884,0.07843119316125853,0.6250075418421402,0
1997-10-30,NEOG,1.0780470371246338,1.1336170434951782,1.0780470371246338,1.1336170434951782,113597,0.0,0.051546921847455573,0.06250064943531819,-0.12068931081309264,0.05590082319115968,0.05590091698623055,0.011905041231686727,0.07731339063163092,0.0800194791692677,0.0632428420913742,0.05104355716037336,-0.4924604256117666,0.2515261631205744,0.051546921847455476,0.04902008724146427,1.0,0
1997-10-31,NEOG,1.1336170434951782,1.1336170434951782,1.0780470371246338,1.1113890409469604,77606,-0.01960803489658569,0.020408370998008296,0.08695645077214897,-0.09090911750285802,0.03092778831201462,0.026694137661266736,-0.0029909447145633284,0.04964848347991951,0.08135281352790924,0.06168782412981469,0.04999640474548839,-0.31683055010255556,0.1925501267730424,-0.01960803489658571,0.05000049876611699,0.6,1
1997-11-03,NEOG,1.089161038398743,1.155845046043396,1.089161038398743,1.144731044769287,138340,0.030000299259670182,0.18390898694268998,0.030000299259670182,-0.009615476842811721,0.027944213909509828,0.05424806572152593,0.027431809826798426,0.07414788113248025,0.04692855926327377,0.05618714755510869,0.0490239274062355,0.7825941293198979,0.3676019249012173,0.05102092749502116,0.05825299134618369,0.8333333333333328,0
1997-11-04,NEOG,1.144731044769287,1.144731044769287,1.0780470371246338,1.089161038398743,141715,-0.048544159455153,0.04255269135651463,0.010309384369491248,-0.048544159455153,-0.029703263660072966,0.0020448347955195354,-0.020000089134341634,0.018287509909642098,0.051095906898748995,0.05773345030586237,0.05021185147193875,0.024396414630620145,0.4128451458540839,-0.048544159455153044,0.06122511299402563,0.16666666666667,1
1997-11-05,NEOG,1.0780470371246338,1.1336170434951782,1.0780470371246338,1.1113890409469604,92227,0.020408370998008296,-0.01960803489658569,0.0309281531084733,-0.06542032746853199,-0.005964273851849576,0.019368010458316584,0.0035123929947050688,0.03712933006940988,0.03160127957346001,0.05799350066557027,0.04960233075128414,-0.34920791729880396,0.2952827344909489,0.03092815310847329,0.05000049876611699,0.6,0
1997-11-06,NEOG,1.066933035850525,1.144731044769287,1.066933035850525,1.066933035850525,218195,-0.04000039901289354,-0.05882410468975707,-0.010309384369491137,-0.09433968564670225,-0.03420557465616638,-0.02040854254494796,-0.03177034930751397,-0.005799813508214496,0.035322407202120175,0.05969957035038652,0.05030322316424077,1.3658473115248246,0.7039170558946178,0.0,0.07291742434120443,0.0,0
1997-11-07,NEOG,1.066933035850525,1.1002750396728516,1.0113639831542969,1.066933035850525,212572,0.0,-0.04000039901289354,-0.02040837099800874,-0.10280388727913015,-0.026369435132851327,-0.01840526794962581,-0.026369466907633133,-0.008264761165653495,0.035292413161122395,0.05960199031526362,0.050217354845909876,-0.02577052636403221,0.6851551858510677,0.0,0.08333330540063148,0.6249959776895849,0
1997-11-10,NEOG,1.066933035850525,1.066933035850525,1.0224779844284058,1.066933035850525,38240,0.0,-0.06796182323721456,0.10344837364314108,-0.1192663665114917,-0.012345805712101811,-0.027355984136812252,-0.019908399626880867,-0.010513580446367783,0.029345190988473716,0.044983915825175504,0.04994186601427692,-0.8201080104623375,0.12691153446300307,0.0,0.04166620577708609,1.0,0
1997-11-11,NEOG,1.0335919857025146,1.0447059869766235,1.000249981880188,1.000249981880188,206948,-0.062499755588858785,-0.08163260838752529,-0.04255360422035215,-0.1509432339403124,-0.05857728849551763,-0.08443546565818846,-0.07359756567637249,-0.07331138421072682,0.03381915429753313,0.04305474468576181,0.051359007875389606,4.4118200836820085,0.7166494212034702,-0.03225838075714633,0.04444489467809916,0.0,1
1997-11-12,NEOG,1.0224779844284058,1.0224779844284058,0.9557949900627136,1.0113639831542969,219320,0.011111223669524772,-0.09000003968676629,-0.10784335066447981,-0.10784335066447981,-0.02985050391207388,-0.06378594533470675,-0.05797093403130763,-0.06397851020550636,0.031461577050050156,0.03072503756341743,0.050975183516798694,0.05978313392736334,0.7845496798592303,-0.010869672935131145,0.06593372462970018,0.8333308007561977,0
1997-11-13,NEOG,1.0113639831542969,1.0335919857025146,0.9669079780578612,0.9780219793319702,317171,-0.03296736326158045,-0.08333330540063144,-0.13725540300935835,-0.08333330540063144,-0.04555324047413798,-0.08141982313443945,-0.08523932191258791,-0.0949297666885419,0.030386437641518983,0.031189121818251647,0.04983883357162318,0.44615630129491146,1.2056442385690904,-0.03296736326158047,0.06818252457905025,0.16666666666666805,0
1997-11-14,NEOG,0.9780219793319702,0.9891359806060792,0.9557949900627136,0.9780219793319702,205824,0.0,-0.08333330540063144,-0.12000033894643647,-0.043478691740524544,-0.028697676544122506,-0.06976760798165649,-0.0833335512083494,-0.0949297666885419,0.030386437641518983,0.031427498542138,0.04900840036500089,-0.3510629912570822,0.8228432716319481,0.0,0.03409022624025165,0.666656536204185,0
1997-11-17,NEOG,0.9891359806060792,1.000249981880188,0.9557949900627136,0.9557949900627136,197951,-0.022726472143743237,-0.10416590550054117,-0.16504842388078356,-0.13999962672987376,-0.029344845168266402,-0.07427282310644753,-0.09758606065436057,-0.11531685748126837,0.02889503261052031,0.027760749804512857,0.04457532834095303,-0.03825112717661694,0.837498770412475,-0.03370718606650661,0.046511011545014996,0.0,1
1997-11-18,NEOG,0.9669079780578612,1.000249981880188,0.9557949900627136,0.9669079780578612,105724,0.011626957779322877,-0.03333367100857443,-0.11224516488453817,-0.1030929590634585,-0.011363958951638914,-0.052287840776927955,-0.08227881803106307,-0.10503068393512431,0.020277881975307332,0.02679375280191385,0.044394698309350944,-0.465908229814449,0.477159106141318,0.0,0.045976445356017234,0.24998290497444883,0
1997-11-19,NEOG,0.9669079780578612,0.9780219793319702,0.9446809887886048,0.9557949900627136,114721,-0.011493325370496188,-0.05494460354250663,-0.13999962672987376,-0.1134014035120311,-0.011493739735717969,-0.04867196969832692,-0.08753266725642109,-0.11513481994512875,0.01770052979710827,0.02436055125458962,0.044408062077308304,0.08509893685445125,0.5242852265918878,-0.011493325370496195,0.03488299362311758,0.33334346379581054,0
1997-11-20,NEOG,0.9446809887886048,0.9780219793319702,0.9446809887886048,0.9557949900627136,58485,0.0,-0.022726472143743237,-0.10416590550054117,-0.1134014035120311,-0.006928053912960419,-0.03803079758429006,-0.08217670142662621,-0.11495270747937203,0.013054577070103884,0.02298912255318263,0.044408062077308304,-0.4901979585254661,0.2869737893837608,0.011764819453348608,0.03488299362311758,0.33334346379581054,0
1997-11-21,NEOG,0.9557949900627136,0.9780219793319702,0.9557949900627136,0.9557949900627136,47238,0.0,-0.022726472143743237,-0.10416590550054117,-0.12244842005375134,-0.0023199966552329056,-0.027148876823719068,-0.07626164910957019,-0.11467938987715341,0.013054577070103884,0.02298912255318263,0.04428000486139174,-0.19230571941523467,0.24158656059046993,0.0,0.02325497570122039,0.0,0
1997-11-24,NEOG,0.9780219793319702,0.9780219793319702,0.9557949900627136,0.9557949900627136,167583,0.0,0.0,-0.10416590550054117,-0.011493325370496188,-0.0023199966552329056,-0.01601794379745303,-0.07576532275837235,-0.11440590341257285,0.008174336421847578,0.02298912255318263,0.036472640466152825,2.54763114441763,0.9016635119590143,-0.02272647214374318,0.02325497570122039,0.0,1
1997-11-25,NEOG,0.9557949900627136,0.9669079780578612,0.9557949900627136,0.9669079780578612,119220,0.011626957779322877,0.0,-0.03333367100857443,-0.07446880738561623,0.009279986620931506,-0.0011486404198120807,-0.061489117717158516,-0.10410913824193316,0.008174336421847578,0.014987176669052622,0.031376496890398196,-0.28859132489572337,0.7904535593615905,0.011626957779322974,0.011493325370496195,1.0,0
1997-11-26,NEOG,0.9669079780578612,0.9780219793319702,0.9557949900627136,0.9557949900627136,97851,-0.011493325370496188,0.0,-0.05494460354250663,-0.15686254406003108,-0.0023199966552329056,-0.006928053912960419,-0.06419979147027462,-0.11413224792909078,0.008174336421847578,0.014262205121535872,0.023475812810306442,-0.17924006039255158,0.6770458545981911,-0.011493325370496195,0.02325497570122039,0.0,1
1997-11-28,NEOG,0.9780219793319702,1.000249981880188,0.9780219793319702,1.000249981880188,78730,0.04651101154501491,0.04651101154501491,0.02272750819301672,-0.11764736811277265,0.034482469529006465,0.03686609322368054,-0.014238886511075535,-0.07197369335714206,0.022335019074866982,0.01872752921049898,0.026449209633198394,-0.1954093468641097,0.5513959815258184,0.02272750819301671,0.02222244733904958,1.0,0
1997-12-01,NEOG,1.0113639831542969,1.0113639831542969,0.9780219793319702,1.000249981880188,127093,0.0,0.04651101154501491,0.02272750819301672,-0.10000013943998964,0.025056782030473443,0.034482469529006465,-0.008810678717507988,-0.07063206393406947,0.022335019074866982,0.01872752921049898,0.02627728986266044,0.614289343325289,0.8749502607096094,-0.010989121087193491,0.033333671008574366,0.6666666666666666,0
1997-12-02,NEOG,1.000249981880188,1.0113639831542969,0.9557949900627136,0.9557949900627136,149588,-0.044443881652376005,0.0,0.0,-0.16504842388078356,-0.020500720277054355,-0.011493946918198413,-0.04391282782883658,-0.10973042469156637,0.033184509999409806,0.022785358900333605,0.026342619842565033,0.1769963727349264,1.0258414838039829,-0.044443881652376054,0.058139029466912295,0.0,0
1997-12-03,NEOG,0.9557949900627136,1.0113639831542969,0.9446809887886048,0.9557949900627136,143964,0.0,-0.011493325370496188,-0.011493325370496188,-0.12244842005375134,-0.01826460256175997,-0.010356518179649735,-0.03749257520010267,-0.10862312996510466,0.032606972824480794,0.02243330074732181,0.024655124607271046,-0.03759659865764631,0.9865125768978413,0.0,0.06976704738880948,0.1666691992438009,1
1997-12-04,NEOG,0.9669079780578612,0.9669079780578612,0.9446809887886048,0.9669079780578612,53987,0.011626957779322877,0.011626957779322877,0.011626957779322877,-0.13000043869965994,-0.0091121235068384,-6.287744111103889e-07,-0.019166185108328685,-0.09863281659136389,0.03254309969501853,0.02241497775418158,0.02423054727708223,-0.6249965269095051,0.3748570079554785,0.0,0.022987698699003054,1.0,0
1997-12-05,NEOG,0.9335669875144958,0.9669079780578612,0.9335669875144958,0.9335669875144958,141715,-0.03448207202751019,-0.06666632899142566,-0.023256035843794653,-0.12499945531231382,-0.030022970686627473,-0.032257962867223544,-0.046537822861507844,-0.12754444694685452,0.024462354164093786,0.025138184102241876,0.023859444260647764,1.6249837923944654,1.010833028700839,0.0,0.03571354920350337,0.0,1
1997-12-08,NEOG,0.9335669875144958,0.9669079780578612,0.9335669875144958,0.9669079780578612,107973,0.03571354920350345,-0.03333367100857443,0.011626957779322877,-0.09375008030651788,0.011627386767027802,0.001150234874052061,-0.007416351692486601,-0.09488180432044682,0.03307335620610467,0.027854372446643426,0.02563261610270684,-0.2380975902339202,0.799999703629721,0.03571354920350337,0.03448207202751014,1.0,0
1997-12-09,NEOG,0.9557949900627136,0.9669079780578612,0.9335669875144958,0.9335669875144958,61860,-0.03448207202751019,-0.023256035843794653,-0.023256035843794653,-0.12499945531231382,-0.018691349884782212,-0.03114165382894382,-0.035037159804446626,-0.12298995682842981,0.030393889149334333,0.03010492947203033,0.026453830304929038,-0.4270789919702148,0.4543608283087509,-0.0232560358437946,0.03571354920350337,0.0,0
1997-12-10,NEOG,0.9335669875144958,0.9335669875144958,0.911338984966278,0.9335669875144958,168708,0.0,-0.023256035843794653,-0.03448207202751019,-0.06666632899142566,-0.014084220678128832,-0.02777763121737423,-0.03170013008350196,-0.11746143198686305,0.030393889149334333,0.029745009769592618,0.02292388626579534,1.72725509214355,1.2568080080276947,0.0,0.02380975639187621,1.0,0
1997-12-11,NEOG,0.9335669875144958,0.9335669875144958,0.8891109824180603,0.8891109824180603,183329,-0.047619512783752205,-0.08045956534153809,-0.06976810753138385,-0.12087933006566765,-0.04534629834301661,-0.06759931777165197,-0.07192604608888448,-0.15361847439656348,0.033959929752967216,0.03290315650132446,0.024688753354882673,0.08666453280223818,1.3842863426227434,-0.04761951278375218,0.050000512844337264,0.0,1
1997-12-12,NEOG,0.8891109824180603,0.911338984966278,0.8779969811439514,0.9002249836921692,185579,0.012500128211084371,-0.0357146345878141,-0.09999999999999998,-0.07954524262628493,-0.026442355107641213,-0.0459365323661956,-0.05649407394907561,-0.13664472728474916,0.03412720336305004,0.028213316804562526,0.024175499833746866,0.012273017362228522,1.474532631103049,0.012500128211084316,0.037037412231749174,0.6666666666666689,0
1997-12-15,NEOG,0.8779969811439514,0.922452986240387,0.8779969811439514,0.8779969811439514,70857,-0.024691608154499556,-0.09195393867004498,-0.12222244733904963,-0.10227275081930165,-0.03186306550245303,-0.057279592010915134,-0.0749418757768728,-0.15236081261892853,0.024720050543310723,0.028309667949394525,0.024595007864745493,-0.6181841695450455,0.5948980671291049,0.0,0.050633437302384975,0.0,1
1997-12-16,NEOG,0.8779969811439514,1.0224779844284058,0.8779969811439514,1.000249981880188,816546,0.1392407985013251,0.07142818379131755,0.04651101154501491,0.04651101154501491,0.08695652173913049,0.06888354615163135,0.0514016887394175,-0.03142496187101658,0.07273191849960618,0.05362012650336472,0.04019850141457482,10.523857911003853,5.442277616503336,0.13924079850132498,0.14444489467809915,0.8461527671949006,0
1997-12-17,NEOG,0.9669079780578612,1.0224779844284058,0.9557949900627136,0.9557949900627136,259810,-0.044443881652376005,0.02380975639187599,0.0,-0.011493325370496188,0.03365440460110761,0.02137821232629621,0.005260453672989392,-0.07107319711691872,0.07770457245651137,0.05594404005089208,0.04149987920617515,-0.6818182931518861,1.6470581522912278,-0.011493325370496195,0.0697670473888096,0.0,1
1997-12-18,NEOG,0.9780219793319702,1.0113639831542969,0.9724649786949158,0.9835789799690248,75356,0.02906898466216923,0.10624995014013394,0.01724155999276067,0.02906898466216923,0.042402610561509874,0.049199500841548616,0.03297308253962681,-0.04023449277623838,0.0715541017080069,0.056568940018023234,0.04188750351225153,-0.7099572764712674,0.4837533445975441,0.005681877048254291,0.039548430020948724,0.2857142857142886,0
1997-12-19,NEOG,1.000249981880188,1.000249981880188,0.9669079780578612,0.9780219793319702,98975,-0.005649775717278538,0.0864195029566115,0.047618427399441554,0.02325497570122037,0.019698502577825593,0.03834782491653047,0.025939580619913822,-0.041916468493043695,0.07263004345978864,0.0551589113327935,0.041922381991422175,0.31343224162641325,0.6272255496105467,-0.02222244733904958,0.03409126228952518,0.33333333333333554,0
1997-12-22,NEOG,0.9780219793319702,0.9780219793319702,0.9557949900627136,0.9669079780578612,95601,-0.011363754096508472,0.1012657205245362,0.0,0.011626957779322877,-0.010239219372153672,0.026548295567534592,0.013690202747426208,-0.04866087833751675,0.07086224922033421,0.05434059840412058,0.04202706694651325,-0.03408941651932307,0.5966997729631045,-0.01136375409650847,0.022987698699003283,0.4999772061130473,0
1997-12-23,NEOG,0.9557949900627136,0.9557949900627136,0.9557949900627136,0.9557949900627136,22494,-0.011493325370496188,-0.044443881652376005,0.02380975639187599,0.0,-0.012628660738711816,0.012360765884283911,0.002039531422365783,-0.054840718791592226,0.02611653811157205,0.05313358025730829,0.042125406331682005,-0.7647095741676342,0.1470563238664817,0.0,0.0,0.5,0
1997-12-24,NEOG,0.9669079780578612,0.9669079780578612,0.9335669875144958,0.9335669875144958,40490,-0.023256035843794653,-0.023256035843794653,0.0,-0.03448207202751019,-0.03114155194537362,-0.011182732373972352,-0.019550397272839092,-0.07233548383691377,0.019849419362553033,0.05381108560224337,0.042375211633294406,0.8000355650395661,0.27169883234591713,-0.03448207202751014,0.03571354920350337,0.0,0
1997-12-26,NEOG,0.9335669875144958,0.9335669875144958,0.9335669875144958,0.9335669875144958,11247,0.0,-0.050846951259678086,0.050000512844337264,-0.023256035843794653,-0.020978805483824626,-0.015816954736366337,-0.01840466613434067,-0.0686326421473582,0.00863300681316405,0.05104382498985744,0.04230240149382744,-0.7222277105458138,0.0777289624873268,0.0,0.0,0.5,1
1997-12-29,NEOG,0.9335669875144958,0.9780219793319702,0.9335669875144958,0.9669079780578612,106848,0.03571354920350345,-0.011363754096508472,0.07407369887936177,-0.03333367100857443,0.016354664874931094,0.012215997614013981,0.01843677023917432,-0.03344116198204101,0.022671027987681676,0.05189349821211157,0.041737828738180466,8.500133368898373,0.7313296965797633,0.03571354920350337,0.045976445356017234,0.749994301658148,0
1997-12-30,NEOG,0.9780219793319702,0.9780219793319702,0.9335669875144958,0.9335669875144958,62984,-0.03448207202751019,-0.03448207202751019,0.06329179662798112,-0.06666632899142566,-0.011764607454135457,-0.0283398375967302,-0.013215616513344566,-0.06510827063038005,0.026984814753767183,0.052671872355564656,0.042405412937965695,-0.41052710392333036,0.44076949912016156,-0.045453980336759896,0.04761842739944154,0.0,1
1997-12-31,NEOG,0.9780219793319702,1.0335919857025146,0.9669079780578612,1.0113639831542969,493752,0.08333306198725565,0.058139029466912406,0.011111223669524772,0.058139029466912406,0.05813947817839645,0.051415354668906225,0.06588581858906772,0.014832173578587163,0.04795301553475772,0.038053704787266246,0.04530036981176543,6.839324272831195,3.0839502510091115,0.03409126228952507,0.06593472652316106,0.6666666666666672,1
1998-01-02,NEOG,1.0447059869766235,1.1336170434951782,1.0224779844284058,1.089161038398743,302549,0.0769229046518034,0.16666618782064746,0.13953415713894723,0.13953415713894723,0.1036034610496153,0.1168089976383334,0.1398661173861073,0.09265230445102007,0.050275154068087635,0.04093170360198924,0.04814064357999829,-0.3872450136910838,1.8005332285920028,0.04255269135651473,0.10204097938553357,0.599996567635811,1
1998-01-05,NEOG,1.089161038398743,1.155845046043396,1.066933035850525,1.155845046043396,366658,0.06122511299402533,0.23809545699627543,0.17514207763955691,0.19540336027119687,0.1206901105317382,0.16461412975986117,0.19781220563881394,0.15774288909400444,0.04783916083426727,0.04344362069317576,0.04961354567024445,0.21189625482153307,1.996324317084412,0.06122511299402542,0.07692381474249353,1.0,0
1998-01-06,NEOG,1.155845046043396,1.2447559833526611,1.089161038398743,1.144731044769287,413897,-0.009615476842811721,0.18390898694268998,0.17045533634242682,0.22619057880033755,0.07291683693966845,0.13436150356465004,0.1734552428853135,0.14508095986038524,0.053848245631649194,0.04369170454891816,0.04874175106310264,0.1288366815942923,2.0980643074804215,-0.009615476842811692,0.1359227092380266,0.3571453197724521,0
1998-01-07,NEOG,1.144731044769287,1.155845046043396,1.1113890409469604,1.1113890409469604,426268,-0.02912649567309189,0.19047594421252345,0.14942586695716908,0.14942586695716908,0.008064422826298169,0.08577622221270072,0.1309019100021888,0.11123460271963662,0.052134779256475784,0.04529112049842829,0.04918894829039665,0.029889078683827064,1.9994708954999851,-0.029126495673091942,0.04000039901289359,0.0,1
1998-01-08,NEOG,1.1113890409469604,1.155845046043396,1.1113890409469604,1.144731044769287,50612,0.030000299259670182,0.13186851008777056,0.1976742467484336,0.22619057880033755,0.013779662849613718,0.0980812440497658,0.15244789506340667,0.14051633475175263,0.0451588181541684,0.04449590969924867,0.048357988877918506,-0.8812671840250734,0.2380307391312527,0.03000029925967019,0.03883532756412259,0.75,0
1998-01-09,NEOG,1.1002750396728516,1.1113890409469604,1.0113639831542969,1.0224779844284058,178830,-0.1067963177023129,-0.061224237389516656,0.09523794018319376,0.09523794018319376,-0.08366547186890679,-0.027484155029727002,0.02478426296319611,0.019164801711796676,0.06404064782254676,0.058852131697843015,0.05509942780689473,2.533351774282779,0.8390492183090364,-0.0707069163975377,0.09782612370728004,0.11111217048378505,1
1998-01-12,NEOG,0.9557949900627136,1.0447059869766235,0.9335669875144958,1.0447059869766235,158585,0.021739345870262383,-0.09615394333973704,0.11904769657506975,0.17500065530109765,-0.04471536163381776,-0.01673621377678978,0.03896131148075845,0.043169753534736975,0.054679163239619445,0.05881375396613217,0.053714074386655965,-0.11320807470782313,0.7484064184044221,0.09302308323260419,0.10638304063305282,1.0,0
1998-01-13,NEOG,1.000249981880188,1.0780470371246338,1.000249981880188,1.0447059869766235,93352,0.0,-0.08737865392025157,0.0804606132995489,0.16049432742011027,-0.02691502214561578,-0.02388358042474706,0.031550317469547645,0.04502530701970642,0.055247312550783016,0.05835648132124154,0.05374932181472166,-0.41134407415581553,0.45035459538785994,0.04444489467809916,0.07446789452177859,0.5714355762792116,0
1998-01-14,NEOG,1.0780470371246338,1.0780470371246338,1.0224779844284058,1.0224779844284058,47238,-0.02127680211017602,-0.07999993993354293,0.09523794018319376,0.16455751715251754,-0.03157907548798571,-0.052523246503166865,0.002451657762654986,0.024613055849166596,0.0549213369873749,0.05739668411100563,0.053642596188130436,-0.4939797754734767,0.22919430231057433,-0.05154603721600289,0.054347431966755455,0.0,0
1998-01-15,NEOG,1.0224779844284058,1.028035044670105,1.000249981880188,1.0224779844284058,29243,0.0,-0.1067963177023129,0.01098912108719352,0.022222447339049545,-0.008620774349999354,-0.053498026399177265,0.0013605431058086332,0.027129694950815218,0.050173151798338825,0.051406869853218455,0.04402053958937759,-0.38094330835344425,0.17538141093784343,0.0,0.02717424063213413,0.7999982838363123,1
1998-01-16,NEOG,1.0558199882507324,1.066933035850525,1.0113639831542969,1.066933035850525,21370,0.04347775903162421,0.04347775903162421,-0.02040837099800874,0.11627812129515247,0.0256405466899907,-0.010309822125020927,0.03924176207589244,0.07226584754270689,0.024644811601172153,0.046903747780163256,0.043523024576843414,-0.2692268235133194,0.13803353562534454,0.010525513556723263,0.052082980682972436,1.0,1
1998-01-20,NEOG,1.0780470371246338,1.1336170434951782,1.0335919857025146,1.1113890409469604,250812,0.04166709962354531,0.06382949346669053,-0.03846190737124677,0.12994387190132994,0.05485232497175394,0.03519659104677655,0.07584718704800977,0.11694405543519419,0.028562822427585722,0.044357714787910583,0.043957059902467406,10.73664014974263,1.5331720564031168,0.03092815310847329,0.0900000396867663,0.77777565903243,0
1998-01-21,NEOG,1.066933035850525,1.144731044769287,1.0113639831542969,1.089161038398743,392527,-0.020000199506446603,0.04255269135651463,-0.048544159455153,0.11363656585988524,0.02510449641502994,0.01977082174193614,0.04868887591637256,0.09411612001426554,0.03199334006302274,0.04465057411291628,0.04429114134052481,0.565024799451382,2.201894508740639,0.020833549811772902,0.12244935038354211,0.5833303538547914,0
1998-01-22,NEOG,1.0224779844284058,1.089161038398743,1.0224779844284058,1.0447059869766235,77606,-0.04081586639150814,0.021739345870262383,-0.059999740427096104,0.0804606132995489,-0.020833006055293552,-0.015706602467893422,0.002132388779379008,0.049927681911619066,0.03732970539541163,0.04552499905932954,0.045386581288697006,-0.8022913073495581,0.4375420382808408,0.02173934587026229,0.06382949346669078,0.333338100533091,0
1998-01-23,NEOG,1.0224779844284058,1.0335919857025146,0.9891359806060792,0.9891359806060792,200200,-0.05319200527543999,-0.03260901880539335,-0.13592281337540468,0.034882993623117864,-0.06708609153281858,-0.05419792843449203,-0.05268790289022166,-0.004363181591942995,0.04570333157682707,0.0459767181458146,0.04710270274142666,1.5796974460737574,1.0748797068939413,-0.032609018805393325,0.04494428063287683,0.0,1
1998-01-26,NEOG,1.0335919857025146,1.066933035850525,0.9891359806060792,1.066933035850525,98975,0.07865152695868627,0.0,0.04347775903162421,0.14285643142877125,0.006289011889121379,0.015872629958500598,0.015335358244939482,0.07250541508354756,0.056589702280687534,0.04133957528286143,0.04958502555905986,-0.5056193806193806,0.5231854820059346,0.03225745807747234,0.07291653049474503,1.0,0
1998-01-27,NEOG,1.0224779844284058,1.066933035850525,1.0224779844284058,1.0335919857025146,138340,-0.03124943087119969,-0.06999984018031946,-0.010638401055088065,0.10714281837913187,-0.010638039793985811,-0.01483029350278466,-0.0210524826904379,0.03852613272475319,0.05284564975967163,0.04234296135553738,0.05033282203601308,0.3977266986612782,0.7075045913130465,0.010869672935131145,0.04301025166318778,0.25000536313807936,1
1998-01-28,NEOG,1.066933035850525,1.066933035850525,1.0447059869766235,1.0558199882507324,109098,0.021505587171430918,-0.03061168089250388,0.010638401055087954,0.09195498662805601,0.017130975098696596,0.005291421473325509,-0.004192556708536631,0.05920429971079526,0.05475947494539888,0.04290086084089427,0.04999509252429203,-0.21137776492699145,0.5576330165688023,-0.010415881059427047,0.021051930368098853,0.5000214530125393,0
1998-01-29,NEOG,1.0224779844284058,1.066933035850525,1.0224779844284058,1.0447059869766235,53987,-0.01052641681137556,0.0,0.021739345870262383,0.11904769657506975,0.00642423050304683,-0.007391474860224462,-0.01981209816704381,0.04665429729434019,0.051380660496196676,0.04238782435068967,0.049265952793049135,-0.5051513318300977,0.2765799012730606,0.02173934587026229,0.04255269135651452,0.5000107262761587,0
1998-01-30,NEOG,1.0558199882507324,1.0558199882507324,1.0113639831542969,1.028035044670105,62984,-0.015957544528642176,0.03932630581307017,0.005434894761871867,0.01648374056569968,-0.017003127773225993,-0.023746525617885525,-0.03620724866271373,0.028463568296172175,0.04367657880453461,0.04280957176886796,0.04604486101591535,0.16665123085187172,0.3626929131092378,-0.026315985575023203,0.04324366696147155,0.3750013407557572,1
1998-02-02,NEOG,1.0558199882507324,1.0558199882507324,1.0113639831542969,1.0335919857025146,131592,0.0054054003909884685,-0.03124943087119969,-0.03124943087119969,-0.0510200518905124,-0.005347657137990427,-0.015351923529040168,-0.02846688814737294,0.03264503340804085,0.02027116249350553,0.04026460177443422,0.042550770517154814,1.0892925187349167,0.7970022173271305,-0.021052833622751177,0.043011174342861766,0.5,1
1998-02-03,NEOG,1.0447059869766235,1.0558199882507324,1.0113639831542969,1.0558199882507324,183329,0.021505587171430918,0.021505587171430918,-0.04999964067387275,-0.08653846649692531,0.01171469217548484,0.011176444927134562,-0.0028860976375924526,0.05274857718905596,0.01748885134004465,0.03826515479571847,0.040325862057362515,0.3931621983099276,1.1756211033251092,0.010638401055088023,0.042105667245502354,1.0,1
1998-02-04,NEOG,1.066933035850525,1.066933035850525,1.0224779844284058,1.066933035850525,154086,0.010525513556723265,0.010525513556723265,-0.02040837099800874,-0.06796182323721456,0.020190744035421832,0.023999499697934478,0.011324251966829417,0.06147675116413305,0.015361901911510503,0.03810560242786146,0.04042252737825477,-0.15951104298828878,1.077888545571686,0.0,0.04166620577708609,1.0,0
1998-02-05,NEOG,1.066933035850525,1.0780470371246338,1.039149045944214,1.0558199882507324,263184,-0.010415881059427035,0.010638401055087954,0.010638401055087954,-0.04999964067387275,0.007423361362522818,0.012253894524699825,0.003433099464694393,0.04833406833085791,0.01533908851752783,0.03575299491388132,0.03999353282691865,0.7080331762781824,1.952439770767262,-0.010415881059427047,0.03684149913174625,0.4285810603738858,0
1998-02-06,NEOG,1.0447059869766235,1.089161038398743,1.0335919857025146,1.0558199882507324,112472,0.0,0.027027233871724343,0.06741642094931533,-0.0776698220292209,0.002109906345086481,0.005823420132144781,0.007690568639150884,0.04625587342064298,0.011884473749072387,0.030220049570024842,0.03929503365736487,-0.5726487932397106,0.8156617025828465,0.010638401055088023,0.05263118080222583,0.40000686478728653,0
1998-02-09,NEOG,1.0447059869766235,1.066933035850525,1.0447059869766235,1.0447059869766235,86603,-0.01052641681137556,0.010752793585715459,-0.020832655965313363,0.021739345870262383,-0.010526238062019865,-0.002652460425340528,-0.003973324744531655,0.033648800520976366,0.013856229957946135,0.0169552203740868,0.03096079955662914,-0.23000391208478554,0.6497865570121059,0.0,0.021275889246338473,0.0,1
1998-02-10,NEOG,1.066933035850525,1.1002750396728516,1.0447059869766235,1.1002750396728516,478005,0.05319109241160258,0.04210476399085006,0.06451583883461876,0.05319109241160258,0.03340271518989727,0.04375299351213168,0.04623495901561297,0.08552617117397125,0.02642653254808052,0.021240223368379472,0.03278647146245222,4.51949701511495,3.202710349034825,0.031250324717659046,0.05050469263826121,1.0,0
1998-02-11,NEOG,1.1002750396728516,1.1113890409469604,1.0780470371246338,1.0780470371246338,260935,-0.020202223759276494,0.010416774905886328,0.021051930368098937,0.03191429030142645,0.010416233011702886,0.02051508278625642,0.023476297112559896,0.06196592149787392,0.029273256619189416,0.022039777232465894,0.033195605310880165,-0.4541165887386115,1.6553711778203672,-0.020202223759276498,0.03092815310847329,0.0,1
1998-02-12,NEOG,1.1113890409469604,1.1336170434951782,1.0780470371246338,1.1002750396728516,112472,0.020618768738982274,0.04210476399085006,0.05319109241160258,0.07608677783701778,0.02272714429146503,0.03610656323879456,0.04073573480607074,0.08173062808353894,0.02916403143697152,0.022225684906476462,0.032964654991067176,-0.5689654511659992,0.6990571256316388,-0.010000099753223397,0.05050555939819124,0.4,1
1998-02-13,NEOG,1.1336170434951782,1.1502879858016968,1.089161038398743,1.144731044769287,379030,0.04040444751855299,0.0842104312363523,0.11351364012754028,0.11956546957754233,0.04674825882599422,0.06625279857077027,0.0765615393286254,0.12127179449062166,0.03166981708057141,0.023323098435859137,0.03391906885055796,2.3699943096948575,2.1248416655758326,0.009804017448292854,0.05339852333197935,0.9090917955418606,1
1998-02-17,NEOG,1.155845046043396,1.2336419820785522,1.1336170434951782,1.2336419820785522,803049,0.07766971789184285,0.18085087810084155,0.19354832384857068,0.15625061801102857,0.09037342501770922,0.12804881471822543,0.15115379999209425,0.20181908490712225,0.036853534277937645,0.031233393014533994,0.036648521017573675,1.118695090098409,3.69278543650613,0.06730740967525449,0.08108101056583929,1.0,0
1998-02-18,NEOG,1.2447559833526611,1.2447559833526611,1.166957974433899,1.2002999782562256,172082,-0.027027293417940412,0.09090903181182286,0.13684149913174637,0.07999983267201238,0.04247090815627674,0.08324954400672015,0.11541416391162691,0.1640437616211211,0.04346185450042449,0.034296486066884284,0.036537434373241987,-0.7857141967675696,0.8058997470118645,-0.03571463458781413,0.06481547140556128,0.42857142857142855,0
1998-02-19,NEOG,1.2114139795303345,1.2114139795303345,1.155845046043396,1.2002999782562256,148463,0.0,0.11340223285401785,0.12500029329336937,0.10204086993496975,0.020793793316600903,0.07036647276461938,0.10968380454535703,0.1580525521014564,0.03977081092489999,0.03455584807981418,0.036103330658473064,-0.13725433223695682,0.7374309945232723,-0.009174404012093197,0.046295871443460354,0.7999961385488666,0
1998-02-20,NEOG,1.155845046043396,1.1891859769821167,1.155845046043396,1.155845046043396,39365,-0.03703651838552302,0.050505559398191346,0.09473684804772797,0.10638309768704257,-0.026216945223228736,0.02161133213576236,0.06312325544121972,0.11111149436988882,0.047916226585963194,0.03741355457651417,0.03585732364312159,-0.7348497605463988,0.19740482732907233,0.0,0.028845502304007734,0.0,1
1998-02-23,NEOG,1.2225279808044434,1.2336419820785522,1.155845046043396,1.166957974433899,167583,0.009614548618384289,0.01941672654565907,0.1052622486976198,0.1797750737152053,-0.02052277391539526,0.021400345219364965,0.0646382469287424,0.11678313893502874,0.045053759562317997,0.03725954591030476,0.033073401964522305,3.2571573733011556,0.8473129718270194,-0.04545499754858655,0.06666644192812188,0.1428453221535746,0
1998-02-24,NEOG,1.1891859769821167,1.1891859769821167,1.1225030422210691,1.144731044769287,142839,-0.01904689813306626,-0.07207191275985914,0.09574469663195462,0.07291742434120452,-0.024620909709435746,-0.006749936162838731,0.04066703910265183,0.09110198192544411,0.019216301748429664,0.03789022209788382,0.02920308496120418,-0.14765220815953883,0.7142846427226617,-0.03738265761058341,0.05825205410978182,0.3333386964426518,0
1998-02-25,NEOG,1.1113890409469604,1.1336170434951782,1.1002750396728516,1.1002750396728516,79855,-0.03883532756412256,-0.08333328367520965,0.0,0.06451583883461876,-0.04624286416312872,-0.04532312774504056,-0.002770264474175173,0.0445240245960029,0.021678036592351874,0.03735737194704868,0.029728485901950794,-0.4409439998879858,0.4052511372076164,-0.010000099753223397,0.030303335638914748,0.0,0
1998-02-26,NEOG,1.1002750396728516,1.128059983253479,1.0558199882507324,1.066933035850525,233942,-0.03030333563891474,-0.11111134284902158,-0.010309384369491137,0.010525513556723265,-0.05325478150031721,-0.07335943433000626,-0.033476405936188114,0.009675618182294237,0.01987701018795284,0.03811176722064259,0.030332038044560573,1.9295848725815539,1.1507635413640962,-0.030303335638914748,0.06770808717639826,0.1538351103065547,1
1998-02-27,NEOG,1.0836039781570437,1.089161038398743,1.066933035850525,1.089161038398743,106848,0.020833549811772878,-0.05769286105686999,-0.010101111879638025,0.04255269135651463,-0.021956117951478955,-0.05314025552433418,-0.015323003125785608,0.026607766926547868,0.025734279495843063,0.03812498319878635,0.030517392538331908,-0.543271409152696,0.5188410568531276,0.005128312883411959,0.020408370998008747,1.0,0
1998-03-02,NEOG,1.0780470371246338,1.0780470371246338,1.0113639831542969,1.0335919857025146,246313,-0.0510200518905124,-0.11428516849210546,-0.09708748581128224,0.0054054003909884685,-0.04907954467236781,-0.09268272580800553,-0.06579594009781425,-0.026381774331543578,0.02749523849506294,0.038221811226924515,0.032572689960675916,1.3052654237795749,1.1450967411560125,-0.0412366528465118,0.06451583883461866,0.3333381005330921,0
1998-03-03,NEOG,1.0447059869766235,1.0558199882507324,1.016921043395996,1.028035044670105,418395,-0.005376339125378049,-0.1019418496881086,-0.16666661835066765,-0.005376339125378049,-0.03343757989275415,-0.0809734649880497,-0.07058513408132927,-0.03293242323600014,0.028722731972666105,0.023272357668777242,0.03258111487485796,0.6986314161250116,1.8235287708249344,-0.015957544528642186,0.03783815061209216,0.28571472351275484,1
1998-03-04,NEOG,1.016921043395996,1.0447059869766235,1.000249981880188,1.0335919857025146,129343,0.0054054003909884685,-0.06060580451789943,-0.1388886074928547,-0.021052833622751232,-0.015872822735595003,-0.06202705602101611,-0.06462142241399499,-0.02861904681218813,0.028646103231749296,0.024092104631728624,0.032224689517162286,-0.690859116385234,0.5704382755469624,0.016393546396528617,0.043011174342861766,0.75,0
1998-03-05,NEOG,0.9780219793319702,1.0335919857025146,0.9780219793319702,1.0224779844284058,201325,-0.010752793585715459,-0.04166620577708613,-0.14814796055079205,-0.04166620577708613,-0.018143017546176345,-0.05689384640329279,-0.07281428086834868,-0.039866397855686575,0.026814636780271486,0.023604259813699992,0.03219010264834065,0.5565202600836536,0.8787449780155532,0.04545501638603342,0.05434836467565573,0.8,0
1998-03-06,NEOG,0.9780219793319702,1.0335919857025146,0.9780219793319702,1.000249981880188,344164,-0.021739345870262272,-0.08163260838752529,-0.1346158507109838,-0.052632084056877915,-0.022801540028543826,-0.06396265857248704,-0.09067961246590843,-0.06132685294133264,0.02153778190664193,0.022535899016510232,0.032451098226441155,0.709494598286353,1.4761221277854157,0.02272750819301671,0.055556118347623945,0.4,1
1998-03-09,NEOG,0.9780219793319702,1.016921043395996,0.9780219793319702,1.0113639831542969,179955,0.011111223669524772,-0.021505587171430918,-0.13333298601012777,-0.042105667245502354,-0.007633675290563606,-0.03957787476383639,-0.07871427830599935,-0.05188589236366674,0.013025206885883668,0.02271531228700468,0.03258569335138813,-0.47712427796050716,0.76081805010225,0.03409126228952507,0.03846198274008668,0.8571415437514748,1
1998-03-10,NEOG,0.9891359806060792,1.028035044670105,0.9891359806060792,1.028035044670105,359910,0.01648374056569968,0.0,-0.1019418496881086,-0.015957544528642176,0.008724233752083645,-0.012806637769471175,-0.0628164340860088,-0.03796139013891538,0.015910385115213414,0.024538974590834865,0.0327577497612307,1.0,1.4385257179788535,0.03932630581307022,0.03783826657048294,1.0,0
1998-03-11,NEOG,1.0335919857025146,1.0335919857025146,1.000249981880188,1.0224779844284058,91102,-0.005405516349379358,-0.010752793585715459,-0.07070691639753768,-0.07070691639753768,0.005464523536789857,-0.010752622443506476,-0.06456525821569627,-0.04475130066461464,0.015743135325603064,0.022423612328870295,0.030245817167282585,-0.7468756077908366,0.39463977457076826,-0.010752793585715441,0.032609018805393436,0.6666666666666666,0
1998-03-12,NEOG,1.0224779844284058,1.0224779844284058,1.000249981880188,1.000249981880188,164209,-0.021739345870262272,-0.021739345870262272,-0.062499755588858785,-0.07216480595498509,-0.012074775723317058,-0.025974203115048805,-0.08163279434177034,-0.06609959730492841,0.01788116703705288,0.021585854030547268,0.03029312965488585,0.8024741498540098,0.7265492747736626,-0.02173934587026229,0.02222244733904958,0.0,1
1998-03-13,NEOG,1.0224779844284058,1.0447059869766235,1.000249981880188,1.0335919857025146,309298,0.03333367100857432,0.03333367100857432,-0.0510200518905124,-0.06060580451789943,0.014176792119606737,0.011969639036378347,-0.04810629632916511,-0.03676839329749198,0.021094174073071497,0.023594993756955663,0.030948016726594214,0.8835630202973039,1.3113988132463585,0.010869672935131145,0.043011174342861766,0.75,1
1998-03-16,NEOG,1.000249981880188,1.089161038398743,1.000249981880188,1.089161038398743,370032,0.05376304524890352,0.0769229046518034,0.05376304524890352,-0.048544159455153,0.05263135458892039,0.0606058161263229,0.005643728680738919,0.013548203443989156,0.03002770013575773,0.024132766291859176,0.03205111736503004,0.19636079121106498,1.5719045927929733,0.08888883592022385,0.08163260838752523,1.0,0
1998-03-17,NEOG,1.089161038398743,1.089161038398743,1.0113639831542969,1.0113639831542969,406023,-0.07142842288852091,-0.016216433089747295,-0.016216433089747295,-0.1801803133756369,-0.019396560940929532,-0.01355018339686859,-0.0565059816431757,-0.05748325458171019,0.048936424810764295,0.034328510405376336,0.029805267664607313,0.09726456090284086,1.8836403044643923,-0.07142842288852096,0.07692290465180335,0.0,0
1998-03-18,NEOG,1.000249981880188,1.0113639831542969,0.9891359806060792,1.000249981880188,582604,-0.01098912108719352,-0.021739345870262272,-0.03225838075714638,-0.16666666666666663,-0.02597410135319262,-0.021207302458521753,-0.0580848983732057,-0.0651295020655426,0.04908861449014145,0.03437492607845092,0.02952210445768584,0.4349039340135903,2.4678411917396934,0.0,0.02222244733904947,0.4999999999999975,0
1998-03-19,NEOG,1.0058070421218872,1.0113639831542969,0.9891359806060792,1.000249981880188,410522,0.0,0.0,-0.021739345870262272,-0.16666666666666663,-0.02597410135319262,-0.0190736730096716,-0.04912849608072414,-0.06259781637426616,0.04801041581080471,0.03426430035181886,0.02952210445768584,-0.2953670074355823,1.647482847331873,-0.005524976470611939,0.02222244733904947,0.4999999999999975,0
1998-03-20,NEOG,1.0113639831542969,1.0113639831542969,0.9946929812431335,1.000249981880188,617471,0.0,-0.03225838075714638,0.0,-0.1346158507109838,-0.019607854592415853,-0.0190736730096716,-0.04204374200779545,-0.06064101965502071,0.04457866460984763,0.03353064908211921,0.028801000287690982,0.5041118380988108,2.220426618825463,-0.010989121087193491,0.016666835504287183,0.3333333333333333,0
1998-03-23,NEOG,0.9946929812431335,1.0058070421218872,0.9835789799690248,0.9835789799690248,511747,-0.016666835504287048,-0.09693888663603156,-0.02747280271798358,-0.15714275790765542,-0.015573016664471565,-0.03278712690385191,-0.04966470231395263,-0.07349277571759416,0.02973642939623898,0.033705255384732666,0.028611367095740803,-0.17122099661360612,1.733003470937607,-0.011173298177110763,0.022599163468868002,0.0,1
1998-03-24,NEOG,0.9891359806060792,1.0058070421218872,0.9780219793319702,1.0058070421218872,121470,0.022599163468868033,-0.005494501608687252,-0.021621833480735764,-0.12135951347016982,0.0077952270498239835,-0.00876226343492077,-0.02162160374208711,-0.05225682756787605,0.015034561401581218,0.034135950731726636,0.029281782293765327,-0.7626366153587613,0.41284534630475034,0.016854165496631754,0.027624645310993855,1.0,1
1998-03-25,NEOG,0.9891359806060792,1.0558199882507324,0.9780219793319702,1.0558199882507324,567983,0.049724195630342916,0.05555611834762386,0.03260901880539335,-0.04040358075862294,0.04625595870024482,0.03711836445921275,0.02925286121376928,-0.0053393904319092795,0.025697623929897613,0.03772563466477872,0.030721461379529802,3.675911747756648,1.7825628748829374,0.0674164209493153,0.07368491767962912,1.0,0
1998-03-26,NEOG,1.066933035850525,1.0724899768829346,1.0224779844284058,1.0447059869766235,176581,-0.01052641681137556,0.04444489467809909,0.04444489467809909,-0.020832655965313363,0.026201122131218245,0.021739435212649632,0.019523055614356032,-0.01580960259407992,0.0272234336993525,0.03704065226964128,0.03006040341756013,-0.6891086528998227,0.5592169486936082,-0.020832655965313394,0.04787183483006868,0.4444534492087593,0
1998-03-27,NEOG,1.066933035850525,1.0780470371246338,1.0058070421218872,1.0447059869766235,298050,0.0,0.04444489467809909,0.010752793585715459,-0.04081586639150814,0.017316176366027374,0.020630043639429937,0.0217393845852948,-0.01622161732956461,0.0272234336993525,0.035680538617249284,0.029635840142477034,0.6878939410242324,0.9161611847358111,-0.020832655965313394,0.06914863694024473,0.5384682661350874,0
1998-03-30,NEOG,1.0780470371246338,1.0780470371246338,1.000249981880188,1.0058070421218872,210322,-0.037234346638818194,0.022599163468868033,-0.0765304609127413,-0.026881926296808967,-0.024784691008248965,-0.00930491716500852,-0.014966042036134511,-0.05255448962876408,0.03301422276868088,0.032361901466738306,0.028568502411250037,-0.2943398758597551,0.6500944439275692,-0.06701005848077375,0.07734789277307334,0.07143021319044021,1
1998-03-31,NEOG,1.000249981880188,1.0335919857025146,1.000249981880188,1.028035044670105,157461,0.022099668840381836,0.022099668840381836,0.01648374056569968,0.0,-0.007510768387833347,0.0109291114836635,0.006802882231397599,-0.03090608714294433,0.03294801378042704,0.02433843649215332,0.029002884652060513,-0.2513336693260809,0.507155726674882,0.027778118763560393,0.03243275022110366,0.8333351210076763,0
1998-04-01,NEOG,1.0058070421218872,1.0447059869766235,1.000249981880188,1.000249981880188,202449,-0.02702734983011512,-0.052632084056877915,0.0,-0.03225838075714638,-0.023861430030577484,-0.01639362326585296,-0.01880636673456329,-0.05511827817664587,0.023242528835631555,0.025768618509768082,0.029608776698771218,0.28570884218949444,0.6444672160502257,-0.005524976470611939,0.04444489467809916,0.0,1
1998-04-02,NEOG,1.000249981880188,1.0335919857025146,0.9891359806060792,1.0058070421218872,205824,0.005555671424510855,-0.037234346638818194,0.005555671424510855,-0.016304451108390405,-0.01092904681734665,-0.011469221346051313,-0.012547770477937165,-0.04837019949073022,0.024331717948921156,0.025821344101962653,0.02955694081749052,0.016670865254953204,0.6547421839722344,0.005555671424510813,0.04419933768076372,0.37500134075575564,1
1998-04-03,NEOG,1.0113639831542969,1.0224779844284058,0.9780219793319702,1.0224779844284058,226068,0.01657469236977005,-0.02127680211017602,0.022222447339049545,0.022222447339049545,0.009879316767364909,0.002724799271748701,0.002724854953550409,-0.03219015385998233,0.02660170094302945,0.02628829265574426,0.02934221605059227,0.0983558768656716,0.7329065706869468,0.010989121087193491,0.04347869174052458,1.0,0
1998-04-06,NEOG,1.000249981880188,1.0224779844284058,1.000249981880188,1.000249981880188,92227,-0.021739345870262272,-0.0055249764706118976,0.01694932715183506,-0.01098912108719352,-0.010989144402099495,-0.020674874324568958,-0.01853886594506861,-0.053428861178129054,0.02232118842230512,0.0267444160655623,0.029693902312777996,-0.5920386786276696,0.3033107928449475,0.0,0.02222244733904958,0.0,0
1998-04-07,NEOG,1.000249981880188,1.0224779844284058,0.9724649786949158,0.9891359806060792,148463,-0.011111223669524661,-0.03783826657048295,-0.016574810890802816,-0.03783826657048295,-0.014396613319550574,-0.02997306689422548,-0.027588331315223508,-0.06256610885576998,0.01835174658502086,0.02597325245125328,0.02952185861979184,0.609756362019799,0.5058445569656482,-0.011111223669524679,0.05056231571198656,0.33333333333333554,0
1998-04-08,NEOG,0.9780219793319702,0.9946929812431335,0.8779969811439514,0.9557949900627136,524119,-0.03370718606650658,-0.044443881652376005,-0.09473679159431225,-0.06521704660758032,-0.03910573222035572,-0.05338434400991638,-0.05727555288013462,-0.0928266396249344,0.02026733903543627,0.02057707789443273,0.030384073636967393,2.5303004789072023,1.6630982164941566,-0.02272647214374318,0.12209312803734745,0.6666724553767072,0
1998-04-09,NEOG,0.9946929812431335,0.9946929812431335,0.922452986240387,0.9335669875144958,173207,-0.023256035843794653,-0.0718229755629779,-0.10638304063305282,-0.06666632899142566,-0.0476188999476899,-0.0651083666114653,-0.07616149261616731,-0.11186281454313933,0.019202886152374987,0.021022023173518582,0.03043535004928625,-0.6695273401651152,0.5488249932152193,-0.06145212128896748,0.07738062288928665,0.15384831177917896,0
1998-04-13,NEOG,0.9446809887886048,0.9780219793319702,0.8891109824180603,0.8891109824180603,353162,-0.047619512783752205,-0.13043508421836725,-0.14893664485340485,-0.13978533626714718,-0.06759931777165197,-0.09553445022398897,-0.11381912895794605,-0.15164394455734165,0.013812235709931227,0.02350420272189445,0.03073032244646683,1.0389591644679488,1.111308831245865,-0.058824097266743744,0.09999988603459171,0.0,1
1998-04-14,NEOG,0.911338984966278,0.9335669875144958,0.8891109824180603,0.9335669875144958,149588,0.050000512844337264,-0.06666632899142566,-0.0718229755629779,-0.14285679105175986,-0.007092053361365744,-0.04328000232310388,-0.06223816552908725,-0.10761695701413626,0.037765792765229386,0.02994806138613226,0.030347576292536177,-0.5764323454958348,0.48762733807297753,0.024390487968689697,0.04761951278375218,1.0,1
1998-04-15,NEOG,0.911338984966278,0.9613509774208068,0.911338984966278,0.9446809887886048,80980,0.011904878195938107,-0.044943256224725725,-0.08108094788563203,-0.06593372462970004,0.014319949285529043,-0.02354940074414101,-0.04788546859815901,-0.09545572432792326,0.03944027722627049,0.029005207506915518,0.026554097937444145,-0.4586464154878733,0.27874646016434956,0.036585731953034606,0.05294061492510907,0.6666801738131434,0
1998-04-16,NEOG,0.9502379894256592,0.9502379894256592,0.9335669875144958,0.9446809887886048,148463,0.0,-0.01162801792189716,-0.05555510532190078,-0.05555510532190078,0.01674657585260314,-0.017908485336934683,-0.045211762850027676,-0.09352643983465618,0.036858329672743655,0.028290020889302672,0.02649525979500199,0.8333292170906397,0.5523015789903457,-0.005848009339652988,0.017647229180023087,0.6666666666666733,0
1998-04-17,NEOG,0.922452986240387,0.9446809887886048,0.911338984966278,0.9335669875144958,132717,-0.01176481945334884,0.0,-0.0718229755629779,-0.06666632899142566,0.004784735957886612,-0.022118642640810527,-0.05325430946666625,-0.1018922832518281,0.0355194849223315,0.028078261134764675,0.02656683538704494,-0.10606009578144049,0.520627057527609,0.012048311881352216,0.035714634587814376,0.6666666666666655,0
1998-04-20,NEOG,0.922452986240387,0.9557949900627136,0.911338984966278,0.911338984966278,201325,-0.023809756391876213,0.02500025642216852,-0.10869573834810498,-0.08888877633047532,-0.02380975639187621,-0.034157955437247686,-0.0716106308500661,-0.12083204107073936,0.02832150472697435,0.027189480446302577,0.026950846381559874,0.5169495995237987,0.8599578916433835,-0.012048311881352337,0.048780975937379276,0.0,0
1998-04-21,NEOG,0.9002249836921692,0.9335669875144958,0.8946679830551147,0.9002249836921692,149588,-0.012195243984344684,-0.0357146345878141,-0.09999999999999998,-0.08474560556334843,-0.02877726154636463,-0.03571452992578216,-0.07902239508055613,-0.12893874162688754,0.01358774051518045,0.0269412965669637,0.026861254235381753,-0.2569824909971439,0.6925295025725414,0.0,0.04321031427037418,0.14285714285714285,0
1998-04-22,NEOG,0.8891109824180603,0.911338984966278,0.8891109824180603,0.8891109824180603,392527,-0.012345804077249722,-0.05882409726674376,-0.10112360701582201,-0.11602231324374168,-0.029126503635131005,-0.03730482082059937,-0.08493026835501681,-0.1370944095870053,0.008421411443765656,0.026948988674859415,0.02616218329046198,1.624054068508169,1.7099460173413628,0.0,0.025000256422168507,0.0,0
1998-04-23,NEOG,0.911338984966278,0.911338984966278,0.8557689785957336,0.8891109824180603,363284,0.0,-0.05882409726674376,-0.06976810753138385,-0.15789529246256573,-0.017199190573307585,-0.030303331699057696,-0.07701212652651256,-0.13354297082325114,0.008421411443765656,0.02577555349202826,0.02274508834305267,-0.07449933380378926,1.656408835937402,-0.024390487968689454,0.06250064105542145,0.6000000000000012,1
1998-04-24,NEOG,0.8668829798698425,0.911338984966278,0.8668829798698425,0.9002249836921692,281180,0.012500128211084371,-0.0357146345878141,-0.0357146345878141,-0.1382982437983169,0.0024752726617138362,-0.014598685873996929,-0.05841341877190459,-0.119661045824027,0.013849606144926571,0.025735882004853942,0.02320513033104938,-0.2260049988438797,1.2521921601494899,0.038461943072561844,0.049383216308998945,0.7500000000000019,0
1998-04-27,NEOG,0.922452986240387,0.922452986240387,0.8891109824180603,0.8891109824180603,165334,-0.012345804077249722,-0.024390487968689478,0.0,-0.14893664485340485,-0.00497517515351715,-0.026764257435661014,-0.062408696685750976,-0.1269237430991317,0.011077821051240418,0.020966984296588893,0.023168854087327755,-0.41199943096948577,0.7587107598212877,-0.03614493564405665,0.03750038463325295,0.0,1
1998-04-28,NEOG,0.8891109824180603,0.911338984966278,0.8891109824180603,0.9002249836921692,94476,0.012500128211084371,0.0,-0.0357146345878141,-0.10497247882355076,0.007462762730275601,-0.01098912108719354,-0.045374326849349465,-0.11174483881158968,0.012423014071313354,0.012852517022532444,0.022500030227477253,-0.42857488477869043,0.44538499288852973,0.012500128211084316,0.02469160815449941,0.5000000000000024,0
1998-04-29,NEOG,0.8946679830551147,0.911338984966278,0.8779969811439514,0.8891109824180603,78730,-0.012345804077249722,0.0,-0.05882409726674376,-0.1351355315874715,-0.00497517515351715,-0.017199190573307585,-0.05016348787765575,-0.1167055448764452,0.012423014071313354,0.011860836882907906,0.021593235497059986,-0.16666666666666663,0.37817226027454837,-0.0062112434358927,0.03750038463325282,0.3333333333333344,1
1998-04-30,NEOG,0.9002249836921692,0.911338984966278,0.8891109824180603,0.911338984966278,859285,0.02500025642216852,0.02500025642216852,-0.03529445836004641,-0.08888877633047532,0.014851635970282771,0.011097522885196373,-0.021771551321288236,-0.08939479695379494,0.016690183170573223,0.015375538106160437,0.022180922379003275,9.914327448240822,3.565093338992442,0.012345804077249643,0.024390487968689454,1.0,0
1998-05-01,NEOG,0.911338984966278,0.922452986240387,0.8891109824180603,0.8891109824180603,480255,-0.024390487968689478,-0.012345804077249722,-0.047619512783752205,-0.11602231324374168,-0.007444244520089075,-0.008674189808446047,-0.03961607890452087,-0.10604560658226661,0.02033575962583535,0.01660092736610706,0.022481485857224565,-0.44109928603431925,1.8852093178812548,-0.024390487968689454,0.03750038463325295,0.0,1
1998-05-04,NEOG,0.8891109824180603,0.922452986240387,0.8557689785957336,0.9002249836921692,475756,0.012500128211084371,0.012500128211084371,-0.012195243984344684,-0.11956541128323606,0.0024752726617138362,0.0049628296800594655,-0.021148138110187106,-0.0901944331370184,0.02030791780776787,0.015924397576599903,0.022284628222374998,-0.009367939948568993,1.7803020806164502,0.012500128211084316,0.0740748244634986,0.6666666666666666,0
1998-05-05,NEOG,0.8779969811439514,0.9002249836921692,0.8779969811439514,0.8946679830551147,170957,-0.006172902038624861,-0.006172902038624861,-0.006172902038624861,-0.10555561183476236,-0.0024783399452703164,-0.0006207387876172461,-0.02157415062030603,-0.09080659476902955,0.01975369891801753,0.015568588498482396,0.021979822259654603,-0.6406624404106307,0.6304426230354561,0.018987538988394365,0.0248449737435708,0.75,0
1998-05-06,NEOG,0.9002249836921692,0.9002249836921692,0.8779969811439514,0.8891109824180603,93352,-0.006211243435892744,0.0,0.0,-0.10112360701582201,-0.008674189808446047,-0.006828126663789955,-0.02230392057824962,-0.09173501291321459,0.019057418840565606,0.015166056263936144,0.021939295898461865,-0.4539445591581509,0.34779077489365784,-0.012345804077249766,0.025000256422168632,0.5,0
1998-05-07,NEOG,0.8779969811439514,0.8891109824180603,0.8779969811439514,0.8891109824180603,40490,0.0,-0.024390487968689478,0.0,-0.06976810753138385,-0.0037360282138233637,-0.006828126663789955,-0.018706106705378756,-0.08779954044731247,0.013322753585407033,0.015166056263936144,0.020894897101328934,-0.5662653183648985,0.16578444828049305,0.012658359325596244,0.012500128211084316,1.0,0
1998-05-08,NEOG,0.9002249836921692,0.9002249836921692,0.8557689785957336,0.8891109824180603,419520,0.0,0.0,-0.012345804077249722,-0.047619512783752205,-0.0037360282138233637,-0.0055935934093381354,-0.016292817324923988,-0.08445891514133001,0.00763110050210567,0.014532686769843931,0.02037246974574793,9.361076809088663,1.635246675627937,-0.012345804077249766,0.050000512844337264,0.75,0
1998-05-11,NEOG,0.8946679830551147,0.8946679830551147,0.8668829798698425,0.8779969811439514,69733,-0.01250012821108426,-0.024691608154499556,-0.01250012821108426,-0.01250012821108426,-0.011264195779119308,-0.016801665046429753,-0.027991669865954232,-0.09195436520792574,0.005222357095220461,0.014545976612137738,0.017576895862677296,-0.8337790808543097,0.28770469145174665,-0.018633730307678103,0.03164589831399061,0.4,0
1998-05-12,NEOG,0.8835539817810059,0.8891109824180603,0.8668829798698425,0.8668829798698425,424019,-0.012658359325596225,-0.031056217179463497,-0.03703741223174928,-0.07142926917562831,-0.017632424032162634,-0.02560925688300142,-0.036740106783821266,-0.10034646737930254,0.006289968339966268,0.014088948526609609,0.013125398588420042,5.080607459882695,1.6556868439903312,-0.018868119271625145,0.025641295381707896,0.0,1
1998-05-13,NEOG,0.8946679830551147,0.8946679830551147,0.8446559906005859,0.8835539817810059,211447,0.01923097153628084,-0.006250064105542186,-0.006250064105542186,-0.06470650699341807,0.0025220941927558034,-0.006250064105542158,-0.014870039671621775,-0.08028716876619298,0.013031600469164925,0.01540727782951006,0.013672214250251625,-0.5013265914970791,0.8051384899736084,-0.0124224868717854,0.05660321099308291,0.7777732753956204,0
1998-05-14,NEOG,0.8779969811439514,0.8779969811439514,0.8502129912376404,0.8779969811439514,95601,-0.006289373090541672,-0.01250012821108426,-0.03658573195303427,-0.07058891672009249,-0.0012642356176874832,-0.008783026434713626,-0.0174131130373099,-0.08310152020610115,0.013191126471976481,0.012563372395310945,0.013665845609990825,-0.5478725165171414,0.3677261376696869,0.0,0.03164474423375691,1.0,0
1998-05-15,NEOG,0.8779969811439514,0.8779969811439514,0.8446559906005859,0.8557689785957336,215946,-0.02531671865119245,-0.03750038463325289,-0.03750038463325289,-0.0833341473715663,-0.019108479991342554,-0.03022701262656448,-0.03810157731373383,-0.10319177735886392,0.016470091434524218,0.012735512873067492,0.014409557266322653,1.2588257445005806,0.8175429530334737,-0.025316718651192487,0.038960270093075906,0.33331307240837443,1
1998-05-18,NEOG,0.8557689785957336,0.8891109824180603,0.8557689785957336,0.8891109824180603,199075,0.03896145414973895,0.012658359325596225,-0.012345804077249722,-0.024390487968689478,0.01651859662275672,0.00882732967464525,0.0006253972878682517,-0.06607536365828601,0.02593141915826877,0.018103054114984866,0.0165938549808733,-0.07812601298472766,0.7539927147809273,0.03896145414973901,0.03750038463325295,1.0,0
1998-05-19,NEOG,0.8891109824180603,0.8891109824180603,0.8668829798698425,0.8779969811439514,157461,-0.01250012821108426,0.012820647690853892,-0.01863373030767812,-0.024691608154499556,0.0012674403040388003,-0.0018951554650113898,-0.010645068687933865,-0.07515833722080027,0.02590794569108629,0.018408227703877064,0.016604716947589238,-0.2090367951776968,0.5954926492333827,-0.012500128211084316,0.025316718651192487,0.5,0
1998-05-20,NEOG,0.8891109824180603,0.8891109824180603,0.8779969811439514,0.8779969811439514,98975,0.0,-0.006289373090541672,-0.01250012821108426,-0.01250012821108426,0.0025380974951386462,-0.0006325176345049199,-0.010025165740285617,-0.0722257690612549,0.024235546459992256,0.018344840515331695,0.016393532922214002,-0.37143165609261974,0.39630613452666297,-0.012500128211084316,0.012658359325596244,0.0,1
1998-05-21,NEOG,0.8891109824180603,0.8946679830551147,0.8779969811439514,0.8891109824180603,190077,0.012658359325596225,0.012658359325596225,0.0,0.0,0.012658359325596244,0.012017835055593984,0.0025062914350714354,-0.057826093444072996,0.024684580416583526,0.01885924648210602,0.01665618137461563,0.9204546602677444,0.7884282392673574,0.0,0.018750192316626474,0.6666666666666666,0
1998-05-22,NEOG,0.8779969811439514,0.8946679830551147,0.8557689785957336,0.872439980506897,92227,-0.018750192316626446,0.019480727074869586,-0.018750192316626446,-0.030864510193124417,-0.010088376771023087,-0.0050697612161554545,-0.014747563238189541,-0.07298096675077101,0.022929613161224143,0.01978608150889194,0.016898794158500405,-0.5147913740221068,0.39815520744202754,-0.006329179662798122,0.04458645331313263,0.42857142857142855,0
1998-05-26,NEOG,0.8613259792327881,0.8779969811439514,0.8446559906005859,0.8446559906005859,289053,-0.03184630522109755,-0.04999937319025449,-0.03797392389655507,-0.04999937319025449,-0.031846530109815224,-0.03307817794174183,-0.0437238007561863,-0.09888501918702214,0.017127758101248364,0.02180085545501259,0.018082764121509727,2.1341472670692965,1.2154186906790485,-0.01935386721651037,0.03947286340757334,0.0,0
1998-05-27,NEOG,0.8446559906005859,0.8446559906005859,0.7112889885902405,0.8001999855041504,908773,-0.052632084056877915,-0.08860736119893997,-0.07692271726883393,-0.11111111111111116,-0.06614782311220713,-0.07692293306141337,-0.08889579345841221,-0.141016499392278,0.025765937634601048,0.026740974719847575,0.020902064916427737,2.1439666773913433,3.2626699686863416,-0.05263208405687794,0.16666708876071795,0.6666641341087728,1
1998-05-28,NEOG,0.7557439804077148,0.8446559906005859,0.7557439804077148,0.8113139867782593,451012,0.013889029586906076,-0.07594900187334375,-0.08176070335524976,-0.08749975782350738,-0.038208073685146955,-0.0562376313796379,-0.07213194413967894,-0.12532941412902296,0.02877946873105945,0.026192077189883936,0.021280390542944862,-0.5037132485230085,1.5177887852863883,0.07353020045302257,0.10959013605317233,0.625,0
1998-05-29,NEOG,0.8001999855041504,0.833541989326477,0.7779719829559326,0.7779719829559326,379030,-0.04109630101993966,-0.1250001424567604,-0.11392407985013253,-0.1463418159547737,-0.05277430609037155,-0.08436901829582673,-0.10342632139195934,-0.15723600820885272,0.025568544589466648,0.028151967841617657,0.02161198194888708,-0.15960107491596676,1.38768706435704,-0.027778059173811973,0.07142931569258341,0.0,0
1998-06-01,NEOG,0.7779719829559326,0.8113139867782593,0.7779719829559326,0.7779719829559326,251937,0.0,-0.10828022518646774,-0.0909088756260612,-0.1250001424567604,-0.03047122195054913,-0.07590776553855355,-0.09764756068019638,-0.15315778503713245,0.02815757965052286,0.027925142328844767,0.02130395862103374,-0.335311189087935,0.9626128176819646,0.0,0.04285758941555005,0.0,1
1998-06-02,NEOG,0.8001999855041504,0.8001999855041504,0.7779719829559326,0.794642984867096,229443,0.021428794707774923,-0.059211094563987654,-0.10624995014013383,-0.11728401314973602,0.002805077783208413,-0.045393835725559634,-0.07263286370645206,-0.1311217315145121,0.03327454692782834,0.024963480061532928,0.021809233316141947,-0.08928422581835938,0.9199563443440104,-0.006944514793452993,0.027972313317452122,0.75,1
1998-06-03,NEOG,0.8001999855041504,0.8001999855041504,0.7779719829559326,0.8001999855041504,187828,0.006993078329363023,0.0,-0.08860736119893997,-0.10559000583476208,0.009817772241229376,-0.02964952944811413,-0.06097148774300047,-0.12152272465489888,0.024441831130894917,0.025576881910183046,0.022001288199077568,-0.18137402317786988,0.7505615885237938,0.0,0.027778059173811973,1.0,0
1998-06-04,NEOG,0.7779719829559326,0.8113139867782593,0.7557439804077148,0.7779719829559326,232817,-0.02777805917381193,-0.04109630101993966,-0.11392407985013253,-0.1250001424567604,-0.009901092242869284,-0.04502067426222849,-0.08106345726172112,-0.1416311733766867,0.025696994827716355,0.026003472769946183,0.022567879986168608,0.2395223289392423,0.9051166457768972,0.0,0.07142931569258341,0.4,0
1998-06-05,NEOG,0.7224029898643494,0.7779719829559326,0.6779469847679138,0.6890609860420227,774931,-0.11428560264611254,-0.11428560264611254,-0.22500002849135203,-0.22500002849135203,-0.10274964011494339,-0.1328672131205334,-0.17635336976633345,-0.23352714699488347,0.054217212901548316,0.04000170919727106,0.03294317627529475,2.3284983484882975,2.636310673501273,-0.04615429931787453,0.14516131404066857,0.11111223669524789,0
1998-06-08,NEOG,0.6779469847679138,0.7112889885902405,0.655718982219696,0.6779469847679138,1183204,-0.016129198284679958,-0.1285714657846292,-0.22292994370338304,-0.2375001567024364,-0.09361084933675619,-0.12544826198952164,-0.17928031833212327,-0.23968615380858826,0.05299284185437495,0.04005145332535137,0.032827963394644354,0.5268507776821421,3.5624784252043895,0.0,0.08196807068854815,0.4,0
1998-06-09,NEOG,0.7112889885902405,0.7112889885902405,0.6446059942245483,0.6668329834938049,385779,-0.016393614137709678,-0.1608395264379855,-0.2105271365924266,-0.2405065190258613,-0.07692331429484396,-0.11958943703842116,-0.18228305846530526,-0.2457577521275719,0.04688580552588706,0.04001942039806614,0.03283681680497839,-0.6739539420083096,1.108777799094219,-0.06250062324814896,0.0999995441381937,0.33332320302479096,0
1998-06-10,NEOG,0.6446059942245483,0.6779469847679138,0.6446059942245483,0.655718982219696,479130,-0.01666684394625806,-0.18055611834762397,-0.18055611834762397,-0.24358996837364544,-0.05448746046705687,-0.11742747438989566,-0.18536457264601425,-0.2524079898743139,0.04279000616076349,0.03861194541705883,0.03284604599761734,0.24198051215851568,1.3662599130336344,0.01723996998897981,0.050846462352670936,0.33331307240837443,1
1998-06-11,NEOG,0.6446059942245483,0.6668329834938049,0.6446059942245483,0.6668329834938049,401525,0.01694933588240266,-0.14285732892314584,-0.17808272215075538,-0.24528325688754182,-0.006622586532003471,-0.08466838000472014,-0.1602521771283776,-0.2334231179813942,0.04965177498844665,0.03891257236519095,0.03273077633182171,-0.16197065514578501,1.1147551633687884,0.034481511913328294,0.03333216835316168,1.0,0
1998-06-12,NEOG,0.6668329834938049,0.6668329834938049,0.6446059942245483,0.6446059942245483,124844,-0.03333216835316166,-0.06451532261726867,-0.17142775273815825,-0.26582208359682,-0.026844693048143246,-0.09867827743019211,-0.17613565172044943,-0.25286560882164316,0.018337451325026143,0.03849118072630066,0.03297747246212659,-0.6890754000373576,0.3452034938982316,-0.03333216835316168,0.034481511913328294,0.0,0
1998-06-15,NEOG,0.6446059942245483,0.655718982219696,0.6223779916763306,0.6334919929504395,695076,-0.017241541924348458,-0.06557296192222606,-0.1857136158766749,-0.2597394754949375,-0.030611627842451847,-0.09595498532515533,-0.17867381776703034,-0.25935508911731037,0.018389841604672087,0.03798200822358139,0.03289115704538246,4.567556310275224,1.8025369424562159,-0.017241541924348482,0.05263048454343112,0.33334346379581276,1
1998-06-16,NEOG,0.6501629948616028,0.655718982219696,0.6334919929504395,0.6446059942245483,371157,0.01754402801895938,-0.03333216835316166,-0.18881056461807344,-0.2749994016816065,-0.006848759035498425,-0.059966866610374314,-0.15080460830979228,-0.2396428655531743,0.02273040427139228,0.03753243052322378,0.03137654604988362,-0.4660195431866443,0.9415115827331834,-0.00854708847008024,0.034481511913328294,0.5000227938869477,1
1998-06-17,NEOG,0.6390489935874939,0.655718982219696,0.6390489935874939,0.655718982219696,512872,0.01723996998897981,0.0,-0.18055611834762397,-0.2531648783514575,0.010273138553247636,-0.023179347759492378,-0.12332889670789696,-0.22019611619276688,0.02398085038563795,0.03848020741901401,0.032217629399284735,0.38181955345042673,1.2448817856011574,0.02608561909881142,0.025422458529066855,1.0,0
1998-06-18,NEOG,0.6390489935874939,0.655718982219696,0.6390489935874939,0.655718982219696,208073,0.0,-0.01666684394625806,-0.1571431920616625,-0.2531648783514575,0.01374490235864435,-0.005059535278686055,-0.11010608989273389,-0.21396266526026086,0.022155420875557892,0.0387783465033166,0.032217629399284735,-0.5942983824424029,0.49845079309715373,0.02608561909881142,0.025422458529066855,1.0,0
1998-06-19,NEOG,0.6390489935874939,0.655718982219696,0.6390489935874939,0.655718982219696,174331,0.0,0.01723996998897981,-0.048387594854039984,-0.26250041312460504,0.010273453994880829,-4.635881462208527e-07,-0.09578593528122555,-0.208266722892909,0.01449769549955386,0.01787795225204361,0.03178840775938859,-0.16216424043484734,0.4184090275796042,0.02608561909881142,0.025422458529066855,1.0,0
1998-06-22,NEOG,0.655718982219696,0.655718982219696,0.6446059942245483,0.6446059942245483,69733,-0.01694779058786544,0.01754402801895938,-0.04917934778451638,-0.26114574225492815,-0.010238079483563036,-0.01192423291904417,-0.09692416066401732,-0.21621561284058918,0.014392802290856835,0.01793735006651318,0.031778592172394676,-0.5999965582713345,0.16781805483826095,-0.016947790587865493,0.01723996998897981,0.0,1
1998-06-23,NEOG,0.655718982219696,0.6890609860420227,0.6446059942245483,0.6612759828567505,354286,0.025860740951153982,0.025860740951153982,-0.00833342197312903,-0.21710614709953635,0.010186554856263073,0.01449228050981268,-0.06151461236840448,-0.19146665018656536,0.016706488597124435,0.019804697708977834,0.032727785615434844,4.080607459882695,0.8459772288697616,0.008474667941201362,0.06722607953403392,0.3749857541453761,0
1998-06-24,NEOG,0.6779469847679138,0.6779469847679138,0.6446059942245483,0.6612759828567505,211447,0.0,0.00847466794120133,0.00847466794120133,-0.17361160355417093,0.008474356263218593,0.013628138533549257,-0.05217084275472698,-0.18604691770194862,0.01533066690914979,0.018992552750897077,0.0313441179997486,-0.40317427163365194,0.5507540253866174,-0.024590421206564444,0.05041917657334306,0.49998480430628084,0
1998-06-25,NEOG,0.6446059942245483,0.7001749873161316,0.6446059942245483,0.6612759828567505,106848,0.0,0.00847466794120133,-0.00833342197312903,-0.18493210565407858,0.006767951973234802,0.01449228050981268,-0.04186831485729024,-0.1803282600625096,0.01533066690914979,0.018149350286273926,0.030961873857442125,-0.4946818824575425,0.29136558666679574,0.02586074095115405,0.0840329824947248,0.2999872357724449,1
1998-06-26,NEOG,0.655718982219696,0.6779469847679138,0.6446059942245483,0.6779469847679138,112472,0.025210354441036253,0.033898671764805544,0.051723053837676725,-0.1285714657846292,0.025210040253377412,0.034775129616830554,-0.010543499251557007,-0.15407033626562083,0.01843018931835613,0.01573005851109712,0.030972255172830036,0.052635519616651694,0.31826895554769824,0.033898671764805446,0.0491793477845164,1.0,0
1998-06-29,NEOG,0.7001749873161316,0.7112889885902405,0.6390489935874939,0.6390489935874939,452137,-0.05737615485337122,-0.008620770962174285,0.008772014009479578,-0.17857068430741663,-0.03198563792723238,-0.025422910331662652,-0.057762462648224794,-0.19670238519129193,0.033868910096066185,0.02466509768023444,0.03294487330378846,3.0199960879152146,1.2441969401754254,-0.0873010245095189,0.11304296810985591,0.0,1
1998-06-30,NEOG,0.6334919929504395,0.6779469847679138,0.6334919929504395,0.6668329834938049,221570,0.04347708890102031,0.008403451480345492,0.03448151191332838,-0.1608395264379855,0.008403142443357785,0.013513347019089994,-0.007444471876928206,-0.15659293653477607,0.03805342733136247,0.02775029083986504,0.03436370015013842,-0.5099494179861414,0.6103806304631091,0.05263048454343112,0.0666658562456777,0.7499943016581504,0
1998-07-01,NEOG,0.6779469847679138,0.6779469847679138,0.6446059942245483,0.6446059942245483,58485,-0.03333216835316166,-0.025208822132306796,-0.01694779058786544,-0.19444388165237603,-0.020269552263290223,-0.018611633653319224,-0.02928786017418246,-0.1793994269749856,0.041327629962382206,0.02956668464862947,0.03461094661721003,-0.7360427855756646,0.1640368002264008,-0.0491793477845164,0.05172305383767677,0.0,1
1998-07-02,NEOG,0.6668329834938049,0.6723899841308594,0.6446059942245483,0.6668329834938049,121470,0.03448151191332838,0.008403451480345492,0.01694933588240266,-0.14285732892314584,0.011803889278443025,0.013513190930617756,0.012657896719620906,-0.14627236400528085,0.04496331008958619,0.031672232866767056,0.035724899814039,1.0769428058476533,0.34609943627419554,0.0,0.041665590326290684,0.79999270602268,0
1998-07-06,NEOG,0.6779469847679138,0.6779469847679138,0.6446059942245483,0.6446059942245483,43864,-0.03333216835316166,-0.04917934778451638,-0.01694779058786544,-0.06451532261726867,-0.011924539853075063,-0.018611785050026353,-0.017780720048499732,-0.16952966648597922,0.0451901920559322,0.033616445520287246,0.026270091798638345,-0.6388902609697868,0.1395098168774628,-0.0491793477845164,0.05172305383767677,0.0,1
1998-07-07,NEOG,0.6779469847679138,0.6779469847679138,0.6446059942245483,0.6668329834938049,94476,0.03448151191332838,0.04347708890102031,0.03448151191332838,-0.016393614137709678,0.013513034842193595,0.011804044840869351,0.016948785862511587,-0.13569608161013416,0.03895891793652926,0.03485022361474307,0.027354009449071934,1.1538391391573954,0.3633989316434516,-0.01639361413770963,0.049999012299419686,0.6666565362041872,0
1998-07-08,NEOG,0.655718982219696,0.6779469847679138,0.6334919929504395,0.655718982219696,354286,-0.01666684394625806,-0.01666684394625806,-0.008403451480345492,-0.01666684394625806,-6.181174328900411e-07,-0.004219914415950871,0.0008476438325827099,-0.14492799544474755,0.03477251473117505,0.03447174018225946,0.027362448300882067,2.7500105846987593,1.3710540970518657,0.0,0.06779579823507366,0.49998860331630085,0
1998-07-09,NEOG,0.655718982219696,0.655718982219696,0.627934992313385,0.655718982219696,29243,0.0,0.01723996998897981,-0.008403451480345492,0.0,-0.003378721773126815,-0.003378875260096844,0.0008476438325827099,-0.1394403578116881,0.03039259661196072,0.03447174018225946,0.02709610623947009,-0.9174593407585961,0.12395842054005822,0.0,0.04237179441146958,1.0,1
1998-07-10,NEOG,0.627934992313385,0.6668329834938049,0.627934992313385,0.6668329834938049,205824,0.01694933588240266,0.0,0.008403451480345492,0.0,0.013513347019089994,0.012657896719620906,0.017811346715012524,-0.11971860658521079,0.026761267507156208,0.03490243895735511,0.02709610623947009,6.038402352699792,0.9102234298154955,0.06194588875691611,0.05833243427254869,1.0,0
1998-07-13,NEOG,0.6334919929504395,0.655718982219696,0.627934992313385,0.627934992313385,344164,-0.05833243427254864,-0.025862312886522743,-0.0737697689910809,-0.025862312886522743,-0.04074621942505195,-0.03911511622364454,-0.04033911160569946,-0.1648184077322406,0.03551625347447357,0.03839113969716992,0.029224817067876854,0.672127643034826,1.451613243370575,-0.008772014009479658,0.04424660234963433,0.0,1
1998-07-14,NEOG,0.6390489935874939,0.6390489935874939,0.6223779916763306,0.6390489935874939,220445,0.0176992864072818,-0.04166559032629069,0.0,0.008772014009479578,-0.015410180992321158,-0.022108139461259155,-0.023768338694324914,-0.1443445789096723,0.03144585113607835,0.03459019062920458,0.029240832266286976,-0.3594768773026813,1.0332109028368364,0.0,0.026087204703313344,1.0,0
1998-07-15,NEOG,0.6223779916763306,0.6390489935874939,0.6112639904022217,0.6112639904022217,428518,-0.04347867450552223,-0.06779579823507365,-0.08333270019193573,-0.051724625773045485,-0.04513871301636755,-0.056603567038989014,-0.06382943723794537,-0.1751646897712793,0.03532510733472503,0.03351067504908665,0.03056088366511048,0.9438771575676472,1.9817950748101996,-0.017857317293907066,0.04545499754858655,0.0,0
1998-07-16,NEOG,0.6334919929504395,0.6334919929504395,0.6112639904022217,0.6112639904022217,211447,0.0,-0.06779579823507365,-0.051724625773045485,-0.06779579823507365,-0.031690135193147444,-0.051723880458659666,-0.060631627345960865,-0.16880734021691376,0.03532510733472503,0.03236608292325004,0.03022489110440506,-0.5065621514148764,1.0511595605300266,-0.03508805603791863,0.036363998038869236,0.0,1
1998-07-17,NEOG,0.6057069897651672,0.6334919929504395,0.6057069897651672,0.6334919929504395,172082,0.03636399803886925,-0.04999901229941972,-0.04999901229941972,-0.03389712647026821,0.01423501400277945,-0.01213120641186835,-0.02480692334901544,-0.13255154144536072,0.04022655271064723,0.03262450990754956,0.031486417068196534,-0.18616958386735205,0.8631877381413389,0.045872020060465986,0.04386007004739829,1.0,0
1998-07-20,NEOG,0.6001499891281128,0.6446059942245483,0.6001499891281128,0.6223779916763306,124844,-0.017544028018959268,-0.0088496432036409,-0.034483083848696916,-0.050846462352670985,-0.0017825485758395786,-0.026086587006716427,-0.0394507340199538,-0.1414988888718497,0.030919680013655193,0.031441850067750736,0.0316935482240007,-0.27450866447391364,0.6341055469505728,0.0370374122317493,0.07142926917562827,0.5,0
1998-07-21,NEOG,0.6334919929504395,0.6446059942245483,0.6001499891281128,0.6223779916763306,304799,0.0,-0.026087204703313382,-0.06666585624567767,-0.034483083848696916,0.00358426452857185,-0.019264163109072807,-0.03780028892244614,-0.135134718042912,0.02915012035942722,0.02863352350844187,0.031502343367128635,1.4414389157668772,1.460917337354384,-0.017544028018959316,0.07142926917562827,0.5,1
1998-07-22,NEOG,0.6334919929504395,0.6668329834938049,0.6001499891281128,0.655718982219696,244064,0.05357032380525517,0.07272633839958775,0.0,-0.008403451480345492,0.04240196168076084,0.03327417324059215,0.014180710236223578,-0.08313959592421465,0.029376189069900242,0.03397841245922941,0.03331581910692033,-0.19926246477186604,1.2015502826471975,0.0350864565244718,0.1016944699998791,0.8333308007561977,1
1998-07-23,NEOG,0.6890609860420227,0.6890609860420227,0.6612759828567505,0.6668329834938049,146213,0.01694933588240266,0.09090833741902249,0.01694933588240266,0.008403451480345492,0.04166613904910251,0.04895042475803304,0.03092736670611904,-0.06235384742785364,0.02824393282060011,0.034369920691271746,0.03352781142701113,-0.400923528254884,0.7315677699498981,-0.03225839656935996,0.041667109865645015,0.2,0
1998-07-24,NEOG,0.7001749873161316,0.7001749873161316,0.655718982219696,0.6668329834938049,417271,0.0,0.05263048454343111,0.0,0.008403451480345492,0.03092752820449429,0.04895042475803304,0.030484714125787862,-0.05660412520477475,0.026942387554024182,0.03397841245922941,0.03352781142701113,1.8538570441752786,1.937337876543118,-0.0476195300122491,0.06666737578503201,0.25,0
1998-07-27,NEOG,0.6779469847679138,0.6779469847679138,0.6446059942245483,0.6668329834938049,87728,0.0,0.07142764109916233,0.0619458887569162,-0.016393614137709678,0.01694902158524915,0.04257115790276287,0.03137039973947108,-0.05093359890042814,0.02325110265644314,0.027053162264729133,0.033038280399770005,-0.789757735380604,0.4096634780395664,-0.01639361413770963,0.049999012299419686,0.6666565362041872,0
1998-07-28,NEOG,0.6334919929504395,0.6668329834938049,0.6223779916763306,0.6446059942245483,142839,-0.03333216835316166,0.0357146345878141,0.008695734901104535,0.008695734901104535,-0.023568041654185856,0.0069451479345299,-0.0034356778408109706,-0.07702025674658698,0.03158920355211299,0.0293880633096832,0.03124081261140498,0.6282030822542404,0.7189342143409354,0.017544028018959316,0.06896459576202527,0.5000113966836991,1
1998-07-29,NEOG,0.6668329834938049,0.6779469847679138,0.6446059942245483,0.655718982219696,60735,0.01723996998897981,0.0,0.07272633839958775,-0.01666684394625806,-0.006734383996023237,0.01724076950735183,0.014616733901737722,-0.054790663951722204,0.020587514798136565,0.025075273886749204,0.02987995714821659,-0.5748009997269653,0.3185850177704189,-0.016666843946258003,0.050846462352670936,0.33331307240837443,0
1998-07-30,NEOG,0.655718982219696,0.6779469847679138,0.6334919929504395,0.6334919929504395,80980,-0.03389712647026821,-0.04999901229941972,0.03636399803886925,-0.017241541924348458,-0.030611627842451847,-0.020617983381628558,-0.018932282854405656,-0.0803479099784161,0.022679719331403902,0.028263862671224244,0.02991296388080822,0.33333333333333326,0.42228857672375403,-0.03389712647026821,0.07017451256239043,0.0,1
1998-07-31,NEOG,0.6668329834938049,0.6668329834938049,0.6446059942245483,0.6446059942245483,40490,0.01754402801895938,-0.03333216835316166,0.01754402801895938,-0.03333216835316166,-0.006848759035498425,-0.005145067981883361,7.073714163122752e-07,-0.05782901762469941,0.02576101054562315,0.026431801443803343,0.029100922862909856,-0.5,0.21569864198819916,-0.03333216835316168,0.034481511913328294,0.0,0
1998-08-03,NEOG,0.6501629948616028,0.655718982219696,0.6390489935874939,0.6390489935874939,30367,-0.008620770962174285,-0.04166559032629069,0.02678597594086063,-0.008620770962174285,-0.006908215383034213,-0.016252592742839675,-0.008192562148423631,-0.05907315095362018,0.02550534954599819,0.025840717177466877,0.02817882936107411,-0.250012348728081,0.16235499483401344,-0.01709417694016048,0.02608561909881142,0.0,0
1998-08-04,NEOG,0.655718982219696,0.655718982219696,0.6223779916763306,0.6334919929504395,195701,-0.008695734901104424,-0.017241541924348458,0.01785731729390716,-0.04999901229941972,-0.012131518599926831,-0.026472589279802894,-0.014266698763821582,-0.06064545770964468,0.021505648025171718,0.026095896502797918,0.027024035232176793,5.444528600125135,1.0187348387835629,-0.03389712647026821,0.05263048454343112,0.33334346379581276,1
1998-08-05,NEOG,0.6001499891281128,0.6446059942245483,0.6001499891281128,0.6446059942245483,175456,0.01754402801895938,-0.01694779058786544,-0.01694779058786544,-0.01694779058786544,0.008695734901104448,-0.007698340862300649,0.00389500934586331,-0.03846081178968348,0.02157850595199311,0.019963166069269254,0.027143429388176342,-0.10344862826454637,0.9579357994764155,0.0740748244634986,0.06896616769739393,1.0,0
1998-08-06,NEOG,0.655718982219696,0.655718982219696,0.6223779916763306,0.6446059942245483,104599,0.0,0.01754402801895938,-0.03333216835316166,-0.01694779058786544,0.005199356051909092,-0.004291418257276757,0.004764488316035252,-0.033976631155798125,0.013250978610943443,0.018912036233853888,0.027143429388176342,-0.4038448385920117,0.559567491920699,-0.016947790587865493,0.05172305383767677,0.6666869275916255,1
1998-08-07,NEOG,0.6334919929504395,0.655718982219696,0.6334919929504395,0.6501629948616028,74231,0.008620770962174173,0.008620770962174173,-0.024998746380032633,-0.024998746380032633,0.012110841262517338,0.006885062412164574,0.014744686811499635,-0.020919707604330817,0.011362060226308115,0.019268340079086822,0.026924608652225363,-0.29032782340175334,0.41159720352772255,0.02631604202843897,0.03418679538042295,0.7500341908304216,1
1998-08-10,NEOG,0.6334919929504395,0.6668329834938049,0.6334919929504395,0.6668329834938049,149588,0.025639706910342674,0.04347708890102031,0.0,0.0619458887569162,0.02915855137437682,0.0327013003048146,0.03761275891108741,0.007556200716323017,0.013633119230121603,0.021223884684182976,0.023874851559750616,1.015168864760006,0.8767326896606695,0.05263048454343112,0.049999012299419686,1.0,0
1998-08-11,NEOG,0.627934992313385,0.655718982219696,0.627934992313385,0.655718982219696,91102,-0.01666684394625806,0.03508645652447173,0.01723996998897981,0.026085619098811463,0.005109851426705336,0.01374474355203683,0.018997439325413545,-0.00556275075935682,0.01635816165782587,0.01881561999950746,0.024018722456454363,-0.390980559937963,0.5549832564435431,0.04424660234963433,0.04237179441146958,1.0,0
1998-08-12,NEOG,0.627934992313385,0.655718982219696,0.627934992313385,0.627934992313385,31492,-0.04237179441146954,-0.025862312886522743,-0.04237179441146954,0.027272998529151993,-0.03253394717296069,-0.025021499731499183,-0.02544170451386035,-0.04285910269525763,0.025894369386997955,0.022489720766997578,0.023910509212547875,-0.6543215297139471,0.2182376608958749,0.0,0.04424660234963433,0.0,1
1998-08-13,NEOG,0.6223779916763306,0.6890609860420227,0.6001499891281128,0.6446059942245483,449888,0.0265489296109227,0.0,0.01754402801895938,0.05454599705830376,-0.006848759035498425,-0.0008610207136008388,-0.002150010059978132,-0.01276524900199932,0.029618758625378657,0.021697515695074387,0.024544557654391282,13.285786866505779,2.8797725309484585,0.03571463458781413,0.13793076345941918,0.5000056982769081,1
1998-08-14,NEOG,0.6890609860420227,0.7001749873161316,0.6501629948616028,0.655718982219696,183329,0.01723996998897981,0.008545529970182209,0.01723996998897981,0.03508645652447173,0.008546473061927405,0.014616415742036464,0.013309627536137143,0.008029403907579905,0.03045906745244213,0.021673441214808575,0.02352544770826836,-0.5925008001991607,1.169295943892878,-0.048387594854039935,0.07627046617627502,0.1110931015824814,0
1998-08-17,NEOG,0.6723899841308594,0.6779469847679138,0.6446059942245483,0.6446059942245483,89978,-0.01694779058786544,-0.03333216835316166,0.008695734901104535,0.0357146345878141,-0.001720559989411973,-0.0034359900712324985,-0.005571655079072428,-0.007698186079682573,0.028085166476719936,0.022275192855884394,0.023499756848442205,-0.5091993083472882,0.5803440991986069,-0.04132124297214957,0.05172305383767677,0.0,0
1998-08-18,NEOG,0.655718982219696,0.6779469847679138,0.6334919929504395,0.6446059942245483,61860,0.0,-0.01694779058786544,0.01754402801895938,0.0357146345878141,0.001727447508459638,-0.0051453791420964425,-0.007273731718328752,-0.00667854398618263,0.02755185274337038,0.02201894212800391,0.023499756848442205,-0.31249861077152197,0.43290361386341286,-0.016947790587865493,0.06896459576202527,0.25000569834184955,0
1998-08-19,NEOG,0.6668329834938049,0.6668329834938049,0.6223779916763306,0.627934992313385,107973,-0.025862312886522743,0.0,-0.025862312886522743,-0.04237179441146954,-0.024179541166021914,-0.02837470243228725,-0.030874544845121726,-0.031206729096355055,0.022124406511736004,0.022867670044001656,0.020896693051545366,0.7454413191076625,0.7933882475696409,-0.05833243427254869,0.070795531960557,0.12500284917092477,1
1998-08-20,NEOG,0.6223779916763306,0.6446059942245483,0.6223779916763306,0.6446059942245483,49488,0.0265489296109227,0.0,0.0,-0.03333216835316166,0.001727447508459638,-0.002579090798970243,-0.0034359900712324985,-0.005145161329967672,0.022124406511736004,0.024646621643956687,0.021456474179090263,-0.5416631935761718,0.3770377833945057,0.03571463458781413,0.034483083848696965,1.0,0
1998-08-21,NEOG,0.6446059942245483,0.655718982219696,0.6223779916763306,0.6223779916763306,1155086,-0.034483083848696916,-0.050846462352670985,-0.042735442350401165,-0.06666585624567767,-0.022687825669874612,-0.03281505175965998,-0.034482704416000466,-0.03813095202399733,0.024161020418749506,0.026707839357257998,0.022682289455943735,22.340729065632072,6.869562373063805,-0.034483083848696965,0.05357032380525524,0.0,1
1998-08-24,NEOG,0.6334919929504395,0.655718982219696,0.627934992313385,0.6334919929504395,183329,0.01785731729390716,-0.017241541924348458,-0.04999901229941972,-0.04999901229941972,-0.001751330263175102,-0.010416452322099168,-0.014693000365180542,-0.02061810612048661,0.02660291546294598,0.025846556269777936,0.02316119518970279,-0.8412854107832664,1.0601614394171366,0.0,0.04385847053395146,0.20000729397732003,0
1998-08-25,NEOG,0.6334919929504395,0.6334919929504395,0.6223779916763306,0.6334919929504395,65234,0.0,-0.017241541924348458,-0.03389712647026821,-0.017241541924348458,0.0017574861405050565,-0.006968549797706926,-0.013840650334326448,-0.02061810612048661,0.02660291546294598,0.025532757798568242,0.02198017574148268,-0.6441697712855031,0.38589656145423745,0.0,0.017544028018959316,1.0,0
1998-08-26,NEOG,0.6223779916763306,0.6223779916763306,0.6001499891281128,0.6001499891281128,163084,-0.052632084056877915,-0.0442482160182045,-0.0442482160182045,-0.08474513411747642,-0.04255360422035216,-0.05511848708239283,-0.06168585424500531,-0.07088787336767462,0.03397844317246603,0.02742050635413522,0.02440780669539588,1.4999846705705613,0.9363885216557502,-0.03571463458781413,0.0370374122317493,0.0,1
1998-08-27,NEOG,0.6112639904022217,0.6112639904022217,0.6001499891281128,0.6112639904022217,292427,0.018518706115874695,-0.051724625773045485,-0.051724625773045485,-0.03508805603791865,-0.014337058114287222,-0.0325419345806674,-0.04264595711144421,-0.05237756880759341,0.032039637342653415,0.02652375337188247,0.023851258501218914,0.7931066199014005,1.5829531042016378,0.0,0.018181999019434618,1.0,0
1998-08-28,NEOG,0.6223779916763306,0.6223779916763306,0.5445809960365295,0.5445809960365295,326168,-0.109090336438457,-0.12499959298088348,-0.16949026823495272,-0.1551723053837677,-0.0992643300234549,-0.12264966732996589,-0.1403504871361322,-0.15283479647600168,0.055204891497723396,0.040936112462268116,0.033416982360182174,0.115382642505651,1.6388787000236158,-0.1249995929808835,0.14285661124058494,0.0,1
1998-08-31,NEOG,0.6001499891281128,0.6001499891281128,0.5334669947624207,0.577921986579895,137216,0.061223198727134776,-0.08772014009479656,-0.10344925154609086,-0.09565308391214888,-0.026217829552642447,-0.05882426713795197,-0.08329726237562787,-0.09878728082157927,0.06598844468103905,0.047940826917922,0.036808731972023945,-0.5793088224473277,0.6714377882912849,-0.0370374122317493,0.11538407590325087,0.6666616015123955,0
1998-09-01,NEOG,0.5556939840316772,0.577921986579895,0.5556939840316772,0.577921986579895,125969,0.0,-0.08772014009479656,-0.10344925154609086,-0.08772014009479656,-0.007634012807232857,-0.04849103752995079,-0.07923922003356446,-0.09690908332332357,0.06598844468103905,0.047940826917922,0.03680606061465228,-0.08196565998134331,0.6271018995160419,0.04000043762746704,0.038461943072561844,1.0,0
1998-09-02,NEOG,0.5556939840316772,0.6001499891281128,0.5556939840316772,0.5556939840316772,201325,-0.0384619430725619,-0.07407482446349856,-0.11504536164733159,-0.13793233539478789,-0.031008423088150484,-0.07407498079447555,-0.10833796049092756,-0.12876886255766937,0.0643265025577289,0.048571530784282946,0.03721568200018667,0.5982106708793433,0.9958287229006724,0.0,0.08000087525493409,0.0,1
1998-09-03,NEOG,0.5556939840316772,0.577921986579895,0.5556939840316772,0.5612509846687317,158585,0.010000109406866686,-0.08181899558745576,-0.1293115644326136,-0.1293115644326136,-0.003945173973627355,-0.05164388538899555,-0.09335803956038287,-0.1172878870192571,0.0633701081847933,0.0474162651577443,0.03737748756470933,-0.21229355519682103,0.7740853116842292,0.01000010940686676,0.03960438940047019,0.25,1
1998-09-04,NEOG,0.5668079853057861,0.577921986579895,0.5556939840316772,0.577921986579895,110222,0.029703292050352603,0.061223198727134776,-0.07142926917562831,-0.11111215011104314,0.013645369676492141,-0.016083590703555046,-0.06094852874239495,-0.08867902638887212,0.036842645794168925,0.048473522652901,0.03810808315604843,-0.30496579121606704,0.5333310107581201,0.01960805345413935,0.038461943072561844,1.0,0
1998-09-08,NEOG,0.5890359878540039,0.5890359878540039,0.5556939840316772,0.5556939840316772,73107,-0.0384619430725619,-0.0384619430725619,-0.12280819613271521,-0.1666669199232257,-0.017681918909841086,-0.04122782922436518,-0.08883907870440262,-0.12033858157331365,0.030264901208047017,0.048627955315407125,0.0380767987580795,-0.33672950953530145,0.36041156933610263,-0.05660435781487544,0.06000065644120057,0.0,0
1998-09-09,NEOG,0.5556939840316772,0.577921986579895,0.5556939840316772,0.5556939840316772,51737,0.0,-0.0384619430725619,-0.12280819613271521,-0.15254247764708728,-0.009901097350117547,-0.028183173511838806,-0.08130536474670529,-0.1180110010266418,0.030264901208047017,0.048627955315407125,0.03806796947372711,-0.2923112697826473,0.2575583752769448,0.0,0.04000043762746704,0.0,0
1998-09-10,NEOG,0.5556939840316772,0.577921986579895,0.5334669947624207,0.5445809960365295,314921,-0.019998395365954158,-0.019998395365954158,-0.09259184220316807,-0.1327430343860433,-0.02584375206579848,-0.038271782154627836,-0.09343134266157115,-0.13228198665082966,0.026415810095110872,0.046646900328186844,0.03731154469033288,5.086959042851344,1.4644334731636863,-0.019998395365954172,0.08163155185549736,0.25000569834184955,0
1998-09-11,NEOG,0.5445809960365295,0.5556939840316772,0.5112389922142029,0.5112389922142029,190077,-0.0612250593850876,-0.08910807075741256,-0.16363633349676088,-0.20689693115681318,-0.06882551491307097,-0.08091864598560639,-0.1393824681223519,-0.18193123658650148,0.03496675015492722,0.04827285609357856,0.038377081136252426,-0.3964295807519981,0.940715619327834,-0.06122505938508757,0.0869554014746361,0.0,1
1998-09-14,NEOG,0.5556939840316772,0.5556939840316772,0.5334669947624207,0.5334669947624207,203574,0.043478691740524544,-0.07692213283068905,-0.020408353128362533,-0.1864396041173555,-0.012345053687825283,-0.03903816751273396,-0.09262714638133443,-0.14270359681686917,0.03986436066180723,0.03902871577781509,0.03980803087436248,0.07100806515254354,1.0024917761538008,-0.03999861417968769,0.04166516295756099,0.0,1
1998-09-15,NEOG,0.5334669947624207,0.550137996673584,0.5334669947624207,0.5445809960365295,183329,0.020833531189794696,-0.019998395365954158,-0.0576911612944081,-0.1551723053837677,0.012397192390052809,-0.013090674335087094,-0.06577628415099455,-0.12202050476183564,0.04004896508926742,0.033534032422499215,0.040328621916864316,-0.09944786662343919,0.8825114430341846,0.020833531189794606,0.030612529692543786,0.6666666666666666,1
1998-09-16,NEOG,0.5445809960365295,0.5556939840316772,0.5445809960365295,0.550137996673584,116971,0.010204176564181155,-0.00999828595908736,-0.04807567552626768,-0.1465515344215934,0.02484495498438073,0.0020252348428112126,-0.048533616565629795,-0.10971152386759625,0.040521613592422526,0.03387061753633144,0.04049407496737638,-0.36196128272122796,0.5557052055882648,0.010204176564181261,0.020200364385558753,0.5000455898522352,0
1998-09-17,NEOG,0.550137996673584,0.550137996673584,0.5334669947624207,0.550137996673584,224944,0.0,0.010204176564181155,-0.00999828595908736,-0.12389339118240239,0.022727486786838287,0.0030402829861292395,-0.04208925823987023,-0.1066587671385671,0.03918460740196153,0.031685298251108836,0.04027548525203942,0.923074950201332,1.0397724134249084,0.0,0.030303309373220434,1.0,1
1998-09-18,NEOG,0.5612509846687317,0.5612509846687317,0.5556939840316772,0.5612509846687317,227193,0.020200364385558833,0.09782507440976729,0.0,-0.1293115644326136,0.024339525396399286,0.023302062195843017,-0.015595320534561263,-0.08580817533632959,0.01614279658225238,0.03222218220883333,0.04003139531846101,0.009998043957607283,1.0087383766182159,0.0,0.009901097350117547,1.0,1
1998-09-21,NEOG,0.5612509846687317,0.5890359878540039,0.5612509846687317,0.5890359878540039,513996,0.049505486750587746,0.10416575652694471,0.01923097153628084,-0.05357195188172115,0.053677370256540874,0.07178929506302736,0.03616787332841919,-0.038112869235719875,0.01848753802796388,0.03472905424800642,0.04128476651914716,1.2623760415153638,2.6608424479112744,0.04950548675058773,0.04717029817906287,1.0,1
1998-09-22,NEOG,0.577921986579895,0.6112639904022217,0.577921986579895,0.6112639904022217,130467,0.037736238543250256,0.12244825811222237,0.10000109406866753,-0.03508805603791865,0.06796113067309055,0.10110100243779988,0.077375278108511,-0.001271089054143018,0.02011757978893786,0.033074190195301695,0.04201867619000886,-0.7461711764293886,0.6847680096238178,0.057692914608842766,0.054545997058303854,1.0,1
1998-09-23,NEOG,0.5890359878540039,0.6446059942245483,0.5890359878540039,0.6446059942245483,224944,0.05454599705830376,0.171716911251661,0.1600017505098681,0.01754402801895938,0.09022611798417114,0.14285745082823695,0.13503009092939777,0.053014359485352804,0.0224171217220868,0.03562757850472254,0.0438136248840031,0.7241448029003503,1.1331460742078094,0.09434059635812574,0.08620770962174241,1.0,0
1998-09-24,NEOG,0.6446059942245483,0.6446059942245483,0.6334919929504395,0.6446059942245483,188953,0.0,0.171716911251661,0.18367331749730997,0.07407482446349856,0.05646686500866906,0.12294319580380536,0.13060497791491726,0.05186852179104414,0.0224171217220868,0.033932801993185345,0.041911247689605254,-0.15999982217796427,0.9456811285933248,0.0,0.017241541924348482,1.0,1
1998-09-25,NEOG,0.6223779916763306,0.6668329834938049,0.6223779916763306,0.6668329834938049,134966,0.03448151191332838,0.18811904425858805,0.3043468781708458,0.09090833741902249,0.05633730472288189,0.1310075317395507,0.16391787898218108,0.08616871698841476,0.02135935852859467,0.01981113282865747,0.04234332307869461,-0.2857165538520161,0.7031925690813262,0.0714276410991623,0.0666658562456777,1.0,0
1998-09-28,NEOG,0.705731987953186,0.705731987953186,0.655718982219696,0.6668329834938049,35991,0.0,0.13207511466868715,0.2499985754334788,0.22448816309608222,0.030927205207794566,0.10598998570821758,0.15163091700307202,0.08499025779192042,0.02436418796873422,0.02057321854702165,0.03279003728936002,-0.7333328393817702,0.2028526524121407,-0.05511866420027064,0.07500079775816103,0.2222222222222222,0
1998-09-29,NEOG,0.6835039854049683,0.6890609860420227,0.6668329834938049,0.6668329834938049,266558,0.0,0.09090833741902249,0.22448816309608222,0.15384601897581263,0.013513034842193595,0.08401020176408895,0.14285659706367615,0.08342293906636493,0.02539222808348419,0.021806809286221807,0.03060924317011346,6.406240449001139,1.449539932389461,-0.02439049700827414,0.033333687892516006,0.0,0
1998-09-30,NEOG,0.6668329834938049,0.6723899841308594,0.6446059942245483,0.6446059942245483,79855,-0.03333216835316166,0.0,0.171716911251661,0.11538582921768548,-0.020269552263290223,0.032029116354817734,0.0984855843151078,0.04655418801379889,0.023977822632740856,0.027682251491470012,0.03192551125950721,-0.7004216718312712,0.43976468417813624,-0.03333216835316168,0.04310228287550254,0.0,0
1998-10-01,NEOG,0.6446059942245483,0.6501629948616028,0.6223779916763306,0.6334919929504395,82104,-0.017241541924348458,-0.017241541924348458,0.15151470500284736,0.14000153169613472,-0.033897723635296306,0.0008784522560604847,0.07243697006096914,0.029252828321255624,0.02522641031361384,0.0293008442969962,0.030700585779420544,0.028163546427900643,0.46749688398044237,-0.017241541924348482,0.04386007004739829,0.4,1
1998-10-02,NEOG,0.6223779916763306,0.6835039854049683,0.6112639904022217,0.6779469847679138,470132,0.07017451256239049,0.01666684394625806,0.2079212389588232,0.2079212389588232,0.030405098431406787,0.05172371513435921,0.1364689915169014,0.10108249362511722,0.0395472127285209,0.034213896922023014,0.033800011339649716,4.726054759816818,2.4588230094813315,0.08928495839306938,0.1065569972665001,0.9230758441104105,0
1998-10-05,NEOG,0.7001749873161316,0.7001749873161316,0.6112639904022217,0.6112639904022217,152962,-0.0983601901976453,-0.08333270019193573,0.037736238543250256,0.05769291460884274,-0.05498274250349675,-0.05498274250349675,0.021830053422968874,-0.005424942866652135,0.06075953671494712,0.04872293065939772,0.041197736794489084,-0.6746403137842139,0.7911593648567116,-0.12698396618639315,0.14545433447732628,0.0,1
1998-10-06,NEOG,0.6668329834938049,0.6779469847679138,0.6334919929504395,0.6334919929504395,114721,0.03636399803886925,-0.04999901229941972,0.03636399803886925,0.14000153169613472,-0.010416452322099168,-0.0239722177938066,0.05214617319560603,0.031861319887216966,0.06513516711615482,0.04862169017957646,0.04056709425479912,-0.25000326878571144,0.5870491595654994,-0.049999012299419686,0.07017451256239043,0.0,0
1998-10-07,NEOG,0.6446059942245483,0.6446059942245483,0.6001499891281128,0.6223779916763306,32617,-0.017544028018959268,-0.034483083848696916,-0.034483083848696916,0.12000131288240112,-0.0209789095160002,-0.03780043965434653,0.027994601954493877,0.014492930759033055,0.06400196114944956,0.0456578956087582,0.04092293026595676,-0.715684138039243,0.16772791844238322,-0.034483083848696965,0.07142926917562827,0.5,0
1998-10-08,NEOG,0.6223779916763306,0.6223779916763306,0.5556939840316772,0.577921986579895,127093,-0.07142926917562831,-0.08772014009479656,-0.10344925154609086,0.061223198727134776,-0.07473352330586172,-0.097222573967265,-0.0480554805897579,-0.055576287718941415,0.07075644377302436,0.050541544412579145,0.0441627837048882,2.896526351289205,0.6867206257444723,-0.07142926917562827,0.11538582921768553,0.3333333333333333,1
1998-10-09,NEOG,0.577921986579895,0.6001499891281128,0.5556939840316772,0.5890359878540039,116971,0.01923097153628084,-0.13114741847306455,-0.11666638808445173,0.15217343908542302,-0.029304322899182573,-0.0685415117300535,-0.035925778124949306,-0.03601345399018324,0.057675435919642574,0.049274864849417316,0.04150055713516854,-0.07964246654025009,0.6447629922325383,0.019230971536280922,0.07547247708650058,0.75,1
1998-10-12,NEOG,0.6112639904022217,0.6223779916763306,0.6001499891281128,0.6001499891281128,91102,0.018868119271625128,-0.018181999019434625,-0.09999954413819367,0.1249992877167394,-0.007353015115950783,-0.04085266177983349,-0.02306663346329614,-0.01639360597025885,0.04305810240037138,0.050106200153075264,0.04074948407852824,-0.22115738088928028,0.5182331878690588,-0.018181999019434618,0.0370374122317493,0.0,1
1998-10-13,NEOG,0.6001499891281128,0.6223779916763306,0.6001499891281128,0.6223779916763306,57361,0.03703741223174939,-0.017544028018959268,-0.06666585624567767,0.1428566112405849,0.033210667291079216,0.0017890896624918528,0.006741804342709425,0.020594336899692266,0.043212406018119716,0.0521974535941711,0.041203587610120815,-0.3703650852890167,0.3384228624965744,0.0370374122317493,0.03571463458781413,1.0,1
1998-10-14,NEOG,0.6223779916763306,0.6334919929504395,0.6168209910392761,0.6334919929504395,262059,0.01785731729390716,0.01785731729390716,-0.017241541924348458,0.15151470500284736,0.047794598253679536,0.021505754076473916,0.017857565866399444,0.03881941380207476,0.04308603137466109,0.051685674740708516,0.041265298262704087,3.568591900420146,1.4826580789926078,0.017857317293907066,0.02631604202843897,1.0,0
1998-10-15,NEOG,0.655718982219696,0.655718982219696,0.6223779916763306,0.6334919929504395,25869,0.0,0.09615485768140464,0.0,0.15151470500284736,0.028881151603044636,0.021505754076473916,0.011086909113856739,0.039198203145457654,0.01310457699423374,0.051351805870021146,0.041265298262704087,-0.9012855883598732,0.15509392628227225,-0.03389712647026821,0.05263048454343112,0.33334346379581276,1
1998-10-16,NEOG,0.6223779916763306,0.6668329834938049,0.6223779916763306,0.6446059942245483,50612,0.01754402801895938,0.09434059635812564,-0.04917934778451638,0.14851646025176324,0.028369069480234658,0.04504548902990074,0.022026972428239734,0.057429925538693735,0.01310594692258944,0.04590789307557705,0.04122789847698327,0.9564729985697167,0.3203967419705362,0.03571463458781413,0.06896459576202527,0.5000113966836991,0
1998-10-19,NEOG,0.6668329834938049,0.6668329834938049,0.6223779916763306,0.6446059942245483,210322,0.0,0.07407482446349856,0.05454599705830376,0.09434059635812564,0.013986147741596244,0.03942690981428999,0.017544353534134596,0.0576227483821464,0.015402693644038127,0.031834615824476394,0.0400599715607724,3.155575752785901,1.4730190124241023,-0.03333216835316168,0.06896459576202527,0.5000113966836991,0
1998-10-20,NEOG,0.6112639904022217,0.655718982219696,0.6112639904022217,0.6112639904022217,94476,-0.051724625773045485,-0.01785731729390705,-0.03508805603791865,0.0,-0.03508805603791863,-0.010791473079886647,-0.03508774735989398,0.004749739973580091,0.028499226807190046,0.03451036899146638,0.04122477599784321,-0.5508030543642606,0.67012144692212,0.0,0.07272633839958781,0.0,0
1998-10-21,NEOG,0.6223779916763306,0.6334919929504395,0.6112639904022217,0.6112639904022217,40490,0.0,-0.03508805603791865,-0.01785731729390705,-0.051724625773045485,-0.02826882444961769,-0.009009097805980148,-0.03254177942609392,0.006220265882211967,0.026218157724782885,0.03413363238658339,0.03924013807685702,-0.5714255472289258,0.30729952102561686,-0.017857317293907066,0.036363998038869236,0.0,1
1998-10-22,NEOG,0.6223779916763306,0.6446059942245483,0.6223779916763306,0.6334919929504395,67483,0.03636399803886925,0.0,0.09615485768140464,-0.017241541924348458,0.0070672061124045105,0.017857317293907066,0.0035214828317066764,0.042619709381848614,0.032804789042538675,0.025421315920648068,0.04016456656445948,0.6666584341812793,0.5369122710984094,0.017857317293907066,0.03508805603791863,0.5,0
1998-10-23,NEOG,0.6668329834938049,0.6668329834938049,0.5890359878540039,0.6112639904022217,48363,-0.03508805603791865,-0.051724625773045485,0.037736238543250256,-0.08333270019193573,-0.017857317293907066,-0.02135252100416926,-0.027409402172489772,0.007141553446847037,0.03435089155460636,0.028706294851879678,0.04002562365635147,-0.28333061659973624,0.39851825666494034,-0.0833327001919357,0.12727233545789166,0.28571800704403943,0
1998-10-26,NEOG,0.6223779916763306,0.6446059942245483,0.5890359878540039,0.5890359878540039,119220,-0.03636399803886925,-0.0862077096217424,-0.018518706115874695,-0.11666638808445173,-0.036363998038869236,-0.055259005851029074,-0.05693990302012463,-0.027344839036550193,0.03551056515313866,0.03078433030262835,0.04067585791585353,1.465107623596551,0.9498201460342499,-0.0535719518817212,0.09434059635812574,0.0,1
1998-10-27,NEOG,0.5890359878540039,0.6446059942245483,0.5890359878540039,0.6223779916763306,187828,0.05660435781487538,0.018181999019434514,0.0,-0.06666585624567767,0.014492897246841491,-0.0017825485758395786,8.140382988906348e-08,0.02846666567619659,0.041795081823298844,0.03395965346519246,0.042974375975575324,0.5754739137728568,1.5448668388412758,0.05660435781487544,0.08928658646953534,0.6,0
1998-10-28,NEOG,0.6112639904022217,0.6446059942245483,0.6112639904022217,0.6112639904022217,24744,-0.01785731729390705,0.0,-0.03508805603791865,-0.051724625773045485,-0.003623224311710418,-0.016100336446162208,-0.015219406199745584,0.01121530802458231,0.043000325156742215,0.03381134331462775,0.0425280105506169,-0.8682624528824243,0.2082364658710245,0.0,0.054545997058303854,0.0,1
1998-10-29,NEOG,0.6446059942245483,0.6446059942245483,0.6223779916763306,0.627934992313385,101225,0.027272998529151993,-0.00877201400947969,-0.00877201400947969,-0.00877201400947969,0.02540860071188567,0.011638430914085071,0.012091558049526467,0.038794181632992655,0.04127458123888697,0.035158024873925824,0.04283983838899189,3.0908907209828644,0.8450733621355373,-0.025862312886522725,0.035398572814563566,0.25,1
1998-10-30,NEOG,0.6223779916763306,0.6390489935874939,0.6223779916763306,0.6334919929504395,48363,0.0088496432036409,0.03636399803886925,-0.017241541924348458,-0.06557296192222606,0.027027293417940447,0.02242174466959582,0.024719344219003236,0.04837264532486166,0.03664311854964086,0.03477242762904377,0.03966337795370236,-0.5222227710545814,0.4900295407879198,0.017857317293907066,0.02631604202843897,0.6666666666666666,1
1998-11-02,NEOG,0.6334919929504395,0.6446059942245483,0.627934992313385,0.6446059942245483,57361,0.01754402801895938,0.09434059635812564,0.0,0.05454599705830376,0.026548929610922676,0.04035914040527248,0.03989281618110921,0.06598107447711016,0.02713302364291807,0.035278282271018944,0.032814396835186735,0.18605132022413828,0.6107822049960602,0.017544028018959316,0.025862312886522725,1.0,0
1998-11-03,NEOG,0.6446059942245483,0.6446059942245483,0.627934992313385,0.627934992313385,100100,-0.025862312886522743,0.008928658646953469,0.027272998529151993,-0.00877201400947969,-0.0017668015281010394,0.010733557630774687,0.013453046801757492,0.03860322491919699,0.022901309145231998,0.03179549248893468,0.032450077012818775,0.7450881260786946,1.0742308544642556,-0.025862312886522725,0.026548929610922676,0.0,0
1998-11-04,NEOG,0.627934992313385,0.6446059942245483,0.6112639904022217,0.6223779916763306,229443,-0.0088496432036409,0.018181999019434514,0.018181999019434514,0.0,-0.01408464268835974,0.0,0.004484348933919164,0.029790560188206222,0.021244085832335488,0.03201519173916417,0.03225943599509083,1.2921378621378623,2.2270776055152064,-0.008849643203640891,0.0535719518817212,0.3333333333333333,0
1998-11-05,NEOG,0.6057069897651672,0.627934992313385,0.6057069897651672,0.6223779916763306,141715,0.0,-0.0088496432036409,-0.017544028018959268,0.0769238861451238,-0.01234579812172072,0.0017889262717957215,0.0008936637865848737,0.02903363199401109,0.016729059626936608,0.0296922044111613,0.027476394643627812,-0.3823520438627459,1.3658572786849064,0.027523212036279592,0.03571463458781413,0.75,1
1998-11-06,NEOG,0.6168209910392761,0.6390489935874939,0.6112639904022217,0.6390489935874939,316046,0.02678597594086063,0.008772014009479578,0.04545499754858651,0.08490653672231319,0.012324062352314839,0.024042976886731005,0.023587234586310526,0.05562740325289887,0.020940125775302805,0.028300525263039656,0.02774638833913956,1.2301520657657976,2.779425745169032,0.03603639122392059,0.043478674505522244,1.0,1
1998-11-09,NEOG,0.6446059942245483,0.6501629948616028,0.6334919929504395,0.6446059942245483,103474,0.008695734901104535,0.0,0.09434059635812564,0.07407482446349856,0.021126964032539698,0.023830768510255042,0.028825113404065517,0.061299719346338044,0.019622443914885296,0.024323803081553717,0.027560775995813885,-0.672598292653601,0.9050650017449839,0.0,0.025862312886522725,0.6666666666666666,0
1998-11-10,NEOG,0.6223779916763306,0.6390489935874939,0.6168209910392761,0.6223779916763306,428518,-0.034483083848696916,-0.0088496432036409,0.0,0.0,-0.01234579812172072,-0.01147407372715994,-0.006651949247092042,0.02320498743477192,0.022628388575059957,0.021545127830873985,0.027680065922817496,3.1413108606993063,3.2247148015717286,0.0,0.03571463458781413,0.25,0
1998-11-11,NEOG,0.6168209910392761,0.6223779916763306,0.6112639904022217,0.6112639904022217,133842,-0.01785731729390705,-0.01785731729390705,0.0,-0.03508805603791865,-0.026548929610922676,-0.029126494845867427,-0.02265681730646588,0.0038327876585183595,0.02368664221399731,0.021545127830873985,0.02764415874424925,-0.6876630619950621,1.0582511759268851,-0.009009097805980148,0.018181999019434618,0.0,1
1998-11-12,NEOG,0.6112639904022217,0.6223779916763306,0.6112639904022217,0.6168209910392761,35991,0.009090999509717257,-0.00892865864695358,-0.0176992864072818,-0.026316042028438957,-0.015957601582632104,-0.018567818870438516,-0.012455637252432084,0.010929003492943097,0.02434979483110306,0.019695250675839163,0.027743322005145662,-0.7310933787600304,0.28343655103763715,0.009090999509717309,0.018018195611960296,0.5,0
1998-11-13,NEOG,0.6223779916763306,0.6223779916763306,0.6168209910392761,0.6168209910392761,131592,0.0,-0.034782939604417806,-0.026316042028438957,-0.0431038548108712,-0.008928658646953533,-0.015957601582632104,-0.010254223974163392,0.009090932599797699,0.018890723605022062,0.01936924039212218,0.027402500056020955,2.656247395182129,1.0042906270176708,-0.008928658646953533,0.009009097805980148,0.0,0
1998-11-16,NEOG,0.6223779916763306,0.627934992313385,0.6112639904022217,0.6112639904022217,160835,-0.009009097805980137,-0.051724625773045485,-0.051724625773045485,-0.051724625773045485,-0.007220287900761249,-0.019608034334236076,-0.016540170727622393,-0.0010897972944304906,0.016774883123993636,0.018095265219623926,0.027444608827475,0.22222475530427377,1.2510943721172458,-0.017857317293907066,0.027272998529151927,0.0,1
1998-11-17,NEOG,0.6112639904022217,0.6334919929504395,0.6112639904022217,0.6223779916763306,309298,0.018181999019434514,0.0,-0.0088496432036409,0.018181999019434514,0.010830431851141693,-0.0008920693664091106,0.0004466323237257102,0.0148605369352137,0.014258733487098836,0.01785198587092339,0.025175710332038186,0.9230764448036808,2.220428287707054,0.018181999019434618,0.03571463458781413,0.5,0
1998-11-18,NEOG,0.6334919929504395,0.6334919929504395,0.6112639904022217,0.6223779916763306,107973,0.0,0.018181999019434514,0.0,0.018181999019434514,0.007194315386591218,-0.0008920693664091106,-0.0004462337189200981,0.012658286282510789,0.010340227146695061,0.01762343423241771,0.025175710332038186,-0.6509094788844416,0.7567986979807346,-0.017544028018959316,0.03571463458781413,0.5,0
1998-11-19,NEOG,0.6112639904022217,0.6334919929504395,0.6112639904022217,0.6223779916763306,128218,0.0,0.009009097805980248,0.0,-0.017544028018959268,0.005386049305595277,-0.0008920693664091106,0.0004466323237257102,0.010101076546335068,0.009936303491315758,0.01762343423241771,0.023776809142628873,0.18750057884841587,0.8799687318664899,0.018181999019434618,0.03571463458781413,0.5,0
1998-11-20,NEOG,0.6112639904022217,0.627934992313385,0.6112639904022217,0.6168209910392761,485879,-0.00892865864695358,0.0,-0.034782939604417806,0.009090999509717257,-0.003590699537063578,-0.006266847415276467,-0.008928658646953533,-0.002336891575515783,0.011084425401977935,0.015055398250780595,0.022464034392249844,2.789475736636042,2.8993291393978815,0.009090999509717309,0.027027293417940447,0.3333333333333333,1
1998-11-23,NEOG,0.6223779916763306,0.655718982219696,0.6112639904022217,0.6446059942245483,780555,0.0450454890299008,0.05454599705830376,0.0,0.09434059635812564,0.03019567527336398,0.03849634840812738,0.03111141366800448,0.03886840688558148,0.0215042410969657,0.02137174351775522,0.02276995123944546,0.6064802142097105,3.8901320707699973,0.03571463458781413,0.06896459576202527,0.7500170950255487,0
1998-11-24,NEOG,0.6223779916763306,0.6223779916763306,0.6112639904022217,0.6112639904022217,395901,-0.051724625773045485,-0.01785731729390705,-0.01785731729390705,-0.01785731729390705,-0.019608034334236076,-0.013453046801757492,-0.02135252100416926,-0.016979547870604853,0.034407605566032055,0.024887357876533598,0.022672865483470216,-0.49279551088648466,1.875831097922258,-0.017857317293907066,0.018181999019434618,0.0,1
1998-11-25,NEOG,0.6446059942245483,0.6446059942245483,0.6112639904022217,0.627934992313385,83229,0.027272998529151993,0.008928658646953469,0.027272998529151993,0.027272998529151993,0.005338130251042271,0.010733557630774687,0.003998261877611542,0.007309850400531933,0.03708387450919348,0.025675086206100043,0.02311226295937644,-0.7897732008759766,0.38896072912202617,-0.025862312886522725,0.05309785922184535,0.5,0
1998-11-27,NEOG,0.6446059942245483,0.6446059942245483,0.6223779916763306,0.6223779916763306,40490,-0.0088496432036409,0.0,0.009009097805980248,-0.0088496432036409,-0.0035587535006949065,0.0008936637865848737,-0.004444487666857783,-0.003913106997691394,0.037432609769395206,0.025827984787585828,0.02240100793837745,-0.5135109156664144,0.19194927115927832,-0.034483083848696965,0.03571463458781413,0.0,1
1998-11-30,NEOG,0.6223779916763306,0.6446059942245483,0.6223779916763306,0.6334919929504395,238440,0.01785731729390716,0.027027293417940523,0.027027293417940523,0.0,0.008849643203640891,0.016042937182556918,0.013333463000573349,0.011535291712120454,0.037650694623724605,0.026347975329364982,0.022681431740819605,4.888861447270931,1.0816303386332191,0.017857317293907066,0.03508805603791863,0.5,0
1998-12-01,NEOG,0.6334919929504395,0.6446059942245483,0.6223779916763306,0.627934992313385,276681,-0.00877201400947969,-0.025862312886522743,0.027272998529151993,-0.025862312886522743,0.005338130251042271,0.004444487666857783,0.005785548106076194,0.0014180801096137677,0.030725066893960484,0.026336088065093036,0.02238649707477013,0.16037996980372426,1.1956259641935776,-0.008772014009479658,0.035398572814563566,0.25,1
1998-12-02,NEOG,0.627934992313385,0.6334919929504395,0.6223779916763306,0.6334919929504395,197951,0.0088496432036409,0.03636399803886925,0.01785731729390716,0.0088496432036409,0.0070672061124045105,0.01153516078189816,0.01423501400277945,0.009564516392733804,0.016061565980618094,0.025900399859649693,0.021698247251146816,-0.2845515232343384,0.8376979524852673,0.008849643203640891,0.017544028018959316,1.0,1
1998-12-03,NEOG,0.6223779916763306,0.6446059942245483,0.6223779916763306,0.6390489935874939,42739,0.008772014009479578,0.0176992864072818,0.02678597594086063,0.02678597594086063,0.012324062352314839,0.017699286407281783,0.02176831466699649,0.018600843305032904,0.011891550087948876,0.02597076363957025,0.02164926538149819,-0.7840930331243591,0.1883037877307563,0.0267859759408606,0.03478293960441779,0.75,0
1998-12-04,NEOG,0.627934992313385,0.6446059942245483,0.6223779916763306,0.6334919929504395,235066,-0.008695734901104424,0.01785731729390716,0.01785731729390716,0.01785731729390716,0.0,0.0070672061124045105,0.011984137694861157,0.010101238579668543,0.01185149127014385,0.026224931529165076,0.021768944670973452,4.500035096750041,1.0148081536583924,0.008849643203640891,0.03508805603791863,0.5,0
1998-12-07,NEOG,0.6223779916763306,0.6334919929504395,0.6168209910392761,0.6223779916763306,344164,-0.017544028018959268,-0.017544028018959268,0.009009097805980248,-0.026087204703313382,-0.01408464268835974,-0.01147407372715994,-0.004444487666857783,-0.006211143946140995,0.01178068457525741,0.026762865874559314,0.02126827818979443,0.46411646090885106,1.4768337697357299,0.0,0.0267859759408606,0.3333333333333333,0
1998-12-08,NEOG,0.6168209910392761,0.627934992313385,0.6168209910392761,0.6223779916763306,312672,0.0,-0.0088496432036409,-0.034483083848696916,-0.034483083848696916,-0.01234579812172072,-0.007971733583069303,-0.0026714418763035238,-0.004798276087364659,0.011443543922441788,0.021919719839991064,0.02114591045235542,-0.09150288815797125,1.2840649572467049,0.009009097805980148,0.017857317293907066,0.5,1
1998-12-09,NEOG,0.6223779916763306,0.627934992313385,0.6168209910392761,0.627934992313385,319420,0.008928658646953469,-0.00877201400947969,0.027272998529151993,0.008928658646953469,-0.0017668015281010394,-0.0017668015281010394,0.005785548106076194,0.005338162869893288,0.011461835445409801,0.013980016991099957,0.019769635084707356,0.021581721420530053,1.3418369833158859,0.008928658646953533,0.017699286407281783,1.0,0
1998-12-10,NEOG,0.6168209910392761,0.6223779916763306,0.6168209910392761,0.6168209910392761,221570,-0.0176992864072818,-0.034782939604417806,-0.0176992864072818,0.009090999509717257,-0.012455637252432084,-0.017699286407281783,-0.012455637252432084,-0.011576216032037621,0.011524418836132769,0.012366550882947303,0.01976188684604889,-0.3063364848788429,0.9139424798253704,0.0,0.009009097805980148,0.0,0
1998-12-11,NEOG,0.627934992313385,0.627934992313385,0.6112639904022217,0.6112639904022217,583729,-0.009009097805980137,-0.03508805603791865,-0.01785731729390705,-0.009009097805980137,-0.014337058114287222,-0.024822935795205458,-0.020916981614275305,-0.019782730963450564,0.011536777425889677,0.012376870521862421,0.019768892226167692,1.6345127950534821,2.1634007251498315,-0.026548929610922676,0.027272998529151927,0.0,1
1998-12-14,NEOG,0.6223779916763306,0.6223779916763306,0.5890359878540039,0.6223779916763306,257561,0.018181999019434514,0.0,-0.017544028018959268,0.009009097805980248,0.00358426452857185,-0.005328648577652425,-0.0035587535006949065,-0.00017854129025429087,0.014183637151618427,0.012434259541514977,0.020195242989740726,-0.5587661397669124,0.9327913680554965,0.0,0.0535719518817212,1.0,0
1998-12-15,NEOG,0.6001499891281128,0.6223779916763306,0.5890359878540039,0.6001499891281128,71982,-0.0357146345878141,-0.0357146345878141,-0.0442482160182045,-0.018181999019434625,-0.02527100765266419,-0.036574844022774965,-0.03829066689368289,-0.03554240833550551,0.021394375254614618,0.016417992458967964,0.02169423734140326,-0.7205244582836687,0.26495541194489464,0.0,0.055556118347623945,0.3333333333333333,1
1998-12-16,NEOG,0.6168209910392761,0.6223779916763306,0.5890359878540039,0.6168209910392761,424019,0.02777805917381193,-0.0176992864072818,-0.026316042028438957,-0.00892865864695358,0.005434836467565536,-0.007155705087183243,-0.01113596599891482,-0.008220237610847137,0.02606704601483154,0.019002154880700204,0.0222330695514944,4.890625434136312,1.5284813794070515,0.0,0.054054586835880894,0.8333333333333334,1
1998-12-17,NEOG,0.6168209910392761,0.627934992313385,0.6112639904022217,0.6223779916763306,689453,0.009009097805980248,0.009009097805980248,-0.026087204703313382,0.0,0.012658353064701254,0.004484348933919164,-0.0022271931997829638,0.0007148032705084933,0.025095192413748014,0.019017922891144918,0.022328662440247445,0.6259955332190303,2.2495419447449385,0.009009097805980148,0.0267859759408606,0.6666666666666666,1
1998-12-18,NEOG,0.6112639904022217,0.6446059942245483,0.6112639904022217,0.6334919929504395,639965,0.01785731729390716,0.03636399803886925,0.0,0.01785731729390716,0.023339546990912986,0.02242174466959582,0.01468639134619336,0.016767912460282995,0.025011650751913184,0.019886933537961057,0.022673028306248167,-0.07177864190887562,1.92717993286422,0.036363998038869236,0.05263208405687794,0.6666666666666666,0
1998-12-21,NEOG,0.6334919929504395,0.6334919929504395,0.6223779916763306,0.6251559853553772,209198,-0.01315882077094288,0.004463515285243691,0.004463515285243691,0.013512825336987166,0.008968045183520462,0.008515709009906326,0.0006663475137881843,0.002226397255241363,0.02556216418672532,0.019497240676039786,0.022791230309205806,-0.6731102482166993,0.6573607749515498,-0.0131588207709429,0.017777965075054032,0.24995441430425502,0
1998-12-22,NEOG,0.6112639904022217,0.6251559853553772,0.6112639904022217,0.6168209910392761,344164,-0.013332663385383636,0.02777805917381193,-0.00892865864695358,-0.0431038548108712,-0.009812601964231255,-0.004037643221922052,-0.010474766651829661,-0.011664241467211914,0.018466621931181787,0.019993684428651574,0.02046171435147684,0.6451591315404546,1.1610699288879922,0.009090999509717309,0.02252192314296733,0.40001458795464007,0
1998-12-23,NEOG,0.6168209910392761,0.6334919929504395,0.6168209910392761,0.6168209910392761,303674,0.0,0.0,-0.0176992864072818,0.009090999509717257,-0.009812601964231255,-0.0022471313423582944,-0.010915637634364825,-0.011488207019947695,0.0137015873770187,0.01971251434875048,0.016784405614395512,-0.11764740065782597,1.0406624759024203,0.0,0.027027293417940447,0.0,1
1998-12-24,NEOG,0.6334919929504395,0.6334919929504395,0.6112639904022217,0.6334919929504395,219320,0.027027293417940523,0.01785731729390716,0.027027293417940523,0.0088496432036409,0.013333627245791601,0.021963544121437924,0.015364252397878744,0.015228591256018583,0.018252475356558138,0.02070513801514385,0.0167639219881263,-0.2777781436672221,0.7344625768009352,0.0,0.03508805603791863,1.0,0
1998-12-28,NEOG,0.6168209910392761,0.6334919929504395,0.6168209910392761,0.6168209910392761,293552,-0.026316042028438957,-0.026316042028438957,0.009090999509717257,-0.00892865864695358,-0.008042812436723777,-0.0058217403067841594,-0.010915637634364825,-0.010959727230860155,0.020254623264019816,0.022457047923679297,0.017709018886721266,0.33846434433704187,0.943090475670327,0.0,0.027027293417940447,0.0,0
1998-12-29,NEOG,0.6334919929504395,0.6390489935874939,0.6168209910392761,0.6168209910392761,345289,0.0,-0.013332663385383636,-0.00892865864695358,-0.026316042028438957,-0.005376396792857685,-0.004930491457194284,-0.00959184456102884,-0.010077670743701465,0.019804725208495497,0.021644690561308907,0.01718792317207888,0.17624475391072103,1.090586811564884,-0.02631604202843897,0.03603639122392059,0.0,1
1998-12-30,NEOG,0.6168209910392761,0.6334919929504395,0.6168209910392761,0.6223779916763306,446513,0.009009097805980248,0.009009097805980248,0.03703741223174939,-0.0088496432036409,0.0017889262717957215,0.0004467138002870041,-0.00022312596795372877,-0.0004462174526819913,0.019269635849720752,0.01789883978380114,0.017235006623558966,0.2931573261818361,1.3734633384399664,0.009009097805980148,0.0267859759408606,0.3333333333333333,1
1998-12-31,NEOG,0.6168209910392761,0.6446059942245483,0.6168209910392761,0.627934992313385,537616,0.008928658646953469,0.018018195611960275,0.018018195611960275,-0.00877201400947969,0.00713019430335867,0.0075792909354846566,0.00915395950211416,0.007938725567027025,0.019457237389671787,0.015981463299025847,0.01723722398253887,0.20403213344292337,1.5715938194001287,0.018018195611960296,0.04424821601820446,0.4,0
1999-01-04,NEOG,0.6334919929504395,0.6446059942245483,0.6168209910392761,0.6168209910392761,245189,-0.0176992864072818,-0.026316042028438957,-0.00892865864695358,-0.034782939604417806,-0.005376396792857685,-0.009370827492303113,-0.006933599273437188,-0.010077670743701465,0.016052068743449124,0.016868943763262888,0.017518067521430966,-0.5439328442605875,0.6961526471171117,-0.02631604202843897,0.04504548902990074,0.0,1
1999-01-05,NEOG,0.6334919929504395,0.6334919929504395,0.6001499891281128,0.6223779916763306,187828,0.009009097805980248,0.009009097805980248,-0.017544028018959268,-0.017544028018959268,0.0017889262717957215,0.0013411765461781456,0.0029103000301734542,-0.0008029178024250484,0.011599675306686328,0.01599271919332264,0.01758901754946224,-0.23394605793897771,0.5368908819047581,-0.017544028018959316,0.0535719518817212,0.6666666666666666,0
1999-01-06,NEOG,0.6223779916763306,0.6334919929504395,0.6223779916763306,0.6223779916763306,92227,0.0,0.009009097805980248,-0.004443680847856624,0.0,0.0,0.0017889262717957215,0.0029103000301734542,-0.0011593636591077884,0.011599675306686328,0.015473790238749134,0.017138418823722773,-0.5089816214834849,0.27347014599534675,0.0,0.017857317293907066,0.0,1
1999-01-07,NEOG,0.6112639904022217,0.627934992313385,0.6112639904022217,0.627934992313385,239565,0.008928658646953469,0.008928658646953469,0.018018195611960275,0.008928658646953469,0.00713019430335867,0.008928658646953533,0.011412102001155146,0.006502261950008738,0.011587312278728008,0.01499025346978203,0.01725050412990644,1.5975581987921106,0.7181383709486776,0.027272998529151927,0.026548929610922676,1.0,1
1999-01-08,NEOG,0.6112639904022217,0.6446059942245483,0.6112639904022217,0.6446059942245483,64109,0.0265489296109227,0.0265489296109227,0.0450454890299008,0.0265489296109227,0.028369069480234658,0.03111141366800448,0.036871911209959134,0.032488094583756205,0.016089454894837957,0.01685375633941792,0.01812667958199279,-0.7323941310291571,0.19982473373819434,0.054545997058303854,0.05172462577304545,1.0,0
1999-01-11,NEOG,0.6223779916763306,0.6446059942245483,0.6168209910392761,0.6223779916763306,259810,-0.034483083848696916,0.009009097805980248,-0.017544028018959268,0.009009097805980248,-0.008849643203640891,-0.0026714418763035238,0.000670138885810907,-0.003470077225383356,0.02255437381228836,0.018843389259854463,0.01940421142994105,3.0526291160367496,0.8050179379165431,0.0,0.04464329323476767,0.2,0
1999-01-12,NEOG,0.6168209910392761,0.6446059942245483,0.6168209910392761,0.6223779916763306,304799,0.0,0.0,0.009009097805980248,0.018181999019434514,-0.008849643203640891,-0.0035587535006949065,-0.00022312596795372877,-0.0032927096643878178,0.022211775439121766,0.016728130157620105,0.019272838010133634,0.1731611562295523,0.9870700843108937,0.009009097805980148,0.04464329323476767,0.2,0
1999-01-13,NEOG,0.6334919929504395,0.6334919929504395,0.6168209910392761,0.6223779916763306,368908,0.0,0.0,0.009009097805980248,0.0,-0.008849643203640891,-0.004444487666857783,-0.00022312596795372877,-0.0029377850621600554,0.022211775439121766,0.016728130157620105,0.01884774777995457,0.21033205489519324,1.1735245372329088,-0.017544028018959316,0.0267859759408606,0.3333333333333333,0
1999-01-14,NEOG,0.6168209910392761,0.627934992313385,0.6112639904022217,0.6112639904022217,506123,-0.01785731729390705,-0.0265489296109227,-0.01785731729390705,0.018518706115874695,-0.02135252100416926,-0.02048105438499321,-0.01895220747036697,-0.019695390431860894,0.02280226148534077,0.017445298990229504,0.017427839450263233,0.3719491038416083,1.5060224024414248,-0.009009097805980148,0.027272998529151927,0.0,1
1999-01-15,NEOG,0.6057069897651672,0.6223779916763306,0.6057069897651672,0.6168209910392761,254186,0.009090999509717257,-0.0431038548108712,-0.0176992864072818,0.0,-0.003590699537063578,-0.009812763030500573,-0.010033502469470828,-0.01043068206605456,0.017439258702828576,0.017456321889392293,0.01639020196296211,-0.4977782080640477,0.7759641779088964,0.018348808024186394,0.027027293417940447,0.6666666666666666,0
1999-01-19,NEOG,0.6112639904022217,0.6334919929504395,0.6112639904022217,0.6168209910392761,467883,0.0,-0.00892865864695358,0.0,-0.00892865864695358,-0.0017985788466477145,-0.009812763030500573,-0.00959184456102884,-0.010254207881897437,0.009825482017722232,0.016519989539471387,0.016256531846476463,0.8407111327925221,1.4783224680003753,0.009090999509717309,0.03603639122392059,0.25,1
1999-01-20,NEOG,0.6168209910392761,0.6446059942245483,0.6168209910392761,0.6446059942245483,183329,0.0450454890299008,0.0357146345878141,0.0357146345878141,0.01754402801895938,0.03571463458781413,0.03111141366800448,0.03409888139176532,0.033592075526292176,0.023277620592045033,0.021769864812822504,0.018795300147086882,-0.608173410874086,0.6242812791893868,0.04504548902990074,0.04310385481087121,1.0,0
1999-01-21,NEOG,0.627934992313385,0.6446059942245483,0.6223779916763306,0.6223779916763306,298050,-0.034483083848696916,0.0,0.0,-0.004443680847856624,0.0,-0.004444487666857783,-0.0013375074748909082,-0.0015155552949905804,0.030079328535942435,0.024927851774567085,0.020195653283706195,0.6257656999165435,0.9998097996455632,-0.008849643203640891,0.03571463458781413,0.0,1
1999-01-22,NEOG,0.6112639904022217,0.6334919929504395,0.6112639904022217,0.627934992313385,64109,0.008928658646953469,0.027272998529151993,0.0,0.018018195611960275,0.0035524323851016757,0.004444487666857783,0.006681579599348892,0.007938725567027025,0.028360004857407348,0.024927851774567085,0.020036683365799262,-0.7849052172454286,0.2256533216099248,0.027272998529151927,0.035398572814563566,0.75,0
1999-01-25,NEOG,0.6112639904022217,0.6223779916763306,0.6001499891281128,0.6168209910392761,179955,-0.0176992864072818,0.0,-0.0431038548108712,0.0,-0.014209729540406526,-0.008928658646953533,-0.01113596599891482,-0.009724407470399167,0.03004381277798663,0.02364060654990522,0.020473185369768155,1.8070161755759724,0.6475111363783562,0.009090999509717309,0.03603639122392059,0.75,1
1999-01-26,NEOG,0.6001499891281128,0.6390489935874939,0.6001499891281128,0.6223779916763306,304799,0.009009097805980248,0.009009097805980248,0.0,-0.017544028018959268,-0.007092267370058753,0.0,-0.0013375074748909082,-0.0011593636591077884,0.030286122648684074,0.021326678108051358,0.01960867235527217,0.6937512155816732,1.0801123136219868,0.0370374122317493,0.06250061052867474,0.5714285714285714,1
1999-01-27,NEOG,0.6223779916763306,0.6390489935874939,0.6223779916763306,0.627934992313385,379030,0.008928658646953469,-0.025862312886522743,0.008928658646953469,0.018018195611960275,0.00713019430335867,0.008028624297682353,0.006681579599348892,0.007399571476073399,0.020092125495424936,0.021503385958313456,0.018750522124103507,0.24354082526517473,1.3231245539389775,0.008928658646953533,0.026548929610922676,0.3333333333333333,1
1999-01-28,NEOG,0.655718982219696,0.7001749873161316,0.655718982219696,0.7001749873161316,716446,0.11504374797876138,0.12499959298088359,0.12499959298088359,0.1351348243457362,0.09565184576174689,0.11013179198320461,0.1150438379443212,0.12029834977133361,0.05172829507479262,0.04192701082354673,0.031630611992410254,0.8902092182676833,2.3488207637636025,0.06779734352961089,0.06349270668299879,1.0,1
1999-01-29,NEOG,0.7112889885902405,0.7335169911384583,0.7001749873161316,0.7335169911384583,1036991,0.047619530012249056,0.16814160720060678,0.20000033153563024,0.17857154486260463,0.11111128165410979,0.14088170610285436,0.15789483786402325,0.16907283049401586,0.0516464839382769,0.04175427387912065,0.03292357241343399,0.44740985363865526,3.0996814803035506,0.03125031162407448,0.045454984990297306,1.0,1
1999-02-01,NEOG,0.7112889885902405,0.8113139867782593,0.7112889885902405,0.7890859842300415,904274,0.07575692691908498,0.27927874649745243,0.27927874649745243,0.2566364255684457,0.1359995985501468,0.19528565781735097,0.22996909284415623,0.25099048931440265,0.045438968632336214,0.04515370838360351,0.03617414415416956,-0.12798278866451107,2.562550211757238,0.10937466611706305,0.1267605814664408,0.7777755266095042,0
1999-02-02,NEOG,0.8113139867782593,0.8224279880523682,0.7779719829559326,0.7779719829559326,496001,-0.014084651731526399,0.24999918596176696,0.26126055088549216,0.26126055088549216,0.07197510428474374,0.15036915105766954,0.1976040805546636,0.2273157982273059,0.051569020302230956,0.046254664549346645,0.03602623569516544,-0.4514925785768473,1.3573408869931156,-0.04109630101993963,0.05714345255406673,0.0,0
1999-02-03,NEOG,0.7557439804077148,0.7890859842300415,0.7557439804077148,0.7779719829559326,128218,0.0,0.23893713916116388,0.20689535922144442,0.24999918596176696,0.02941152809951418,0.12812199880007102,0.18343129598253932,0.22132003236421294,0.053326552706469195,0.04621477214928866,0.03612527674571852,-0.7414964889183691,0.3537627958898645,0.029412080181209027,0.04285758941555005,0.6666666666666666,1
1999-02-04,NEOG,0.7557439804077148,0.8001999855041504,0.7557439804077148,0.8001999855041504,362159,0.028571726277033305,0.1428571428571428,0.28571382054958105,0.28571382054958105,0.031518684524639615,0.1311860573686766,0.20100053976072751,0.2490238146257856,0.036125413178972915,0.04208732648132263,0.03619833702985039,1.8245566145159025,0.9633497296888948,0.058824160362418054,0.055556118347623945,1.0,0
1999-02-05,NEOG,0.8001999855041504,0.8113139867782593,0.7779719829559326,0.7890859842300415,443139,-0.013889029586905965,0.07575692691908498,0.2566364255684457,0.2566364255684457,0.0028248878586392234,0.09062959378241577,0.17016851678211728,0.22614574411024022,0.03801552883312702,0.043715231758058824,0.03669761574280401,0.22360344489575024,1.1476838949134185,-0.013889029586905986,0.04225395519457927,0.3333333333333333,0
1999-02-08,NEOG,0.8224279880523682,0.8224279880523682,0.7613009810447693,0.7613009810447693,280055,-0.03521162932881605,-0.03521162932881605,0.23423325746755164,0.18103304633492168,-0.025604817573467626,0.03162600352751578,0.11928029966277903,0.17748080578414432,0.023493961432213033,0.04586587743898782,0.03799361275514636,-0.36801996664703396,0.7055824799981457,-0.07432505689933623,0.08029282574115615,0.0,0
1999-02-09,NEOG,0.7557439804077148,0.7668579816818237,0.705731987953186,0.7168459892272949,193452,-0.05839345137381369,-0.07857094479982074,0.15178556892174422,0.15178556892174422,-0.06791871910969684,-0.04089193123585563,0.046653240046695535,0.10568265861100516,0.03321578746999773,0.05248984730490398,0.0397690547863091,-0.3092356858474228,0.491499771465767,-0.05146979954697743,0.0852707480368647,0.1818211957984406,1
1999-02-10,NEOG,0.7112889885902405,0.7446309924125671,0.7112889885902405,0.7279599905014038,115846,0.015504029374690198,-0.06428508166130409,0.15929196399696588,0.16964288621565116,-0.040995222589464364,-0.038884405579895386,0.05475065554327166,0.11917996917051968,0.03568928436698263,0.05244045948088017,0.03975972997551413,-0.401164113061638,0.3015663378391095,0.02343773371805586,0.04580197298942402,0.5,1
1999-02-11,NEOG,0.7335169911384583,0.7779719829559326,0.7224029898643494,0.7779719829559326,129343,0.0687015675409326,-0.02777805917381193,0.11111078951564335,0.24999918596176696,0.03092761356798963,0.016702750533663175,0.11464923304629165,0.19077931764846268,0.04922999208968321,0.044110402590123526,0.04188892024639826,0.1165081228527527,0.3475379759862041,0.0606052652556525,0.07142801323056244,1.0,0
1999-02-12,NEOG,0.7557439804077148,0.7890859842300415,0.6890609860420227,0.7335169911384583,223819,-0.05714215009204571,-0.07042197454033505,0.0,0.20000033153563024,-0.013452505342634891,-0.041393830636327164,0.04183144352889152,0.11911850414799074,0.054748520121670016,0.04691868562332124,0.04422029188587362,0.7304299420919571,0.625098099673178,-0.029410739411070662,0.13636357357281467,0.44444894678099156,0
1999-02-16,NEOG,0.7112889885902405,0.7446309924125671,0.7112889885902405,0.7224029898643494,160835,-0.015151661663432403,-0.05109410357916311,-0.08450662627186156,0.17117121556965675,-0.018126792519108186,-0.04761872955758907,0.018409898146372367,0.09917991325738061,0.05346205332355792,0.038951129799705074,0.044579195750662874,-0.28140595749243813,0.4551247196236756,0.01562515581203724,0.04615429931787453,0.3333333333333333,0
1999-02-17,NEOG,0.7112889885902405,0.7446309924125671,0.7112889885902405,0.7224029898643494,60735,0.0,0.007752014687345099,-0.07142801323056247,0.17117121556965675,-0.01960776224621218,-0.04059014271959703,0.01088664939430701,0.09639882844546528,0.045898530348469094,0.03896571018292023,0.044579195750662874,-0.6223769701868375,0.18237136828071407,0.01562515581203724,0.04615429931787453,0.3333333333333333,1
1999-02-18,NEOG,0.7112889885902405,0.7335169911384583,0.7112889885902405,0.7279599905014038,93352,0.007692383219645826,0.0,-0.06428508166130409,0.12930999249724495,-0.012066209447843992,-0.026745640057635044,0.012756356776872216,0.1016736968380923,0.045471183409143995,0.03918799257057384,0.043757980707827465,0.5370379517576356,0.28415026432865875,0.02343773371805586,0.03053464865961601,0.75,0
1999-02-19,NEOG,0.7335169911384583,0.7335169911384583,0.7112889885902405,0.7168459892272949,192327,-0.01526732432980804,-0.07857094479982074,-0.104166455619641,0.15178556892174422,-0.010736301409582434,-0.030803803908187995,-0.009216472078082242,0.08176100475059618,0.025056229680620153,0.037306179735217354,0.04300401185069555,1.0602343816950897,0.5949897020596654,-0.022727492495148653,0.031008058749380545,0.25,1
1999-02-22,NEOG,0.7335169911384583,0.7557439804077148,0.7224029898643494,0.7279599905014038,129343,0.015504029374690198,-0.0075758308317162015,-0.07746430040609831,0.15929196399696588,0.006144453477551743,-0.007575556645072616,-0.0007625059688261699,0.09504321223573599,0.013709290795874223,0.038141921428294395,0.043037042774154335,-0.32748392061437037,0.39614285742725364,-0.007575830831716217,0.04580058104622054,0.16667173189790638,0
1999-02-23,NEOG,0.7335169911384583,0.7335169911384583,0.7112889885902405,0.7168459892272949,129343,-0.01526732432980804,-0.007692383219645715,-0.05839345137381369,0.1621621177636765,-0.007692383219645754,-0.016768319165806237,-0.022727154994441393,0.07544810515067975,0.013738268896792867,0.037029936123484736,0.04296316509434006,0.0,0.3992371641854851,-0.022727492495148653,0.031008058749380545,0.25,0
1999-02-24,NEOG,0.7112889885902405,0.7168459892272949,0.6890609860420227,0.7112889885902405,151837,-0.007752014687345099,-0.015384766439291542,-0.007752014687345099,0.14285691027479053,-0.012345800603190408,-0.023646166123925588,-0.03614452868396786,0.0640950254945096,0.01396675220827747,0.03211073205146773,0.04311379116788224,0.17390968200830348,0.4799997470973493,0.0,0.039062889530093105,0.8,0
1999-02-25,NEOG,0.6890609860420227,0.7112889885902405,0.6890609860420227,0.6890609860420227,169833,-0.031250311624074434,-0.05343563515432803,-0.05343563515432803,0.09734446157147958,-0.03276163663756621,-0.04908010204354833,-0.07011646157834178,0.02844780560876293,0.01702440290865928,0.03294402797443855,0.04397408516802293,0.11852183591614684,0.5552504124336232,0.0,0.03225839656935996,0.0,0
1999-02-26,NEOG,0.6890609860420227,0.7112889885902405,0.6835039854049683,0.6890609860420227,95601,0.0,-0.03876007343672572,-0.11428560264611254,-0.015873176670749722,-0.025157485149378746,-0.037267450063306846,-0.0694186057500332,0.026404711739417004,0.017389559719277817,0.020789400276953376,0.035630170580397996,-0.4370881984066701,0.3478611764607424,0.0,0.04032299571169994,0.2,1
1999-03-01,NEOG,0.6779469847679138,0.705731987953186,0.6779469847679138,0.7001749873161316,113597,0.01612919828468007,-0.03816831082451999,-0.04545498499029732,-0.04545498499029732,-0.0015848020827301718,-0.017160857286344176,-0.052275338401289916,0.03986113013241833,0.017599567584320765,0.015225524099891974,0.034067146048946055,0.18824070877919685,0.4968042528616746,0.03278722827541926,0.03968294167687425,0.8,0
1999-03-02,NEOG,0.7001749873161316,0.705731987953186,0.6668329834938049,0.6779469847679138,213697,-0.031746353341499445,-0.054264102811415915,-0.061539065757166056,-0.14084523319796727,-0.02243612690273028,-0.042386609907746356,-0.07540769740451492,0.00502458968927598,0.02066397920971066,0.01727719078238875,0.02934328468392448,0.8811852425680256,1.1008125625236314,-0.031746353341499396,0.057377649481983706,0.2857142857142857,0
1999-03-03,NEOG,0.6446059942245483,0.6835039854049683,0.6446059942245483,0.6779469847679138,26993,0.0,-0.046875467436111706,-0.061539065757166056,-0.1285714657846292,-0.012945117501142833,-0.03633527944969844,-0.06905796038080284,0.0033714664778863724,0.021244129058252445,0.01727719078238875,0.02933717562827897,-0.8736856390122463,0.1581532750319025,0.05172305383767677,0.05737615485337122,0.8571391357646337,0
1999-03-04,NEOG,0.6779469847679138,0.7001749873161316,0.6223779916763306,0.655718982219696,161960,-0.032787228275419245,-0.048387594854039984,-0.09923760814375204,-0.1571431920616625,-0.03594808728856174,-0.05826076906636391,-0.09195909397151704,-0.030164382318450606,0.021647098307969084,0.018369288105485493,0.029869125462057326,5.000074093283444,0.9396431839028379,-0.03278722827541926,0.11864380588228182,0.4285639859119212,0
1999-03-05,NEOG,0.6223779916763306,0.6446059942245483,0.6223779916763306,0.6223779916763306,494876,-0.050846462352670985,-0.09677371918662858,-0.13178283616093556,-0.22222194082618807,-0.06666613989318396,-0.09385076028524393,-0.12738577593194145,-0.07940144202200808,0.027194673126009507,0.022444089476685847,0.030017671973599728,2.0555445789083726,2.76468351944688,0.0,0.03571463458781413,0.0,0
1999-03-08,NEOG,0.6168209910392761,0.6334919929504395,0.6112639904022217,0.6223779916763306,203574,0.0,-0.11111078951564346,-0.14503818918997258,-0.21126720773830232,-0.044368122778978676,-0.07970380405082199,-0.11706714293778075,-0.07955275821502708,0.022392437970018744,0.02065929890399022,0.030133534820822084,-0.5886363452662889,1.2188534488797511,0.009009097805980148,0.03571463458781413,0.5,0
1999-03-09,NEOG,0.6334919929504395,0.6334919929504395,0.6112639904022217,0.6112639904022217,93352,-0.01785731729390705,-0.0983601901976453,-0.14728686553562576,-0.1970797284887834,-0.041811636383342315,-0.08180277377484364,-0.12350590663210635,-0.09584086257213438,0.021904131544624138,0.020674348201903843,0.02965678390085839,-0.5414345643353278,0.5920129117564523,-0.03508805603791863,0.036363998038869236,0.0,0
1999-03-10,NEOG,0.6057069897651672,0.627934992313385,0.6057069897651672,0.6112639904022217,88853,0.0,-0.0983601901976453,-0.14062497774113758,-0.14728686553562576,-0.02135220347552199,-0.06779637444674179,-0.11682048111625988,-0.09524591725770856,0.021904131544624138,0.02114182037375026,0.027488316068340655,-0.04819393264204297,0.5828115427553429,0.009174404012093197,0.036363998038869236,0.25,1
1999-03-11,NEOG,0.6223779916763306,0.627934992313385,0.6057069897651672,0.6168209910392761,253062,0.009090999509717257,-0.059321130293872315,-0.10483831832896862,-0.1526718513548766,0.0,-0.048842902472909,-0.1015781471117721,-0.08702079833508367,0.02385453874880764,0.02150737948856383,0.027241200211702284,1.848097419333056,1.5884220476711153,-0.008928658646953533,0.03603639122392059,0.5,1
1999-03-12,NEOG,0.627934992313385,0.627934992313385,0.6223779916763306,0.627934992313385,34866,0.018018195611960275,0.008928658646953469,-0.08870912004428866,-0.19285654744593328,0.01618720961983015,-0.02249094558547681,-0.07528612386953307,-0.07087624662444784,0.013314146400200375,0.023200936437405346,0.021490931825280325,-0.8622234867344761,0.2255345092185759,0.0,0.008849643203640891,1.0,0
1999-03-15,NEOG,0.6112639904022217,0.6223779916763306,0.6112639904022217,0.6168209910392761,65234,-0.0176992864072818,-0.00892865864695358,-0.11904737785101827,-0.1590910660679633,0.0,-0.027168943976761565,-0.08378029770914681,-0.08717096088313898,0.01600920378342583,0.021536332059589755,0.018593299525817574,0.8709917971662937,0.444786876080279,0.009090999509717309,0.018018195611960296,0.5,1
1999-03-16,NEOG,0.6168209910392761,0.6223779916763306,0.6168209910392761,0.6223779916763306,178830,0.009009097805980248,0.018181999019434514,-0.08196657605993563,-0.13846149530305962,0.005386049305595277,-0.009725681048376997,-0.06860684540612749,-0.07879567941245876,0.013545093830994472,0.021320004530996747,0.0189176691011192,1.7413618665113284,1.2118871060375804,0.009009097805980148,0.008928658646953533,1.0,0
1999-03-17,NEOG,0.6168209910392761,0.6223779916763306,0.6168209910392761,0.6223779916763306,60735,0.0,0.018181999019434514,-0.08196657605993563,-0.13846149530305962,0.0017889262717957215,-0.000891906849078018,-0.0615833536929535,-0.0789471947895963,0.013545093830994472,0.021320004530996747,0.0189176691011192,-0.6603757758765307,0.41158621811324975,0.009009097805980148,0.008928658646953533,1.0,0
1999-03-18,NEOG,0.6057069897651672,0.6168209910392761,0.6057069897651672,0.6168209910392761,48363,-0.00892865864695358,0.0,-0.059321130293872315,-0.1526718513548766,-0.007155705087183243,-0.003590699537063578,-0.06210378061473382,-0.08702079833508367,0.014131286257152341,0.01953650326245873,0.018588857176308506,-0.20370461842430232,0.3328176676957041,0.018348808024186394,0.018018195611960296,1.0,0
1999-03-19,NEOG,0.6112639904022217,0.6223779916763306,0.6112639904022217,0.6168209910392761,40490,0.0,-0.0176992864072818,-0.00892865864695358,-0.13953485084828066,-0.003590699537063578,-0.002695444285434701,-0.05491683724173093,-0.08687058637470743,0.010149689307647754,0.011514890534733424,0.01859176150126854,-0.16278973595517232,0.29399816078700597,0.009090999509717309,0.018018195611960296,0.5,0
1999-03-22,NEOG,0.6112639904022217,0.6223779916763306,0.6112639904022217,0.6168209910392761,204699,0.0,0.0,-0.00892865864695358,-0.1526718513548766,-0.003590699537063578,-0.0017985788466477145,-0.04680104490696926,-0.08657001411940214,0.006341992873299636,0.011514890534733424,0.017900413602600737,4.055544578908372,1.4467408416510736,0.009090999509717309,0.018018195611960296,0.5,0
1999-03-23,NEOG,0.6112639904022217,0.6168209910392761,0.500124990940094,0.5279099941253662,1116846,-0.14414392215171634,-0.1517855689217441,-0.136363334967609,-0.263565672321871,-0.12037019840618535,-0.13400164132602846,-0.1721129470219672,-0.215524069081612,0.06358252165501319,0.04695833018009236,0.03532975559822565,4.456040332390486,5.851500197259947,-0.13636333496760897,0.2210528336227512,0.23809730549168112,1
1999-03-24,NEOG,0.5334669947624207,0.5668079853057861,0.5112389922142029,0.5334669947624207,1246188,0.010526416811375672,-0.14285691027479053,-0.12727233545789163,-0.24999964385820062,-0.08396923985654138,-0.11357316933897202,-0.15156829465705093,-0.2051660470372907,0.06500791281817592,0.04740952997859333,0.0357484771483315,0.11581005796681021,5.0744179806008125,0.0,0.1041657565269448,0.40000729384431716,1
1999-03-25,NEOG,0.5668079853057861,0.577921986579895,0.5334669947624207,0.577921986579895,232817,0.08333222533715023,-0.06306368464186107,-0.06306368464186107,-0.16129051232534852,0.00580205984026838,-0.0334579168517908,-0.0726710133075936,-0.13778856257403382,0.08265411914540113,0.05615700194514576,0.04149479876416426,-0.8131766635531718,0.9360167875700579,0.01960805345413935,0.07692213283068902,1.0,0
1999-03-26,NEOG,0.577921986579895,0.5890359878540039,0.577921986579895,0.577921986579895,160835,0.0,-0.06306368464186107,-0.07964678883276799,-0.16129051232534852,0.019607324355977482,-0.025305184920525556,-0.06432796506645752,-0.1366433259125913,0.08265411914540113,0.05562332444604408,0.04149479876416426,-0.30917845346344985,0.6382509697180501,0.0,0.019230971536280922,0.0,1
1999-03-29,NEOG,0.5890359878540039,0.6001499891281128,0.5668079853057861,0.6001499891281128,463384,0.0384619430725619,-0.027027293417940412,-0.027027293417940412,-0.1428571428571429,0.06508869355253002,0.01503740070319601,-0.020408284777747667,-0.10313913567844742,0.08556269387047498,0.05721203429391173,0.04246448768376092,1.8811141853452296,1.7195315320797957,0.018868119271625145,0.055556118347623945,1.0,0
1999-03-30,NEOG,0.5890359878540039,0.5945929884910583,0.5890359878540039,0.5890359878540039,70857,-0.018518706115874695,0.11578866550899525,-0.05357195188172115,-0.13114741847306455,0.023165907639310864,0.001890033367866621,-0.031521557664424694,-0.11901623857957522,0.03964579181349534,0.057329749121508344,0.042157044888342994,-0.8470879443398995,0.2700953378564592,0.0,0.009434059635812573,0.0,0
1999-03-31,NEOG,0.5945929884910583,0.6001499891281128,0.577921986579895,0.5834789872169495,260935,-0.009434059635812564,0.09374899093204747,-0.06250061052867473,-0.1393442255419194,-0.003795105807029709,-0.0009518313530175778,-0.03314958639444545,-0.12645626272615273,0.04211378346637746,0.05733556789614723,0.04213777203667967,2.682557827737556,0.9521861582599189,-0.01869177990529907,0.03809563503604449,0.25,0
1999-04-01,NEOG,0.5612509846687317,0.577921986579895,0.5612509846687317,0.577921986579895,197951,-0.009523908759011102,0.0,-0.06306368464186107,-0.11864380588228185,-0.013282870324603886,-0.0038318057569821096,-0.03614510769226606,-0.13304477082948588,0.022370604090845504,0.057340557947312715,0.04169528857899802,-0.2413781209879855,0.7176366797317333,0.02970329205035264,0.028846457304421383,1.0,0
1999-04-05,NEOG,0.5723649859428406,0.6001499891281128,0.5668079853057861,0.5723649859428406,139465,-0.00961548576814042,-0.00961548576814042,-0.07207278244784121,-0.08035792782258178,-0.020912765016640966,-0.005791916930687811,-0.04141519580897594,-0.14009065944370444,0.022800939109700182,0.05732932095418062,0.04032822662323882,-0.29545695651954273,0.5404220922644835,0.0,0.058253045943059086,0.16666666666666666,0
1999-04-06,NEOG,0.5723649859428406,0.5890359878540039,0.5723649859428406,0.5723649859428406,281180,0.0,-0.046296765289686626,-0.07207278244784121,-0.08035792782258178,-0.011516435697059521,0.0019451905511076986,-0.03738372385538824,-0.13865242897901545,0.006549275724841006,0.05732932095418062,0.04032822662323882,1.0161330799842254,1.0734228399550902,0.0,0.029126522971529543,0.0,0
1999-04-07,NEOG,0.5890359878540039,0.5890359878540039,0.5556939840316772,0.5723649859428406,278930,0.0,-0.02830217890743769,0.08420941507486845,-0.06363699656802113,-0.005791566952727914,-0.005791741941738758,-0.03422461372606697,-0.13749837605469278,0.005217169473450066,0.03059249039235543,0.04018789543764954,-0.00800199160679993,1.0284043565144934,-0.02830217890743772,0.058253045943059086,0.5,1
1999-04-08,NEOG,0.5556939840316772,0.6334919929504395,0.5334669947624207,0.6334919929504395,334041,0.10679725089560832,0.08571517883110014,0.18749988128612327,0.03636399803886925,0.08159477485113789,0.08159477485113789,0.06691674081658128,-0.04570522014768685,0.050129919326795835,0.04365285010769935,0.04704392629334373,0.19758003800236623,1.1783358155305352,0.14000153169613466,0.157894652657187,1.0,0
1999-04-09,NEOG,0.5668079853057861,0.6223779916763306,0.5556939840316772,0.5834789872169495,326168,-0.07894812608531687,0.00961548576814053,0.00961548576814053,-0.054054586835880936,-0.00568187704825414,-0.004739385641294831,-0.014547478974963187,-0.11986617643556333,0.06645378819009506,0.046780753636554345,0.05042827316036085,-0.02356896309135703,1.1359169912171976,0.029412080181209027,0.11428690510813345,0.4166666666666667,1
1999-04-12,NEOG,0.5834789872169495,0.6112639904022217,0.5834789872169495,0.6057069897651672,219320,0.038095635036044406,0.05825304594305902,0.04807742884070221,-0.0353985728145636,0.02059946195673519,0.02830217890743772,0.024917805104420047,-0.08372557747505449,0.06749073001124666,0.04813830603027614,0.05103416932415276,-0.32758578401314664,0.7400374000298282,0.03809563503604449,0.045872020060465986,0.8,1
1999-04-13,NEOG,0.5890359878540039,0.6223779916763306,0.5834789872169495,0.6223779916763306,355411,0.02752321203627961,0.08737956891458865,0.03703741223174939,0.009009097805980248,0.0313078660458614,0.05263212013649957,0.05263193974006076,-0.05533033124535687,0.06726814191589185,0.047431001105314036,0.0512348256478126,0.620513405070217,1.1432702661623866,0.05660435781487544,0.06250061052867474,1.0,0
1999-04-14,NEOG,0.5890359878540039,0.6334919929504395,0.5890359878540039,0.6223779916763306,307048,0.0,0.08737956891458865,0.05660435781487538,0.0,0.014492897246841491,0.04672944976324768,0.05263193974006076,-0.050525307307772105,0.06726814191589185,0.04678354181600484,0.0512070713247146,-0.1360762610048648,0.967741274631193,0.05660435781487544,0.07142926917562827,0.75,0
1999-04-15,NEOG,0.627934992313385,0.627934992313385,0.5945929884910583,0.6057069897651672,215946,-0.02678597594086063,-0.043860070047398336,0.038095635036044406,-0.02678597594086063,-0.0036563436951308355,0.014897730902814463,0.02588244339420788,-0.07107547687842027,0.04700333231026943,0.04775153870426119,0.05159119105405393,-0.29670279565409974,0.664359899914996,-0.035398572814563566,0.055046424072559184,0.3333333333333333,0
1999-04-16,NEOG,0.5945929884910583,0.6223779916763306,0.5890359878540039,0.6001499891281128,338540,-0.00917440401209324,0.028571726277033305,0.0384619430725619,-0.027027293417940412,-0.018181999019434618,0.0018553063989831579,0.01790764402607558,-0.07455019119567102,0.026620189101980808,0.04774005353092036,0.051593444125456175,0.56770674150019,0.9970179873483501,0.009345889952649535,0.055556118347623945,0.3333333333333333,1
1999-04-19,NEOG,0.6001499891281128,0.6112639904022217,0.6001499891281128,0.6112639904022217,67483,0.018518706115874695,0.00917440401209313,0.06796188693356897,-0.009009097805980137,-0.0018149000508488986,0.013825024196869318,0.03724678771005165,-0.05188749883879355,0.021689861632737988,0.04762569905427212,0.05176067836363623,-0.8006646186565841,0.19795413464624165,0.01851870611587465,0.018181999019434618,1.0,0
1999-04-20,NEOG,0.6112639904022217,0.6112639904022217,0.5945929884910583,0.5945929884910583,282304,-0.02727299852915188,-0.04464329323476768,0.03883536396203935,-0.03603639122392055,-0.020146721993187997,-0.017447374549283655,0.010864368954684837,-0.07214722533595694,0.019290779767125184,0.04887397935339125,0.05214225510413453,3.1833350621638044,0.8187887753567503,-0.027272998529151927,0.02803766985794861,0.0,1
1999-04-21,NEOG,0.6001499891281128,0.6112639904022217,0.5945929884910583,0.6057069897651672,489253,0.018691779905299022,-0.02678597594086063,0.05825304594305902,0.14736791594312204,0.0036832783583366675,-0.0045662556688821805,0.022994048146534926,-0.0501916999960366,0.02292575827906394,0.04902400761543412,0.03978170466079509,0.7330714407163907,1.56109964556794,0.009259353057937325,0.027523212036279592,0.6666666666666666,1
1999-04-22,NEOG,0.6223779916763306,0.627934992313385,0.6001499891281128,0.6112639904022217,226068,0.00917440401209313,0.00917440401209313,-0.03508805603791865,0.1458328189065341,0.01102952267392599,0.008249395282366326,0.025641287207664447,-0.03829331427675223,0.019904335001632485,0.03443594843755022,0.03977767886576906,-0.5379323172264656,0.8615501408553763,-0.017857317293907066,0.04545499754858655,0.4,0
1999-04-23,NEOG,0.5945929884910583,0.5945929884910583,0.577921986579895,0.5834789872169495,174331,-0.04545499754858651,-0.02777805917381193,0.0,0.00961548576814053,-0.029575160414993855,-0.037580578508557505,-0.021435446892770296,-0.07781519454757174,0.0293584579163761,0.027071575285391992,0.037208111759003945,-0.2288559194578622,0.6718669608532696,-0.01869177990529907,0.028571726277033364,0.3333333333333333,0
1999-04-26,NEOG,0.577921986579895,0.6223779916763306,0.577921986579895,0.577921986579895,146213,-0.009523908759011102,-0.054545997058303874,-0.04587202006046598,0.0,-0.02803766985794861,-0.04235770112087122,-0.030755206411366046,-0.08078529394353623,0.026185249120376685,0.023664488694149777,0.03728415711290252,-0.16129087769817185,0.5650931779761569,0.0,0.07692388614512369,0.0,0
1999-04-27,NEOG,0.6001499891281128,0.6001499891281128,0.577921986579895,0.577921986579895,101225,0.0,-0.028037669857948644,-0.07142926917562831,-0.03703741223174928,-0.02255662291564273,-0.035250821580681484,-0.028945206981303134,-0.07621288260004996,0.0247153495934996,0.020983892294663343,0.03620759757060943,-0.3076880988694576,0.4206605523878746,-0.0370374122317493,0.038461943072561844,0.0,0
1999-04-28,NEOG,0.577921986579895,0.6001499891281128,0.577921986579895,0.577921986579895,77606,0.0,-0.04587202006046598,-0.07142926917562831,-0.018868119271625128,-0.013282870324603886,-0.02803766985794861,-0.02803766985794861,-0.0719261542546605,0.02133905365205636,0.020983892294663343,0.03597942083857848,-0.23333168683625582,0.32205548470790457,0.0,0.038461943072561844,0.0,0
1999-04-29,NEOG,0.6112639904022217,0.6112639904022217,0.577921986579895,0.577921986579895,102349,0.0,-0.054545997058303874,-0.04587202006046598,-0.009523908759011102,-0.0019194059495098565,-0.02347441955254404,-0.027583264868215714,-0.06759945629071298,0.019699781803589254,0.019884303240550783,0.03591579678547836,0.3188284410999149,0.43918768151265697,-0.054545997058303854,0.057692914608842766,0.0,0
1999-04-30,NEOG,0.5668079853057861,0.5890359878540039,0.5668079853057861,0.5668079853057861,152962,-0.01923097153628095,-0.028571726277033416,-0.05555611834762397,-0.01923097153628095,-0.015444178540607834,-0.036827575934429854,-0.04539119944357297,-0.08075037424767656,0.00859020483050245,0.020394510008916275,0.036118071511452535,0.4945138692122053,0.6627695092749039,0.0,0.0392161069082787,0.0,0
1999-05-03,NEOG,0.577921986579895,0.5834789872169495,0.5668079853057861,0.5668079853057861,139465,0.0,-0.01923097153628095,-0.0727279960777385,-0.009708840990509837,-0.011628030249267146,-0.02949602540746103,-0.04494428063287702,-0.0762548437399546,0.008600351925698259,0.01874424041727904,0.03605232678334331,-0.08823760149579629,0.6042883174319404,-0.019230971536280922,0.029412080181209027,0.0,0
1999-05-04,NEOG,0.5668079853057861,0.6001499891281128,0.5556939840316772,0.5668079853057861,220445,0.0,-0.01923097153628095,-0.046729449763247666,-0.009708840990509837,-0.00778218398979111,-0.02485685654694445,-0.04449694315858265,-0.07137707366390085,0.008600351925698259,0.01746574563332249,0.03605232678334331,0.5806474742767003,0.9679024075828718,0.0,0.0784322138165574,0.25,1
1999-05-05,NEOG,0.5668079853057861,0.6001499891281128,0.5556939840316772,0.577921986579895,66358,0.019608053454139407,0.0,-0.04587202006046598,0.009708840990509948,0.01167327598468647,-0.0009606248893188311,-0.02621749703584496,-0.048838815517610094,0.013732057277909314,0.01760357382731008,0.03631453403984695,-0.6989816053890994,0.3056186523266589,0.01960805345413935,0.07692388614512369,0.5,0
1999-05-06,NEOG,0.5612509846687317,0.577921986579895,0.5556939840316772,0.5556939840316772,39365,-0.0384619430725619,-0.0384619430725619,-0.09090999509717312,-0.12280819613271521,-0.01960805345413935,-0.030068214319410917,-0.0574935240450053,-0.08071405493417734,0.022042775242537352,0.019788892086698262,0.027524769326550496,-0.4067783839175382,0.1944978334230927,-0.009901097350117547,0.04000043762746704,0.0,1
1999-05-07,NEOG,0.5556939840316772,0.5668079853057861,0.5556939840316772,0.5668079853057861,29243,0.020000218813733595,0.0,-0.028571726277033416,-0.028571726277033416,0.0,-0.00778218398979111,-0.0372821216494091,-0.05851997160643882,0.023788352000768394,0.017153287578219257,0.022114253067307774,-0.2571319700241331,0.15592378966844267,0.02000021881373352,0.01960805345413935,1.0,0
1999-05-10,NEOG,0.5668079853057861,0.577921986579895,0.5556939840316772,0.5556939840316772,61860,-0.019608053454139407,-0.019608053454139407,-0.0384619430725619,-0.08256963610883883,-0.015748201077016376,-0.023437750412381112,-0.05213324205424314,-0.0728729182728263,0.025397412690632674,0.01787623398268712,0.020414514298722236,1.1153780391888657,0.3442906935487237,-0.01960805345413935,0.04000043762746704,0.0,0
1999-05-11,NEOG,0.577921986579895,0.5890359878540039,0.5445809960365295,0.550137996673584,375656,-0.00999828595908736,-0.029410292487691225,-0.04807567552626768,-0.11607093433393001,-0.01980074323569163,-0.02845796376065499,-0.055792916607520136,-0.07752424965655613,0.02542760617829543,0.01792153996457285,0.019032764404204504,5.072680245716133,2.079054270945176,-0.04807567552626764,0.08080698313199962,0.12500284917092477,1
1999-05-12,NEOG,0.550137996673584,0.5556939840316772,0.5445809960365295,0.5556939840316772,131592,0.010099261261151904,-0.0384619430725619,-0.0384619430725619,-0.1071439037634424,-0.0019963930131553695,-0.014778661413729757,-0.04076789782104765,-0.06437194834077176,0.023331525810647805,0.018495520957615152,0.019331289541708558,-0.6497007900845455,0.76545605573045,0.01009926126115194,0.019998395365954172,1.0,1
1999-05-13,NEOG,0.5668079853057861,0.5890359878540039,0.5445809960365295,0.5668079853057861,113597,0.020000218813733595,0.020000218813733595,-0.01923097153628095,-0.06422082808465235,0.013916284782715317,0.006910061201584041,-0.018287092950237775,-0.04207412676854798,0.018044795018772288,0.01996979681604991,0.01944666065186612,-0.13674843455529206,0.681054523271726,0.0,0.07843042612303959,0.49998860331630085,0
1999-05-14,NEOG,0.5668079853057861,0.5890359878540039,0.5556939840316772,0.5612509846687317,136091,-0.009804026727069703,-0.009804026727069703,-0.009804026727069703,-0.06481547140556132,0.005975795332407114,-0.001976485776936885,-0.02462613070982654,-0.04842720362589405,0.016318898041831977,0.01926339024029639,0.019457464429625725,0.198015792670581,0.8686291793177269,-0.009804026727069676,0.05940658410070528,0.16666666666666666,1
1999-05-17,NEOG,0.5890359878540039,0.6057069897651672,0.5556939840316772,0.5945929884910583,197951,0.059406584100705206,0.07000076584806725,0.049020133635348406,-0.02727299852915188,0.051080722532512876,0.05211443295572326,0.03481652472616851,0.009053176773621493,0.028528530162703205,0.027106656685278487,0.023569093794241446,0.45454879455658337,1.2129595757757357,0.009434059635812573,0.08411300957384582,0.7777777777777778,1
1999-05-18,NEOG,0.6223779916763306,0.6390489935874939,0.6112639904022217,0.6112639904022217,296926,0.028037669857948533,0.11111029250522009,0.0784322138165574,0.028037669857948533,0.057692914608842766,0.07317132180556273,0.06228931398359897,0.0377361314343934,0.025454896533693157,0.027954518536306264,0.023583701120887313,0.4999974741223838,1.811321813627707,-0.017857317293907066,0.04545499754858655,0.0,1
1999-05-19,NEOG,0.6112639904022217,0.6723899841308594,0.6112639904022217,0.6723899841308594,164209,0.09999933692873975,0.21000047409642253,0.16346150474395316,0.11009117525875856,0.11829933332862776,0.16122834980972195,0.16178583447040654,0.13914480870771584,0.04182986816146132,0.040452348398994656,0.03213439903527597,-0.4469699521092797,1.111957561032425,0.09999933692873973,0.0909085429159835,1.0,1
1999-05-20,NEOG,0.6779469847679138,0.6779469847679138,0.6446059942245483,0.6779469847679138,132717,0.00826454999063908,0.19607874684787574,0.22000058350328944,0.109090336438457,0.08734396189120472,0.14661653168929026,0.1646778848944183,0.1459700655415884,0.0434956157179294,0.03591038944687999,0.032129883309310436,-0.1917799876986036,0.9280386663547961,0.0,0.0491793477845164,1.0,0
1999-05-21,NEOG,0.655718982219696,0.6779469847679138,0.6390489935874939,0.6501629948616028,59610,-0.04098254071566154,0.1584175576018807,0.14706040090604522,0.11428690510813344,0.013865590278780227,0.0843383877952363,0.11058501292484267,0.09776790167223282,0.053091877233486885,0.040867009687653756,0.031768887722140586,-0.5508487985713963,0.4342473337607087,-0.008473122646664132,0.05982806079066367,0.28572172847073246,0
1999-05-24,NEOG,0.6446059942245483,0.6779469847679138,0.6446059942245483,0.6446059942245483,102349,-0.008547088470080233,0.08411300957384582,0.1600017505098681,0.11538582921768548,-0.01023838746605478,0.05936150010538072,0.0948571379051623,0.08777280627790875,0.05268071038110891,0.03998009140887154,0.03174468454825107,0.71697701727898,0.7576984693378976,0.0,0.05172305383767677,0.0,0
1999-05-25,NEOG,0.6390489935874939,0.6446059942245483,0.6223779916763306,0.6223779916763306,88853,-0.034483083848696916,0.018181999019434514,0.13131249875403372,0.0769238861451238,-0.04761889994769,0.01083076455784702,0.05312710602324919,0.05006610674779572,0.05677202374919888,0.04240163947796021,0.032996015883633205,-0.13186254873032466,0.6608126419565046,-0.026087204703313344,0.03571463458781413,0.0,0
1999-05-26,NEOG,0.6223779916763306,0.6446059942245483,0.6112639904022217,0.6223779916763306,146213,0.0,-0.07437944293470555,0.12000131288240112,0.0769238861451238,-0.032815204057515764,3.2561539925365975e-07,0.04918092151985992,0.05006610674779572,0.021578058196860025,0.04260346721231274,0.032996015883633205,0.6455606451104634,1.0603554775871153,0.0,0.0535719518817212,0.3333333333333333,0
1999-05-27,NEOG,0.6168209910392761,0.6334919929504395,0.5890359878540039,0.5945929884910583,91102,-0.04464329323476768,-0.12295061140420971,0.049020133635348406,0.02884645730442137,-0.05141893843292551,-0.04888905601560794,0.0009355486362200163,0.004129137158372239,0.02015102030642365,0.0460513430376741,0.034759110265090286,-0.3769227086510776,0.6633888742443285,-0.03603639122392059,0.07476711962119628,0.125,1
1999-05-28,NEOG,0.6334919929504395,0.6612759828567505,0.5945929884910583,0.6223779916763306,564609,0.04672944976324778,-0.042735442350401165,0.10891207085129295,0.09804026727069681,0.0017889262717957215,-0.014084326180720384,0.04283106487196759,0.050854304796198214,0.03571945692912276,0.04738397289597073,0.03575531972698329,5.197547803560844,3.5754989137837847,-0.017544028018959316,0.10714227568697644,0.41667299810950564,0
1999-06-01,NEOG,0.6446059942245483,0.6446059942245483,0.5890359878540039,0.6001499891281128,164209,-0.0357146345878141,-0.06896616769739394,0.009345889952649511,0.058824160362418,-0.01996390055933861,-0.05013210384391264,0.002785628506700476,0.013894212387629253,0.03779367119098265,0.046204094149231295,0.0369062686222242,-0.7091633325008988,1.0318022089536296,-0.06896616769739393,0.09259353057937325,0.2,0
1999-06-02,NEOG,0.5890359878540039,0.6223779916763306,0.5890359878540039,0.6001499891281128,75356,0.0,-0.0357146345878141,-0.018181999019434625,0.058824160362418,-0.012797202932957833,-0.04845831114350605,8.441881734842956e-08,0.01446564086625511,0.03614562671487751,0.045280951913436375,0.0369062686222242,-0.5410970166068851,0.4961114150525402,0.018868119271625145,0.055556118347623945,0.3333333333333333,0
1999-06-03,NEOG,0.5890359878540039,0.6112639904022217,0.5890359878540039,0.5890359878540039,235066,-0.018518706115874695,-0.05357195188172115,-0.12396674287853948,0.01923097153628084,-0.020332922785308252,-0.053571797795973,-0.01942657089496397,-0.006374268595906001,0.03623284746776051,0.028224158180600048,0.03701470547575481,2.1194065502415205,1.4661504771135796,0.0,0.03773623854325029,0.0,1
1999-06-04,NEOG,0.6001499891281128,0.6001499891281128,0.5890359878540039,0.6001499891281128,37116,0.018868119271625128,0.009345889952649511,-0.11475380433535487,0.08000087525493416,-0.003690074143453287,-0.023508369977302223,-0.0046082577564077985,0.010101147913595421,0.03214146800808412,0.02928237420203706,0.03595454598380386,-0.8421039197501978,0.23166189447075436,0.0,0.01851870611587465,1.0,0
1999-06-07,NEOG,0.6112639904022217,0.6112639904022217,0.5890359878540039,0.5890359878540039,41615,-0.018518706115874695,-0.05357195188172115,-0.09401797317088267,0.039216106908278814,-0.011194144095413402,-0.03196378968217527,-0.02483917465306769,-0.008975375892355563,0.02083704916370949,0.027602320788655686,0.036109360257674604,0.12121457053561802,0.25874367402338483,-0.036363998038869236,0.03773623854325029,0.0,0
1999-06-08,NEOG,0.6001499891281128,0.6001499891281128,0.5668079853057861,0.5668079853057861,62984,-0.037736238543250256,-0.05555611834762397,-0.12069079347043943,0.020000218813733595,-0.03773623854325029,-0.056429803306237404,-0.06250054992492941,-0.046016151002963086,0.02145244092241439,0.029000333201746768,0.03691287971262162,0.5134927309864232,0.3914698797726785,-0.055556118347623945,0.058824160362418054,0.0,0
1999-06-09,NEOG,0.5556939840316772,0.5890359878540039,0.5556939840316772,0.5668079853057861,155211,0.0,-0.05555611834762397,-0.08928658646953536,0.03030146750996554,-0.026717836172019317,-0.04761953406601486,-0.06379121358524949,-0.04494424802064712,0.02145244092241439,0.028119745770106043,0.03681478253903342,1.4642925187349167,1.0356458448990051,0.02000021881373352,0.058824160362418054,0.3333333333333333,0
1999-06-10,NEOG,0.5668079853057861,0.577921986579895,0.5556939840316772,0.5668079853057861,127093,0.0,-0.037736238543250256,-0.08928658646953536,0.020000218813733595,-0.019230971536280922,-0.03864318829254453,-0.0646497356720706,-0.044228306809538015,0.021467517077764616,0.028119745770106043,0.036768850894901846,-0.18115984047522404,0.8493031955539769,0.0,0.0392161069082787,0.5,0
1999-06-11,NEOG,0.577921986579895,0.577921986579895,0.5612509846687317,0.5668079853057861,55111,0.0,-0.05555611834762397,-0.046729449763247666,0.0,-0.00778218398979111,-0.03409126228952503,-0.0646497356720706,-0.0436906460952729,0.01683777312977454,0.02521810093812042,0.03651367895448725,-0.5663726562438529,0.37562138106339615,-0.019230971536280922,0.029412080181209027,0.3333333333333333,0
1999-06-14,NEOG,0.577921986579895,0.5834789872169495,0.5612509846687317,0.5612509846687317,68608,-0.009804026727069703,-0.04717029817906282,-0.09821524511648883,0.0,-0.007858630626596082,-0.03349317362134865,-0.0738199346627133,-0.05253333976714897,0.016341108247788425,0.017666295441308287,0.03651367895448725,0.24490573569704788,0.4786201719762197,-0.028846457304421383,0.03960438940047019,0.0,0
1999-06-15,NEOG,0.5612509846687317,0.5723649859428406,0.5612509846687317,0.5612509846687317,25869,0.0,-0.009804026727069703,-0.06481547140556132,-0.05607533971589718,-0.005905575403881117,-0.026975236150653132,-0.07126492903962481,-0.05217768045016499,0.004384494042991893,0.015384909317736338,0.03379468812266583,-0.6229448460820896,0.1919901322014854,0.0,0.019802194700235094,0.0,1
1999-06-16,NEOG,0.5612509846687317,0.5668079853057861,0.5556939840316772,0.5668079853057861,66358,0.00990109735011746,0.0,-0.05555611834762397,-0.0727279960777385,0.003937050269254143,-0.011628030249267146,-0.05860680160164532,-0.04261350788570846,0.006966864148605087,0.016154142278795636,0.03317392832220349,1.5651552050717075,0.5385637380501554,0.009901097350117547,0.01960805345413935,1.0,0
1999-06-17,NEOG,0.5668079853057861,0.5668079853057861,0.5612509846687317,0.5640299916267395,37116,-0.004901119516775965,-0.004901119516775965,-0.04245240824481222,-0.16115646434589226,7.185998648847382e-07,-0.012164779988308396,-0.054714452900323486,-0.047037447681764766,0.007306775351766053,0.015503178005763129,0.02259462853448324,-0.4406703035052292,0.3176155727130947,-0.0049011195167759265,0.009852314095970845,0.50009117139149,0
1999-06-18,NEOG,0.5612509846687317,0.5723649859428406,0.5445809960365295,0.550137996673584,183329,-0.024629886990741534,-0.029410292487691225,-0.08333248914523073,-0.18852357332643577,-0.01882945421722391,-0.0279810982446708,-0.06801510769738833,-0.06788337844957418,0.012762559090615952,0.014366282768319485,0.022506799945061235,3.939352300894493,1.5355621567675708,-0.019800389306589717,0.050503673758779184,0.20000729397732003,0
1999-06-21,NEOG,0.5556939840316772,0.5556939840316772,0.5390239953994751,0.5390239953994751,80980,-0.020202206248813637,-0.039602584006824815,-0.08490481648962434,-0.17094021090170675,-0.03096843043349001,-0.03912733300432693,-0.07816511461655033,-0.08533631328101657,0.014313400087014563,0.014505027943211903,0.021463965896000903,-0.5582804684474361,0.6722711399511944,-0.02999850477282093,0.030926245908306706,0.0,1
1999-06-22,NEOG,0.5334669947624207,0.550137996673584,0.5334669947624207,0.550137996673584,165334,0.020618750498986982,-0.019800389306589672,-0.029410292487691225,-0.1465515344215934,-0.007020582567439203,-0.016392432839318065,-0.05149608875310495,-0.06471324501006752,0.019288049186467794,0.013223985288647594,0.02247136795946928,1.0416646085453198,1.3375822973854146,0.03125029678469191,0.030303309373220434,1.0,0
1999-06-23,NEOG,0.5445809960365295,0.5668079853057861,0.5445809960365295,0.5445809960365295,12372,-0.010101103124406818,-0.03921431921476093,-0.03921431921476093,-0.12499959298088348,-0.009100002307911005,-0.022443116448459813,-0.05473755798997287,-0.07170510519483606,0.01773678723614691,0.013362765869161956,0.021582935183164162,-0.9251696565739654,0.10328716495015342,0.0,0.04081484559877232,0.0,0
1999-06-24,NEOG,0.5445809960365295,0.5612509846687317,0.5390239953994751,0.5445809960365295,94476,0.0,-0.034482201086712405,-0.03921431921476093,-0.12499959298088348,-0.002036678786847069,-0.018527154305897145,-0.04831190322776172,-0.06923647716278457,0.018072281178379713,0.013362765869161956,0.021582935183164162,6.63627546071775,0.8061387917816097,0.0,0.04081484559877232,0.25001139694347385,1
1999-06-25,NEOG,0.5473589897155762,0.5640299916267395,0.5473589897155762,0.5640299916267395,92227,0.035713687645658077,0.0252518368793897,-0.004901119516775965,-0.051401542661780764,0.0283683226338114,0.0170340534901802,-0.011684281164032872,-0.034620166521191854,0.022777503540339847,0.01836181267494807,0.021574879459180768,-0.023804987510055442,0.7865711401814639,0.030457162893818685,0.029556942287912537,1.0,0
1999-06-28,NEOG,0.5445809960365295,0.5612509846687317,0.5445809960365295,0.5445809960365295,80980,-0.034482201086712405,0.010309375249493602,-0.029701486656707243,-0.12499959298088348,-0.009100002307911005,-0.015074973526352045,-0.03921492037100141,-0.06613217499192862,0.027221528262883855,0.021212162707110845,0.019368220356899165,-0.12194910384160818,0.8700931014660929,0.0,0.030610669034591056,0.0,1
1999-06-29,NEOG,0.5556939840316772,0.5612509846687317,0.550137996673584,0.5612509846687317,41615,0.030610669034591087,0.020200364385558833,0.0,-0.06481547140556132,0.01711872007925218,0.015074240482918624,-0.006395183556586273,-0.03589213787521115,0.02919332264242214,0.023722568119269056,0.01977227876234448,-0.48610768090886636,0.47865904155471306,0.01000010940686676,0.019800389306589717,1.0,1
1999-06-30,NEOG,0.5556939840316772,0.5723649859428406,0.5556939840316772,0.5668079853057861,52862,0.00990109735011746,0.04081484559877224,0.0,-0.05555611834762397,0.018980298338369915,0.02512458935553663,0.0064128543343264805,-0.025416101009520256,0.02806703863633614,0.023722568119269056,0.019978415022200133,0.2702631262765829,0.6159916379327421,0.02000021881373352,0.029412080181209027,0.6666666666666666,1
1999-07-01,NEOG,0.577921986579895,0.6001499891281128,0.577921986579895,0.5890359878540039,51737,0.039216106908278814,0.08163155185549731,0.044334515182683276,0.0,0.04228111349266212,0.060529670094402466,0.04588044842376735,0.01338424922687379,0.03052275346373798,0.026586939844049716,0.021666752301755646,-0.021281828156331617,0.6749802510513747,0.019230971536280922,0.03773623854325029,0.5,0
1999-07-02,NEOG,0.6001499891281128,0.6112639904022217,0.5890359878540039,0.5890359878540039,163084,0.0,0.044334515182683276,0.07070588000759281,-0.018518706115874695,0.03313838770184463,0.05315402418526137,0.04691342727863298,0.01415990528865747,0.02895054338707785,0.02464125284041506,0.021218304740256183,2.1521734928581093,1.9660980577602487,-0.01851870611587465,0.03773623854325029,0.0,1
1999-07-06,NEOG,0.577921986579895,0.6112639904022217,0.577921986579895,0.6001499891281128,119220,0.018868119271625128,0.10203990498385984,0.11340124790425454,0.018868119271625128,0.03250512009985052,0.061424865924935505,0.06561424546848778,0.03270236356417234,0.015690122716309603,0.022859483547894393,0.021214663555336976,-0.2689656863947414,1.3730546377160442,0.038461943072561844,0.055556118347623945,0.6666666666666666,0
1999-07-07,NEOG,0.577921986579895,0.5890359878540039,0.5556939840316772,0.5723649859428406,219320,-0.046296765289686626,0.019802194700235143,0.04040257063437247,0.009804026727069592,-0.019047817518022245,0.008320555576778061,0.015778623626661468,-0.014920025612288028,0.03178542299233183,0.02877161618754072,0.022108042799478193,0.8396242241234693,2.3172884808616607,-0.009615485768140461,0.058253045943059086,0.5,0
1999-07-08,NEOG,0.577921986579895,0.577921986579895,0.5668079853057861,0.5668079853057861,5624,-0.009708840990509837,0.0,0.04081484559877224,0.0,-0.028571726277033364,-0.005363736805638778,0.005916590488311262,-0.02411067481831543,0.03213524896208102,0.028749994871738842,0.022230948887210805,-0.9743571037753055,0.06452075499837952,-0.019230971536280922,0.01960805345413935,0.0,0
1999-07-09,NEOG,0.5668079853057861,0.5723649859428406,0.5445809960365295,0.5445809960365295,343039,-0.03921431921476093,-0.07547075685381177,0.0,-0.03921431921476093,-0.05222349474586425,-0.04436772073311938,-0.03161979132330431,-0.061301807355820484,0.02722820763142413,0.03191435653346866,0.023918067765375795,59.99555476529161,3.501718249891158,-0.03921431921476088,0.05101902216295358,0.0,0
1999-07-12,NEOG,0.5334669947624207,0.5723649859428406,0.5334669947624207,0.5445809960365295,173207,0.0,-0.07547075685381177,-0.034482201086712405,-0.03921431921476093,-0.03732739400848011,-0.04109505941644497,-0.02970227495291342,-0.06022162409835958,0.02722820763142413,0.029432845765972798,0.023918067765375795,-0.495080734260536,1.6675708604731878,0.020833531189794606,0.0714273752913161,0.28572172847073246,1
1999-07-13,NEOG,0.5445809960365295,0.5556939840316772,0.5445809960365295,0.5556939840316772,184454,0.02040649247040971,-0.07407482446349856,0.02040649247040971,-0.009901097350117571,-0.001996756247905215,-0.023438098207141815,-0.009411506475680105,-0.04067605995820571,0.027714751865684045,0.02801632971368533,0.02433141451452725,0.0649338652594873,1.6820513194629043,0.020406492470409793,0.019998395365954172,1.0,0
1999-07-14,NEOG,0.5556939840316772,0.5723649859428406,0.550137996673584,0.5556939840316772,299175,0.0,-0.02912652297152951,-0.009901097350117571,-0.009901097350117571,0.004015373123121886,-0.022483482373616043,-0.00892062519273399,-0.04030779364571255,0.021712952885668366,0.02620245582805131,0.02433141451452725,0.6219491038416083,2.4258983040402446,0.0,0.03999861417968769,0.24996580916957847,1
1999-07-15,NEOG,0.550137996673584,0.577921986579895,0.550137996673584,0.5668079853057861,185579,0.020000218813733595,0.0,0.0,0.0,0.024095900277936632,-0.002932938127049563,0.010901179165189548,-0.021113739524792098,0.024258566318158117,0.026842519344101715,0.024655048989443495,-0.3796975014623548,1.4354089560781675,0.030301467509965565,0.049018345941830556,0.5999854120453599,1
1999-07-16,NEOG,0.5556939840316772,0.577921986579895,0.550137996673584,0.577921986579895,74231,0.019608053454139407,0.061223198727134776,-0.018868119271625128,0.024629886990741534,0.031746003032140396,0.018609042234532733,0.02944768561926671,-0.0019196854038716438,0.010960782938324462,0.024279942296624817,0.024990277108824503,-0.6000032331244376,0.5660342109426977,0.04000043762746704,0.04807567552626764,1.0,1
1999-07-19,NEOG,0.577921986579895,0.6001499891281128,0.5668079853057861,0.6001499891281128,137216,0.0384619430725619,0.10203990498385984,0.018868119271625128,0.09090808625640645,0.05058419593364163,0.05571869461264988,0.06430152820033651,0.03487934043245852,0.013607884814208267,0.027411879443625217,0.025493247729439953,0.8484999528498876,1.065038971844957,0.038461943072561844,0.055556118347623945,1.0,1
1999-07-20,NEOG,0.577921986579895,0.6334919929504395,0.577921986579895,0.6334919929504395,341915,0.05555611834762386,0.14000153169613472,0.05555611834762386,0.1752574994012157,0.07954627867555852,0.10787247440323708,0.11409781389177952,0.0898667927597656,0.02108962098193887,0.031965662082361665,0.027175854587768607,1.4918012476679103,2.4098317385373265,0.09615485768140461,0.08772014009479658,1.0,1
1999-07-21,NEOG,0.6446059942245483,0.6446059942245483,0.6223779916763306,0.6390489935874939,157461,0.008772014009479578,0.1500016411030014,0.11650609188611827,0.16161580812725407,0.05893245373338613,0.10470772592788324,0.11515219456525784,0.09628287278397213,0.018518762161754573,0.026201742414709794,0.02702553328320682,-0.5394732608981765,1.112879594769089,-0.008620770962174241,0.03478293960441779,0.75,0
1999-07-22,NEOG,0.6223779916763306,0.6446059942245483,0.6223779916763306,0.6334919929504395,145089,-0.008695734901104424,0.11764832072483622,0.11764832072483622,0.16326496436894744,0.027027293417940447,0.08262156610666611,0.09694549972914976,0.08365079710350339,0.025085833984571645,0.026112913959506448,0.026978145419105024,-0.07857183683578794,0.9795001605057332,0.017857317293907066,0.03508805603791863,0.5,0
1999-07-23,NEOG,0.6168209910392761,0.6334919929504395,0.6168209910392761,0.6334919929504395,31492,0.0,0.09615485768140464,0.16326496436894744,0.16326496436894744,0.008849643203640891,0.06641771019067715,0.08856588359966529,0.0807741826084887,0.02714598682183085,0.01984471718454951,0.026978145419105024,-0.7829470187264369,0.2172216364945041,0.027027293417940447,0.02631604202843897,1.0,0
1999-07-26,NEOG,0.6223779916763306,0.6334919929504395,0.6223779916763306,0.627934992313385,184454,-0.00877201400947969,0.046296765289686626,0.15306078780476629,0.11330071385447926,-0.008772014009479658,0.042435852649712336,0.0731248874766017,0.06906384360179729,0.02681797645022629,0.020773749605625082,0.026394955987748926,4.857170074939667,1.2330826665561405,0.008928658646953533,0.017699286407281783,0.5,0
1999-07-27,NEOG,0.6223779916763306,0.6334919929504395,0.6001499891281128,0.6223779916763306,278930,-0.0088496432036409,-0.017544028018959268,0.12000131288240112,0.1428566112405849,-0.01408464268835974,0.021898028810995392,0.05660417605437124,0.057402150753931035,0.007846342958655947,0.021885148410593556,0.024921793210619367,0.5121927418218093,1.7489397135282772,0.0,0.0535719518817212,0.6666666666666666,0
1999-07-28,NEOG,0.6223779916763306,0.6223779916763306,0.5890359878540039,0.6001499891281128,219320,-0.0357146345878141,-0.06087014430773119,0.08000087525493416,0.06930768145082289,-0.03743352009263257,-0.021739345870262328,0.015514795081204302,0.01944492400858902,0.013572222335280805,0.02643183451446967,0.026003075263894716,-0.21370953285770622,1.3026038714038002,-0.03571463458781413,0.055556118347623945,0.3333333333333333,1
1999-07-29,NEOG,0.6001499891281128,0.6112639904022217,0.6001499891281128,0.6112639904022217,21370,0.018518706115874695,-0.03508805603791865,0.0784322138165574,0.0784322138165574,-0.012567448379722432,-0.010791473079886647,0.030445100882845962,0.03832372495762425,0.01956584498542184,0.026361385612780334,0.02618242055397441,-0.9025624658033923,0.1281206936503516,0.01851870611587465,0.018181999019434618,1.0,0
1999-07-30,NEOG,0.6112639904022217,0.6112639904022217,0.5890359878540039,0.6057069897651672,39365,-0.009090999509717257,-0.043860070047398336,0.04807742884070221,0.028302178907437803,-0.012681285090986372,-0.024172125744638003,0.019644554721927956,0.03122047371116943,0.019175475977702642,0.02650554379921704,0.024973458727013263,0.8420683200748713,0.23688561460729432,-0.009090999509717309,0.03669761604837279,0.75,0
1999-08-02,NEOG,0.5945929884910583,0.5945929884910583,0.5668079853057861,0.5668079853057861,138340,-0.06422082808465235,-0.09734607524004979,-0.05555611834762397,-0.037736238543250256,-0.05730187330405066,-0.08190899741752689,-0.0440493497990289,-0.031339658883606174,0.03134236852411415,0.03152451550530349,0.029005695847347693,2.514289343325289,0.8387289806205346,-0.04672944976324768,0.04902013363534838,0.0,1
1999-08-03,NEOG,0.577921986579895,0.577921986579895,0.5556939840316772,0.577921986579895,128218,0.019608053454139407,-0.07142926917562831,-0.08772014009479656,-0.03703741223174928,-0.024390494226862753,-0.05540472857324601,-0.023474586748967186,-0.009901402602969397,0.03607132110857944,0.025244338445011717,0.029033526207710336,-0.07316755818996679,0.7752466216961792,0.0,0.038461943072561844,1.0,1
1999-08-04,NEOG,0.5668079853057861,0.6334919929504395,0.5668079853057861,0.6334919929504395,469008,0.09615485768140464,0.05555611834762386,-0.008695734901104424,0.10679725089560832,0.05751449836848012,0.036363998038869236,0.06492341533664155,0.08571483944653747,0.05795833174358311,0.0417485042090446,0.034432103583252,2.6578951473272086,2.6367376746562954,0.11764832072483611,0.10526416811375588,1.0,1
1999-08-05,NEOG,0.6168209910392761,0.6446059942245483,0.6112639904022217,0.6446059942245483,287928,0.01754402801895938,0.05454599705830376,0.01754402801895938,0.1372563741789754,0.06422082808465238,0.05263210147462024,0.07656672053750588,0.10392155941658607,0.05793337484745562,0.04197265988543846,0.034331783201821876,-0.3860914952410194,1.499706624657436,0.04504548902990074,0.05172462577304545,1.0,0
1999-08-06,NEOG,0.627934992313385,0.6446059942245483,0.6112639904022217,0.6223779916763306,170957,-0.034483083848696916,0.02752321203627961,-0.017544028018959268,0.1428566112405849,0.021898028810995392,0.018181999019434618,0.03273422219929397,0.06585493972083963,0.06126163005532662,0.04358790876231041,0.034011364139339396,-0.4062508682726237,0.9322277203562224,-0.008849643203640891,0.0535719518817212,0.3333333333333333,1
1999-08-09,NEOG,0.6001499891281128,0.6334919929504395,0.6001499891281128,0.6334919929504395,163084,0.01785731729390716,0.11764832072483622,0.0088496432036409,0.16326496436894744,0.017857317293907066,0.03542269531732128,0.04347869627605378,0.08344474180554427,0.046698749929533295,0.043868155613380845,0.03404566919263685,-0.046052516129787,0.8917575690633112,0.055556118347623945,0.05263208405687794,1.0,0
1999-08-10,NEOG,0.6223779916763306,0.6223779916763306,0.6223779916763306,0.6223779916763306,66358,-0.017544028018959268,0.0769238861451238,0.0,0.12000131288240112,-0.01408464268835974,0.017257210539207823,0.019572338764208667,0.06443675689831367,0.050260158375093025,0.04418619329886409,0.03438153310630764,-0.5931053935395256,0.3749579741714202,0.0,0.0,0.5,0
1999-08-11,NEOG,0.6223779916763306,0.6223779916763306,0.6001499891281128,0.6001499891281128,66358,-0.0357146345878141,-0.052632084056877915,0.0,0.08000087525493416,-0.039146288507643616,-0.019073759017019094,-0.020408365786025225,0.02642078708385245,0.02669824102960249,0.04418619329886409,0.03562735743667666,0.0,0.4013581022375058,-0.03571463458781413,0.0370374122317493,0.0,1
1999-08-12,NEOG,0.5890359878540039,0.6112639904022217,0.577921986579895,0.6112639904022217,28118,0.018518706115874695,-0.051724625773045485,0.0,0.0784322138165574,-0.010791473079886647,-0.0009082742389056366,-0.005874436755236171,0.04503149313410176,0.026956213898318346,0.04418619329886409,0.03559484895279851,-0.5762681214020917,0.1785716553855377,0.03773623854325029,0.054545997058303854,1.0,1
1999-08-13,NEOG,0.6223779916763306,0.6223779916763306,0.5890359878540039,0.6223779916763306,139465,0.018181999019434514,0.0,0.02752321203627961,0.0769238861451238,0.007194315386591218,0.014492897246841491,0.008554789368974336,0.06282059067857679,0.025374207973677,0.04434494135690836,0.035564145024274116,3.959990041966001,0.8677389509732004,0.0,0.0535719518817212,1.0,0
1999-08-16,NEOG,0.6223779916763306,0.6334919929504395,0.6112639904022217,0.6223779916763306,165334,0.0,-0.017544028018959268,0.09804026727069681,0.03703741223174939,0.010830431851141693,0.005386049305595277,0.0067416393324554276,0.06201434657779216,0.023462855837976394,0.0375653238068647,0.03464799258999888,0.1854873982719678,1.0197732411758103,0.0,0.03571463458781413,0.5,0
1999-08-17,NEOG,0.6112639904022217,0.6334919929504395,0.577921986579895,0.577921986579895,142839,-0.07142926917562831,-0.07142926917562831,0.0,-0.08772014009479656,-0.04761952471117173,-0.06642794143567557,-0.060948683352733624,-0.013470376749536765,0.03891900029761116,0.04523059090881808,0.035999533136008996,-0.13605791912129384,0.9386532820237833,-0.054545997058303854,0.09615485768140461,0.0,1
1999-08-18,NEOG,0.5556939840316772,0.6001499891281128,0.5556939840316772,0.6001499891281128,30367,0.0384619430725619,0.0,-0.052632084056877915,-0.06087014430773119,-0.010989121087193418,-0.02527100765266419,-0.021739345870262328,0.023308621510554604,0.04257992925261436,0.034022562251213376,0.03714642183081096,-0.7874040003080391,0.20825032557329357,0.08000087525493409,0.0740748244634986,1.0,0
1999-08-19,NEOG,0.6001499891281128,0.6001499891281128,0.577921986579895,0.5834789872169495,37116,-0.02777805917381193,-0.04545499754858651,-0.09482848058391669,-0.07894812608531687,-0.029575160414993855,-0.04284454762410472,-0.04502091182746814,-0.005682186096928818,0.042782411250851235,0.03372377472276907,0.0375571802384961,0.22224783482069355,0.26431934528334605,-0.027778059173811973,0.03809563503604449,0.25,1
1999-08-20,NEOG,0.577921986579895,0.5890359878540039,0.577921986579895,0.5890359878540039,32617,0.009523908759011102,-0.05357195188172115,-0.05357195188172115,-0.0701761120758373,-0.009345889952649535,-0.028414583750372736,-0.03240561801536692,0.003027728912102006,0.04159044072278235,0.032948283691963946,0.03766328795970593,-0.12121457053561802,0.23218697967571986,0.019230971536280922,0.018868119271625145,1.0,1
1999-08-23,NEOG,0.5890359878540039,0.5945929884910583,0.5890359878540039,0.5945929884910583,40490,0.009434059635812675,-0.04464329323476768,-0.061404098066357604,-0.0530978592218454,0.009434059635812573,-0.012915259502086412,-0.020595171920236004,0.011533176571276844,0.04237791526453466,0.032402376091168854,0.03773540322535041,0.24137719594076712,0.3037985700683753,0.009434059635812573,0.009345889952649535,1.0,0
1999-08-24,NEOG,0.5890359878540039,0.5890359878540039,0.577921986579895,0.5834789872169495,110222,-0.018691779905299022,0.00961548576814053,-0.06250061052867473,-0.06250061052867473,-0.011299551434556705,-0.025069892552310624,-0.0358130319695822,-0.00812432876934593,0.02624904652844234,0.03245045893862438,0.03789257775049576,1.722203013089652,0.882879953093348,-0.009434059635812573,0.019047817518022245,0.5,0
1999-08-25,NEOG,0.577921986579895,0.6001499891281128,0.577921986579895,0.577921986579895,65234,-0.009523908759011102,-0.03703741223174928,-0.03703741223174928,-0.03703741223174928,-0.013282870324603886,-0.030755206411366046,-0.04323870566325235,-0.01812737971214776,0.016711407578428778,0.030795920548598553,0.03713077128789566,-0.40815808096387296,0.5568920448627874,0.0,0.038461943072561844,0.0,0
1999-08-26,NEOG,0.6001499891281128,0.6001499891281128,0.577921986579895,0.577921986579895,82104,0.0,-0.009523908759011102,-0.054545997058303874,-0.054545997058303874,-0.011406962736349583,-0.025304851780155305,-0.04059081557798579,-0.018498041265286005,0.012274493028457258,0.029879235273682213,0.036842058721977544,0.2586074746297944,0.6831974078040475,-0.0370374122317493,0.038461943072561844,0.0,1
1999-08-27,NEOG,0.577921986579895,0.5890359878540039,0.577921986579895,0.5890359878540039,199075,0.01923097153628084,0.0,-0.05357195188172115,-0.02752321203627961,0.007604641824233183,-0.0009425167876230007,-0.020785429472871438,-0.000471772746771278,0.014990654086643532,0.029972070761740056,0.037104981419894704,1.4246687128519926,1.5533123806194677,0.019230971536280922,0.018868119271625145,1.0,0
1999-08-30,NEOG,0.577921986579895,0.5890359878540039,0.5668079853057861,0.577921986579895,107973,-0.018868119271625128,-0.028037669857948644,-0.07142926917562831,0.019608053454139407,-0.005736197664679459,-0.012345807284075572,-0.040148074981728996,-0.0202548182509564,0.01589628546276213,0.030209887321958357,0.034301372814946586,-0.4576265226673364,0.8525760354381303,0.0,0.038461943072561844,0.5,1
1999-08-31,NEOG,0.577921986579895,0.6001499891281128,0.5723649859428406,0.5945929884910583,145089,0.02884645730442137,0.019047817518022203,0.02884645730442137,0.02884645730442137,0.019047817518022245,0.01325771311259312,-0.013825024196869318,0.006111733306488076,0.01981890591791551,0.021946491741925554,0.03461845636823654,0.3437526048178712,1.1380707649733148,0.028846457304421383,0.04672944976324768,0.8,1
1999-09-01,NEOG,0.5890359878540039,0.6112639904022217,0.5890359878540039,0.6001499891281128,88853,0.009345889952649511,0.0384619430725619,0.0,-0.052632084056877915,0.020794165878983445,0.02272750819301675,-0.0018484475259370468,0.013798880712267309,0.018357554760018904,0.018368098704507747,0.026734492937354255,-0.38759657865172414,0.8190798131067704,0.018868119271625145,0.0370374122317493,0.5,0
1999-09-02,NEOG,0.5890359878540039,0.6223779916763306,0.5890359878540039,0.6001499891281128,187828,0.0,0.0384619430725619,0.028571726277033305,-0.06896616769739394,0.013133343045233848,0.01983023319546217,0.0018553063989831579,0.011899151243515933,0.018357554760018904,0.015560846568612107,0.026332025681872963,1.1139184945921916,1.8152184050010607,0.018868119271625145,0.055556118347623945,0.3333333333333333,0
1999-09-03,NEOG,0.6001499891281128,0.6168209910392761,0.6001499891281128,0.6001499891281128,52862,0.0,0.018868119271625128,0.018868119271625128,-0.0357146345878141,0.009345889952649535,0.017907818964837764,0.003717509917905475,0.010006528158524989,0.017326168975169184,0.015403064252809103,0.02528622312668318,-0.7185616627978789,0.5417892718303811,0.0,0.027778059173811973,0.0,0
1999-09-07,NEOG,0.6001499891281128,0.6168209910392761,0.5945929884910583,0.6001499891281128,132717,0.0,0.0384619430725619,0.009345889952649511,-0.052632084056877915,0.0018553063989831579,0.016949327151835246,0.00652383166301695,0.008780109931923321,0.012527296997177275,0.015182946847263389,0.024878444839179073,1.5106314554878741,1.3817354227105512,0.0,0.0370374122317493,0.25,1
1999-09-08,NEOG,0.5668079853057861,0.6168209910392761,0.5445809960365295,0.6112639904022217,310422,0.018518706115874695,0.028037669857948533,0.04761954379505551,-0.01785731729390705,0.014760296573812963,0.03092815217574554,0.026119669555964852,0.025163281014082967,0.008291576936880173,0.014348236604936247,0.025029507976465307,1.3389769208164743,2.867529789851013,0.0784322138165574,0.11818133594817436,0.9230758441104105,1
1999-09-09,NEOG,0.6223779916763306,0.6446059942245483,0.6001499891281128,0.6446059942245483,276681,0.05454599705830376,0.07407482446349856,0.11538582921768548,0.07407482446349856,0.054545997058303854,0.07507026998268472,0.07806770827601424,0.07806763519800251,0.02371981292772194,0.020324063331175438,0.026460725764222516,-0.10869397143243709,2.329547033222952,0.03571463458781413,0.06896616769739393,1.0,0
1999-09-10,NEOG,0.6390489935874939,0.655718982219696,0.6168209910392761,0.6334919929504395,121470,-0.017241541924348458,0.05555611834762386,0.09615485768140464,0.03636399803886925,0.025180103853069083,0.046832426421761254,0.05751449836848012,0.05712216973802352,0.02735065800321275,0.022035454991463838,0.02662970641072436,-0.560974551920804,0.984057570648885,-0.008695734901104448,0.06140249855291077,0.42858259270609866,1
1999-09-13,NEOG,0.6446059942245483,0.6668329834938049,0.6223779916763306,0.6668329834938049,208073,0.05263048454343111,0.11111054831904266,0.13207511466868715,0.07142764109916233,0.05633730472288189,0.08794137541154692,0.109056812227155,0.10987730134713448,0.03175298523495876,0.02588049055568574,0.0287522343465102,0.7129579319996706,1.640070845120491,0.034481511913328294,0.0666658562456777,1.0,0
1999-09-14,NEOG,0.6668329834938049,0.6668329834938049,0.6334919929504395,0.6334919929504395,115846,-0.04999901229941972,0.05555611834762386,0.09615485768140464,0.01785731729390716,-0.006968392067827733,0.024259166374933968,0.052632199257658024,0.052826504947222665,0.04528233468482419,0.031394882885608565,0.031176117614516836,-0.4432434770489203,0.9312836079582681,-0.049999012299419686,0.05263048454343112,0.0,0
1999-09-15,NEOG,0.6223779916763306,0.655718982219696,0.6112639904022217,0.6223779916763306,159710,-0.017544028018959268,0.018181999019434514,0.04672944976324778,0.0769238861451238,-0.02777773380966142,0.0017890896624918528,0.030359177631919324,0.03359203564258606,0.046770501346887185,0.031671780671767465,0.02653894947149086,0.3786406090844743,1.2752575208134629,0.0,0.0714276410991623,0.25000569834184955,0
1999-09-16,NEOG,0.6112639904022217,0.6223779916763306,0.5445809960365295,0.6223779916763306,251937,0.0,-0.034483083848696916,0.03703741223174939,0.03703741223174939,-0.0209789095160002,-0.0017823863480744477,0.028466855105867,0.03187793544461855,0.03764357721272591,0.03166802335429131,0.025277241743497762,0.5774654060484627,1.8481843100532254,0.018181999019434618,0.1249995929808835,1.0,0
1999-09-17,NEOG,0.6223779916763306,0.6223779916763306,0.5890359878540039,0.6001499891281128,86603,-0.0357146345878141,-0.052632084056877915,0.0,0.028571726277033305,-0.045936532366195715,-0.0374333636587728,-0.009628624529183954,-0.006074086785382669,0.03981386283777161,0.034101118269279945,0.02582764741981134,-0.6562513644284087,0.6239845291781919,-0.03571463458781413,0.055556118347623945,0.3333333333333333,0
1999-09-20,NEOG,0.5890359878540039,0.6001499891281128,0.577921986579895,0.577921986579895,75356,-0.03703741223174928,-0.13333323203070968,-0.03703741223174928,-0.018868119271625128,-0.054545997058303854,-0.06976797288021788,-0.045434061537667235,-0.043942343035619745,0.019483691151862492,0.036115645090026106,0.02715215737300048,-0.12986848030668685,0.5347156068113158,-0.018868119271625145,0.038461943072561844,0.0,0
1999-09-21,NEOG,0.5668079853057861,0.5890359878540039,0.5668079853057861,0.5668079853057861,33742,-0.01923097153628095,-0.10526416811375594,-0.05555611834762397,-0.046729449763247666,-0.0520451388506761,-0.08273447653357346,-0.061638076176392366,-0.06301732066398283,0.015212605270032426,0.03643782718791943,0.027350267337434946,-0.5522320717660173,0.2400031012196115,0.0,0.0392161069082787,0.0,1
1999-09-22,NEOG,0.577921986579895,0.5890359878540039,0.577921986579895,0.5834789872169495,85479,0.029412080181209,-0.06250061052867473,-0.04545499754858651,0.0,-0.011299551434556705,-0.05149086755690191,-0.03403890003389886,-0.03634394500754336,0.027835145475504423,0.037373444011762964,0.02791776936868296,1.5333115997866162,0.6134003862142606,0.009615485768140461,0.019047817518022245,0.5,0
1999-09-23,NEOG,0.577921986579895,0.5945929884910583,0.577921986579895,0.5834789872169495,76481,0.0,-0.06250061052867473,-0.09482848058391669,0.00961548576814053,0.0019084168694298697,-0.04197106249777174,-0.03448302458511631,-0.037227555638771774,0.027835145475504423,0.03137560151614973,0.027821210169655015,-0.10526562079575097,0.546624541105478,0.009615485768140461,0.028571726277033364,0.3333333333333333,0
1999-09-24,NEOG,0.577921986579895,0.5890359878540039,0.577921986579895,0.577921986579895,152962,-0.009523908759011102,-0.03703741223174928,-0.08772014009479656,0.0,0.0,-0.04235754032809932,-0.04367852016424405,-0.04674654140228186,0.024661059890159296,0.03125796580099414,0.02791776936868296,1.0,1.0662497268363307,0.0,0.019230971536280922,0.0,1
1999-09-27,NEOG,0.5890359878540039,0.5973719954490662,0.5890359878540039,0.5973719954490662,127093,0.0336550768457089,0.0336550768457089,-0.10416549535508102,0.014151949570063271,0.026744046885944776,0.0013980770478010645,-0.012174754380059535,-0.015296544548500862,0.023573307444301094,0.027467219514676296,0.0286084587481669,-0.16912043514075392,0.9087233307009174,0.014151949570063256,0.013954466661591287,1.0,1
1999-09-28,NEOG,0.6001499891281128,0.655718982219696,0.6001499891281128,0.6112639904022217,312672,0.023255182798973317,0.0784322138165574,-0.03508805603791865,0.05769291460884274,0.03480733031258719,0.028518203117228132,0.008018450105487192,0.007233859086807406,0.019037090246892024,0.025488679428473927,0.028612387174325227,1.4601827008568526,2.083177319782696,0.01851870611587465,0.09090833741902242,0.20000364692215858,0
1999-09-29,NEOG,0.6168209910392761,0.6168209910392761,0.5445809960365295,0.5890359878540039,426268,-0.03636399803886925,0.009523908759011102,-0.05357195188172115,-0.009345889952649511,-0.0046950543222816065,-0.0032911395188208585,-0.028191853435077067,-0.027969085991175157,0.027668639573844505,0.027290602791225,0.029244092474100467,0.36330723569747203,2.5967764780060034,-0.04504548902990074,0.12264105503287466,0.6153792205520526,0
1999-09-30,NEOG,0.5890359878540039,0.6001499891281128,0.5390239953994751,0.5556939840316772,752437,-0.056604357814875494,-0.04761954379505562,-0.1071439037634424,-0.07407482446349856,-0.0521334058821341,-0.04897824303920627,-0.07982593180968807,-0.08046056415361223,0.0383243473661904,0.031628162703334343,0.03173893216849672,0.7651735527883867,3.8130520678481106,-0.05660435781487544,0.10999938002775501,0.2727152168062376,1
1999-10-01,NEOG,0.5556939840316772,0.577921986579895,0.5556939840316772,0.577921986579895,61860,0.04000043762746697,0.0,-0.03703741223174928,-0.03703741223174928,-0.014218327304962784,-0.007160065731529358,-0.041254120892717135,-0.04191657404065046,0.04414971121289087,0.03398046879304779,0.03318912475811318,-0.9177871369961871,0.32381746557083824,0.04000043762746704,0.038461943072561844,1.0,0
1999-10-04,NEOG,0.5640299916267395,0.6001499891281128,0.5612509846687317,0.5668079853057861,498250,-0.01923097153628095,-0.05116411612215599,-0.01923097153628095,-0.05555611834762397,-0.022988746657013982,-0.024390584212805603,-0.05708396722670069,-0.05825927450607732,0.0404906322202115,0.032444695454007313,0.03342532287327676,7.054477853216941,2.3358795553460463,0.004925258798799897,0.06862818708948773,0.14285714285714285,1
1999-10-05,NEOG,0.5668079853057861,0.5834789872169495,0.5668079853057861,0.577921986579895,317171,0.019608053454139407,-0.054545997058303874,0.019608053454139407,-0.03703741223174928,0.007752020166178227,-0.007160065731529358,-0.036814409690233675,-0.03819513579822791,0.03977302949600431,0.032406064200367346,0.033782717632202,-0.3634300050175615,1.425323327895009,0.01960805345413935,0.028846457304421383,0.6666666666666666,0
1999-10-06,NEOG,0.5834789872169495,0.5890359878540039,0.5612509846687317,0.5612509846687317,326168,-0.02884645730442137,-0.04717029817906282,-0.03809563503604452,-0.08181899558745576,-0.011741808671276067,-0.03210391900288316,-0.060684139595002774,-0.06403547726604612,0.03867877992113087,0.03225088923045033,0.033976714347499486,0.028366401720207657,1.4605870371601826,-0.03809563503604449,0.04950548675058773,0.0,1
1999-10-07,NEOG,0.5612509846687317,0.6057069897651672,0.5556939840316772,0.5890359878540039,262059,0.049505486750587746,0.06000065644120056,0.009523908759011102,-0.0862077096217424,0.02514533375648755,0.014839703044918297,-0.009577257305783864,-0.01733584105474972,0.03497198983382566,0.03636838416471302,0.03353769805566738,-0.19655208358882537,1.1773601486374563,0.04950548675058773,0.08490653672231316,0.6666666666666666,0
1999-10-08,NEOG,0.5890359878540039,0.5890359878540039,0.577921986579895,0.5890359878540039,28118,0.0,0.01923097153628084,0.01923097153628084,-0.0701761120758373,0.021194828404084466,0.01290018995496654,-0.005861682355584022,-0.01660651614549749,0.031419395871237626,0.03617046285065595,0.03339973752743079,-0.8927035514903132,0.12903240609551692,0.0,0.018868119271625145,1.0,1
1999-10-11,NEOG,0.5890359878540039,0.6001499891281128,0.5890359878540039,0.5945929884910583,77606,0.009434059635812675,0.049020133635348406,-0.004652054296450103,-0.1083329661113227,0.020992585563729328,0.022944790658718028,0.009672148895669168,-0.0069606107152400615,0.02855848317497716,0.03463041962185749,0.03090997199428439,1.760011380610285,0.36712081740510116,0.009434059635812573,0.01869177990529907,0.5,0
1999-10-12,NEOG,0.5640299916267395,0.6057069897651672,0.5626410245895386,0.577921986579895,259810,-0.028037669857948644,0.0,-0.054545997058303874,-0.08772014009479656,-0.0076336674777198596,0.0,-0.01398454415457938,-0.03516130168980322,0.03223809384899548,0.03461434449858162,0.029599328518469508,2.3478081591629514,1.188577106543739,0.024629886990741586,0.07451864814919097,0.3548268784419129,1
1999-10-13,NEOG,0.577921986579895,0.5890359878540039,0.577921986579895,0.5890359878540039,29243,0.01923097153628084,0.049505486750587746,0.0,-0.05357195188172115,0.0018903787162711536,0.019230971536280922,0.007844107321803422,-0.01697131387459666,0.028253652002444684,0.03347252347374781,0.02986540466391249,-0.887444671105808,0.13789591199899087,0.019230971536280922,0.018868119271625145,1.0,0
1999-10-14,NEOG,0.577921986579895,0.577921986579895,0.5723649859428406,0.5723649859428406,91102,-0.02830217890743769,-0.02830217890743769,0.03000032822060028,-0.08035792782258178,-0.020912765016640966,-0.012464176764296073,-0.016471926519003966,-0.04284030410194236,0.021753027971117556,0.02900557006187999,0.0304149323532044,2.1153438429709674,0.44652589891385325,-0.009615485768140461,0.009708840990509848,0.0,0
1999-10-15,NEOG,0.5668079853057861,0.6001499891281128,0.5584729909896851,0.5668079853057861,88853,-0.009708840990509837,-0.037736238543250256,-0.01923097153628095,-0.05555611834762397,-0.022988746657013982,-0.02017312267569622,-0.02322269437061644,-0.04966041738970118,0.021567974041215816,0.026142155646686097,0.02951868808337546,-0.024686615002963763,0.43526267962858184,0.0,0.07352930660626365,0.1999902749333547,0
1999-10-18,NEOG,0.577921986579895,0.577921986579895,0.5668079853057861,0.5668079853057861,6748,0.0,-0.046729449763247666,0.0,-0.01923097153628095,-0.013539795099647202,-0.02017312267569622,-0.022286401529473546,-0.04788621911815543,0.020080067067380355,0.025400728919773137,0.02837348293308246,-0.9240543369385389,0.03362130000034877,-0.019230971536280922,0.01960805345413935,0.0,1
1999-10-19,NEOG,0.577921986579895,0.6001499891281128,0.577921986579895,0.6001499891281128,39365,0.058824160362418,0.0384619430725619,0.0384619430725619,0.058824160362418,0.036468713040688806,0.03349317362134865,0.03225835686355883,0.00925158360951717,0.03318388483765361,0.031102293073072315,0.030927382477924106,4.833580320094843,0.19585819498500526,0.038461943072561844,0.0370374122317493,1.0,1
1999-10-20,NEOG,0.5890359878540039,0.6112639904022217,0.5890359878540039,0.6112639904022217,296926,0.018518706115874695,0.037736238543250256,0.08910987615105803,0.04761954379505551,0.04761954379505561,0.043643716780841176,0.04886816384460987,0.02832600603285854,0.033125143062911075,0.02904755101737074,0.030537058004753145,6.54289343325289,1.4035099328983416,0.03773623854325029,0.036363998038869236,1.0,0
1999-10-21,NEOG,0.5890359878540039,0.6057069897651672,0.577921986579895,0.577921986579895,64109,-0.054545997058303874,0.009708840990509948,-0.018868119271625128,-0.009523908759011102,-0.011406962736349583,-0.011406962736349583,-0.007870385245309499,-0.027037401125668575,0.04134758883350691,0.03144206360667439,0.033123762070507434,-0.7840909856327839,0.3039191053422521,-0.018868119271625145,0.048077428840702305,0.0,0
1999-10-22,NEOG,0.5834789872169495,0.5834789872169495,0.5723649859428406,0.577921986579895,152962,0.0,0.019608053454139407,-0.018868119271625128,0.0,-0.01515167212867777,-0.009523908759011122,-0.007870385245309499,-0.02594386632892813,0.04084896162255457,0.03144206360667439,0.033047352102387934,1.3859676488480557,0.7251411532134578,-0.009523908759011122,0.019230971536280922,0.5,1
1999-10-25,NEOG,0.5834789872169495,0.6057069897651672,0.577921986579895,0.5945929884910583,227193,0.02884645730442137,0.049020133635348406,0.0,-0.004652054296450103,0.0037523837272096976,0.019047817518022245,0.020992585563729328,0.0030937022007555123,0.042063052592557736,0.03276091113318154,0.03281023336408592,0.48529046429832245,1.0520824650607097,0.019047817518022245,0.04672944976324768,0.6,1
1999-10-26,NEOG,0.5834789872169495,0.6001499891281128,0.5834789872169495,0.6001499891281128,79855,0.009345889952649511,0.0,0.0384619430725619,-0.018181999019434625,0.013133343045233848,0.024668187745692825,0.031518953997351856,0.013228410922042057,0.03254510153442606,0.03124259498609428,0.03244294683289051,-0.6485146989563939,0.39086141489825393,0.028571726277033364,0.027778059173811973,1.0,0
1999-10-27,NEOG,0.5945929884910583,0.5945929884910583,0.5890359878540039,0.5890359878540039,22494,-0.018518706115874695,-0.03636399803886925,0.0,0.0,0.0018903787162711536,0.0056926587105444685,0.012416557635320473,-0.00590832459333829,0.031600853579735924,0.031506934979907676,0.031637659953612965,-0.7183144449314383,0.12217267930160504,-0.009345889952649535,0.009434059635812573,0.0,0
1999-10-28,NEOG,0.5890359878540039,0.5890359878540039,0.5890359878540039,0.5890359878540039,39365,0.0,0.01923097153628084,0.029126522971529623,0.06000065644120056,-0.0018832585724260548,0.002838250758819877,0.009523908759011122,-0.005535268248077915,0.017211883998261995,0.029866043970324673,0.02865378738370225,0.7500222281497289,0.2651505073491449,0.0,0.0,0.5,1
1999-10-29,NEOG,0.5890359878540039,0.6001499891281128,0.5834789872169495,0.6001499891281128,142839,0.018868119271625128,0.0384619430725619,0.058824160362418,0.0384619430725619,0.009345889952649535,0.015992638728631322,0.02661624638481595,0.012658375016309696,0.01817497386472281,0.029852711623969075,0.027599701889777492,2.628578686650578,0.9365767107856573,0.018868119271625145,0.027778059173811973,1.0,1
1999-11-01,NEOG,0.6001499891281128,0.6057069897651672,0.5834789872169495,0.6057069897651672,170957,0.009259353057937236,0.018691779905299022,0.06862818708948781,0.06862818708948781,0.014897730902814463,0.01869177990529907,0.032686269641233744,0.021460269340366357,0.014143672445975695,0.02978484023969741,0.02716447633058776,0.19685100007700984,1.2556781394248797,0.009259353057937325,0.03669761604837279,1.0,0
1999-11-02,NEOG,0.6001499891281128,0.6112639904022217,0.5890359878540039,0.6001499891281128,120345,-0.00917440401209324,0.0,0.0,0.0384619430725619,0.005586649088555401,0.009345889952649535,0.02127681586801806,0.01189932412312036,0.014737842235031095,0.023818410341429164,0.02703802069169236,-0.29605105377375596,0.9528062239397462,0.0,0.0370374122317493,0.5,0
1999-11-03,NEOG,0.6001499891281128,0.6001499891281128,0.5890359878540039,0.5945929884910583,122594,-0.009259353057937347,0.009434059635812675,-0.02727299852915188,0.059406584100705206,-0.00557626487685812,0.0028116501977951173,0.008958131076881632,0.0021542023431242144,0.012174288776165965,0.023060120667279974,0.0261945345686867,0.018687938842494534,1.05568766649315,-0.009259353057937325,0.01869177990529907,0.5,0
1999-11-04,NEOG,0.6001499891281128,0.6001499891281128,0.577921986579895,0.577921986579895,156336,-0.028037669857948644,-0.018868119271625128,0.0,-0.018868119271625128,-0.02985105092110253,-0.025304851780155305,-0.018405098029455086,-0.02594386632892813,0.01823771949100316,0.017191687948251728,0.02467694875272958,0.27523369822340404,1.4104528107830134,-0.0370374122317493,0.038461943072561844,0.0,0
1999-11-05,NEOG,0.577921986579895,0.5890359878540039,0.5556939840316772,0.577921986579895,309298,0.0,-0.03703741223174928,0.0,-0.018868119271625128,-0.02255662291564273,-0.025304851780155305,-0.017477743237052888,-0.02594386632892813,0.013827546508705548,0.017191687948251728,0.02467694875272958,0.97841827857947,2.476365092073659,0.0,0.057692914608842766,0.6666666666666666,0
1999-11-08,NEOG,0.5668079853057861,0.577921986579895,0.5668079853057861,0.5668079853057861,141715,-0.01923097153628095,-0.06422082808465235,-0.046729449763247666,-0.046729449763247666,-0.028571726277033364,-0.039548430020948655,-0.03409126228952503,-0.0439595683849424,0.010752737704068524,0.01482992861089777,0.02489116018692914,-0.5418172765423637,1.106237088273762,0.0,0.01960805345413935,0.0,0
1999-11-09,NEOG,0.5668079853057861,0.577921986579895,0.5612509846687317,0.5612509846687317,69733,-0.009804026727069703,-0.06481547140556132,-0.06481547140556132,-0.02884645730442137,-0.025096790128487756,-0.042654470771653484,-0.0422005326673818,-0.0527999253395947,0.01069822823724466,0.014033291051475967,0.024215753135177598,-0.5079349398440531,0.587960027520708,-0.009804026727069676,0.02970329205035264,0.0,0
1999-11-10,NEOG,0.5598620176315308,0.5640299916267395,0.5445809960365295,0.5445809960365295,371157,-0.029701486656707243,-0.0841113054182624,-0.07547075685381177,-0.07547075685381177,-0.037327049139667265,-0.06399144923525378,-0.06710994368956559,-0.07937910926396362,0.012532833473408906,0.015462305000184522,0.02451462126592569,4.322544562832518,2.7351833824254426,-0.02729426378957952,0.03571368764565805,0.0,0
1999-11-11,NEOG,0.550137996673584,0.550137996673584,0.5223529934883118,0.5334669947624207,433017,-0.020408353128362533,-0.07692213283068905,-0.0943388761254369,-0.06796011659648327,-0.04191550294482207,-0.07425200244754934,-0.08309384227042756,-0.09612962784019764,0.011312021430570716,0.015677229443236195,0.024157448556537106,0.16666801380547858,2.8340097929846944,-0.030303309373220434,0.05208382797448652,0.4,1
1999-11-12,NEOG,0.5723649859428406,0.5723649859428406,0.5556939840316772,0.5556939840316772,224944,0.041665162957561064,-0.0384619430725619,-0.07407482446349856,-0.019608053454139407,0.006035545532198826,-0.028183345723312173,-0.043977682088476654,-0.057049199182146876,0.028371063553477082,0.021040913371241136,0.026087255447558758,-0.4805192405840879,1.4094447535551913,-0.029126522971529543,0.030000328220600284,0.0,1
1999-11-15,NEOG,0.5668079853057861,0.5890359878540039,0.5556939840316772,0.577921986579895,83229,0.04000043762746697,0.019608053454139407,-0.04587202006046598,0.019608053454139407,0.04208386809167054,0.015624805234884005,-0.006686011721486242,-0.018590409621127128,0.03404479165279584,0.025524496636763896,0.027628931594186463,-0.63000124475425,0.5092899257840072,0.01960805345413935,0.057692914608842766,0.6666666666666666,0
1999-11-16,NEOG,0.5834789872169495,0.5890359878540039,0.5612509846687317,0.5668079853057861,280055,-0.01923097153628095,0.00990109735011746,-0.05555611834762397,-0.05555611834762397,0.0199994748474225,0.0019642987118117443,-0.02298891730144568,-0.03637265059099454,0.035263827719952574,0.025928636923550755,0.024405255688078872,2.364872820771606,1.596153796831858,-0.028571726277033364,0.04902013363534838,0.2,0
1999-11-17,NEOG,0.577921986579895,0.5890359878540039,0.5612509846687317,0.5612509846687317,223819,-0.009804026727069703,0.030610669034591087,-0.05607533971589718,-0.08181899558745576,0.003975822427694387,-0.0019766656033072465,-0.02837949750435761,-0.04419469650827756,0.03166550263993971,0.025938213561931767,0.023934318266091915,-0.20080341361518272,1.3027820592220758,-0.028846457304421383,0.04950548675058773,0.0,1
1999-11-18,NEOG,0.5612509846687317,0.5945929884910583,0.5612509846687317,0.577921986579895,232817,0.029703292050352603,0.08333222533715023,0.0,0.0,0.017612713006914298,0.027667912971344473,0.0004808300433808436,-0.013563693782948581,0.028846496958465355,0.026766203742143113,0.021894516302493575,0.04020212761204367,1.2917327373746228,0.02970329205035264,0.057692914608842766,0.5,0
1999-11-19,NEOG,0.5890359878540039,0.5890359878540039,0.5556939840316772,0.577921986579895,178830,0.0,0.04000043762746697,0.0,0.0,0.009708840990509848,0.027667912971344473,0.0004808300433808436,-0.011688854838088684,0.025580659844594338,0.026766203742143113,0.021894516302493575,-0.23188598770708324,0.9851285961077422,-0.018868119271625145,0.057692914608842766,0.6666666666666666,0
1999-11-22,NEOG,0.577921986579895,0.577921986579895,0.5668079853057861,0.577921986579895,62984,0.0,0.0,0.019608053454139407,-0.028037669857948644,0.009708840990509848,0.02564093342199718,0.0019266265744678707,-0.00867427822139682,0.01835855006261242,0.025881756641747324,0.020834356755170785,-0.6477995861991837,0.36339896658851606,0.0,0.019230971536280922,1.0,0
1999-11-23,NEOG,0.5556939840316772,0.5723649859428406,0.5334669947624207,0.5556939840316772,136091,-0.0384619430725619,-0.019608053454139407,-0.009901097350117571,-0.07407482446349856,-0.025341400827771008,-0.012833662796507116,-0.03288253007776948,-0.044251716788466434,0.02443773190460791,0.02878727478565549,0.022253005044429466,1.1607233583132226,0.7726694257880287,0.0,0.06999894240028798,0.5714174072939013,0
1999-11-24,NEOG,0.5723649859428406,0.5723649859428406,0.5556939840316772,0.5556939840316772,34866,0.0,-0.009901097350117571,0.02040649247040971,-0.056604357814875494,-0.023437750412381112,-0.014778661413729757,-0.03006838586345236,-0.04205436098839924,0.024219123797114404,0.02692587247736797,0.021983515997964158,-0.7438037783541895,0.19726217124739498,-0.029126522971529543,0.030000328220600284,0.0,1
1999-11-26,NEOG,0.5445809960365295,0.5668079853057861,0.5445809960365295,0.5612509846687317,43864,0.010000109406866686,-0.02884645730442137,0.0520819285524583,-0.04717029817906282,-0.007858630626596082,-0.009804026727069676,-0.01798772567697488,-0.030431430674878645,0.0188235760281064,0.02576250276873888,0.02216070971184011,0.25807376814088223,0.2478549169513122,0.030610669034591056,0.039602584006824815,0.7499886030565261,1
1999-11-29,NEOG,0.5556939840316772,0.6057069897651672,0.5445809960365295,0.5668079853057861,231692,0.00990109735011746,-0.01923097153628095,0.020000218813733595,-0.05555611834762397,0.005917223607279254,-0.0019569681118792796,-0.005363471520440824,-0.019702359375379525,0.020052772846214865,0.022550556564664828,0.02180021517802077,4.282053620280868,1.2771229180923633,0.02000021881373352,0.10784250630424862,0.3636258147054579,0
1999-11-30,NEOG,0.5668079853057861,0.577921986579895,0.5556939840316772,0.5556939840316772,71982,-0.019608053454139407,-0.0384619430725619,-0.0384619430725619,-0.08256963610883883,-0.005964279575149237,-0.017681918909841086,-0.020568465840303557,-0.03818457771566842,0.021038413911023967,0.019059663011743874,0.021926931743211604,-0.6893203045422371,0.4079030579979192,-0.01960805345413935,0.04000043762746704,0.0,1
1999-12-01,NEOG,0.5445809960365295,0.5751439929008484,0.5445809960365295,0.5668079853057861,182204,0.020000218813733595,0.020000218813733595,0.0,-0.05555611834762397,0.009901097350117547,0.001964657656648922,0.001964478184198186,-0.018948058811558276,0.01500128527302813,0.01955034658134047,0.022531764944524073,1.531243922091634,1.0147172540193088,0.04081484559877232,0.05392125315212431,0.7272516294109158,0
1999-12-02,NEOG,0.5334669947624207,0.5612509846687317,0.5334669947624207,0.5556939840316772,206948,-0.019608053454139407,0.0,-0.009901097350117571,-0.0654212296685468,-0.009901097350117547,-0.01671601070072233,-0.014293086358807805,-0.0372585880471284,0.018485807107549015,0.020336291981496852,0.022809524946622115,0.1358038242848676,1.1260695928072324,0.04166516295756099,0.04999872358655445,0.79999270602268,0
1999-12-03,NEOG,0.5334669947624207,0.5612509846687317,0.5334669947624207,0.5445809960365295,150712,-0.019998395365954158,-0.029701486656707243,-0.0576911612944081,-0.0576911612944081,-0.023903181329628855,-0.030661413231761588,-0.031140664622302007,-0.05523850525599627,0.01933310142656368,0.0179890577269172,0.022414931201684772,-0.2717397607128361,0.8213284242839902,0.020833531189794606,0.05101902216295358,0.40001458795464007,0
1999-12-06,NEOG,0.5334669947624207,0.5445809960365295,0.5334669947624207,0.5334669947624207,164209,-0.020408353128362533,-0.058822372668900225,-0.07692213283068905,-0.07692213283068905,-0.03225729367827153,-0.0428703834993301,-0.04714544899495179,-0.0730898216955713,0.01784954627561662,0.018413424962583753,0.022746229932257406,0.08955491268114013,0.9317171593375979,0.0,0.020833531189794606,0.0,1
1999-12-07,NEOG,0.5334669947624207,0.550137996673584,0.5334669947624207,0.550137996673584,208073,0.03125029678469193,-0.00999828595908736,-0.04807567552626768,-0.029410292487691225,7.367458448233245e-07,-0.008014836576185118,-0.015903378898055386,-0.04255204709808106,0.025308791523741728,0.02215867433677915,0.023718016945390955,0.26712299569451137,1.1587853284644298,0.03125029678469191,0.030303309373220434,1.0,0
1999-12-08,NEOG,0.5334669947624207,0.5668079853057861,0.5334669947624207,0.550137996673584,181080,0.0,-0.029410292487691225,-0.00999828595908736,-0.019800389306589672,0.0060979903512617725,-0.007020037739500834,-0.014924257429219118,-0.04051059287476962,0.02242774037076342,0.018716706513017288,0.0236325489187855,-0.12972850874452713,0.978130613494994,0.03125029678469191,0.060604776883185996,0.5000151956937192,0
1999-12-09,NEOG,0.550137996673584,0.5529159903526306,0.5334669947624207,0.5390239953994751,251937,-0.020202206248813637,-0.029998504772820955,-0.029998504772820955,-0.010204176564181267,-0.0081800353563606,-0.02414419559826473,-0.034344530175928645,-0.05825150901569251,0.02252088320676961,0.01968057427019338,0.023109421094199053,0.39130218687872764,1.4061522825130541,-0.020202206248813623,0.03608187345314034,0.28572172847073246,0
1999-12-10,NEOG,0.5390239953994751,0.5445809960365295,0.5390239953994751,0.5390239953994751,199075,0.0,-0.010204176564181267,-0.039602584006824815,0.010416765594897237,-0.006147598410358709,-0.02020148438686031,-0.034824960751337265,-0.05770262559297778,0.02111686624894231,0.019202358997075522,0.022618306308743886,-0.2098222968440523,1.1887164638797687,0.0,0.010309375249493494,0.0,1
1999-12-13,NEOG,0.5445809960365295,0.5612509846687317,0.5390239953994751,0.5445809960365295,190077,0.010309375249493602,0.020833531189794696,-0.03921431921476093,-0.019998395365954158,0.0,-0.006084697540757879,-0.023903447245022285,-0.0468770689214555,0.018706717613809116,0.0192352917621253,0.020633343496448187,-0.04519904558583443,1.1469269981029064,0.0,0.04081484559877232,0.25001139694347385,1
1999-12-14,NEOG,0.5473589897155762,0.5668079853057861,0.5334669947624207,0.5612509846687317,238440,0.030610669034591087,0.020200364385558833,0.010000109406866686,-0.02884645730442137,0.026421536363935634,0.02330187314460412,0.007480737026992236,-0.01751022766699742,0.018476875084336184,0.021120392807070267,0.019743567719443716,0.25443899051437047,1.3743909872599074,0.025380043470874948,0.05940477870705991,0.8333282681020936,0
1999-12-15,NEOG,0.5556939840316772,0.5556939840316772,0.5445809960365295,0.5556939840316772,211447,-0.009901097350117571,0.010099261261151904,-0.019608053454139407,-0.019608053454139407,0.014197815154396474,0.015227279958886458,-0.001498406027827819,-0.026480343882093103,0.019532388275799333,0.02026145333680296,0.01940434700627312,-0.11320667673209195,1.243386422286364,0.0,0.019998395365954172,1.0,0
1999-12-16,NEOG,0.5445809960365295,0.5556939840316772,0.5390239953994751,0.550137996673584,419520,-0.00999828595908736,0.020618750498986982,-0.00999828595908736,-0.019800389306589672,7.367458448233245e-07,0.0060979903512617725,-0.010493766214097016,-0.035838449825605356,0.01697733849924816,0.019537679804653464,0.019409133546810998,0.9840432827138716,2.3327090830638384,0.010204176564181261,0.030301467509965565,0.6667071897481371,0
1999-12-17,NEOG,0.5556939840316772,0.5556939840316772,0.5334669947624207,0.5390239953994751,765933,-0.020202206248813637,0.0,-0.010204176564181267,-0.06730664706254852,-0.02020148438686031,-0.013224578542797306,-0.02708051270826925,-0.0536577007287353,0.02030571896860749,0.01955998659581501,0.018463319139829282,0.8257365560640733,3.7091509756501506,-0.02999850477282093,0.0412356211578002,0.25001139694347385,0
1999-12-20,NEOG,0.5445809960365295,0.550137996673584,0.5334669947624207,0.5390239953994751,449888,0.0,-0.010204176564181267,0.010416765594897237,-0.06730664706254852,-0.01821806681503064,-0.014227408756331317,-0.023653070457225152,-0.05199292442693372,0.019526418850141943,0.018318331928430857,0.018463319139829282,-0.41262747524914056,2.0444705797880585,-0.010204176564181261,0.03092812574848048,0.3333333333333333,1
1999-12-21,NEOG,0.5223529934883118,0.5668079853057861,0.5223529934883118,0.5556939840316772,380155,0.030926245908306615,-0.009901097350117571,0.010099261261151904,-0.0384619430725619,0.014197815154396474,0.015227279958886458,0.008572036564579147,-0.02133554678874407,0.019657834875303752,0.018259432176252723,0.019987750226417758,-0.15500080019916063,1.611443194460252,0.0638284664948733,0.07999905180715473,0.7499943016581504,0
1999-12-22,NEOG,0.5390239953994751,0.5445809960365295,0.4445559978485107,0.4778969883918762,1509373,-0.13999970824835528,-0.13999970824835528,-0.13131434061728853,-0.13999970824835528,-0.10229708275307056,-0.11522692031266378,-0.12646057509641043,-0.15537249741296527,0.06554578356378107,0.04826291124725303,0.03615496349579739,2.970414699267404,4.955689713903447,-0.11340312774442843,0.2093024241994139,0.333326579828513,0
1999-12-23,NEOG,0.4556689858436584,0.4778969883918762,0.4445559978485107,0.4556689858436584,1613971,-0.04651212099706903,-0.1717187531149159,-0.15464062874240248,-0.18000014587582247,-0.11255487287879826,-0.14315656892446357,-0.15940629443832416,-0.19084337638617516,0.06509145131864433,0.049411947329856515,0.0371729755177273,0.06929897381230488,4.2082111131100906,0.0,0.07316932154519058,0.3333130724083739,0
1999-12-27,NEOG,0.4556689858436584,0.4667829871177673,0.4501129984855652,0.4501129984855652,858160,-0.012193033826531918,-0.1649481241517221,-0.1649481241517221,-0.19801833621506015,-0.09192714650757455,-0.1392126799966355,-0.16105560436267036,-0.19722396363097858,0.06564766864420502,0.0491372813316417,0.03690079240020675,-0.46829280080001434,2.022799154637027,-0.012193033826531887,0.03703511937733273,0.0,0
1999-12-28,NEOG,0.4501129984855652,0.4612259864807129,0.4445559978485107,0.4445559978485107,1074106,-0.01234579018102433,-0.1752574994012157,-0.18367331749731008,-0.21568501260849737,-0.06759805700069053,-0.13326027462719764,-0.16186416621713579,-0.2036622576827556,0.06428813378082796,0.04826841547822713,0.03659441353666011,0.25163838911158765,2.3031470019694895,-0.012345790181024306,0.037498062590267334,0.0,1
1999-12-29,NEOG,0.4473339915275574,0.4612259864807129,0.4445559978485107,0.4556689858436584,1021245,0.02499794862498872,-0.18000014587582247,-0.18811904425858816,-0.18000014587582247,-0.0024340021739386953,-0.09292129112427105,-0.13273503220993865,-0.18049242364634274,0.06278168517557271,0.047656691199244955,0.037417482294289976,-0.04921395095083725,1.9875244160177055,0.01863259773226411,0.03658354891399551,0.6666464051259292,0
1999-12-30,NEOG,0.4556689858436584,0.4723399877548218,0.4556689858436584,0.4556689858436584,776056,0.0,-0.04651212099706903,-0.18000014587582247,-0.19607874684787574,0.007370187282910481,-0.07449305634658251,-0.1234644209645848,-0.17621127714603527,0.025812728202787304,0.04798055326579459,0.03686014068134109,-0.24008832356584364,1.4278327256436167,0.0,0.03658577263119519,0.0,1
1999-12-31,NEOG,0.4556689858436584,0.4890109896659851,0.4556689858436584,0.4667829871177673,710822,0.024390515087463482,0.024390515087463482,-0.15151654686610228,-0.15999992706208888,0.026894249647426722,-0.03559184885040727,-0.09434046096481913,-0.15168701856787134,0.01869078885497886,0.049855912715654316,0.037572902374520836,-0.08405836692197466,1.2498761459957155,0.02439051508746338,0.07142934670392063,0.33333333333333276,0
2000-01-03,NEOG,0.4667829871177673,0.4834539890289306,0.4501129984855652,0.4667829871177673,249688,0.0,0.03703511937733284,-0.1340218782434155,-0.14285847189853773,0.01941723939674817,-0.020979451969596857,-0.08745324728437513,-0.1482462805106099,0.01656639116111362,0.05003490222977591,0.03750181117852346,-0.6487334381884635,0.4352522453305535,0.0,0.07142717593294298,0.49998480430628,0
2000-01-04,NEOG,0.4667829871177673,0.4667829871177673,0.4556689858436584,0.4612259864807129,375656,-0.01190489111731996,0.037498062590267445,-0.14433125349290887,-0.13541795273366497,0.0,-0.016588069376546003,-0.09190454607681503,-0.15478674029749953,0.016435612639218382,0.04983048746025591,0.037389398589216485,0.5045016180192881,0.642987728741392,-0.011904891117319965,0.0240966502319436,0.500000000000005,0
2000-01-05,NEOG,0.4612259864807129,0.4834539890289306,0.4612259864807129,0.4612259864807129,403774,0.0,0.012195257543731852,-0.17000003646895556,-0.16161764999050898,-0.002403872495721226,0.0036271669420126704,-0.08388596167394437,-0.15063504708117553,0.013280111987124888,0.047625101065807314,0.036366042411615854,0.07485039504227275,0.6797311505342032,0.0,0.04819330046388708,0.0,1
2000-01-06,NEOG,0.4723399877548218,0.4834539890289306,0.4612259864807129,0.4667829871177673,155211,0.012048325115971759,0.024390515087463482,-0.02325606049853457,-0.15151654686610228,0.004784741176018103,0.018181569027603737,-0.0651090799924721,-0.13615842636665632,0.013796764704951777,0.020882853948734355,0.036606303953366955,-0.6155993204119137,0.26185930210331343,-0.011764832072483728,0.04761956446928022,0.24999999999999814,1
2000-01-07,NEOG,0.4778969883918762,0.480675995349884,0.4667829871177673,0.480675995349884,134966,0.029763313178788886,0.029763313178788886,0.054879770805392525,-0.10824750019959495,0.028538625871513162,0.04279786201484948,-0.03162533722323268,-0.10686556238325107,0.015762777964615282,0.016308826725057266,0.03739031009423893,-0.13043534285585434,0.22997278055078382,0.005815075268331608,0.02890306228419828,1.0,0
2000-01-10,NEOG,0.480675995349884,0.4890109896659851,0.480675995349884,0.480675995349884,122594,0.0,0.029763313178788886,0.06790072041276307,-0.10824750019959495,0.022459507806322002,0.03592917544525673,-0.02590014011403894,-0.1032545202214613,0.015762777964615282,0.01526336967875134,0.03739031009423893,-0.09166753108190207,0.21026179217331634,0.0,0.01734015094728017,0.0,1
2000-01-11,NEOG,0.4834539890289306,0.4945679903030395,0.4834539890289306,0.4834539890289306,383529,0.00577934763941057,0.048193300463887034,0.08749851845138079,-0.11224594220599393,0.018735127977484726,0.03325429308498087,-0.01416445228247312,-0.09412761809826035,0.012363630334359062,0.01375245776791688,0.03730631167946677,2.128448374308694,0.6470587540598391,0.0,0.022988746657013948,0.0,0
2000-01-12,NEOG,0.4834539890289306,0.4945679903030395,0.4778969883918762,0.4834539890289306,345289,0.0,0.048193300463887034,0.06097628771865837,-0.13861355750800042,0.009280413620444926,0.02715473468623574,-0.006282293403962692,-0.0899583225987621,0.012363630334359062,0.012649644534327294,0.03637493854624375,-0.09970562851831277,0.5773395935904736,0.0,0.03448311998552081,0.3333333333333311,1
2000-01-13,NEOG,0.4945679903030395,0.4945679903030395,0.4834539890289306,0.4945679903030395,197951,0.022988746657014003,0.059524455586600356,0.08536680280612186,-0.10999938002775511,0.020641990805619806,0.042154794264308626,0.02298853224720837,-0.06532235655583707,0.013807181203728293,0.013497072086433137,0.03696403768340562,-0.42670922039219317,0.33135733540164886,0.0,0.022472140316438474,1.0,0
2000-01-14,NEOG,0.4945679903030395,0.5056819915771484,0.4890109896659851,0.4890109896659851,52862,-0.011236070158219147,0.017340150947280142,0.047619564469280506,-0.11111213436847489,0.005714135670692373,0.025641080134086974,0.01792941336364875,-0.07212151882214513,0.0125165713208678,0.013481807842003002,0.036973682476630014,-0.7329541149072245,0.09128910239146468,-0.011236070158219126,0.03409126228952507,0.0,1
2000-01-18,NEOG,0.5056819915771484,0.5334669947624207,0.4890109896659851,0.5112389922142029,428518,0.04545501638603344,0.06358336417875843,0.09523912893856079,-0.051546876247467455,0.03837511272149276,0.0623560909886746,0.06728586872709091,-0.02748377129692825,0.022140560429064052,0.018451464626871337,0.038454378115675134,7.106352389239907,0.7622289020433815,0.010989121087193491,0.08695738348104916,0.5,1
2000-01-19,NEOG,0.5112389922142029,0.5945929884910583,0.5112389922142029,0.5668079853057861,587103,0.10869474734489848,0.1724135040115835,0.22891598027833227,0.0515449964072936,0.11353670064719487,0.15254188397486151,0.17987242212083432,0.07867974053563526,0.047515035582568754,0.03502683394767618,0.04572871364571336,0.37007780303277804,1.0317221755607513,0.10869474734489838,0.1470586132125273,0.6666626145555644,1
2000-01-20,NEOG,0.5834789872169495,0.5890359878540039,0.577921986579895,0.5890359878540039,293552,0.039216106908278814,0.2183909973256113,0.2771092807422195,0.06000065644120056,0.11111111111111116,0.1674007881669143,0.22190211905723423,0.12003377569638958,0.043756764407137716,0.03456322451454965,0.04602658741594829,-0.4999991483606795,0.5198174745666578,0.009523908759011122,0.018868119271625145,1.0,0
2000-01-21,NEOG,0.5890359878540039,0.6001499891281128,0.5556939840316772,0.577921986579895,530867,-0.018868119271625128,0.16853900355698626,0.23809565157542445,0.2093024241994137,0.05691041844745595,0.12068931639297319,0.18653722448146287,0.09820459637387595,0.051405227222662886,0.037162384772879295,0.03188323074758948,0.808425764430152,1.0292189160055525,-0.018868119271625145,0.07692388614512369,0.5,0
2000-01-24,NEOG,0.6001499891281128,0.6001499891281128,0.5612509846687317,0.5640299916267395,217071,-0.02403783776313384,0.15340964425358927,0.17340994158899514,0.23780641024416815,0.003956880130121193,0.07635246362399943,0.14527555993428848,0.07101447637027392,0.05437093916990645,0.03974702884100223,0.030134218769794368,-0.5911009725599821,0.4867597561167034,-0.06018495068849002,0.06896619867179592,0.07144159591306999,0
2000-01-25,NEOG,0.5556939840316772,0.577921986579895,0.5556939840316772,0.5612509846687317,113597,-0.004927055297170968,0.09782507440976729,0.16762848592053614,0.2469113012890043,-0.01846489892352314,0.05482980887298213,0.12691725584489585,0.06461419197870075,0.05546944135234839,0.040008091008147346,0.02988087691575901,-0.4766827443555335,0.27793161062563543,0.01000010940686676,0.03960438940047019,0.25,1
2000-01-26,NEOG,0.5612509846687317,0.5890359878540039,0.5612509846687317,0.5723649859428406,255311,0.019802194700235143,0.009804026727069592,0.1839078773400904,0.28749806259026744,-0.0009701190878193048,0.05803776764366151,0.134673500339456,0.08500967411653569,0.02675400558712586,0.03984352919076859,0.029391238758091763,1.247515339313538,0.6941890478382503,0.019802194700235094,0.04854420495254924,0.4,0
2000-01-27,NEOG,0.5668079853057861,0.5834789872169495,0.5668079853057861,0.5668079853057861,113597,-0.009708840990509837,-0.037736238543250256,0.1724135040115835,0.24390292715743422,-0.0029327604047672796,0.03186615083161136,0.11141351092867575,0.07492842757424616,0.01702668189061926,0.04043686453507382,0.029675499935677613,-0.5550642157995542,0.35234724986639293,0.0,0.029412080181209027,0.0,0
2000-01-28,NEOG,0.5612509846687317,0.577921986579895,0.5556939840316772,0.5556939840316772,116971,-0.019608053454139407,-0.0384619430725619,0.12359472292410922,0.21951241206997074,-0.014778661413729757,0.0004997992829346479,0.07903915472015087,0.05429560663425671,0.01715241946730984,0.04192157450614339,0.030386387673992377,0.029701488595649472,0.40411965667569943,-0.009901097350117547,0.04000043762746704,0.0,1
2000-01-31,NEOG,0.577921986579895,0.5890359878540039,0.5556939840316772,0.5890359878540039,210322,0.06000065644120056,0.044334515182683276,0.2045455016386033,0.2619054338100646,0.03515662561857157,0.041769210850322536,0.1303653831606454,0.11637703083933051,0.03193781542511105,0.04346814230310183,0.03223674620421575,0.798069606996606,0.7954044575430623,0.019230971536280922,0.05660435781487544,1.0,0
2000-02-01,NEOG,0.5890359878540039,0.5890359878540039,0.5723649859428406,0.577921986579895,125969,-0.018868119271625128,0.029703292050352603,0.13043409321516064,0.23809565157542445,0.009708840990509848,0.010199144714098189,0.09733570496769536,0.09531309586935129,0.034011069661655485,0.043973633963302707,0.03288137580126592,-0.40106598453799414,0.4878066725914911,-0.018868119271625145,0.028846457304421383,0.3333333333333333,0
2000-02-02,NEOG,0.5668079853057861,0.577921986579895,0.5668079853057861,0.5668079853057861,25869,-0.01923097153628095,-0.009708840990509837,0.0,0.22891598027833227,-0.00778218398979111,-0.009227966283873967,0.06555204713920337,0.07470190992222636,0.03461811266452811,0.029233467230717618,0.03319200040575787,-0.7946399510990799,0.10745343175789104,0.0,0.01960805345413935,0.0,1
2000-02-03,NEOG,0.5612509846687317,0.5890359878540039,0.5612509846687317,0.577921986579895,175456,0.019608053454139407,0.019608053454139407,-0.018868119271625128,0.253012630510276,0.007752020166178227,0.012165489846053921,0.07465759339202631,0.09577472241924703,0.03535155855664439,0.02690367574519265,0.033143793330341204,5.782480961768913,0.7650800537652578,0.02970329205035264,0.048077428840702305,0.6,0
2000-02-04,NEOG,0.5890359878540039,0.5890359878540039,0.5612509846687317,0.5612509846687317,56236,-0.02884645730442137,0.010000109406866686,-0.02884645730442137,0.20238097822346424,-0.02321107731368089,-0.01415348436129072,0.03457062891135321,0.06394130131821098,0.03711616120526272,0.02778652311117832,0.034369300170508,-0.679486594929783,0.2506267227913175,-0.04717029817906287,0.04950548675058773,0.0,1
2000-02-07,NEOG,0.5612509846687317,0.5890359878540039,0.5556939840316772,0.5668079853057861,184454,0.00990109735011746,-0.037736238543250256,0.004925258798799792,0.1791892892284057,-0.0058480155756394335,-0.0048781008479893235,0.036585100318494455,0.074022929407959,0.02097716026067834,0.026934247483826893,0.034047514550036434,2.279998577423714,0.8130888374514395,0.009901097350117547,0.058824160362418054,0.3333333333333333,1
2000-02-08,NEOG,0.577921986579895,0.5945929884910583,0.5723649859428406,0.5890359878540039,168708,0.039216106908278814,0.01923097153628084,0.049505486750587746,0.225432502459884,0.029126522971529543,0.029126522971529543,0.06666686239095508,0.11496789416635035,0.02800487603909115,0.029394137500803583,0.034637815739408585,-0.08536545697030151,0.7361966402748105,0.019230971536280922,0.03773623854325029,0.75,0
2000-02-09,NEOG,0.5807009935379028,0.5945929884910583,0.5668079853057861,0.5723649859428406,64109,-0.02830217890743769,0.009804026727069592,0.0,0.1839078773400904,-0.0019380050415444597,0.0,0.028200535751154613,0.08318400017055368,0.030111203591391557,0.030653008991995436,0.03571760706552818,-0.6200002370960476,0.30071213271129216,-0.014355077204664982,0.04854420495254924,0.2,0
2000-02-10,NEOG,0.5945929884910583,0.5945929884910583,0.5556939840316772,0.5668079853057861,281180,-0.009708840990509837,-0.01923097153628095,0.0,0.1724135040115835,-0.00778218398979111,-0.009708840990509848,0.010651269786714341,0.07221650201886828,0.02872448579285712,0.030653008991995436,0.03591270259260292,3.3859676488480552,1.3390470707095241,-0.04672944976324768,0.06862818708948773,0.2857142857142857,0
2000-02-11,NEOG,0.5668079853057861,0.5834789872169495,0.550137996673584,0.5612509846687317,375656,-0.009804026727069703,0.0,0.010000109406866686,0.13483079308232848,-0.0175099139770299,-0.020368790345407384,-0.0051714191854449944,0.06192772329388012,0.025627082896958777,0.030093067572337286,0.0359686398052353,0.3359982929084573,1.7163398979487405,-0.009804026727069676,0.05940477870705991,0.33331307240837443,1
2000-02-14,NEOG,0.577921986579895,0.5945929884910583,0.5640299916267395,0.569586992263794,284554,0.014852548721999037,0.004902907210293739,-0.03301834860899966,0.16477339835009763,-0.003886601012432548,-0.0024323171256907454,0.0024457268291535935,0.0771337732163515,0.02618240622925793,0.02283545065460498,0.03574725844783899,-0.24251442809378798,1.2347486494109479,-0.014422351994993358,0.053658172113179414,0.1818211957984406,0
2000-02-15,NEOG,0.550137996673584,0.5668079853057861,0.5445809960365295,0.5556939840316772,293552,-0.024391372030635128,-0.056604357814875494,-0.0384619430725619,0.0869554014746361,-0.016716187000265947,-0.02296076236618008,-0.025816240878715403,0.050419500096791144,0.016948730174822037,0.023320369369261844,0.03532975335839738,0.03162141456454659,1.3122181856868838,0.01009926126115194,0.03999861417968769,0.4999772061130523,0
2000-02-16,NEOG,0.5445809960365295,0.577921986579895,0.5445809960365295,0.5556939840316772,210322,0.0,-0.02912652297152951,-0.019608053454139407,-0.019608053454139407,-0.010880612659597862,-0.021047791999229692,-0.024866271043786314,0.0495375668718131,0.014466492458642344,0.022678726990020517,0.02548771628071825,-0.2835272796642503,1.0266237739340496,0.020406492470409793,0.059998832993421215,0.33331307240837443,1
2000-02-17,NEOG,0.5668079853057861,0.5668079853057861,0.5612509846687317,0.5668079853057861,169833,0.020000218813733595,0.0,-0.01923097153628095,-0.037736238543250256,0.008901991520116224,0.0004903522791900776,-0.003419763823900294,0.06985486971476584,0.018107860855140465,0.0227200600482035,0.024235855943004574,-0.19250958054792178,0.8547994103130786,0.0,0.009804026727069676,1.0,0
2000-02-18,NEOG,0.5723649859428406,0.6001499891281128,0.5668079853057861,0.5668079853057861,404899,0.0,0.00990109735011746,0.00990109735011746,-0.01923097153628095,0.006910061201584041,-0.0004900504538390606,-0.002445102884381315,0.0691820389182505,0.01727467674437546,0.02062640298678711,0.023895019368178085,1.3841008520134483,2.104647336853043,-0.009708840990509848,0.058824160362418054,0.0,1
2000-02-22,NEOG,0.5890359878540039,0.5890359878540039,0.5668079853057861,0.5890359878540039,395901,0.039216106908278814,0.03414578607722585,0.039216106908278814,0.044334515182683276,0.0392161069082787,0.034651327256774486,0.03439895505272083,0.10901872853135615,0.023928515119279556,0.023837414803872983,0.02481233710370138,-0.022222825939308355,1.966479042820358,0.0,0.03773623854325029,1.0,0
2000-02-23,NEOG,0.5723649859428406,0.5890359878540039,0.5556939840316772,0.5668079853057861,229443,-0.037736238543250256,0.020000218813733595,-0.037736238543250256,0.00990109735011746,-0.003906291735396884,-0.0004900504538390606,-0.0051208011477476955,0.06605321054202153,0.028590455855015975,0.02366472706029965,0.02636259287648053,-0.42045359824804684,1.107793610474461,-0.009708840990509848,0.058824160362418054,0.3333333333333333,0
2000-02-24,NEOG,0.5640299916267395,0.5723649859428406,0.5445809960365295,0.550137996673584,357661,-0.029410292487691225,-0.00999828595908736,-0.038833593624953644,-0.038833593624953644,-0.03131005126137504,-0.026068596322123064,-0.032493197536854486,0.0344840332529551,0.03245890927771261,0.023795546964621148,0.026790761605483167,0.5588228884733899,1.6852153230434623,-0.024629886990741586,0.050503673758779184,0.20000729397732003,0
2000-02-25,NEOG,0.5445809960365295,0.5556939840316772,0.5390239953994751,0.5390239953994751,111347,-0.020202206248813637,-0.04901834594183052,-0.04901834594183052,-0.04901834594183052,-0.041501313953900006,-0.04102724922188705,-0.04971730306553396,0.014433154645551371,0.030706966476153327,0.024315738070841003,0.027058489659729245,-0.6886800629646509,0.5249193742660477,-0.010204176564181261,0.030926245908306706,0.0,1
2000-02-28,NEOG,0.5556939840316772,0.5834789872169495,0.550137996673584,0.550137996673584,686078,0.020618750498986982,-0.029410292487691225,-0.019800389306589672,-0.00999828595908736,-0.01590400320854797,-0.019315516362014493,-0.029648429876856824,0.03556606182418879,0.033573618128590825,0.025487734125062153,0.027188485341628058,5.16162087887415,2.8517967914282902,-0.00999828595908741,0.060604776883185996,0.0,1
2000-02-29,NEOG,0.550137996673584,0.5668079853057861,0.550137996673584,0.5556939840316772,222694,0.010099261261151904,-0.056604357814875494,-0.024391372030635128,-0.056604357814875494,0.006035176427292655,-0.006951955594605804,-0.01695797416410415,0.04580576384365902,0.025410815987041598,0.025187183128986372,0.023403850815676308,-0.6754100845676438,0.923290410435826,0.01009926126115194,0.02999850477282093,0.33329281025186286,1
2000-03-01,NEOG,0.5584729909896851,0.577921986579895,0.5584729909896851,0.5668079853057861,217071,0.020000218813733595,0.0,0.020000218813733595,-0.01923097153628095,0.026156100090151516,0.010901453197548058,0.0036897614669715965,0.06560771771319528,0.023452007460501516,0.02474571728436126,0.023599160998135284,-0.025249894474031587,0.8832959682996397,0.014924614888412787,0.03431319969798496,0.4285565430585351,1
2000-03-02,NEOG,0.5612509846687317,0.577921986579895,0.5556939840316772,0.577921986579895,98975,0.019608053454139407,0.05050367375877918,0.04000043762746697,0.019608053454139407,0.03585621191600634,0.0266532379004035,0.022364137075523448,0.0849154390679599,0.017444604937449294,0.025317122247771395,0.02359254026071241,-0.5440431932409211,0.3968421827101905,0.02970329205035264,0.038461943072561844,1.0,0
2000-03-03,NEOG,0.5556939840316772,0.5862579941749573,0.5556939840316772,0.5556939840316772,151837,-0.0384619430725619,0.030926245908306615,-0.019608053454139407,-0.0384619430725619,-0.009901454853641927,-0.010880969456108044,-0.015021402264664165,0.043187483211984574,0.02543553755589854,0.027887649568000834,0.02475706419447089,0.5340944683000757,0.6116897740159654,0.0,0.05500151346165686,0.0,0
2000-03-06,NEOG,0.5556939840316772,0.577921986579895,0.5556939840316772,0.5556939840316772,241815,0.0,0.010099261261151904,-0.019608053454139407,-0.009901097350117571,-0.011857835703009538,-0.008920356533616615,-0.01453606651315348,0.040149291522959964,0.024189398477704866,0.027887649568000834,0.023916317593311504,0.5925960075607395,0.9390711500325528,0.0,0.04000043762746704,0.0,0
2000-03-07,NEOG,0.5445809960365295,0.5612509846687317,0.5334669947624207,0.5362449884414673,191202,-0.03499947120014402,-0.03499947120014402,-0.08962270642387504,-0.05392125315212426,-0.03980069533698666,-0.0345173407665295,-0.0464426325527919,0.0007259794911227233,0.028546284860487957,0.025591408334592954,0.02499864878243365,-0.20930463370758634,0.7415475804257532,-0.015307195175248258,0.05181212040239652,0.09998541204535996,0
2000-03-08,NEOG,0.5390239953994751,0.550137996673584,0.5223529934883118,0.5279099941253662,381280,-0.015543258204287813,-0.06862639939596993,-0.06862639939596993,-0.10377293576124946,-0.04137149707040569,-0.04282058484640754,-0.05613434772129735,-0.017680876895460863,0.02432680897030926,0.023721109450592873,0.023120891096277567,0.9941214004037615,1.4201935445781835,-0.02061875049898699,0.05263208405687794,0.2,0
2000-03-09,NEOG,0.5112389922142029,0.5334669947624207,0.4778969883918762,0.500124990940094,470132,-0.052632084056877915,-0.1346150474395318,-0.09090992811966125,-0.1262131625395423,-0.06542029530281844,-0.08490071816170583,-0.09999976295191833,-0.07130294586111685,0.020638671448855114,0.02707663560266234,0.024966325288389657,0.23303608896349148,1.6280409846397639,-0.02173934587026229,0.11111223669524789,0.4,1
2000-03-10,NEOG,0.500124990940094,0.5668079853057861,0.4945679903030395,0.5334669947624207,233942,0.06666734201714863,-0.03999861417968764,-0.010309375249493491,-0.058822372668900225,0.005236227887049484,-0.022899978486550596,-0.03711052868425836,-0.012243116568849483,0.04586574846616867,0.03569936863051753,0.02980906778294382,-0.5023908178979521,0.8168089279099137,0.06666734201714873,0.13541605331163684,0.5384690912271267,1
2000-03-13,NEOG,0.5112389922142029,0.5723649859428406,0.5112389922142029,0.5445809960365295,203574,0.020833531189794696,-0.019998395365954158,-0.010101103124406818,-0.029701486656707243,0.03049470654863881,-0.0015272670103649365,-0.015569125989650151,0.005026243875370599,0.04760810898605751,0.03571352416278919,0.030204297384456767,-0.1298099528943072,0.7327930034527742,0.06521803761078687,0.11224408154804115,0.5454635873953219,1
2000-03-14,NEOG,0.5668079853057861,0.6946179866790771,0.5556939840316772,0.6668329834938049,2737565,0.22448816309608222,0.24352301255416164,0.20000036468955584,0.170730709357515,0.20240388325389747,0.19820227690970946,0.1949211859530831,0.22162244986936955,0.10769889919473266,0.07983709820794904,0.05883115422525998,12.447517855914802,6.8361167633459985,0.17647069339373633,0.20833402978887072,0.7999985412470965,0
2000-03-15,NEOG,0.6501629948616028,0.6612759828567505,0.6223779916763306,0.6446059942245483,1048238,-0.03333216835316166,0.22105283362275108,0.1372563741789754,0.1600017505098681,0.11538504696940423,0.142295251381778,0.14596287261337737,0.1732589298981724,0.1106088095680453,0.08167128564150614,0.059134686732642903,-0.6170911010332174,2.392197274039176,-0.00854708847008024,0.060343824799851016,0.5714434569414649,0
2000-03-16,NEOG,0.6223779916763306,0.655718982219696,0.6223779916763306,0.6446059942245483,349788,0.0,0.28888978935619836,0.11538582921768548,0.1600017505098681,0.06227133139986299,0.12895444314967397,0.13697703976272066,0.16547881706400386,0.10106261588703162,0.08180131854043363,0.059134686732642903,-0.6663086054884482,0.7857513106132294,0.03571463458781413,0.05172305383767677,0.6666869275916255,1
2000-03-17,NEOG,0.6223779916763306,0.6668329834938049,0.6223779916763306,0.6501629948616028,497126,0.008620770962174173,0.2187501780708152,0.170001859916735,0.14706040090604522,0.031746338027281724,0.1201537574613633,0.13840996316783236,0.16754927705147118,0.10281116417002692,0.07979568640596896,0.05907759495625606,0.4212208537742861,1.077129814763295,0.04464329323476767,0.06837514926074391,0.625014245854624,0
2000-03-20,NEOG,0.6501629948616028,0.6668329834938049,0.6334919929504395,0.6446059942245483,641090,-0.008547088470080233,0.18367331749730997,0.1600017505098681,0.1372563741789754,-0.008546779434131579,0.09382397775514772,0.12104436815402746,0.15022408860487166,0.10528482955724537,0.08006013031710417,0.05917233174493736,0.28959257813914374,1.3544022827664675,-0.00854708847008024,0.05172305383767677,0.33334346379581276,0
2000-03-21,NEOG,0.6501629948616028,0.6501629948616028,0.6223779916763306,0.6390489935874939,239565,-0.008620770962174285,-0.04166559032629069,0.19171089215176496,0.08490653672231319,-0.008620770962174241,0.06580179507428181,0.1065677268643515,0.1338995129294911,0.01566801775903755,0.07855656482251057,0.058808301312865637,-0.6263161178617667,0.5146167902360612,-0.01709417694016048,0.043478674505522244,0.6,1
2000-03-22,NEOG,0.6390489935874939,0.6446059942245483,0.6112639904022217,0.6446059942245483,309298,0.008695734901104535,0.0,0.22105283362275108,0.1372563741789754,0.0,0.054545647438848086,0.10872213375147262,0.13714438002362325,0.008621187441384693,0.07770066312838139,0.0579183719928458,0.291081752342788,0.6587621793518785,0.008695734901104448,0.05172462577304545,1.0,1
2000-03-23,NEOG,0.6612759828567505,0.6890609860420227,0.6446059942245483,0.6668329834938049,1512747,0.03448151191332838,0.03448151191332838,0.3333326579828513,0.21211948188603325,0.02739627652359675,0.06194588875691611,0.135556369765383,0.16879280774055608,0.017652400695006506,0.07307221832695249,0.05751310131815459,3.8909045645300004,2.8690275650987487,0.008403451480345436,0.0666658562456777,0.49998860331630085,0
2000-03-24,NEOG,0.705731987953186,0.7168459892272949,0.6223779916763306,0.6668329834938049,1375531,0.0,0.025639706910342674,0.2499985754334788,0.2371118710580029,0.022145795897248462,0.03986047824134249,0.12333186974343802,0.16132737984490675,0.01786521225872885,0.07252904134551903,0.05711060871873262,-0.09070650941631353,2.329523534685663,-0.05511866420027064,0.1416666540038387,0.4705825567382375,1
2000-03-27,NEOG,0.7335169911384583,0.7335169911384583,0.6668329834938049,0.6779469847679138,864909,0.01666684394625806,0.051723053837676725,0.24489651622444475,0.23232168813484688,0.028667466805263747,0.03565307471347834,0.12989075817907259,0.17318953097836004,0.01652215293306461,0.07256543828544669,0.05708641083841374,-0.37121809686586493,1.4429123403589428,-0.07575830831716217,0.09836168482625778,0.16666666666666666,1
2000-03-28,NEOG,0.705731987953186,0.7112889885902405,0.6723899841308594,0.7001749873161316,429643,0.032787228275419356,0.09565149830764708,0.050000531838773954,0.2600010211307564,0.04304649756727589,0.06418889782412768,0.15305413281531602,0.2028641514279421,0.015010531645637837,0.02025537203073209,0.057273833595109715,-0.5032506309912372,0.7046026150342164,-0.007874094885752948,0.055556118347623945,0.7142857142857143,0
2000-03-29,NEOG,0.7112889885902405,0.7112889885902405,0.6668329834938049,0.6946179866790771,255311,-0.007936588335374806,0.07758536672419947,0.07758536672419947,0.22549082702908474,0.01957606025182012,0.047778419588713025,0.13198983511291315,0.18584584168089677,0.01903667940343829,0.01606309674159677,0.05743548027941468,-0.40576013108557574,0.4173941731471963,-0.02343773371805586,0.06400065352320745,0.625,0
2000-03-30,NEOG,0.6723899841308594,0.6946179866790771,0.6668329834938049,0.6668329834938049,478005,-0.0400004084520047,0.0,0.03448151191332838,0.15384601897581263,-0.021207398606138395,0.0025056815236443367,0.07889349123151038,0.13453681234640896,0.027456091456501835,0.022038916235302762,0.05853622035078774,0.8722460058516868,0.7579802353171011,-0.008264549990638989,0.041667109865645015,0.0,1
2000-03-31,NEOG,0.6668329834938049,0.6890609860420227,0.6668329834938049,0.6779469847679138,163084,0.01666684394625806,0.01666684394625806,0.04273388385050314,0.22000058350328944,-0.008130165669424714,0.014974738700109335,0.08613351035537199,0.14996681716030055,0.028405372899185145,0.022386126331848197,0.05748919608398845,-0.6588236524722545,0.2583745285212231,0.016666843946258003,0.03278722827541926,0.5,0
2000-04-03,NEOG,0.6779469847679138,0.6779469847679138,0.6001499891281128,0.6001499891281128,294676,-0.11475380433535487,-0.11475380433535487,-0.06896616769739394,0.08000087525493416,-0.10149733756623287,-0.09547729484374197,-0.04191630327233548,0.017236667637129454,0.058351804579722444,0.04399036422627289,0.0640414933168955,0.8068970591842242,0.4649094173202407,-0.11475380433535493,0.12962925443491738,0.0,1
2000-04-04,NEOG,0.6112639904022217,0.6223779916763306,0.6001499891281128,0.6223779916763306,65234,0.03703741223174939,-0.11111078951564346,-0.026087204703313382,0.1606224861610337,-0.04599613244416234,-0.05961330973494933,-0.01321566935763316,0.05283002255160772,0.05938307401171871,0.046033367686546846,0.06365795200126556,-0.7786246589474541,0.1039524528358412,0.018181999019434618,0.03571463458781413,1.0,0
2000-04-05,NEOG,0.6112639904022217,0.6668329834938049,0.6001499891281128,0.6001499891281128,239565,-0.0357146345878141,-0.13599992997965638,-0.06896616769739394,0.13684149913174637,-0.052631477925401814,-0.08706659956910048,-0.05387661685835178,0.013894247100019816,0.05906066017323445,0.047056775833271204,0.06422915350762619,2.6723947634669036,0.38611420093266,-0.018181999019434618,0.11111054831904271,0.0,1
2000-04-06,NEOG,0.6223779916763306,0.6446059942245483,0.6223779916763306,0.6334919929504395,190077,0.05555611834762386,-0.04999901229941972,-0.04999901229941972,0.2666673420171488,0.01063872780059438,-0.03143524575586659,-0.011703153370386682,0.06801643632975209,0.06863014224214528,0.049484315457127434,0.06338017831853453,-0.20657441612923422,0.3134265009191219,0.017857317293907066,0.03508805603791863,0.5,0
2000-04-07,NEOG,0.6223779916763306,0.6446059942245483,0.6001499891281128,0.6001499891281128,88853,-0.052632084056877915,-0.11475380433535487,-0.09999954413819367,0.1249992877167394,-0.018181999019434618,-0.07296133308523536,-0.06856417049486419,0.01066827317701406,0.06933613798398988,0.05176184355919047,0.06374367346132064,-0.5325420750537939,0.14828754529313923,-0.03571463458781413,0.0740748244634986,0.0,0
2000-04-10,NEOG,0.5945929884910583,0.6001499891281128,0.577921986579895,0.577921986579895,58485,-0.03703741223174928,-0.03703741223174928,-0.14754103261077423,0.061223198727134776,-0.04761952471117173,-0.09328714846043346,-0.10537677451123,-0.027492332879847894,0.049144299765708443,0.05156176355641049,0.064426650600716,-0.3417779928646191,0.09880232692699169,-0.02803766985794861,0.038461943072561844,0.0,0
2000-04-11,NEOG,0.577921986579895,0.577921986579895,0.5445809960365295,0.550137996673584,188953,-0.04807567552626768,-0.11607093433393001,-0.21428499069591211,-0.17499882235700037,-0.07129389798644158,-0.11607064651301435,-0.1406243446001608,-0.07303278033459894,0.044818908488772735,0.04960766931405085,0.03953351061037266,2.2307942207403606,0.4067801499605282,-0.04807567552626764,0.060604776883185996,0.16667173189790638,0
2000-04-12,NEOG,0.577921986579895,0.577921986579895,0.5334669947624207,0.5334669947624207,219320,-0.030303309373220455,-0.11111054831904277,-0.23199945150730805,-0.17241384730811615,-0.07869453887586436,-0.12007285997922741,-0.15936912167538148,-0.09977431903568335,0.04451697221183953,0.04937228607109199,0.039440307289669733,0.1607119230708165,0.5184097876675577,-0.07692213283068902,0.0833322253371502,0.0,1
2000-04-13,NEOG,0.5334669947624207,0.577921986579895,0.5334669947624207,0.5445809960365295,318295,0.020833531189794696,-0.14035062463822767,-0.1833322443301294,-0.1551723053837677,-0.029702537718030705,-0.08325483793361016,-0.13503913374943932,-0.08032953832585168,0.029457830175122716,0.05102851785542359,0.03995273588444343,0.4512812329016962,0.7551691523620997,0.020833531189794606,0.08163155185549736,0.25000569834184955,0
2000-04-14,NEOG,0.5445809960365295,0.5556939840316772,0.5445809960365295,0.5445809960365295,290177,0.0,-0.09259184220316807,-0.1967203803952906,-0.1623931224316265,-0.010100738472591606,-0.06220051778466131,-0.12772526513527757,-0.07929272678224324,0.02848764362402337,0.050001712481213954,0.03981463229374061,-0.08833943354435347,0.7057848051604693,0.0,0.020406492470409793,0.0,0
2000-04-17,NEOG,0.5445809960365295,0.5556939840316772,0.5334669947624207,0.5334669947624207,311547,-0.020408353128362533,-0.07692213283068905,-0.11111054831904277,-0.17241384730811615,-0.014373851179056823,-0.07066776089319993,-0.13785319044273456,-0.09723472351693475,0.02676162754493477,0.03760815389685954,0.03991073194746968,0.07364470650671828,0.7893985703019343,-0.020408353128362523,0.04166516295756099,0.0,1
2000-04-18,NEOG,0.5334669947624207,0.5556939840316772,0.5334669947624207,0.5556939840316772,96726,0.041665162957561064,0.010099261261151904,-0.1071439037634424,-0.1304360235165667,0.02458890820230917,-0.02056916552306909,-0.09584166699406008,-0.05926699901264889,0.029483158071574013,0.03828828214951269,0.04146553872606054,-0.6895299906595153,0.24960144177695295,0.04166516295756099,0.03999861417968769,1.0,0
2000-04-19,NEOG,0.5473589897155762,0.550137996673584,0.5334669947624207,0.550137996673584,75356,-0.00999828595908736,0.03125029678469193,-0.08333248914523073,-0.1465515344215934,0.008147089546681158,-0.021738621223740606,-0.09794912615026154,-0.06744453514255348,0.0249023514253892,0.03726484353866812,0.04132436170652062,-0.22093335814568993,0.200508375314342,0.005077119422943736,0.030303309373220434,1.0,0
2000-04-20,NEOG,0.550137996673584,0.550137996673584,0.5334669947624207,0.5445809960365295,195701,-0.010101103124406818,0.0,-0.14035062463822767,-0.1833322443301294,-0.002036308169400456,-0.016063863670201038,-0.09802055334313907,-0.07599400704303999,0.024260135838372682,0.02986396535051502,0.040151474488958304,1.597019480864165,0.6313497588817585,-0.010101103124406811,0.030612529692543786,0.6666666666666666,0
2000-04-24,NEOG,0.5334669947624207,0.550137996673584,0.5334669947624207,0.5445809960365295,109098,0.0,0.0,-0.09259184220316807,-0.1833322443301294,-0.002036308169400456,-0.00608488134909972,-0.08879534846212501,-0.07529653721436437,0.024260135838372682,0.02690935477585668,0.040151474488958304,-0.4425271204541622,0.4423177306373486,0.020833531189794606,0.030612529692543786,0.6666666666666666,0
2000-04-25,NEOG,0.5445809960365295,0.5473589897155762,0.5445809960365295,0.5445809960365295,97851,0.0,0.020833531189794696,-0.0576911612944081,-0.1967203803952906,-0.00608488134909972,1.860658298120585e-07,-0.07851382757295945,-0.07477275141973737,0.02147654121461526,0.025166381499707006,0.03975544990179686,-0.10309079909805863,0.4697648103424975,0.0,0.005101157953114266,0.0,1
2000-04-26,NEOG,0.5556939840316772,0.5556939840316772,0.5445809960365295,0.5556939840316772,149588,0.02040649247040971,0.0,0.010099261261151904,-0.20634984954014168,0.014197440035876332,0.01936669203803818,-0.048073342865773555,-0.0554462070542234,0.012433865839879306,0.021366145062985807,0.03914384639063411,0.5287324605778172,0.769901042280531,0.0,0.019998395365954172,1.0,0
2000-04-27,NEOG,0.5445809960365295,0.5723649859428406,0.5445809960365295,0.5445809960365295,19120,-0.019998395365954158,-0.010101103124406818,0.020833531189794696,-0.21599928812650615,-0.0040647092025347725,-0.0030515404360179094,-0.054965735013681016,-0.0739859272785893,0.014996684328104772,0.01987379548368583,0.03919127360558135,-0.8721822606091398,0.10477541920442468,0.0,0.05101902216295358,0.0,0
2000-04-28,NEOG,0.5418019890785217,0.5418019890785217,0.5334669947624207,0.5334669947624207,248563,-0.020408353128362533,-0.020408353128362533,-0.020408353128362533,-0.19999908827638735,-0.020407988591229193,-0.02140656298441583,-0.06341436513115624,-0.09219813984628032,0.01697689298256261,0.019865774794240745,0.03867877130372392,12.00015690376569,1.4534704726441106,-0.015383838531632095,0.015624198681331844,0.0,0
2000-05-01,NEOG,0.5445809960365295,0.550137996673584,0.5334669947624207,0.5334669947624207,37116,0.0,-0.020408353128362533,-0.020408353128362533,-0.21311399453300017,-0.016393228229662445,-0.0194073741897388,-0.051383178432670776,-0.09116686087607183,0.01697689298256261,0.019865774794240745,0.03824283903595808,-0.8506776953931197,0.22533460057232174,-0.020408353128362523,0.03125029678469191,0.0,0
2000-05-02,NEOG,0.5445809960365295,0.5445809960365295,0.5334669947624207,0.5334669947624207,154086,0.0,-0.020408353128362533,0.0,-0.11111054831904277,-0.012345424250599686,-0.0194073741897388,-0.04572545513674984,-0.09013323613872799,0.01697689298256261,0.018769361427856908,0.029496329364823236,3.151471063692208,0.9771726071285544,-0.020408353128362523,0.020833531189794606,0.0,0
2000-05-03,NEOG,0.5334669947624207,0.5334669947624207,0.5334669947624207,0.5334669947624207,168708,0.0,-0.03999861417968764,-0.03999861417968764,-0.14285691027479053,-0.004149416836940591,-0.015384575103379799,-0.03807597289001066,-0.08840527260214517,0.011066793007104876,0.01189799928207143,0.02780184272665317,0.094895058603637,1.0359129125302984,0.0,0.0,0.5,0
2000-05-04,NEOG,0.5334669947624207,0.5418019890785217,0.5334669947624207,0.5334669947624207,74231,0.0,-0.020408353128362533,-0.030303309373220455,-0.11111054831904277,0.0,-0.01234560953188251,-0.03225791627817481,-0.08736535316518497,0.009126892980768514,0.01175814011956654,0.027017344350163147,-0.5600030822486188,0.4801719099659072,0.0,0.015624198681331844,0.0,1
2000-05-05,NEOG,0.5418019890785217,0.5445809960365295,0.5334669947624207,0.5445809960365295,157461,0.020833531189794696,0.020833531189794696,0.0,-0.14035062463822767,0.016597667347762156,0.008230719016672595,-0.0040647092025347725,-0.06817477910674041,0.009317038390349218,0.013608935857883388,0.02381107822212445,1.121229674933653,1.0294142162991728,0.00512919297829499,0.020408353128362523,1.0,0
2000-05-08,NEOG,0.5556939840316772,0.5556939840316772,0.5390239953994751,0.5390239953994751,220445,-0.010204176564181267,0.010416765594897237,-0.010204176564181267,-0.10185119526110542,0.0041408258307301556,-0.0010296881903025554,-0.008686569298299907,-0.07768328818769243,0.011353023883945762,0.013993020051509009,0.02131532705057128,0.3999974596884308,1.3817421000887857,-0.02999850477282093,0.030926245908306706,0.0,1
2000-05-09,NEOG,0.5556939840316772,0.5612509846687317,0.550137996673584,0.5612509846687317,343039,0.04123562115780022,0.0520819285524583,0.030610669034591087,-0.02884645730442137,0.03483490938139443,0.03695984774592811,0.03377560620404635,-0.040016073018826516,0.020618817563429655,0.01935017452259363,0.022312860965390802,0.5561205742929076,1.9741087380059914,0.01000010940686676,0.019800389306589717,1.0,0
2000-05-10,NEOG,0.5668079853057861,0.5723649859428406,0.5334669947624207,0.5334669947624207,130467,-0.049503681356942386,0.0,-0.03999861417968764,-0.030303309373220455,-0.016393228229662445,-0.010309189203439,-0.015889160118318608,-0.08684448736927779,0.034234620704320616,0.024405926417005577,0.022472382479603356,-0.6196729817892426,0.7636582335717077,-0.05882237266890023,0.0729154597422529,0.0,1
2000-05-11,NEOG,0.5612509846687317,0.6223779916763306,0.5556939840316772,0.6001499891281128,530867,0.1249992877167394,0.1249992877167394,0.10203990498385984,0.1249992877167394,0.07999969366110832,0.10204031508787523,0.10035608030208729,0.026128022085474475,0.06532578073446418,0.046650708032412065,0.03516784474328478,3.068975296435114,2.8476613019593704,0.06930768145082283,0.11111223669524789,0.6666666666666666,0
2000-05-12,NEOG,0.6390489935874939,0.6668329834938049,0.5334669947624207,0.5556939840316772,353162,-0.07407482446349856,0.02040649247040971,0.041665162957561064,0.02040649247040971,-0.003984830738066656,0.016259025132582615,0.01781048644157253,-0.04915949475284417,0.07930382759941679,0.05324692637262813,0.039289133547178536,-0.33474486076550247,1.8768695315744732,-0.13043602351656672,0.23999897886924357,0.16666160151239548,0
2000-05-15,NEOG,0.5445809960365295,0.5445809960365295,0.5334669947624207,0.5334669947624207,35991,-0.03999861417968764,-0.010309375249493491,0.0,-0.020408353128362533,-0.04191550294482207,-0.024389927520321094,-0.021904996270490674,-0.08649694477773817,0.08194719158870699,0.05515965517215087,0.040384172172294626,-0.8980892621516471,0.2051281759003603,-0.020408353128362523,0.020833531189794606,0.0,1
2000-05-16,NEOG,0.5556939840316772,0.5668079853057861,0.5390239953994751,0.5556939840316772,167583,0.041665162957561064,-0.009901097350117571,0.041665162957561064,0.041665162957561064,-7.293785798270808e-07,0.012144762678980464,0.016775684518092745,-0.04843569111967279,0.08200073877002167,0.05660285922539957,0.0411339665432161,3.6562473951821293,0.9959885996471488,0.0,0.04999872358655445,0.5999854120453599,0
2000-05-17,NEOG,0.5556939840316772,0.5723649859428406,0.550137996673584,0.5556939840316772,38240,0.0,0.041665162957561064,0.041665162957561064,0.0,-0.007936953001825007,0.008063678584206509,0.016775684518092745,-0.049069091888409154,0.07728941321467421,0.05660285922539957,0.040105622528436205,-0.7718145635297137,0.23128987958591612,0.0,0.03999861417968769,0.24996580916957847,0
2000-05-18,NEOG,0.5445809960365295,0.5556939840316772,0.5362449884414673,0.550137996673584,44989,-0.00999828595908736,-0.08333248914523073,0.03125029678469193,0.0,1.105119174129158e-06,-0.005024259973517718,0.00660967046803401,-0.0592924171974037,0.043487791394748745,0.05679867758352614,0.040105622528436205,0.17649058577405863,0.274632467174922,0.010204176564181261,0.03535294000379641,0.7143303708243948,1
2000-05-19,NEOG,0.550137996673584,0.5723649859428406,0.550137996673584,0.5556939840316772,88853,0.010099261261151904,0.0,0.02040649247040971,0.02040649247040971,0.010100377541213333,0.0030083263264567414,0.015742984611539508,-0.05159431780054801,0.029737227982958202,0.05655651479941956,0.04007251016658067,0.9749938873946964,0.5606826151348275,0.01009926126115194,0.03999861417968769,0.24996580916957847,0
2000-05-22,NEOG,0.5668079853057861,0.5668079853057861,0.550137996673584,0.550137996673584,141715,-0.00999828595908736,0.03125029678469193,0.020618750498986982,0.010204176564181155,-0.00602305968468293,-0.009008005931746547,0.005076840331003316,-0.061610739082856796,0.021424711425027235,0.05655104032342528,0.04015780045053902,0.5949377060988374,0.8851447889259308,-0.029410292487691204,0.030301467509965565,0.0,1
2000-05-23,NEOG,0.550137996673584,0.5612509846687317,0.5390239953994751,0.5612509846687317,164209,0.020200364385558833,0.010000109406866686,0.0,0.030610669034591087,0.012023440283137881,0.01101039345160365,0.02382072021720089,-0.043199058576292526,0.013122029762418143,0.05536790281740676,0.04037806224425483,0.15872702254524929,1.00481790509397,0.020200364385558753,0.039602584006824815,1.0,0
2000-05-24,NEOG,0.5612509846687317,0.5612509846687317,0.5390239953994751,0.550137996673584,42739,-0.019800389306589672,-0.00999828595908736,0.03125029678469193,-0.00999828595908736,-0.006023423633103302,-0.011975078067035475,0.004057482537380913,-0.05839768932771448,0.01646205321068616,0.05308704241861676,0.04042805681463462,-0.7397280295233513,0.2703644755287223,-0.019800389306589717,0.04040257063437237,0.5000227938869477,1
2000-05-25,NEOG,0.5612509846687317,0.5668079853057861,0.5556939840316772,0.5556939840316772,164209,0.010099261261151904,0.010099261261151904,-0.07407482446349856,0.02040649247040971,0.0020032976802936606,0.006035545532198826,0.013170248859465935,-0.04598456875666919,0.016443791524400442,0.03250875285226787,0.04019406844563292,2.842134818315824,0.9931976944802223,-0.009901097350117547,0.02000021881373352,0.0,0
2000-05-26,NEOG,0.5668079853057861,0.5668079853057861,0.5445809960365295,0.5445809960365295,46113,-0.019998395365954158,-0.019998395365954158,-0.019998395365954158,0.020833531189794696,-0.014083912782957802,-0.012095977414178602,-0.008096508452653643,-0.06184127949793303,0.018206981375063366,0.023353342579078597,0.04018227242661881,-0.7191810436699572,0.2970985009775393,-0.03921431921476088,0.04081484559877232,0.0,0
2000-05-30,NEOG,0.5112389922142029,0.5445809960365295,0.5112389922142029,0.5362449884414673,263184,-0.015307195175248256,-0.025253678742644503,0.005207433086434454,0.005207433086434454,-0.024267182378166212,-0.027707999228451737,-0.023526809498148015,-0.07256169170656848,0.018796809673580092,0.019914866971214973,0.04036328846353009,4.70737102335567,1.5805465648497385,0.048912537204883616,0.062176811981462535,0.749984804768085,0
2000-05-31,NEOG,0.5334669947624207,0.5334669947624207,0.5334669947624207,0.5334669947624207,28118,-0.005180456207377393,-0.049503681356942386,-0.03999861417968764,0.0,-0.019407191548519845,-0.02883102273242561,-0.028585386099220966,-0.07380566825374743,0.012761104574205432,0.013768081423791661,0.040386742904669724,-0.8931621983099276,0.17550040991498048,0.0,0.0,0.5,1
2000-06-01,NEOG,0.5556939840316772,0.5556939840316772,0.5334669947624207,0.5445809960365295,84354,0.020833531189794696,-0.010101103124406818,-0.019998395365954158,0.020833531189794696,0.0030712146459383216,-0.00658836905426492,-0.009349828185564856,-0.05139810172120024,0.0171672750763252,0.01585650385495911,0.04063420449003411,2.0,0.5407361419296153,-0.019998395365954172,0.04081484559877232,0.5000227938869477,1
2000-06-02,NEOG,0.5556939840316772,0.5723649859428406,0.5556939840316772,0.5723649859428406,158585,0.05101902216295362,0.03000032822060028,0.04040257063437247,0.072915459742253,0.04781198948483623,0.03987823666018693,0.03752144778346482,-0.0004858608986858506,0.02958584232725591,0.022671581046395564,0.042090916297289394,0.8799938355027621,0.9898190663051135,0.030000328220600284,0.029126522971529543,1.0,1
2000-06-05,NEOG,0.5668079853057861,0.5834789872169495,0.5668079853057861,0.5834789872169495,143964,0.019417681981019674,0.07142737529131615,0.050000547034333875,0.07142737529131615,0.053159098706996116,0.05474589770165525,0.05395199739811762,0.021897336117193213,0.02585118725661237,0.023128050731964646,0.04206290792955337,-0.09219661380332311,0.9023619589410392,0.029412080181209027,0.028571726277033364,1.0,0
2000-06-06,NEOG,0.5668079853057861,0.5834789872169495,0.5668079853057861,0.5668079853057861,132717,-0.028571726277033416,0.056994466191929494,0.03030146750996554,0.0515449964072936,0.011904158913260096,0.021531694901107217,0.021276036372529363,-0.003809733800059072,0.02998140426191769,0.02513640436875463,0.04259285692288284,-0.07812369759106441,0.8553838776603253,0.0,0.029412080181209027,0.0,1
2000-06-07,NEOG,0.5834789872169495,0.6057069897651672,0.5668079853057861,0.5945929884910583,73107,0.049020133635348406,0.11458252212184217,0.059406584100705206,0.059406584100705206,0.03883499614441543,0.06520641050069244,0.06813068892757201,0.04809452874696676,0.032160259004324836,0.028693517599897172,0.04299093033351766,-0.44915120142860376,0.5160798908359059,0.019047817518022245,0.06542122966854676,0.7142857142857143,0
2000-06-08,NEOG,0.5890359878540039,0.6001499891281128,0.577921986579895,0.577921986579895,68608,-0.028037669857948644,0.061223198727134776,0.05050367375877918,0.08333222533715023,-0.0019194059495098565,0.030212652859935154,0.034053855826521304,0.023117966957075724,0.03935560565812935,0.029624505993716625,0.04184420438664461,-0.061539934616384184,0.49513099775665415,-0.018868119271625145,0.038461943072561844,0.0,1
2000-06-09,NEOG,0.5668079853057861,0.6001499891281128,0.5668079853057861,0.6001499891281128,73107,0.0384619430725619,0.0485442049525493,0.08000087525493416,0.0,0.02661624638481595,0.061425056141273374,0.07382557636328405,0.06603475358212323,0.036592250888719605,0.03143435982358188,0.03210344291055306,0.06557544309701502,0.631990618733918,0.058824160362418054,0.055556118347623945,1.0,0
2000-06-12,NEOG,0.5890359878540039,0.6057069897651672,0.5723649859428406,0.577921986579895,49488,-0.03703741223174928,-0.009523908759011102,0.061223198727134776,0.04000043762746697,-0.009523908759011122,0.016120872658248856,0.03200163180184588,0.02980434297177984,0.04137909545168,0.033523031270159175,0.028434234281130948,-0.3230743978004842,0.4924490253861811,-0.018868119271625145,0.057692914608842766,0.16666666666666666,1
2000-06-13,NEOG,0.5890359878540039,0.6001499891281128,0.577921986579895,0.5890359878540039,47238,0.01923097153628084,0.039216106908278814,0.09844567417957117,0.10416575652694471,0.0018903787162711536,0.026137378257741546,0.0466550384301131,0.052944869437480335,0.038933474105084055,0.03280246898731653,0.026831272570743383,-0.04546556741028129,0.4674437935402153,0.0,0.03773623854325029,0.5,0
2000-06-14,NEOG,0.577921986579895,0.577921986579895,0.5445809960365295,0.5473589897155762,197951,-0.07075458715224991,-0.07943921251972941,0.02604096427622915,-0.014999252386410422,-0.053794283727024925,-0.04876859682999238,-0.026679843232577483,-0.01970564627284155,0.04413664374757289,0.04154490142732072,0.03035726985775559,3.190503408273001,1.92982849521908,-0.0528842950675552,0.0609124745730228,0.08332067025523403,1
2000-06-15,NEOG,0.5668079853057861,0.5668079853057861,0.550137996673584,0.5612509846687317,43864,0.025380043470874858,-0.02884645730442137,0.030610669034591087,0.010000109406866686,-0.024155016625958665,-0.02744380252292865,-0.0024697912537647885,0.007379937722625004,0.04676824041226879,0.04178159739182219,0.030896812305459022,-0.7784098084879592,0.4264619524848428,-0.009804026727069676,0.029701486656707264,0.6666464051259314,1
2000-06-16,NEOG,0.550137996673584,0.6001499891281128,0.550137996673584,0.577921986579895,64109,0.029703292050352603,-0.03703741223174928,0.009708840990509948,0.05050367375877918,0.012658182898526304,0.00048091779343512845,0.024630255140058486,0.038130797399798064,0.04486115458458954,0.0395920485351779,0.03142695319541001,0.46154021521065114,0.6175514104396811,0.050503673758779184,0.08653761859882948,0.5555465507912407,0
2000-06-19,NEOG,0.5556939840316772,0.577921986579895,0.5556939840316772,0.577921986579895,57361,0.0,0.0,-0.009523908759011102,0.04000043762746697,0.012658182898526304,0.0014443182461132366,0.022615229128720306,0.04020749508529645,0.041532937872747096,0.03909861374465714,0.03138695870979576,-0.10525823207349982,0.5610591077594217,0.04000043762746704,0.038461943072561844,1.0,1
2000-06-20,NEOG,0.5668079853057861,0.6112639904022217,0.5556939840316772,0.5890359878540039,231692,0.01923097153628084,0.0,0.039216106908278814,0.07070588000759281,0.03213258358982982,0.016786657989162266,0.038706467387681506,0.06063603933975239,0.041532937872747096,0.038163677642305945,0.03145802636769433,3.039190390683565,2.1707045945668675,0.0392161069082787,0.09434059635812574,0.6,0
2000-06-21,NEOG,0.569586992263794,0.6001499891281128,0.569586992263794,0.577921986579895,111347,-0.018868119271625128,0.05583720636469369,-0.028037669857948644,0.029703292050352603,0.0019268025821894271,0.00048091779343512845,0.017612259102223228,0.04062383204570584,0.020232476419682975,0.03529876602190728,0.03160492555812389,-0.5194180204754588,1.0696902522029632,0.014633400041272136,0.0528842950675552,0.2727152168062376,0
2000-06-22,NEOG,0.5668079853057861,0.577921986579895,0.5668079853057861,0.5668079853057861,19120,-0.01923097153628095,0.00990109735011746,-0.01923097153628095,0.03030146750996554,-0.019230971536280922,-0.016867734145649984,-0.0034200301469459915,0.01999928885601442,0.022104704375462563,0.0346890236899408,0.03158455821819803,-0.8282845518963241,0.18579016206110474,0.0,0.01960805345413935,0.0,1
2000-06-23,NEOG,0.5668079853057861,0.5723649859428406,0.5668079853057861,0.5723649859428406,52862,0.009804026727069592,-0.00961548576814042,-0.046296765289686626,0.03000032822060028,-0.007707210328758094,-0.0024214212516692427,0.0048777433179208705,0.028559429013860615,0.01714171696943347,0.03211965301929925,0.03158062786576287,1.7647489539748955,0.5430407177810342,0.009804026727069676,0.009708840990509848,1.0,0
2000-06-26,NEOG,0.577921986579895,0.577921986579895,0.5556939840316772,0.5556939840316772,187828,-0.02912652297152951,-0.0384619430725619,-0.0384619430725619,0.02040649247040971,-0.029126522971529543,-0.02771063861455685,-0.025341660657901457,-0.0017976212178020638,0.02090714659562286,0.031309714288111856,0.03197806995846943,2.553176194619954,1.7985984897089156,-0.038461943072561844,0.04000043762746704,0.0,1
2000-06-27,NEOG,0.5556939840316772,0.577921986579895,0.5556939840316772,0.5612509846687317,47238,0.010000109406866686,-0.04717029817906282,-0.04717029817906282,0.046631664195019074,-0.009804026727069676,-0.013190263095040185,-0.017749008574948936,0.007581079958803871,0.018169702469265216,0.030696363003933403,0.03177811418607331,-0.7485039504227271,0.5045021568273546,0.01000010940686676,0.03960438940047019,0.25,0
2000-06-28,NEOG,0.5612509846687317,0.5612509846687317,0.5529159903526306,0.5556939840316772,466758,-0.009901097350117571,-0.0384619430725619,0.015227655839602061,0.041665162957561064,-0.011857835703009538,-0.02439050423994662,-0.0293622460385455,-0.0031905884201112854,0.017439813865015537,0.02037355018436755,0.03185766461464678,8.880985647148481,4.0389253138279875,-0.009901097350117547,0.014999252386410466,0.33329281025186286,0
2000-06-29,NEOG,0.5556939840316772,0.5556939840316772,0.5529159903526306,0.5529159903526306,266558,-0.004999142979543736,-0.02450917297091526,-0.014850743328353677,0.015305334517295544,-0.011915986915319633,-0.02784512121173592,-0.0349171273396739,-0.008074922114387333,0.01620302050942315,0.018641436074648125,0.03159908338132484,-0.4289160550006642,2.1380211445589374,-0.004999142979543705,0.005024259973517718,0.0,1
2000-06-30,NEOG,0.5445809960365295,0.577921986579895,0.5445809960365295,0.5556939840316772,361035,0.005024259973517742,-0.02912652297152951,-0.0384619430725619,-0.02912652297152951,-0.0009991938984365977,-0.019127316028650993,-0.028655077281846124,-0.0032899243889993007,0.015234788359875443,0.015432658496039477,0.029381216154087567,0.3544331815214701,2.6783488726802256,0.020406492470409793,0.059998832993421215,0.33331307240837443,0
2000-07-03,NEOG,0.550137996673584,0.5668079853057861,0.550137996673584,0.550137996673584,129343,-0.00999828595908736,-0.00999828595908736,-0.04807567552626768,-0.05714171593803874,-0.009007825048745501,-0.024148553652283515,-0.035556494339689104,-0.013451979365310555,0.009065517951098492,0.0154824336329146,0.029036270986815774,-0.6417438752475522,0.9647671249838234,0.0,0.030301467509965565,0.0,1
2000-07-05,NEOG,0.550137996673584,0.5834789872169495,0.550137996673584,0.577921986579895,94476,0.05050367375877918,0.029703292050352603,-0.018868119271625128,0.019608053454139407,0.03482568650126275,0.027160509835474623,0.01216540003437285,0.03513451604381737,0.025550053878281107,0.022462233564454825,0.030643364994106793,-0.269570057908043,0.7148905258617754,0.050503673758779184,0.0576911612944081,0.8333282681020936,0
2000-07-06,NEOG,0.5445809960365295,0.577921986579895,0.5445809960365295,0.577921986579895,169833,0.0,0.04000043762746697,0.0,-0.028037669857948644,0.0266532379004035,0.027160509835474623,0.013645189527509816,0.03389966531686296,0.02435301336743806,0.021635176782477734,0.02852277305934637,0.7976311444176298,1.2397401869322613,0.06122319872713484,0.0576911612944081,1.0,0
2000-07-07,NEOG,0.5556939840316772,0.5723649859428406,0.5556939840316772,0.5723649859428406,258685,-0.00961548576814042,0.03517531764238924,0.009804026727069592,-0.00961548576814042,0.009803665683176152,0.016280118546334172,0.004387971588492573,0.02334780429001124,0.02505155750440709,0.02087560237134148,0.027895271541596472,0.5231727638327062,1.7658324041185123,0.030000328220600284,0.029126522971529543,1.0,1
2000-07-10,NEOG,0.5668079853057861,0.577921986579895,0.5668079853057861,0.577921986579895,73107,0.009708840990509948,0.04000043762746697,0.009708840990509948,-0.03703741223174928,0.011672917087374493,0.02513552943109437,0.01612114420332249,0.03205288480782959,0.025038242541135795,0.02087124893789886,0.026509260703892118,-0.7173898757175716,0.4990421151898721,0.01960805345413935,0.019230971536280922,1.0,0
2000-07-11,NEOG,0.5668079853057861,0.577921986579895,0.5668079853057861,0.577921986579895,41615,0.0,0.05050367375877918,0.04000043762746697,0.0,0.0019268025821894271,0.021109427256947186,0.01612114420332249,0.03041683616713639,0.023586693042506608,0.01801153719734118,0.025158793214652645,-0.43076586373397896,0.28483720166186405,0.01960805345413935,0.019230971536280922,1.0,0
2000-07-12,NEOG,0.577921986579895,0.577921986579895,0.5445809960365295,0.5445809960365295,124844,-0.0576911612944081,-0.0576911612944081,-0.029701486656707243,-0.07547075685381177,-0.04483334835274043,-0.03495716291959046,-0.03874336769386334,-0.029413768849638755,0.02669966197619059,0.026333571584947674,0.02784901257429659,1.9999759702030517,0.8323971055058198,-0.0576911612944081,0.06122319872713484,0.0,1
2000-07-13,NEOG,0.5556939840316772,0.577921986579895,0.5556939840316772,0.5612509846687317,77606,0.030610669034591087,-0.02884645730442137,0.010000109406866686,0.025380043470874858,-0.009804380760327693,-0.006395005318970825,-0.010531805781931658,-0.0006931556884618706,0.03281135930239503,0.02815528652397734,0.023919613091043377,-0.37837621351446604,0.5390651346638275,0.01000010940686676,0.03960438940047019,0.25,0
2000-07-14,NEOG,0.5612509846687317,0.5612509846687317,0.5612509846687317,0.5612509846687317,109098,0.0,-0.019417681981019674,0.01507461252980824,0.0,-0.005905932230319744,-0.007858986052328482,-0.010531805781931658,-0.0016808799990228305,0.032784103960827024,0.028074206851910744,0.023251433682161916,0.4057933664922815,0.7410252622248485,0.0,0.0,0.5,1
2000-07-17,NEOG,0.5612509846687317,0.5640299916267395,0.5612509846687317,0.5640299916267395,57361,0.004951451371881355,-0.02403783776313384,0.015001075834189859,-0.02403783776313384,0.003956880130121193,-0.004413526647954434,-0.0044133485803648075,0.0021726143508154663,0.032372291897573666,0.028073302810930366,0.02223831750285029,-0.4742250087077673,0.3905074840857018,0.004951451371881461,0.004927055297170948,1.0,1
2000-07-18,NEOG,0.577921986579895,0.5890359878540039,0.5668079853057861,0.577921986579895,291302,0.024629886990741534,0.0,0.05050367375877918,0.0,0.028684224631303577,0.015129221932684017,0.020107838133591644,0.02564082275918507,0.034982783293577256,0.028580943813305514,0.022965510716195212,4.078398214814944,1.8368777958122249,0.0,0.038461943072561844,0.5,1
2000-07-19,NEOG,0.577921986579895,0.5890359878540039,0.5445809960365295,0.5890359878540039,691702,0.01923097153628084,0.08163155185549731,0.01923097153628084,0.0,0.03213258358982982,0.0326352407283602,0.039725502932675814,0.0435125215464766,0.01300374573253113,0.024507021586180972,0.022965510716195212,1.3745185408957026,3.809227478565241,0.019230971536280922,0.0754707568538118,1.0,1
2000-07-20,NEOG,0.6001499891281128,0.6057069897651672,0.5890359878540039,0.5918149948120117,312672,0.0047178899342505964,0.0544569381224691,0.02403959107756859,0.02403959107756859,0.026012352728233858,0.0349863139353315,0.04335150925366078,0.047301555511899386,0.010608257357953569,0.024505749546330113,0.02253353694194056,-0.5479671881821941,1.6314557389520545,-0.013888185398803397,0.028169279347946944,0.16669705713049665,1
2000-07-21,NEOG,0.6057069897651672,0.6057069897651672,0.577921986579895,0.6057069897651672,149588,0.023473543379157302,0.07920877880094035,0.05825304594305902,0.06862818708948781,0.03415559444018059,0.053140287265517255,0.06419366632271922,0.06915184715108591,0.009853031266537245,0.024895761127305686,0.022495873445035258,-0.5215817214205302,0.7548257088223043,0.0,0.045872020060465986,1.0,1
2000-07-24,NEOG,0.6112639904022217,0.6334919929504395,0.6001499891281128,0.6334919929504395,197951,0.04587202006046609,0.12315302795045002,0.09615485768140464,0.10679725089560832,0.05653422230310967,0.09090966197534768,0.10706561601752743,0.1168813660638032,0.01477109407405798,0.02794060401423948,0.02438836045365342,0.32330801935984166,0.9635934381541158,0.036363998038869236,0.05263208405687794,1.0,0
2000-07-25,NEOG,0.6112639904022217,0.627934992313385,0.6001499891281128,0.6001499891281128,201325,-0.052632084056877915,0.0384619430725619,0.0384619430725619,0.08000087525493416,-0.006439973896472873,0.029551904529906376,0.04474017519364361,0.0564415283605579,0.03703643238184065,0.03420136412211127,0.026603953779225822,0.017044622153967293,0.9768086486077353,-0.018181999019434618,0.046296765289686626,0.0,1
2000-07-26,NEOG,0.6223779916763306,0.627934992313385,0.5890359878540039,0.6112639904022217,158585,0.018518706115874695,0.037736238543250256,0.12244825811222237,0.08910987615105803,0.00456608838376222,0.03675797653889682,0.05947537935556494,0.07306642131465152,0.03698440546903083,0.026465041123407675,0.026769473570882434,-0.21229355519682103,0.7492008870319296,-0.017857317293907066,0.06363699656802116,0.5714285714285714,0
2000-07-27,NEOG,0.6001499891281128,0.6223779916763306,0.5890359878540039,0.5890359878540039,205824,-0.03636399803886925,-0.004695735968789583,0.049505486750587746,0.06000065644120056,-0.031078921408611827,-0.00562874568301225,0.018007080107312275,0.03283636729507441,0.042102293182863154,0.029513361232921732,0.028143722756939025,0.2978781095311662,1.0362415701911385,-0.01851870611587465,0.05660435781487544,0.0,0
2000-07-28,NEOG,0.5890359878540039,0.5890359878540039,0.577921986579895,0.5807009935379028,43864,-0.01415022933737442,-0.04128398161123947,0.03465474342223418,0.05025176278145249,-0.03686605275772238,-0.022907532637793205,0.0011981847573889488,0.017329335281163687,0.040123220330490386,0.03012537201628341,0.028359262658338106,-0.7868858830845771,0.2339528126180058,-0.014150229337374464,0.019138939657046525,0.250045585695745,1
2000-07-31,NEOG,0.5807009935379028,0.6001499891281128,0.5668079853057861,0.6001499891281128,169833,0.033492271937951346,-0.052632084056877915,0.06403914337462502,0.08000087525493416,0.006523660615303352,0.0037173398226692978,0.030780250853306435,0.04956283720614454,0.03617463167625544,0.03156170878780534,0.029177319737673534,2.8718083166149917,0.9544895849901113,0.03349227193795133,0.055556118347623945,1.0,0
2000-08-01,NEOG,0.6001499891281128,0.6223779916763306,0.5556939840316772,0.6001499891281128,260935,0.0,0.0,0.0384619430725619,0.09090808625640645,0.006523660615303352,-1.6883759193764964e-07,0.026372111747608413,0.047933380799713876,0.02732579389022794,0.03096051192263481,0.029005258760238566,0.5364210724653042,1.4142028927382375,0.0,0.11111223669524789,0.6666666666666666,0
2000-08-02,NEOG,0.6168209910392761,0.6168209910392761,0.6001499891281128,0.6001499891281128,14621,0.0,-0.018181999019434625,0.018868119271625128,0.0384619430725619,0.01028992362817812,-0.0018486157399312403,0.024424978636459756,0.046106316427117745,0.025428095828474204,0.030518334109911015,0.026938259076564622,-0.9439668883055167,0.08099489495619679,-0.027027293417940447,0.027778059173811973,0.0,0
2000-08-03,NEOG,0.577921986579895,0.5834789872169495,0.577921986579895,0.577921986579895,31492,-0.03703741223174928,-0.018868119271625128,-0.02347525553408758,0.0,-0.023474586748967186,-0.03659146657405053,-0.013517071597799774,0.006776131358826834,0.025647153611140713,0.032912262930381776,0.02833694098620091,1.1538882429382396,0.1814050074740568,0.0,0.009615485768140461,0.0,0
2000-08-04,NEOG,0.5723649859428406,0.577921986579895,0.5723649859428406,0.577921986579895,11247,0.0,-0.004785607376141754,-0.04587202006046598,0.009708840990509948,-0.02255662291564273,-0.03210836624267901,-0.013984714616421805,0.005802485533039421,0.02495490222606432,0.03171830414875282,0.02823972810527275,-0.6428616791566112,0.06975809502780524,0.009708840990509848,0.009615485768140461,1.0,0
2000-08-07,NEOG,0.577921986579895,0.577921986579895,0.5668079853057861,0.5668079853057861,14621,-0.01923097153628095,-0.05555611834762397,-0.10526416811375594,-0.01923097153628095,-0.03041856729693235,-0.0400004942612493,-0.03202901166662133,-0.013921539052973398,0.016646125440178024,0.026552724691662102,0.02850301213127247,0.29999110874010837,0.09236009381930876,-0.019230971536280922,0.01960805345413935,0.0,1
2000-08-08,NEOG,0.5668079853057861,0.5945929884910583,0.5612509846687317,0.577921986579895,141715,0.019608053454139407,-0.03703741223174928,-0.03703741223174928,0.0,-0.003831457776169029,-0.01747782786514873,-0.01304898478532434,0.004248542021045753,0.021548085573720364,0.023545870828079202,0.02885902776386349,8.692565487996717,0.8677705433799545,0.01960805345413935,0.057692914608842766,0.5,0
2000-08-09,NEOG,0.577921986579895,0.577921986579895,0.5556939840316772,0.5556939840316772,68608,-0.0384619430725619,-0.07407482446349856,-0.09090999509717312,0.02040649247040971,-0.02723764396426869,-0.0462571225877092,-0.051908696438753524,-0.03502905720339663,0.024883356910199172,0.02449635512320009,0.027087777782120948,-0.5158734078961296,0.4274708328790168,-0.038461943072561844,0.04000043762746704,0.0,1
2000-08-10,NEOG,0.577921986579895,0.6001499891281128,0.577921986579895,0.577921986579895,41615,0.04000043762746697,0.0,-0.018868119271625128,0.029703292050352603,0.01167327598468647,-0.006211331639355537,-0.015384902222623516,0.0020231439941081845,0.03095532351289092,0.026879345828005916,0.02769595517222952,-0.39343808302238803,0.2622277099357616,0.0,0.038461943072561844,0.0,0
2000-08-11,NEOG,0.577921986579895,0.5834789872169495,0.577921986579895,0.577921986579895,152962,0.0,0.0,-0.004785607376141754,0.029703292050352603,0.01167327598468647,-0.005736197664679459,-0.016781203552843536,0.0008659852023374711,0.03095532351289092,0.026513934990996493,0.02769595517222952,2.6756458007929833,0.950717301728529,0.0,0.009615485768140461,0.0,0
2000-08-14,NEOG,0.5890359878540039,0.5890359878540039,0.5556939840316772,0.577921986579895,123719,0.0,0.019608053454139407,-0.03703741223174928,0.024629886990741534,0.007752020166178227,-0.0019194059495098565,-0.017941724105999843,0.0006733793400749328,0.029044778089299183,0.023762897484926125,0.027688722319208672,-0.19117820112184725,0.7534237607488747,-0.018868119271625145,0.057692914608842766,0.6666666666666666,1
2000-08-15,NEOG,0.577921986579895,0.5807009935379028,0.5612509846687317,0.5807009935379028,42739,0.004808619541287529,0.004808619541287529,-0.032406891514678016,0.004808619541287529,0.011617477593959792,0.0062598829643428985,-0.013452320396020217,0.005581975965435661,0.02781376334536891,0.023890178643969185,0.027170279018472646,-0.6545478059150172,0.2815835194019801,0.004808619541287564,0.03349401686171151,1.0,0
2000-08-16,NEOG,0.5751439929008484,0.6001499891281128,0.5612509846687317,0.5668079853057861,77606,-0.023924547033188248,0.020000218813733595,-0.05555611834762397,-0.037736238543250256,-0.016393788535039054,-0.012106753048275591,-0.03523340497715435,-0.018476117314275776,0.022958164290206733,0.024735860794065007,0.027325342403074836,0.8158122557851144,0.640968779139731,-0.014493774946719017,0.06862818708948773,0.14285714285714285,1
2000-08-17,NEOG,0.577921986579895,0.5945929884910583,0.577921986579895,0.577921986579895,102349,0.019608053454139407,0.0,0.0,-0.02347525553408758,0.0028928146371893964,0.007263910544937107,-0.015151757157953277,0.0013478068141969612,0.015651949521577033,0.023125418750780342,0.027705751263658075,0.3188284410999149,0.9257330525203747,0.0,0.028846457304421383,0.0,0
2000-08-18,NEOG,0.5556939840316772,0.5945929884910583,0.5556939840316772,0.5556939840316772,95601,-0.0384619430725619,-0.0384619430725619,-0.0384619430725619,-0.08256963610883883,-0.028183173511838806,-0.02771063861455685,-0.04897824303920627,-0.036423756212871895,0.02329679267375255,0.026168205629507994,0.028302299668659492,-0.06593127436516233,0.8863384776276044,0.0,0.07000076584806733,0.0,0
2000-08-21,NEOG,0.5556939840316772,0.5668079853057861,0.5334669947624207,0.550137996673584,206948,-0.00999828595908736,-0.04807567552626768,-0.029410292487691225,-0.13157861062874798,-0.028458311465239153,-0.03461610856967589,-0.05172309900732602,-0.044400455052450945,0.02290786730316512,0.02571459070020979,0.02577356919629212,1.1647053901109823,1.9106928278850286,-0.00999828595908741,0.060604776883185996,0.5000151956937192,0
2000-08-22,NEOG,0.550137996673584,0.5556939840316772,0.5390239953994751,0.5445809960365295,95601,-0.010101103124406818,-0.06220068142352109,-0.0576911612944081,-0.09259184220316807,-0.025844105211254433,-0.03874353962129054,-0.056784461799034715,-0.05295612456847714,0.021491013171413137,0.024542673819127534,0.023433652766574088,-0.5380433732145273,0.927946575684851,-0.010101103124406811,0.030610669034591056,0.33335359487406857,0
2000-08-23,NEOG,0.5390239953994751,0.5668079853057861,0.5390239953994751,0.5445809960365295,17996,0.0,-0.03921431921476093,-0.019998395365954158,-0.109090336438457,-0.018035519254302444,-0.036854245167448216,-0.051305986315356364,-0.051489563127794,0.020990016956288875,0.021676122487663072,0.022830830948779923,-0.8117592912208031,0.18746848787642664,0.010309375249493494,0.05101902216295358,0.20000729397732003,0
2000-08-24,NEOG,0.550137996673584,0.550137996673584,0.4890109896659851,0.5223529934883118,562359,-0.040816706256725066,-0.09615310436697,-0.09615310436697,-0.11320699539706214,-0.038854809538780635,-0.06699719615678133,-0.08471228881490851,-0.08941144730293954,0.01852109390168392,0.019291514386132618,0.02316677201721763,30.24911091353634,4.9407076252256275,-0.05050551562203406,0.11702241160596825,0.5454545454545454,1
2000-08-25,NEOG,0.5334669947624207,0.550137996673584,0.5223529934883118,0.550137996673584,44989,0.05319200527544021,-0.00999828595908736,-0.04807567552626768,-0.05263121159499784,0.014344396290837124,-0.012468133029240543,-0.03343815189636146,-0.040603695303520995,0.03422520499520093,0.02778469047643297,0.026528914989580127,-0.9199995020974147,0.39506383158087,0.03125029678469191,0.05050551562203406,1.0,1
2000-08-28,NEOG,0.5390239953994751,0.5612509846687317,0.5390239953994751,0.5612509846687317,480255,0.020200364385558833,0.020200364385558833,-0.02884645730442137,-0.06481547140556132,0.03061105255752132,0.010504353680456808,-0.010532070916728779,-0.020654092177959535,0.03501592055249605,0.02886704616387666,0.025738022315176266,9.674942763786703,3.711430313549806,0.0412356211578002,0.039602584006824815,1.0,0
2000-08-29,NEOG,0.5612509846687317,0.569586992263794,0.5612509846687317,0.5612509846687317,57361,0.0,0.030610669034591087,-0.033494016861711495,-0.06481547140556132,0.02433990426614567,0.014055451050339831,-0.007127624329132221,-0.020083981006409256,0.03424621470664285,0.028770749680027935,0.025738022315176266,-0.8805613684396831,0.48113490834606887,0.0,0.014852548721999008,0.0,0
2000-08-30,NEOG,0.5612509846687317,0.5668079853057861,0.550137996673584,0.550137996673584,322794,-0.019800389306589672,0.010204176564181155,-0.029410292487691225,-0.08333248914523073,0.0020250499097233554,-0.0030204434740138974,-0.022462603434389612,-0.038180280371069804,0.03627279127396304,0.02846590379928865,0.02599483946536199,4.62741235334112,2.397658451364622,-0.019800389306589717,0.030301467509965565,0.0,1
2000-08-31,NEOG,0.550137996673584,0.5723649859428406,0.550137996673584,0.5612509846687317,87728,0.020200364385558833,0.07446686754996135,-0.02884645730442137,-0.02884645730442137,0.00798338537802365,0.0202011160139381,-0.0012366926193144556,-0.018178842078005384,0.02715001038714927,0.02851785813500841,0.02531034793201049,-0.7282229533386618,0.6382973305204829,0.020200364385558753,0.039602584006824815,0.4999772061130523,0
2000-09-01,NEOG,0.5668079853057861,0.5668079853057861,0.5445809960365295,0.5445809960365295,149588,-0.029701486656707243,-0.010101103124406818,-0.019998395365954158,-0.0576911612944081,-0.019999110158132785,-0.008096691517645735,-0.028017999238387055,-0.046598974838706994,0.02276937083500048,0.027405241285755628,0.02609788038452936,0.7051340507021704,1.0362315276566472,-0.03921431921476088,0.04081484559877232,0.0,1
2000-09-05,NEOG,0.5473589897155762,0.5890359878540039,0.5445809960365295,0.577921986579895,161960,0.061223198727134776,0.029703292050352603,0.05050367375877918,0.019608053454139407,0.03379683472660679,0.04733068679294686,0.03046780155179425,0.011574460060850538,0.03614820081245369,0.03356610935828916,0.029398470621740738,0.08270716902425335,1.0674600336860227,0.05583720636469364,0.07692213283068902,0.7499943016581504,0
2000-09-06,NEOG,0.577921986579895,0.5945929884910583,0.5556939840316772,0.577921986579895,100100,0.0,0.029703292050352603,0.061223198727134776,0.0,0.027667542635933337,0.041040540416050604,0.03046780155179425,0.010787923134672885,0.03614820081245369,0.033196427758517104,0.029083817601230615,-0.38194615954556677,0.6689213526244638,0.0,0.06730840037698323,0.5714285714285714,0
2000-09-07,NEOG,0.5945929884910583,0.5945929884910583,0.5612509846687317,0.5612509846687317,210322,-0.02884645730442137,0.020200364385558833,0.030610669034591087,0.010000109406866686,-0.005905932230319744,0.00798338537802365,0.0002469113613070152,-0.018369727533856222,0.03796700015148849,0.035022271717439046,0.028480847049452515,1.101118881118881,1.3419417901915145,-0.05607533971589722,0.05940658410070528,0.0,1
2000-09-08,NEOG,0.569586992263794,0.6168209910392761,0.5556939840316772,0.6168209910392761,122594,0.09901097350117549,0.09901097350117549,0.18085087810084155,0.06730840037698327,0.07142894858930865,0.08930361251442347,0.09548511777405132,0.07652059518809619,0.05744069015259574,0.042457862340519126,0.03504680101067467,-0.4171128079801447,0.7625022118933155,0.08292675116710987,0.09910007586578164,1.0,0
2000-09-11,NEOG,0.5945929884910583,0.6112639904022217,0.5668079853057861,0.6057069897651672,119220,-0.018018195611960275,0.11224408154804122,0.10100918938081316,0.04807742884070221,0.03024605946033959,0.05928111007232663,0.07309876049478843,0.055179264668856726,0.05508560798056935,0.04178168157171137,0.03538042554193891,-0.027521738421129927,0.7493803092498056,0.01869177990529907,0.07339523209674557,0.875,0
2000-09-12,NEOG,0.5668079853057861,0.6112639904022217,0.5668079853057861,0.5723649859428406,47238,-0.05504642407255922,-0.00961548576814042,0.019802194700235143,-0.00961548576814042,-0.0246214672091014,-0.0009702957781756016,0.014527914527662512,-0.003483395769222861,0.05913622626805262,0.046351792997961654,0.03768620476749859,-0.6037745344740815,0.3042364334045653,0.009804026727069676,0.07767072792407878,0.125,1
2000-09-13,NEOG,0.5723649859428406,0.6112639904022217,0.5612509846687317,0.577921986579895,121470,0.009708840990509948,0.0,0.029703292050352603,-0.004785607376141754,-0.01515167212867777,0.0058024145842190625,0.024630163102704508,0.0052191093283543025,0.05931914733257713,0.046385918209159334,0.037733804410562344,1.5714467166264448,0.7629835817515833,0.009708840990509848,0.08653937191326415,0.3333333333333333,1
2000-09-14,NEOG,0.5918149948120117,0.6112639904022217,0.577921986579895,0.6001499891281128,155211,0.0384619430725619,0.06930768145082289,0.09090808625640645,0.058824160362418,0.009345889952649535,0.03547478360775874,0.060903722252232215,0.04307522780851372,0.05837989740213854,0.0467396945372349,0.038191148290362846,0.2777722894541863,0.9517230976391335,0.014083783596508331,0.055556118347623945,0.6666666666666666,0
2000-09-15,NEOG,0.5723649859428406,0.6001499891281128,0.5723649859428406,0.6001499891281128,124844,0.0,-0.027027293417940412,0.06930768145082289,0.0384619430725619,0.015037748610428423,0.028571547653649887,0.05882349786425186,0.04226991155762024,0.03465691209626663,0.0466718914008854,0.03800821707820349,-0.1956497928626193,0.7602752468729627,0.04854420495254924,0.046296765289686626,1.0,0
2000-09-18,NEOG,0.6057069897651672,0.6168209910392761,0.6001499891281128,0.6001499891281128,183329,0.0,-0.00917440401209324,0.10203990498385984,0.08000087525493416,0.016949327151835246,0.018868119271625145,0.05468742696310108,0.04126501323594336,0.033890398995748264,0.04494171934200902,0.036776443197963075,0.46846464387555664,1.0873906071549422,-0.009174404012093197,0.027778059173811973,0.0,1
2000-09-19,NEOG,0.6223779916763306,0.6501629948616028,0.6084849834442139,0.6334919929504395,572482,0.05555611834762386,0.10679725089560832,0.09615485768140464,0.15151470500284736,0.05166103800834546,0.06542122966854676,0.10518715098242187,0.09699832674868647,0.025041020782945452,0.04426374959640591,0.038307247381962006,2.1227029002503697,3.063497189654633,0.017857317293907066,0.06579090482782085,0.6000048624151044,0
2000-09-20,NEOG,0.6001499891281128,0.6446059942245483,0.5890359878540039,0.6112639904022217,119220,-0.03508805603791865,0.05769291460884274,0.05769291460884274,0.12244825811222237,0.0036496714684992626,0.022305059507432664,0.06024113325672877,0.05728589116034748,0.035715633553184856,0.0464867167861654,0.039314679148271005,-0.7917489108827875,0.6339702105257561,0.01851870611587465,0.0909099950971731,0.4,0
2000-09-21,NEOG,0.6001499891281128,0.6223779916763306,0.5890359878540039,0.5890359878540039,76481,-0.03636399803886925,-0.018518706115874695,0.049505486750587746,0.08163155185549731,-0.029304322899182573,-0.019426653597229247,0.01776267227109887,0.017274333113492465,0.03738133946638718,0.047178789002867635,0.04045598633371448,-0.35848850863949,0.4004717839428518,-0.01851870611587465,0.05660435781487544,0.0,1
2000-09-22,NEOG,0.6057069897651672,0.6223779916763306,0.5890359878540039,0.6223779916763306,42739,0.05660435781487538,0.03703741223174939,0.009009097805980248,0.1914892791559295,0.018181999019434618,0.035120502992805364,0.06615938335217639,0.07259188101267657,0.046131910088459904,0.03908308011212925,0.04055278850827233,-0.4411814699075587,0.25903012947263954,0.027523212036279592,0.0535719518817212,1.0,0
2000-09-25,NEOG,0.6112639904022217,0.6112639904022217,0.6112639904022217,0.6112639904022217,19120,-0.01785731729390705,0.018518706115874695,0.00917440401209313,0.11111029250522009,-0.003623224311710418,0.0156972961563434,0.041666918484154866,0.05162544899648441,0.047588067890687556,0.03907414793879692,0.03963136944871527,-0.552633426144739,0.1167970248523544,0.0,0.0,0.5,0
2000-09-26,NEOG,0.6112639904022217,0.6334919929504395,0.6001499891281128,0.6057069897651672,204699,-0.009090999509717257,-0.043860070047398336,0.05825304594305902,0.07920877880094035,-0.0036563436951308355,0.0009182828710148906,0.028302002015566017,0.040572908191873584,0.038110740168985004,0.03405162232256818,0.039620679337643475,9.706014644351464,1.3653426713356678,-0.009090999509717309,0.055046424072559184,0.16666666666666666,0
2000-09-27,NEOG,0.5890359878540039,0.5890359878540039,0.5723649859428406,0.5723649859428406,39365,-0.05504642407255922,-0.06363699656802113,-0.00961548576814042,0.019802194700235143,-0.046296765289686626,-0.053309359590642716,-0.029218187255977524,-0.01651913070824187,0.042412591927955705,0.03909278116179376,0.04180495475250839,-0.8076932471580223,0.2641499558463937,-0.02830217890743772,0.029126522971529543,0.0,1
2000-09-28,NEOG,0.6112639904022217,0.6223779916763306,0.5890359878540039,0.6223779916763306,155211,0.08737956891458865,0.05660435781487538,0.03703741223174939,0.13131249875403372,0.02564128253678489,0.02564128253678489,0.049180742304390714,0.06819305193061762,0.058099805100749476,0.04678368280189696,0.045589325959651955,2.942868029975867,1.1035574763742033,0.018181999019434618,0.0535719518817212,1.0,0
2000-09-29,NEOG,0.6223779916763306,0.6334919929504395,0.6168209910392761,0.6168209910392761,394776,-0.00892865864695358,-0.00892865864695358,0.02777805917381193,0.09901097350117549,0.018348808024186394,0.013698767006646542,0.03496530366528657,0.05774759214329746,0.052782660784706975,0.046966271371111985,0.045615892297728625,1.543479521425672,2.530640528800126,-0.008928658646953533,0.027027293417940447,0.0,1
2000-10-02,NEOG,0.6168209910392761,0.6223779916763306,0.6112639904022217,0.6223779916763306,110222,0.009009097805980248,0.018181999019434514,0.03703741223174939,0.1428566112405849,0.023766234018350155,0.01910847047998281,0.03751774938902285,0.06666706493049834,0.05196162126512583,0.04697346696639489,0.04484963702988039,-0.7207986301092265,0.7155871756276287,0.009009097805980148,0.017857317293907066,1.0,1
2000-10-03,NEOG,0.6057069897651672,0.627934992313385,0.6057069897651672,0.627934992313385,139465,0.008928658646953469,0.03669761604837274,-0.00877201400947969,0.08653937191326411,0.02540860071188567,0.029144188391571093,0.042435852649712336,0.07639600093227025,0.05139082455844475,0.0435443304338719,0.04304916519619979,0.26531001070566673,0.912099899676532,0.03669761604837279,0.035398572814563566,1.0,0
2000-10-04,NEOG,0.6223779916763306,0.6390489935874939,0.6168209910392761,0.6168209910392761,83229,-0.0176992864072818,0.0776707279240787,0.009090999509717257,0.06730840037698327,-0.007155705087183243,0.010009198822848122,0.02068986331846935,0.056740586892383864,0.04168529663428673,0.042319436892571734,0.04333871276473098,-0.40322661599684506,0.5473364949854286,-0.008928658646953533,0.03603639122392059,0.0,0
2000-10-05,NEOG,0.6334919929504395,0.6334919929504395,0.6112639904022217,0.6112639904022217,96726,-0.009009097805980137,-0.01785731729390705,0.037736238543250256,0.08910987615105803,-0.012567448379722432,-0.002719881919356657,0.007326080724795734,0.04722030758952151,0.011962246533205139,0.04042792769661864,0.04276742691048723,0.16216703312547298,0.6607777388006248,-0.03508805603791863,0.036363998038869236,0.0,1
2000-10-06,NEOG,0.6168209910392761,0.6223779916763306,0.6168209910392761,0.6223779916763306,133842,0.018181999019434514,0.009009097805980248,0.0,0.009009097805980248,0.00358426452857185,0.015412664209687241,0.02517187679139956,0.06504412409149953,0.014732478386745226,0.0365589395075656,0.036836292220653086,0.38372309410086225,0.9108339920289605,0.009009097805980148,0.008928658646953533,1.0,0
2000-10-09,NEOG,0.6223779916763306,0.627934992313385,0.6223779916763306,0.6223779916763306,21370,0.0,0.0,0.018181999019434514,0.02752321203627961,0.00358426452857185,0.013574795037062739,0.023766234018350155,0.06352711436037309,0.014183637151618342,0.03598962297231644,0.03656384513078413,-0.840334125311935,0.1504379207747588,0.0,0.008928658646953533,0.0,0
2000-10-10,NEOG,0.6168209910392761,0.6168209910392761,0.6057069897651672,0.6057069897651672,173207,-0.02678597594086063,-0.0353985728145636,0.0,0.05825304594305902,-0.01624564777671272,-0.013574795037062739,-0.006381102837632557,0.034842967965066696,0.01727070936781779,0.03703567324075848,0.03474465715123943,7.105147402901263,1.16755330622634,-0.018018195611960296,0.018348808024186394,0.0,0
2000-10-11,NEOG,0.6001499891281128,0.6001499891281128,0.5890359878540039,0.6001499891281128,197951,-0.00917440401209324,-0.027027293417940412,0.0485442049525493,0.0384619430725619,-0.01996390055933861,-0.027027293417940447,-0.017288616148555945,0.02534890048788155,0.016354611920327975,0.03185572672356163,0.0348206261074348,0.14285796763410263,1.300816267119743,0.0,0.01851870611587465,1.0,0
2000-10-12,NEOG,0.6168209910392761,0.6168209910392761,0.5918149948120117,0.5918149948120117,50612,-0.013888185398803432,-0.03181766944493525,-0.04910680852001148,-0.013888185398803432,-0.02739686335202393,-0.035762396974077494,-0.030274949890091732,0.011396715410271962,0.016767309663746777,0.013810062968619084,0.03392755389861798,-0.7443205641800243,0.3444293593839851,-0.04054011875492763,0.04225306294445528,0.0,1
2000-10-13,NEOG,0.5890359878540039,0.627934992313385,0.5890359878540039,0.5945929884910583,204699,0.004694023813859305,-0.04464329323476768,-0.03603639122392055,-0.009259353057937347,-0.01382518993297304,-0.02771503122465152,-0.025279272150209604,0.015565559990860612,0.012336806971605285,0.014042454623269472,0.03394497691030124,3.044475618430412,1.3561860972026454,0.009434059635812573,0.06542122966854676,0.14285714285714285,1
2000-10-16,NEOG,0.5890359878540039,0.6446059942245483,0.5890359878540039,0.627934992313385,265434,0.05607533971589729,0.008928658646953469,0.008928658646953469,0.046296765289686626,0.03955864143325704,0.025873980522613364,0.027039535568769153,0.07068453757661586,0.03216039764602775,0.02345902075875272,0.03618099134669272,0.29670394090835805,1.7120079978070528,0.06603841745068802,0.08849643203640892,0.7,0
2000-10-17,NEOG,0.6237670183181763,0.6446059942245483,0.6112639904022217,0.6112639904022217,146213,-0.0265489296109227,0.00917440401209313,-0.0265489296109227,-0.03508805603791865,0.0101009424475854,0.0013654288963922015,0.0015934184152679859,0.04068130696253783,0.032107145354033466,0.02479366572479841,0.034508273169449113,-0.44915496884347894,1.0933525662524337,-0.020044387645992756,0.054545997058303854,0.0,1
2000-10-18,NEOG,0.6501629948616028,0.6501629948616028,0.6334919929504395,0.6334919929504395,215946,0.03636399803886925,0.05555611834762386,0.027027293417940523,0.03636399803886925,0.035422523833487665,0.03495259922213734,0.03612846901458581,0.0764877457560636,0.03443708908855775,0.026895887712934455,0.034517217341138724,0.47692749618706953,1.5584415584415583,-0.02564126541024072,0.02631604202843897,0.0,1
2000-10-19,NEOG,0.6446059942245483,0.6668329834938049,0.6223779916763306,0.6446059942245483,420645,0.01754402801895938,0.08920186185770018,0.05454599705830376,0.09434059635812564,0.03571463458781413,0.04740444527150149,0.04953675106652796,0.09207370431906953,0.0314170790663033,0.026890285223292756,0.03342308599191487,0.9479175349392903,2.700362160328246,0.0,0.06896459576202527,0.5000113966836991,1
2000-10-20,NEOG,0.6390489935874939,0.6668329834938049,0.6223779916763306,0.655718982219696,435266,0.01723996998897981,0.10280308532356153,0.05357032380525517,0.05357032380525517,0.033274008256394566,0.059720634545107586,0.06474074749343751,0.10798035220031593,0.030616874492092036,0.02684309850906146,0.031319440425794674,0.03475852559759418,2.4815635584740927,0.02608561909881142,0.06779579823507366,0.7499943016581504,1
2000-10-23,NEOG,0.665444016456604,0.6668329834938049,0.655718982219696,0.6668329834938049,70857,0.01694933588240266,0.0619458887569162,0.07142764109916233,0.09090833741902249,0.0380617215581635,0.06999485957590754,0.0779242546790739,0.12338446045578094,0.023247765067180858,0.026988298821642435,0.031061392232770473,-0.8372098900442488,0.39810266775476266,0.002087278573180329,0.016666843946258003,1.0,0
2000-10-24,NEOG,0.6446059942245483,0.6668329834938049,0.6334919929504395,0.6334919929504395,68608,-0.04999901229941972,0.03636399803886925,0.04587202006046609,0.04587202006046609,-0.020618136805196318,0.011984383407032942,0.021734597820542826,0.0652219028984915,0.033257460305062256,0.030948503311308013,0.033291759784898844,-0.03173998334674066,0.40078933440509584,-0.017241541924348482,0.05263048454343112,0.0,1
2000-10-25,NEOG,0.6334919929504395,0.6612759828567505,0.6334919929504395,0.655718982219696,61860,0.03508645652447173,0.03508645652447173,0.09259184220316796,0.14563084452056207,0.006825386322375357,0.038274587437353305,0.050522117744661955,0.0998220600167305,0.032985209539133066,0.03185950414191791,0.031081327011253997,-0.0983558768656716,0.3590104752013775,0.0350864565244718,0.04237179441146958,0.79999270602268,0
2000-10-26,NEOG,0.6446059942245483,0.6668329834938049,0.6446059942245483,0.6446059942245483,40490,-0.01694779058786544,0.0,0.08920186185770018,0.0357146345878141,-0.010238079483563036,0.01221700468791877,0.030882535294320227,0.07836820714253544,0.0339175471171202,0.03212110221240702,0.02511015184889544,-0.34545748464274173,0.24307967358043933,0.0,0.034481511913328294,0.0,1
2000-10-27,NEOG,0.6668329834938049,0.6890609860420227,0.627934992313385,0.6890609860420227,359910,0.0689645957620253,0.050848007647208204,0.15887842503945881,0.11711662873377593,0.04729716202061998,0.06620780617738835,0.09564795461554607,0.14846684661795045,0.04603592539334378,0.03718444689174485,0.029048802651856623,7.888861447270932,2.1835542105812373,0.033333687892516006,0.08870912004428864,1.0,0
2000-10-30,NEOG,0.6876720190048218,0.7001749873161316,0.6668329834938049,0.6835039854049683,255311,-0.008064599142340034,0.025000265919387088,0.08849481836783868,0.09821361704002296,0.03361317239558686,0.048593064130205095,0.08155595741649774,0.13437198492631106,0.04655824641969793,0.03486194591566957,0.029204609596578626,-0.2906254341363118,1.4836585221991487,-0.006061077788049844,0.04878099401654828,0.5,1
2000-10-31,NEOG,0.7001749873161316,0.7001749873161316,0.6668329834938049,0.6946179866790771,96726,0.01626033133884941,0.09649055459082945,0.136363334967609,0.10619410477512048,0.03135315517483567,0.05218846691702671,0.09337393081149274,0.1473150687123307,0.03459573309298402,0.032555739160154515,0.029301111053337936,-0.6211444081923615,0.5691602758773274,-0.007936588335374849,0.04800049014240559,0.8333333333333334,0
2000-11-01,NEOG,0.6668329834938049,0.7001749873161316,0.6668329834938049,0.6946179866790771,128218,0.0,0.059322675588409535,0.09649055459082945,0.12612572653975596,0.01957575696598558,0.04253542337405485,0.08672007767404397,0.14165657943859433,0.034086908328868334,0.0317183488976726,0.028828227339229906,0.32557947191034464,0.7446112551181208,0.041667109865645015,0.04800049014240559,0.8333333333333334,1
2000-11-02,NEOG,0.7001749873161316,0.7557439804077148,0.6779469847679138,0.7557439804077148,796301,0.08799943983725078,0.1724122753727475,0.1724122753727475,0.23636267189634874,0.07424922278992915,0.11566812922521709,0.1691374250029635,0.23355928422031966,0.042935717168791285,0.040313894017528704,0.0338347573563104,5.210524263363959,3.8436468405919104,0.07936443617414406,0.10294093986409322,1.0,1
2000-11-03,NEOG,0.7668579816818237,0.8668829798698425,0.7557439804077148,0.8279849886894226,987503,0.09558926058892925,0.20161350803704847,0.2627131608827049,0.33035711378434884,0.1322193693219124,0.19200050181246286,0.2608423219048851,0.33812341122756,0.049634641549281364,0.047409088328338345,0.03874655320277641,0.24011272119462368,3.9522829818013427,0.07971098752019122,0.13422827826630557,0.6500059261944768,1
2000-11-06,NEOG,0.8613259792327881,0.922452986240387,0.8113139867782593,0.8557689785957336,1743314,0.033556151724790206,0.2520321707980977,0.2833333080076774,0.37499877894265055,0.11756130909302863,0.19937642942314834,0.2803983981425608,0.36949679552869874,0.042941896527316996,0.047402806135313634,0.03878624673945255,0.7653759026554856,5.189151893170946,-0.0064516812113391145,0.12987032977580026,0.3999945296666368,0
2000-11-07,NEOG,0.8668829798698425,0.8891109824180603,0.8279849886894226,0.8446559906005859,787303,-0.012985967326583192,0.21600074688366555,0.33333333333333326,0.3944960267472879,0.06145313997410988,0.14977377223571797,0.24157708856644958,0.33956175874058053,0.04959760268159372,0.04191551734053421,0.03808752313954051,-0.5483871522858188,2.147238703277861,-0.02564012650541812,0.07236791594312206,0.27273179369766093,0
2000-11-08,NEOG,0.833541989326477,0.8668829798698425,0.8113139867782593,0.833541989326477,591602,-0.013158021014219479,0.20000058350286376,0.27118782882390624,0.38888945168095734,0.012146117608387734,0.10782907158423927,0.20457780625949834,0.3106164196649761,0.05256597364112312,0.04398352500946508,0.03824410078073192,-0.24857138865214534,1.5312952886945181,0.0,0.0666660993724916,0.40000729384431716,0
2000-11-09,NEOG,0.833541989326477,0.8446559906005859,0.8001999855041504,0.8113139867782593,206948,-0.02666692600114673,0.0735302004530225,0.2586199849944899,0.37089123102730914,-0.02796275194176221,0.05491345663167194,0.15415031157782366,0.2652743816942485,0.0503756507381377,0.045109398922432,0.03889270947314895,-0.6501904996940511,0.5250385822730343,-0.026666926001146698,0.054795068026586166,0.25,0
2000-11-10,NEOG,0.7779719829559326,0.8224279880523682,0.7668579816818237,0.7779719829559326,199075,-0.04109630101993966,-0.06040327592490913,0.1290321157559886,0.3084109601262679,-0.05660409815703133,-2.60492336366991e-07,0.0924694155717707,0.20512998049782624,0.02801501787631601,0.0463692742146741,0.04092500593725001,-0.03804337321452733,0.5054249238022578,0.0,0.07142931569258341,0.2,0
2000-11-13,NEOG,0.7668579816818237,0.7890859842300415,0.6334919929504395,0.6723899841308594,556736,-0.13571439735388746,-0.21428562971023835,-0.01626033133884941,0.0707955319605571,-0.14668591504438505,-0.13447815014671502,-0.058732393784470704,0.037468436753049,0.05151451350876754,0.06619028773843637,0.05167985257349974,1.7966143413286448,1.3630736927874145,-0.12318838664726837,0.23140438577580094,0.2499967438364655,1
2000-11-14,NEOG,0.6723899841308594,0.7668579816818237,0.647383987903595,0.7668579816818237,240690,0.14049584285981753,-0.09210614709953635,0.10399960321805257,0.25454467091578326,-0.007194580584312228,-0.021970587406696756,0.06194648045588056,0.17636973300794395,0.0994625432274127,0.07976884256771,0.05929761947838486,-0.567676600758708,0.5825511305458866,0.14049584285981742,0.15579676632719666,1.0,0
2000-11-15,NEOG,0.7668579816818237,0.7668579816818237,0.7446309924125671,0.7446309924125671,85479,-0.028984492305224263,-0.10666648837421167,0.07200073521360828,0.17543868067614632,-0.013254116067397067,-0.056337443986149705,0.023291987070277402,0.13646062791817284,0.0996318875912754,0.0808055406084685,0.0597452934518801,-0.6448585317213013,0.21020696086312757,-0.028984492305224215,0.029849669830746984,0.0,0
2000-11-16,NEOG,0.7446309924125671,0.7654690146446228,0.7446309924125671,0.7446309924125671,47238,0.0,-0.08219135310422954,-0.014704699320466141,0.1551723053837677,0.004498343380003982,-0.05500657517756847,0.01630705858939107,0.1301346820447513,0.09979189007205082,0.0760047693482509,0.059754454236534686,-0.4473730389920332,0.12175628766785211,0.0,0.02798436063551628,0.0,0
2000-11-17,NEOG,0.7446309924125671,0.7557439804077148,0.7446309924125671,0.7446309924125671,44989,0.0,-0.042856286953529055,-0.10067090275246715,0.13559468705922173,0.013616144816625651,-0.04490331722081102,0.010177741879997931,0.1257671860470992,0.09859059641940666,0.06843525377067411,0.05975255927419237,-0.047609975020110884,0.12210078817688533,0.0,0.014924154525373944,0.0,1
2000-11-20,NEOG,0.7446309924125671,0.7557439804077148,0.7335169911384583,0.7557439804077148,35991,0.01492415452537399,0.12396674287853937,-0.11688317839255391,0.13333323203070968,0.00591640959732384,-0.01805124875542744,0.019107653630471923,0.13740827976763081,0.06634140044951972,0.06741032988422083,0.059738423985971914,-0.20000444553112984,0.09814444257196196,0.014924154525373944,0.029410739411070662,1.0,0
2000-11-21,NEOG,0.7446309924125671,0.7557439804077148,0.7224029898643494,0.7446309924125671,70857,-0.014704699320466141,-0.028984492305224263,-0.11842098949289026,0.17543868067614632,-0.0029759482029068506,-0.019750810821083296,-0.0033463926490684558,0.11490196668627145,0.016685127304861207,0.06742007676066301,0.05844334030701217,0.9687421855463867,0.19316187287715014,0.0,0.04477518513612003,0.6666869275916255,0
2000-11-22,NEOG,0.7529659867286682,0.7529659867286682,0.7001749873161316,0.7112889885902405,142839,-0.044776545916119126,-0.044776545916119126,-0.14666687737593165,0.08474667941201353,-0.039039150035253024,-0.048327080092077715,-0.051500466148559965,0.06074422780186169,0.022620956920804187,0.06829482323993157,0.05934093739034958,1.01587704813921,0.38513950754430054,-0.055350439293410034,0.07421877782357808,0.21052833622751177,0
2000-11-24,NEOG,0.7168459892272949,0.7224029898643494,0.705731987953186,0.7112889885902405,62984,0.0,-0.044776545916119126,-0.1232876541241692,0.10344767961072221,-0.03030305541936589,-0.035418179671334454,-0.055698893403118836,0.057239659599109385,0.022620956920804187,0.06825079583390632,0.059120584579082786,-0.5590560001120142,0.16931150936006303,-0.007752014687345136,0.02343773371805586,0.3333333333333333,0
2000-11-27,NEOG,0.7001749873161316,0.7224029898643494,0.7001749873161316,0.7001749873161316,100100,-0.015625155812037272,-0.05970206122149213,-0.09999973950759578,0.01612919828468007,-0.03374239134011121,-0.04036570088562003,-0.07113900564865851,0.03763473276155606,0.02215661622074978,0.06747306924497047,0.05742427816415632,0.5892925187349167,0.27882216159875123,0.0,0.031746353341499396,0.0,1
2000-11-28,NEOG,0.7168459892272949,0.7224029898643494,0.7112889885902405,0.7210140228271484,110222,0.029762610616662855,-0.0459546598860503,0.0723152334863244,0.054879032490141144,0.0046461218888098985,-0.01834644729024367,-0.04586762046292913,0.06470333785270262,0.0271104862784022,0.05109408767283836,0.05768547538141284,0.10111888111888101,0.31334811158026554,0.005814405970725088,0.015414403773355307,0.8750254743593869,0
2000-11-29,NEOG,0.7168459892272949,0.7224029898643494,0.7001749873161316,0.7112889885902405,39365,-0.013487995973747391,-0.044776545916119126,-0.07246321277078305,0.024000245071202686,0.00039070187547292123,-0.02420444500222334,-0.05977407377876079,0.04793487004830243,0.02705265061648328,0.021251292175618754,0.057742822118517556,-0.6428571428571428,0.11283000231879771,-0.007752014687345136,0.03125031162407448,0.5,0
2000-11-30,NEOG,0.7015640139579773,0.7112889885902405,0.6223779916763306,0.6612759828567505,201325,-0.07031320115416761,-0.07031320115416761,-0.11194136479029781,-0.048000490142405594,-0.05667920695606413,-0.08232190489987443,-0.12395384614667868,-0.027182371396974294,0.036349770899920135,0.028664900219752324,0.060015261590251626,4.114314746602312,0.571065008940043,-0.05742602285703896,0.1344536913767974,0.4374935894384784,1
2000-12-01,NEOG,0.6612759828567505,0.6946179866790771,0.655718982219696,0.6890609860420227,209198,0.04201725740172724,-0.031250311624074434,-0.07462757652686525,-0.08823489977348875,-0.010770034518279526,-0.03633210578789075,-0.08309480108658954,0.010718234311927423,0.04435204355681714,0.03323960605718555,0.05725327002574543,0.039105923258413,0.6472952731213019,0.04201725740172718,0.05645219399637992,0.8571428571428571,0
2000-12-04,NEOG,0.7001749873161316,0.7001749873161316,0.6668329834938049,0.6668329834938049,103474,-0.032258396569359915,-0.047619530012249056,-0.10447860713761126,-0.1946315541912147,-0.033427728685133315,-0.05716016948226233,-0.10305572945650271,-0.023159847972126904,0.045895534995800645,0.0340172376508308,0.05260819622576895,-0.5053776804749568,0.37089256485395616,-0.0476195300122491,0.050000531838774016,0.0,0
2000-12-05,NEOG,0.6668329834938049,0.7001749873161316,0.655718982219696,0.6668329834938049,129343,0.0,-0.07514561106716855,-0.11764697995469775,-0.22077920540186147,-0.018003461371593622,-0.04515665408978995,-0.0915118343756613,-0.024747612060186393,0.04133845923562833,0.0330953964008708,0.05169151542575018,0.2500048321317432,0.6522990056377621,0.0,0.06666737578503201,0.25,0
2000-12-06,NEOG,0.7001749873161316,0.7029539942741394,0.655718982219696,0.6668329834938049,174331,0.0,-0.06250062324814898,-0.10447860713761126,-0.2105271365924266,-0.004975177034107625,-0.034399910099667155,-0.08037216597612244,-0.026488204510246707,0.04188267750208285,0.03328497122555415,0.05174848435855674,0.34781936401660696,1.0399172509071561,-0.0476195300122491,0.07083484654127369,0.2352915938985857,0
2000-12-07,NEOG,0.655718982219696,0.6835039854049683,0.6334919929504395,0.6612759828567505,78730,-0.00833342197312903,0.0,-0.07031320115416761,-0.20666746087851173,-0.013267138757620388,-0.035461399611855245,-0.07707274508102795,-0.037100604317516966,0.026809949717330167,0.031029885525283858,0.05174658522779998,-0.5483878369308959,0.5544534095046539,0.008474667941201362,0.07562953101437936,0.5555465507912407,1
2000-12-08,NEOG,0.655718982219696,0.6890609860420227,0.655718982219696,0.6890609860420227,88853,0.04201725740172724,0.0,-0.031250311624074434,-0.15068518813746223,0.02819266985994343,0.008335072181693933,-0.030018689793226482,0.0014130700033162876,0.026809949717330167,0.034685934327072586,0.05286592300716819,0.12857868665057803,0.6528942593170228,0.05084800764720817,0.048387594854039935,1.0,1
2000-12-11,NEOG,0.655718982219696,0.7224029898643494,0.655718982219696,0.7224029898643494,204699,0.048387594854039984,0.08333421973129007,0.031746353341499445,-0.07142801323056247,0.06035951910977864,0.05369858701024753,0.020909337025705372,0.046657007978087625,0.02659469516358667,0.037787671762186496,0.05359255144435656,1.3037939067898665,1.5010322855509721,0.10169601529441634,0.09230859863574906,1.0,0
2000-12-12,NEOG,0.7335169911384583,0.7529659867286682,0.7001749873161316,0.7001749873161316,70857,-0.030769532878582972,0.050000531838773954,-0.028902399747102625,0.04132274995319496,0.017770780958122626,0.02439049700827414,-0.012442444517449037,0.01217009439463769,0.03389927136097084,0.038010572995908785,0.04415149809510883,-0.65384784488444,0.6322103674041875,-0.045454984990297306,0.07539686559625886,0.0,1
2000-12-13,NEOG,0.7001749873161316,0.7557439804077148,0.6779469847679138,0.7224029898643494,83229,0.031746353341499445,0.08333421973129007,0.015625155812037272,-0.057970305948930156,0.03338666625376364,0.055195377040183506,0.022113296828553182,0.04145831976720802,0.03446537353190234,0.03920069869824301,0.031076928790545414,0.17460519073627156,0.7987033270428573,0.031746353341499396,0.10769196242447655,0.5714360140880789,0
2000-12-14,NEOG,0.7112889885902405,0.7112889885902405,0.7001749873161316,0.7001749873161316,106848,-0.030769532878582972,0.058824160362418,0.058824160362418,-0.05970206122149213,-0.00943405693101699,0.01694932715183514,-0.0062111911589364166,0.006992967404331066,0.03960240590462374,0.032487266542141235,0.031159388475557312,0.2837832966874527,1.0149553164326097,-0.01562515581203724,0.015873176670749698,0.0,0
2000-12-15,NEOG,0.7001749873161316,0.7001749873161316,0.6668329834938049,0.6668329834938049,188953,-0.047619530012249056,-0.032258396569359915,-0.032258396569359915,-0.10447860713761126,-0.05063342269362693,-0.0283403738756154,-0.04828040347034109,-0.042490037420238436,0.04284230443908349,0.03384550945163414,0.0327293420305536,0.7684280473195568,1.6816847018071925,-0.0476195300122491,0.050000531838774016,0.0,1
2000-12-18,NEOG,0.6779469847679138,0.6946179866790771,0.6612759828567505,0.6946179866790771,154086,0.041667109865644925,-0.0384619160982288,0.041667109865644925,-0.06716481887417869,-0.00318982513150834,0.00806459914233999,-0.005074121502245088,-0.004658298402505318,0.04077249084977559,0.03474793284309688,0.034349731298776144,-0.1845273692399697,1.3078729049639177,0.024590421206564444,0.04800049014240559,1.0,0
2000-12-19,NEOG,0.7001749873161316,0.705731987953186,0.6668329834938049,0.6779469847679138,77606,-0.024000245071202797,-0.031746353341499445,0.01666684394625806,-0.10294093986409325,-0.020866987436692835,-0.01771354758102197,-0.02351201599412187,-0.030091355610455502,0.03989503300794063,0.03591277800859468,0.03438896171908157,-0.49634619627999943,0.6472833092636512,-0.031746353341499396,0.057377649481983706,0.2857142857142857,1
2000-12-20,NEOG,0.6668329834938049,0.7279599905014038,0.6668329834938049,0.705731987953186,510622,0.04098403534427408,-0.023077149658937257,0.05833395381190298,-0.052239303568805684,0.024193797427019968,0.01681362258526129,0.019364078415049314,0.006777989308558142,0.04221467677100632,0.03791257239472555,0.03577585892747184,5.579671674870499,3.5988897910393898,0.05833395381190302,0.08661504374328242,0.6363636363636364,0
2000-12-21,NEOG,0.6723899841308594,0.6890609860420227,0.6723899841308594,0.6890609860420227,58485,-0.023622284657258796,-0.015873176670749722,0.04201725740172724,-0.031250311624074434,0.0032362793752857485,-0.011164387960279111,-0.003115317181301181,-0.019491721145592167,0.04118791299157433,0.03886593429422487,0.034744591173157514,-0.8854632193677515,0.4248341087636336,0.024793649971916965,0.024193797427019968,1.0,1
2000-12-22,NEOG,0.7112889885902405,0.7112889885902405,0.6890609860420227,0.7112889885902405,89978,0.032258396569359915,0.06666737578503201,0.032258396569359915,0.0,0.02236444525532206,0.0174882537519714,0.02904258425098502,0.008708153379359335,0.034223380329255745,0.037939139598418006,0.03553377688476651,0.5384799521244763,0.6472529622659967,0.0,0.03125031162407448,1.0,0
2000-12-26,NEOG,0.7224029898643494,0.7335169911384583,0.7001749873161316,0.7001749873161316,111347,-0.015625155812037272,0.008000081690400895,-0.030769532878582972,0.0,0.004784737697262431,0.004784737697262431,0.01296363353484192,-0.01001767318034855,0.03193151226207032,0.034860489564761545,0.03553377688476651,0.23749138678343584,0.7977429034970166,-0.030769532878583018,0.0476195300122491,0.0,0
2000-12-27,NEOG,0.7112889885902405,0.7112889885902405,0.6890609860420227,0.7001749873161316,132717,0.0,0.032787228275419356,0.0,-0.028902399747102625,-0.0015848020827301718,0.004784737697262431,0.01449290256629082,-0.012035898808270112,0.02868501891338809,0.033423724934089995,0.03486520748095025,0.19192254842968381,0.9432468410253423,-0.01562515581203724,0.031746353341499396,0.5,1
2000-12-28,NEOG,0.7279599905014038,0.7335169911384583,0.7029539942741394,0.7112889885902405,80980,0.01587317667074961,0.007874094885752969,-0.015384766439291542,0.0,0.012658355673406693,0.02236444525532206,0.030596127639947214,0.0008211574136251423,0.022797665178741926,0.032126786106906696,0.03492475425251088,-0.38982948680274565,0.5671541545022326,-0.02290098649471201,0.0429684661995036,0.2727152168062376,1
2000-12-29,NEOG,0.705731987953186,0.7224029898643494,0.7001749873161316,0.7224029898643494,119220,0.015625155812037272,0.048387594854039984,0.031746353341499445,0.09243796628379974,0.01880896557800865,0.03503220314558848,0.04208459893194572,0.01392226042664358,0.0181488512490064,0.030681195770462334,0.030784419068245677,0.4722153618177327,0.8596905921495727,0.023622284657258845,0.030769532878583018,1.0,1
2001-01-02,NEOG,0.7335169911384583,0.7335169911384583,0.7112889885902405,0.7335169911384583,44989,0.01538476643929143,0.031250311624074545,0.10000106367754813,0.06451679313871983,0.028037661894525567,0.041009876537737494,0.05473487705608194,0.02695813065892182,0.013977910813308226,0.02493613261544746,0.029648449398253323,-0.6226388189901023,0.344829568470579,0.0,0.03030332332686487,1.0,0
2001-01-03,NEOG,0.7168459892272949,0.7446309924125671,0.7029539942741394,0.7335169911384583,177706,0.0,0.047619530012249056,0.05600057183280649,0.10000106367754813,0.018518700904785686,0.035294470979172037,0.04970229375731172,0.024725850344379834,0.008561385361835263,0.022379927102462588,0.028451331042427738,2.949987774789393,1.324395518074929,0.023256044062035408,0.056818040538833006,0.7333300916444515,1
2001-01-04,NEOG,0.7557439804077148,0.7779719829559326,0.7446309924125671,0.7668579816818237,206948,0.04545360359222017,0.09523761284489374,0.13114741847306455,0.15000007597696774,0.04545389242981947,0.06893822727538064,0.08961659674678805,0.06831769950306844,0.016534895096724525,0.022913624740513176,0.029800843399052958,0.16455268814783963,1.4989801476468065,0.014706040090604514,0.04347739912707716,0.6666565362041872,1
2001-01-05,NEOG,0.7779719829559326,0.794642984867096,0.7557439804077148,0.7779719829559326,199075,0.014492906821852891,0.09374951030502587,0.10236179773041343,0.1666669199232258,0.0416662709535294,0.07361925443358668,0.09674861845298025,0.07945534736759381,0.01660042493104075,0.02069572372085934,0.02978679407348596,-0.03804337321452733,1.429146769047872,0.0,0.05000052098480839,0.5714285714285714,0
2001-01-08,NEOG,0.7779719829559326,0.7779719829559326,0.7557439804077148,0.7557439804077148,197951,-0.028571726277033416,0.046152896667310594,0.09677371918662869,0.1428571428571428,0.0029493447647785404,0.03343401872455671,0.0583651447645478,0.0457108200346662,0.026887812734056774,0.021626961942445896,0.030706090902818187,-0.005646113273891751,1.362759706989211,-0.028571726277033364,0.029412080181209027,0.0,1
2001-01-09,NEOG,0.7835289835929871,0.8113139867782593,0.7668579816818237,0.7890859842300415,771557,0.0441181202718135,0.07575692691908498,0.10937466611706315,0.14516131404066868,0.031976809674557016,0.06766903686193942,0.09737234901714353,0.08749748232107858,0.031220949630082994,0.023276578419200285,0.030834985566492563,2.8977171118104987,4.300939865707988,0.007092271956006021,0.0563386069261057,0.5,0
2001-01-10,NEOG,0.7863079905509949,0.7890859842300415,0.7613009810447693,0.7779719829559326,395901,-0.014084651731526399,0.060605265255652574,0.11111078951564335,0.07692242954589346,0.005747186664253544,0.04166641227961529,0.07775185550202608,0.0695592945546924,0.033477638885737876,0.023087506260294394,0.029587461316181733,-0.48688042490703864,2.0952380952380953,-0.010601453495621874,0.03571465784629171,0.6,0
2001-01-11,NEOG,0.7849180102348328,0.8057569861412048,0.7779719829559326,0.7779719829559326,260935,0.0,0.014492906821852891,0.11111078951564335,0.11111078951564335,0.002865359454304736,0.03092761356798963,0.07197525395466409,0.06678831154433741,0.027929660201242573,0.023087506260294394,0.028455748119203785,-0.3409084594380919,1.3148211460790051,-0.008849366670567318,0.03571465784629171,0.0,0
2001-01-12,NEOG,0.8001999855041504,0.8224279880523682,0.7779719829559326,0.7779719829559326,214821,0.0,0.0,0.09374951030502587,0.07692242954589346,0.002865359454304736,0.021897635345317776,0.06788689901246261,0.06435522638074913,0.027206167292902206,0.02324729027855745,0.02780227123724574,-0.1767260045605228,1.0477220491498453,-0.027778059173811973,0.05714345255406673,0.0,1
2001-01-16,NEOG,0.8224279880523682,0.8224279880523682,0.7890859842300415,0.794642984867096,152962,0.021428794707774923,0.05147114031711575,0.09999957920483071,0.134920554521768,0.014184543912012041,0.03398417835319412,0.08374386959452808,0.0841957253127498,0.02277227637733013,0.023495474104970628,0.026790418609559368,-0.28795601919737823,0.7377281828399896,-0.03378411677242556,0.041958469976178185,0.16666666666666666,1
2001-01-17,NEOG,0.8224279880523682,0.833541989326477,0.8001999855041504,0.8113139867782593,147338,0.02097923498808907,0.028169303463052797,0.10606025024594978,0.21666745176199975,0.02961948665160087,0.04509697013791915,0.09568502585478386,0.10526532756701999,0.015307320224730026,0.023708281290080867,0.023682582038762983,-0.03676730168277087,0.7178073595984044,-0.013513646708970223,0.04109630101993963,0.3333333333333333,1
2001-01-18,NEOG,0.8099250197410583,0.833541989326477,0.7890859842300415,0.833541989326477,413897,0.027397534013293035,0.07142931569258337,0.1363635735728146,0.20000058350286376,0.04311587548643815,0.06007129066099315,0.11524212959396439,0.1353749674352833,0.012994066611076561,0.023957007263207413,0.02288355630830547,1.8091666779785256,1.89642007452403,0.02915945181316821,0.053333852002293396,1.0,1
2001-01-19,NEOG,0.8321520090103149,0.8946679830551147,0.794642984867096,0.8835539817810059,1439640,0.059999367872204834,0.13571439735388746,0.15217420029097428,0.3032788722904032,0.07723556645818642,0.10724230004078551,0.16611642776021285,0.2025864812024077,0.021679520900026637,0.026450076378999036,0.024105730692243157,2.4782566677216797,5.027493120826726,0.06176993171214439,0.11320756880795835,0.888887763304752,0
2001-01-22,NEOG,0.8946679830551147,0.9446809887886048,0.8668829798698425,0.8779969811439514,978505,-0.006289373090541672,0.12857146578462908,0.12857146578462908,0.24409406988959148,0.044973276977321903,0.08665738443488648,0.14575756057827588,0.19393935368795934,0.02365485222105266,0.027261335450797373,0.023591962604534594,-0.3203127170681559,3.1590398117693246,-0.018633730307678103,0.08860851527917384,0.14285714285714265,1
2001-01-23,NEOG,0.8891109824180603,0.9002249836921692,0.8668829798698425,0.8835539817810059,425144,0.006329179662798223,0.11188797813244422,0.1691181202718135,0.2822580289389971,0.02979257630863855,0.07650635171438688,0.1385605317555431,0.19986399058757806,0.025097254263089994,0.02337654841125533,0.02217022960425234,-0.5655167832560897,1.2958524971992398,-0.006250064105542158,0.03773623854325029,0.5,0
2001-01-24,NEOG,0.8877220153808594,0.8891109824180603,0.8668829798698425,0.8668829798698425,280055,-0.018868119271625128,0.06849258609758291,0.09859127800338796,0.21874933223412607,-0.0025578041742414367,0.04627740762227418,0.10599044383565727,0.17545076353560635,0.03100741598554612,0.02344038134142102,0.022741239029261076,-0.34127025196168825,0.8295851348581272,-0.023474730996815792,0.025641295381707896,0.0,0
2001-01-25,NEOG,0.8668829798698425,0.8779969811439514,0.8224279880523682,0.8668829798698425,226068,0.0,0.039999173371344954,0.11428560264611254,0.23809475570203653,-0.010152389980554458,0.035168967070144816,0.09435254502463795,0.17262335878878005,0.030399562670289954,0.022245874070546595,0.0220663679067856,-0.19277284819053397,0.6584751942390847,0.0,0.06410206957797997,0.7999963530778414,0
2001-01-26,NEOG,0.8224279880523682,0.8668829798698425,0.8224279880523682,0.8446559906005859,274431,-0.025640126505418137,-0.04402446481199951,0.08571517883110014,0.20634984954014168,-0.026887946674879867,0.0006589347773765332,0.056656880649802954,0.13725702056527397,0.0132055700755043,0.024977046365750367,0.02343896709640506,0.21393120653962527,0.7831797472732712,0.027027293417940447,0.052630884421792826,0.5000113966836991,1
2001-01-29,NEOG,0.852990984916687,0.9002249836921692,0.8224279880523682,0.8779969811439514,808673,0.03947286340757339,0.0,0.12857146578462908,0.23437448804616334,0.011523572486285825,0.027976388640226706,0.08703112724487604,0.17862045625091175,0.02555020885712995,0.026548230148151223,0.024343663061206187,1.9467261351669456,2.09072449499833,0.02931566296648115,0.08860736119894001,0.7142819929559606,1
2001-01-30,NEOG,0.8891109824180603,1.066933035850525,0.8779969811439514,1.066933035850525,2596976,0.21518986826174125,0.20754708580439707,0.3426570877347763,0.47692223152463753,0.1793610618357253,0.21059248592618127,0.2933645907031625,0.4199605120417699,0.100056517493904,0.06960187462364373,0.05180723375056382,2.211404362455529,5.085343305946245,0.1999998391076589,0.1770833298417456,1.0,1
2001-01-31,NEOG,1.089161038398743,1.155845046043396,1.066933035850525,1.144731044769287,3214446,0.07291742434120452,0.320513923276198,0.4109593368592501,0.5606060372134016,0.1921301310962018,0.25151945177173923,0.3539277970314371,0.5074465097848123,0.0943472269390566,0.07063022584356529,0.053070282472507245,0.237765000523686,4.803764528941842,0.05102092749502116,0.07767065512824518,0.875,0
2001-02-01,NEOG,1.172515034675598,1.172515034675598,1.0447059869766235,1.089161038398743,1446388,-0.048544159455153,0.2564106848219285,0.3066660736297311,0.4848477288962396,0.08407065654514864,0.15839248144666704,0.26166730553521295,0.4213713581878741,0.10410787102015984,0.07568521511317115,0.05527630203277442,-0.5500350604738733,1.9743605371413617,-0.07108991681280807,0.11734632730424881,0.34782397821180305,0
2001-02-02,NEOG,1.1113890409469604,1.1113890409469604,1.000249981880188,1.02108895778656,592727,-0.0624995553570854,0.2088814489559505,0.15566109014451035,0.3315228923446467,-0.018166900926479455,0.07033687293011136,0.16564963046960746,0.32337116365734575,0.11187812664271245,0.07998386223887734,0.057996292750648416,-0.5902019375160745,0.7883323613182786,-0.08124975128732607,0.10884365972156958,0.1875036200716077,1
2001-02-05,NEOG,1.0224779844284058,1.0447059869766235,1.0113639831542969,1.028035044670105,238440,0.006802626578787052,0.17088676470238817,0.17088676470238817,0.3214293923079965,-0.03921044730736624,0.06093221491811692,0.15706400300449747,0.32265725141680196,0.11310534858995734,0.07966304077645028,0.05803153505739478,-0.59772374128393,0.3162993873722338,0.00543489476187184,0.03243275022110366,0.5000017876743429,1
2001-02-06,NEOG,1.0447059869766235,1.1002750396728516,1.0224779844284058,1.0780470371246338,469008,0.04864813968533288,0.010416774905886328,0.2201258319854804,0.42647121918594744,0.00544146976185569,0.09065334397592975,0.1917375525527651,0.37403484867452175,0.05901815470791398,0.08006673493754092,0.05751100518775357,0.9669854051333668,0.6111684768586112,0.0319142903014265,0.07216480595498509,0.7142822118603942,1
2001-02-07,NEOG,1.098886013031006,1.1225030422210691,1.0780470371246338,1.1225030422210691,458885,0.041237537477964104,-0.019417663782061445,0.29487262789448976,0.422535775130213,0.051262135792259744,0.1070011349531474,0.21842752722854153,0.4158551955963683,0.05083051738892373,0.0788422077382213,0.05744933289379891,-0.021583853580322776,0.6104126039890284,0.02149179160531972,0.039604351546764026,1.0,0
2001-02-08,NEOG,1.1322280168533323,1.144731044769287,1.0558199882507324,1.089161038398743,425144,-0.02970326366007281,0.0,0.2564106848219285,0.40000033710781757,0.02003621939697103,0.05107905563626328,0.16260096968383575,0.36044978039509384,0.047164356503906386,0.08058628179602582,0.058029166719589236,-0.07352822602612852,0.564432247691474,-0.0380373721666775,0.08163260838752502,0.37499329614931065,0
2001-02-09,NEOG,1.066933035850525,1.089161038398743,0.9002249836921692,0.9724649786949158,705199,-0.10714307213503593,-0.04761972864445396,0.1513148423933539,0.25,-0.08088264082880274,-0.07297078123437642,0.027371837209038,0.20710440459039053,0.06354691178841738,0.08994375164233806,0.0644155968659539,0.6587297480383116,0.9094209867502514,-0.08854169285357466,0.19428571603692396,0.38235155865268056,0
2001-02-12,NEOG,0.9766330122947692,1.0447059869766235,0.9557949900627136,0.9669079780578612,185579,-0.005714345255406816,-0.059460100051218934,0.1012657205245362,0.24285706843074162,-0.07545187237132972,-0.08601479913497767,0.011407054856157183,0.19263821733448913,0.06306112175000898,0.08985993678093049,0.0644893248030596,-0.7368416574612273,0.23977381705681158,-0.00995771606578944,0.09195393867004513,0.12499002801540958,1
2001-02-13,NEOG,0.9780219793319702,1.0780470371246338,0.9780219793319702,1.066933035850525,938015,0.10344837364314108,-0.010309384369491137,0.0,0.3426570877347763,0.022364081125790886,0.008535483428408519,0.10036509375658365,0.3029755634323814,0.07873336761878377,0.06561795549825648,0.06759978732240872,4.054532032180365,1.1534466537608954,0.09090905766686823,0.09375008030651782,0.8888878295162149,0
2001-02-14,NEOG,1.087772011756897,1.1058319807052612,1.0558199882507324,1.0613759756088257,382404,-0.005208443318346911,-0.05445603647656294,-0.07281629125141886,0.3082185108425981,0.02909471380860663,0.011250500239201155,0.08069842726722873,0.28450818381973914,0.07538302796804533,0.06069519638021377,0.06777004453420718,-0.5923263487257666,0.46353056287828137,-0.024266147559209736,0.04711995900024114,0.1110931015824814,1
2001-02-15,NEOG,1.0558199882507324,1.0724899768829346,1.0113639831542969,1.066933035850525,524119,0.005235713233957107,-0.02040837099800874,-0.02040837099800874,0.2799991476285839,0.03896108569614013,0.018702550918506915,0.07360013998656363,0.27884880212951063,0.07458350135329084,0.05884813872272637,0.06774802688815895,0.37058974278511725,0.631094352108984,0.010525513556723263,0.0572913122705119,0.9090903772120399,0
2001-02-16,NEOG,1.0613759756088257,1.089161038398743,1.0224779844284058,1.028035044670105,124844,-0.03645776245873922,0.057143513846397154,0.006802626578787052,0.16352262099239745,-0.00963546501954545,-0.019087614667991644,0.026993663730871347,0.22164673085185954,0.05330643504321342,0.05632109239339638,0.0677706010731381,-0.7618021861447496,0.1632475866375069,-0.031412931614167826,0.06486457277508048,0.08333541898322752,1
2001-02-20,NEOG,1.0558199882507324,1.1113890409469604,1.0224779844284058,1.0780470371246338,437516,0.04864813968533288,0.11494274697164797,0.04864813968533288,0.22784822758733747,0.01677148092689281,0.023746673710043704,0.06630012904578057,0.26867855451316075,0.05425907953918399,0.058230272018385605,0.06820207777653416,2.504501618019288,0.5930787462516252,0.021051930368098853,0.08247419032447618,0.6249959776895849,0
2001-02-21,NEOG,1.066933035850525,1.089161038398743,1.0224779844284058,1.0447059869766235,188953,-0.030927268477020653,-0.020832655965313363,-0.030927268477020653,0.1823906728039173,-0.010525880563114463,-0.004763929101009724,0.025152120433100656,0.21844575562055704,0.03404716016998153,0.05722860422342057,0.06888224226014614,-0.5681232229221331,0.26030402531500835,-0.020832655965313394,0.06382949346669078,0.333338100533091,0
2001-02-22,NEOG,1.0238670110702517,1.0447059869766235,1.016921043395996,1.039149045944214,132717,-0.005319143473554,-0.020941617462051365,-0.07425725645422265,0.19871893908937555,-0.011627626152882624,-0.002133984045788221,0.011152837225548952,0.20214770285871358,0.034048388192226525,0.055209300510369985,0.0686439596602992,-0.29761898461522174,0.18470714932474316,0.014925800625208189,0.026738169744823164,0.8000017161710588,0
2001-02-23,NEOG,1.039149045944214,1.039149045944214,0.911338984966278,1.028035044670105,331792,-0.010695290841565952,-0.03645776245873922,-0.056122089914732776,0.1858982913985212,-0.014909419532877532,-0.006977648737151377,-0.007443891991916387,0.18093942159240173,0.03373965575386291,0.05463882786437954,0.06877751676826097,1.4999962325851248,0.45839476726579026,-0.010695290841565912,0.12432461484710397,0.9130428294214825,1
2001-02-26,NEOG,1.0335919857025146,1.066933035850525,1.028035044670105,1.0502630472183228,325044,0.021621833480735875,0.021621833480735875,0.08000089486802375,0.24342106005966002,0.002121116334154079,0.006926421086542056,0.004051216903585689,0.19684705836337507,0.03092119825909168,0.04127818653684394,0.06827374321796173,-0.020338043111346904,0.4475073052562118,0.01612924804605279,0.03703642747732895,0.5714434569414649,1
2001-02-27,NEOG,1.0447059869766235,1.066933035850525,1.0335919857025146,1.0558199882507324,176581,0.005290999285490816,-0.020617884107529627,0.09195498662805601,0.20253259512930621,0.011714669061952706,0.003698216662875442,0.000856433969056165,0.19410552852297314,0.01945793988666615,0.041003992878090346,0.06800480848113395,-0.45674739419893917,0.25416888662552845,0.010638401055088023,0.03157834717947444,0.66668573573842,1
2001-02-28,NEOG,1.0780470371246338,1.194743037223816,1.066933035850525,1.1891859769821167,1610597,0.12631508232037092,0.1382972738804895,0.11458351838748304,0.11458351838748304,0.10880781064762006,0.11749318144339013,0.12078537684678976,0.33022520672485517,0.05663076251142761,0.047017976337790604,0.05579013396605308,8.121009621646722,2.4954250713372796,0.1030928484845268,0.10747688237767797,0.9565209280808247,1
2001-03-01,NEOG,1.2002999782562256,1.2447559833526611,1.1113890409469604,1.2002999782562256,970632,0.009345889952649511,0.15507970963451445,0.1308904722171711,0.04854322221875096,0.08651884762970051,0.11340183887390358,0.12830549491471338,0.3268220693414776,0.05486190998389394,0.04665511389475318,0.05359868506847918,-0.39734644979470346,1.820290411702885,0.0,0.11111134284902163,0.6666639851335806,0
2001-03-02,NEOG,1.2002999782562256,1.2114139795303345,1.144731044769287,1.144731044769287,424019,-0.04629587144346037,0.11351364012754028,0.07291742434120452,0.05102092749502107,0.014778502534521063,0.054247880533811875,0.07326640356921918,0.2529275799730084,0.06320114750058946,0.0503454525976984,0.053485540649612036,-0.5631516372837491,0.8795053833584918,-0.046295871443460354,0.058252054109781626,0.0,1
2001-03-05,NEOG,1.166957974433899,1.2225279808044434,1.1502879858016968,1.172515034675598,403774,0.024271194559863263,0.11640130325547116,0.1405399463321373,0.14829861368522468,0.017357439906130968,0.06565613309746612,0.09156722568009028,0.26959268511977674,0.0631951316724271,0.04797325414601562,0.051296285595794064,-0.04774550197043059,0.8542532725740597,0.004762005456447369,0.06161114601207085,0.3076834220857306,0
2001-03-06,NEOG,1.2002999782562256,1.2002999782562256,1.144731044769287,1.155845046043396,331792,-0.014217292008382731,0.09473684804772797,0.07216569058643763,0.12432455686790811,-0.01421761272592296,0.04312965135208906,0.06968420815901635,0.239460750355243,0.0651930748317585,0.04707178108278871,0.051540531283028004,-0.17827299429879095,0.695098806760177,-0.03703651838552303,0.04807645598963112,0.20000386145113333,1
2001-03-07,NEOG,1.1891859769821167,1.2892110347747805,1.183629035949707,1.2780970335006714,2018870,0.10576849195812144,0.07476631766562769,0.22340356945735618,0.18556703880900294,0.07376256494755981,0.12966561020037265,0.1719742713647884,0.3534584616729423,0.05693127003928662,0.05388590735402584,0.0554009359848327,5.084745864879201,3.6387588275773313,0.07476631766562764,0.08260875039815042,0.8947358318862422,0
2001-03-08,NEOG,1.2725399732589722,1.2780970335006714,1.194743037223816,1.2780970335006714,954886,0.0,0.0648146768755824,0.22994582778001704,0.13861342502175522,0.05990759492744869,0.10630077748666453,0.1636729350287329,0.3374034894643211,0.05734700602316932,0.05361614403635252,0.05494166490040478,-0.5270195703537127,1.647423583415348,0.004366904269001153,0.06521726761899388,1.0,0
2001-03-09,NEOG,1.25586998462677,1.2725399732589722,1.1336170434951782,1.155845046043396,578105,-0.09565156967967503,0.009708831891030556,0.12432455686790811,0.06122511299402533,-0.043237864778274154,-0.010465877633457936,0.04918079440653673,0.1980537670809459,0.07253627801974578,0.06493350815593316,0.05913692776991059,-0.3945821804906554,0.9843907055658545,-0.07964593453764267,0.1201916556543152,0.16000240267039653,0
2001-03-12,NEOG,1.155845046043396,1.155845046043396,0.9669079780578612,1.000249981880188,1203449,-0.1346158507109838,-0.14691926986085158,-0.0476195610905259,0.028571726277033305,-0.14772740546526347,-0.13999056651994807,-0.09319908908208334,0.030367175699127346,0.09328895615946685,0.07987756890099412,0.06211365505398413,1.0817135295491305,1.965827616646226,-0.1346158507109838,0.18888984894594685,0.17647147898409998,0
2001-03-13,NEOG,0.9391239881515504,0.9557949900627136,0.8057569861412048,0.8557689785957336,2016621,-0.14444489467809918,-0.25961617301113216,-0.18947454289669252,-0.11494268532705898,-0.23153730861266472,-0.2513373342357486,-0.22025365441615288,-0.12108029897668467,0.10589593421918636,0.09154565391394595,0.07036482044616031,0.6757012553087003,2.865591027323437,-0.08875825834231103,0.17532535961716245,0.3333288310119894,0
2001-03-14,NEOG,0.8418769836425781,0.8557689785957336,0.7779719829559326,0.8446559906005859,1078605,-0.012985967326583192,-0.33912999681479794,-0.2897191802209689,-0.20833270484754163,-0.17748881215148782,-0.2380949144800552,-0.22250608549401982,-0.13466695025815756,0.06753077327474936,0.07672108269671796,0.0656954162135251,-0.4651424338038729,1.5175247549826525,0.003300965594740205,0.09210494746445129,0.8571540211321182,1
2001-03-15,NEOG,0.8446559906005859,0.9835789799690248,0.833541989326477,0.8835539817810059,744564,0.04605187391468313,-0.30869569475411685,-0.26388902958690597,-0.167539117065296,-0.06799557800796464,-0.1795667989900258,-0.1799899636065607,-0.09759092547712189,0.08227991005754273,0.07968059066553285,0.06686188804330917,-0.30969724783400776,1.0215263543493114,0.04605187391468308,0.1698107798010414,0.3333310821574578,1
2001-03-16,NEOG,0.921064019203186,0.9557949900627136,0.8891109824180603,0.922452986240387,251937,0.04402561163379204,-0.20192331195426205,-0.19417491955387545,-0.13541623021820026,0.023428103868748103,-0.12539500135681894,-0.13811001109939627,-0.06148388371066298,0.09361504424356308,0.08235139668306021,0.06779021713714062,-0.6616315051493222,0.35222894343060873,0.0015080027101726603,0.0722898712881133,0.5,0
2001-03-19,NEOG,0.911338984966278,0.9669079780578612,0.8891109824180603,0.911338984966278,267683,-0.012048311881352358,-0.08888877633047532,-0.22274857207402898,-0.11351369810673584,0.03144662887561406,-0.11399242033546385,-0.1438267107700917,-0.0755093641514233,0.07742129667245477,0.08106195672373949,0.06741299168209544,0.06249975192210755,0.3705432748872744,0.0,0.08536559603304979,0.2857180070440384,0
2001-03-20,NEOG,0.9002249836921692,0.9335669875144958,0.8891109824180603,0.911338984966278,148463,0.0,0.06493575691623166,-0.21153878879707388,-0.15463894098999553,0.01863349957182648,-0.09241831264952519,-0.13706923871890925,-0.07800413078783365,0.029693025271809354,0.0813341749409655,0.06628951165115657,-0.4453775547942903,0.20970706862110572,0.012345804077249643,0.04878097593737915,0.4999999999999975,0
2001-03-21,NEOG,0.8891109824180603,0.8946679830551147,0.8168709874153137,0.8168709874153137,334041,-0.10365846200956697,-0.0328950525355487,-0.36086935028874345,-0.2180852817936496,-0.08124990312942507,-0.14733169101651838,-0.21808507435079674,-0.17459769194408623,0.06086439035259979,0.07162317521721626,0.06962689952904424,1.2499949482362607,0.4670539476175203,-0.08124969371796524,0.09523779989537988,0.0,1
2001-03-22,NEOG,0.8224279880523682,0.8696619868278503,0.7890859842300415,0.8279849886894226,474631,0.01360557719068356,-0.06289258408362464,-0.35217360889916527,-0.2032086331397428,-0.0569618982216026,-0.09312216342865672,-0.1993550406270769,-0.1640247816257077,0.055540638409272966,0.07261789314634756,0.06982021392467905,0.42087647923458493,0.6481335696103382,0.006756823354485112,0.09731577709560736,0.4827616561415137,1
2001-03-23,NEOG,0.8446559906005859,0.8668829798698425,0.8113139867782593,0.8613259792327881,104599,0.04026762682755791,-0.06626571534743719,-0.25480843458972635,-0.16216282343839128,-0.005135308023336671,-0.02515771595624201,-0.16034718431849848,-0.13182333033506077,0.0546171996576044,0.07374962167374752,0.07067656873270571,-0.7796203787784616,0.14508603399720074,0.019735831886244108,0.06451563569588417,0.8999981765389207,1
2001-03-26,NEOG,0.8543800115585327,1.0113639831542969,0.8446559906005859,0.9891359806060792,476881,0.14838749144329277,0.08536559603305016,-0.011111223669524661,-0.058201673165729106,0.12232016056498848,0.1209066448202551,-0.0328717011620955,-0.007222895730754493,0.09031339570586143,0.08149356219066646,0.07856296474819299,3.5591353645828354,0.6545739300639021,0.15772369112630452,0.16853900355698612,0.8666650458222265,0
2001-03-27,NEOG,1.0058070421218872,1.0113639831542969,0.8779969811439514,0.9335669875144958,355411,-0.056179326382945094,0.02439048796868959,0.09091005968272436,-0.11578962521706337,0.05395263553784235,0.04868939862206827,-0.08171605832836147,-0.065913927433264,0.09665233309139695,0.06744921114860662,0.0795401998224058,-0.25471763395899605,0.4819275964842341,-0.07182297556297787,0.1428574529669459,0.41666983236403404,0
2001-03-28,NEOG,0.9557949900627136,1.000249981880188,0.8946679830551147,0.9335669875144958,260935,0.0,0.14285732006277208,0.10526296847867078,-0.21495291267756422,0.02689513531298532,0.03831918388157425,-0.07002467098451601,-0.0685035109163249,0.07535516663161679,0.06706543702607493,0.07350941732921863,-0.2658218231849886,0.38945818841307595,-0.0232560358437946,0.11309525747710078,0.3684245883981456,1
2001-03-29,NEOG,0.922452986240387,0.9710760116577148,0.8779969811439514,0.9710760116577148,410522,0.04017818179612598,0.1728183782592292,0.09905679978974025,-0.1909722325676646,0.035555507756633596,0.06962495740970268,-0.021488181639139858,-0.03415693205497963,0.07491470727878399,0.06675953236506617,0.07424329243871304,0.5732730373464656,0.6394529255467457,0.05271057294258349,0.09585143634108424,1.0,1
2001-03-30,NEOG,0.9446809887886048,1.0502630472183228,0.9446809887886048,1.0502630472183228,1131467,0.08154566131793173,0.21935605396905267,0.1385545527895653,-0.08252418590604726,0.07661668257310342,0.14078812853007291,0.06336637659498404,0.04011935874767286,0.0779191322423277,0.06977932205245974,0.07623803164231563,1.7561665391866939,1.67040273012148,0.11176477528685023,0.10052915668065975,1.0,1
2001-04-02,NEOG,1.0224779844284058,1.0558199882507324,1.000249981880188,1.0558199882507324,114721,0.005290999285490816,0.06741642094931533,0.1585370599391187,-0.09952541585716357,0.06771583269794174,0.1291045237962094,0.07534530139007482,0.04206705047287943,0.05109931137655935,0.06924007777134875,0.0760183607291304,-0.8986086204900364,0.1730568962579563,0.032609018805393436,0.05263208405687794,1.0,0
2001-04-03,NEOG,1.0558199882507324,1.0613759756088257,0.9780219793319702,0.9946929812431335,237316,-0.05789529246256575,0.06547574469334871,0.09146321802522239,-0.1394235891323896,-0.006383903039351352,0.054336374615948924,0.02147068502239837,-0.020519976772063558,0.051692209998916445,0.07312569341769734,0.07699581400104456,1.0686360823214582,0.3605610486468591,-0.05789529246256574,0.08379871764318923,0.20000243126666134,0
2001-04-04,NEOG,0.9946929812431335,0.9946929812431335,0.9446809887886048,0.9557949900627136,686078,-0.03910552493474573,0.02380975639187599,0.17006847444413897,-0.2521733757218586,-0.04946092420715989,-0.001595913254687132,-0.0019579340987645973,-0.060160188871265965,0.056993233098416085,0.06416444313415878,0.07276261565095118,1.8909892295504727,1.1598054757387741,-0.03910552493474573,0.05232502050596353,0.22222672460437792,1
2001-04-05,NEOG,0.9557949900627136,0.9780219793319702,0.9446809887886048,0.9780219793319702,155211,0.02325497570122037,0.007152856821576625,0.18120738019663118,-0.23478268574554484,-0.028698067519207136,0.005857586014766369,0.037506047934799405,-0.040401607027995355,0.05492111731815331,0.06417009515757517,0.0731469334326768,-0.7737706208331997,0.28140263469927224,0.02325497570122039,0.034090226240251424,1.0,0
2001-04-06,NEOG,0.9780219793319702,0.9891359806060792,0.9557949900627136,0.9669079780578612,76481,-0.011363754096508472,-0.07936589731613608,0.12258076659793615,-0.16346228123941897,-0.023569464569191293,-0.016254923084372007,0.036099268688852326,-0.053164710034998966,0.032805596990241284,0.06430771098416788,0.07037017197012396,-0.5072449761936977,0.14526835546519454,-0.01136375409650847,0.03448207202751037,0.33331307240837,1
2001-04-09,NEOG,0.9780219793319702,1.0509289503097534,0.9664639830589294,1.0100300312042236,272182,0.04459788741528192,-0.043369094690443366,0.021123537115030233,0.009777605099928977,0.029498263421424316,0.025438164358133245,0.081740280556916,-0.014130907536285738,0.04246106343037927,0.045821085104290865,0.06434820531435448,2.558818530092441,0.5671433701775169,0.03272733389296246,0.08362619391635251,0.5157883743199959,1
2001-04-10,NEOG,1.0224779844284058,1.0340360403060913,1.0100300312042236,1.0224779844284058,166458,0.012324339712296295,0.0279332454427772,0.09523794018319376,0.19480608669203203,0.0363163386763742,0.028789403826589087,0.08538253217376995,-0.004787715623723028,0.0322626705591402,0.0408346062008605,0.05426808776227701,-0.3884312702529925,0.4296696026657078,0.0,0.02347826502620271,0.5185348873009331,1
2001-04-11,NEOG,1.0375930070877075,1.0420379638671875,1.01447594165802,1.0420379638671875,311547,0.019129976133145155,0.09023166547338257,0.11618981583901333,0.2336832692398887,0.03799477970293182,0.037150603711073774,0.09467774321961259,0.014742440420738495,0.02018623605778684,0.04076822362469099,0.05401690732795446,0.8716252748441049,0.8925405751047681,0.0042839116581519605,0.026450113301899225,1.0,1
2001-04-12,NEOG,1.0420379638671875,1.056264042854309,1.0198110342025757,1.056264042854309,83229,0.013652169575786077,0.08000031203366365,0.0877253996328986,0.19547199677054983,0.03601654972768599,0.042471006130466046,0.09964676459253663,0.030371198963765278,0.01996799332984976,0.03956141944734854,0.053421983795153505,-0.7328525070053635,0.26339153829880185,0.013652169575785975,0.03451126533970387,1.0,1
2001-04-16,NEOG,1.0224779844284058,1.0731569528579712,1.01447594165802,1.0731569528579712,356536,0.015993074949340214,0.1098853016121788,0.021798258731737796,0.1633730595114702,0.03109508377907474,0.056755589133041635,0.10853737354841071,0.047176968444688716,0.013365879926867432,0.03066129668460603,0.05285530860743347,3.2837953117302865,1.109944723173804,0.049564850492009774,0.0546807352304574,1.0,1
2001-04-17,NEOG,1.0615990161895752,1.093606948852539,1.0615990161895752,1.089161038398743,227193,0.014913089365120813,0.07834520237004639,0.03157834717947461,0.19512174543816418,0.030797689183303827,0.06900537580750676,0.1148302338896273,0.06138358257311901,0.0025894578150676686,0.030905557574692287,0.052636304340256894,-0.36277683039019903,0.7117684450669826,0.025962742795388773,0.029387695239283553,0.8610997311007064,1
2001-04-18,NEOG,1.074046015739441,1.1416189670562744,1.074046015739441,1.1140559911727903,648963,0.022856999007830225,0.0895647712117531,0.11999985139181435,0.22243864198788055,0.03639362951511589,0.08077787292747614,0.12860295579935413,0.0838265451622635,0.003706099779757089,0.02246357343879348,0.052650247210683086,1.856439238885001,1.8853140766619962,0.037251639917684536,0.06065489692820378,0.5921004581515483,1
2001-04-19,NEOG,1.1478430032730105,1.1478430032730105,1.1113890409469604,1.1176129579544067,303674,0.0031928079107335083,0.07252614272012425,0.16930196284150378,0.36816336382649584,0.025285772519035833,0.0674709727202294,0.1152177567058775,0.08645059513650159,0.007072745774746735,0.014376225139026913,0.04526480787278355,-0.5320626907851449,0.8861174476056805,-0.026336393768489633,0.032617698342342565,0.17073362154101623,1
2001-04-20,NEOG,1.1185020208358765,1.1736270189285278,1.1176129579544067,1.1736270189285278,330667,0.050119373236907405,0.11111139952948923,0.20000065819600898,0.4174496337019411,0.053976647362115764,0.1004130235800483,0.15125825001571203,0.13976992116751627,0.01753383017010006,0.017972795115880416,0.045864449997405174,0.08888808393211134,0.9855842061879823,0.04928466562041209,0.04772731035560137,1.0,1
2001-04-23,NEOG,1.1771830320358276,1.2403099536895752,1.1771830320358276,1.2358649969100952,421770,0.05303045769889314,0.15161626043498022,0.2781619605543675,0.43484003351544276,0.0783556283437965,0.1302655338005987,0.19044156168417695,0.1968022302902525,0.021940385414219055,0.01759950252697201,0.0462694082653723,0.27551282710400504,1.200385585127138,0.049849482431616965,0.051079140368549346,0.9295869866130863,0
2001-04-24,NEOG,1.226973056793213,1.2580920457839966,1.1789610385894775,1.2180819511413574,1130342,-0.014389149149137581,0.11836717271134733,0.20598587518143474,0.23146056257603198,0.03945336332858411,0.093201116565936,0.16051562495936117,0.17399647868568582,0.029272749244403495,0.02001367252454498,0.03538440937674319,1.679996206463238,2.943329536371866,-0.007246373995442938,0.06496361523161256,0.4943815823765929,1
2001-04-25,NEOG,1.2180819511413574,1.2492010593414309,1.201189041137695,1.2260839939117432,1338415,0.006569379640579687,0.10055868253176281,0.19912996913782832,0.3133326374104517,0.02665245855958238,0.08063611072209788,0.1520855999428928,0.17583453716519942,0.030179580204792555,0.020310137432518867,0.03169889062624536,0.18407968561727328,3.089705134303365,0.006569379640579792,0.0391588328712754,0.5185150240593512,1
2001-04-26,NEOG,1.242087960243225,1.2447559833526611,1.165624976158142,1.2429770231246948,672582,0.013778035841619296,0.11217127027566409,0.19283276255289872,0.33142778156066144,0.019395967105964706,0.07646081086243048,0.15122395992449653,0.1880237689911752,0.029083089043460575,0.02036233960896863,0.03152339463989817,-0.49747873417437793,1.4822165614696683,0.0007157809349473372,0.06366248588859125,0.9775187971057504,1
2001-04-27,NEOG,1.2278629541397097,1.2847659587860107,1.2278629541397097,1.2812089920043943,657960,0.030758387458835745,0.0916662375190409,0.21296280098887355,0.3193704474454624,0.03253077774770084,0.08836849688263515,0.16983262588651246,0.21944103222852024,0.025433431111359518,0.020675281107691602,0.031194231716437166,-0.021740100091884762,1.4115084837246181,0.043446247551349085,0.044413522697244606,0.937490703632859,1
2001-04-30,NEOG,1.2847659587860107,1.3336670398712158,1.2794309854507446,1.3158849477767944,1030242,0.0270650268526067,0.06474813273841784,0.2261812629293447,0.25290987935068765,0.0469727407238789,0.09524199555640113,0.18709875255424885,0.24653789913175772,0.018062475980495332,0.020752086660984045,0.027138398779947535,0.5658125113988692,2.2344185104332053,0.024221523599666634,0.04121641068400679,0.6721352191926852,0
2001-05-01,NEOG,1.320330023765564,1.3336670398712158,1.253646969795227,1.2900999784469604,599475,-0.019595154860155506,0.05912412316603266,0.18448965117558092,0.2218938766108982,0.014827120360975929,0.05611739623210351,0.1516670743260964,0.21607388867097405,0.02005824801251374,0.024388394495522613,0.02800389277621358,-0.41812214994147,1.2352259934531322,-0.02289582511529036,0.06202625487391915,0.45554832202867157,0
2001-05-02,NEOG,1.2981020212173462,1.2981020212173462,1.2047460079193115,1.2358649969100952,620845,-0.0420393631834286,0.007977433068958373,0.10933831576012087,0.24245874879458085,-0.02932923337586593,0.0017299652378820686,0.09150207029608204,0.16149518183248254,0.03162213841986297,0.030600076616047234,0.026129037011957717,0.03564785854289165,1.2306327646099793,-0.04794463246339125,0.07553900590391588,0.3333367384855841,0
2001-05-03,NEOG,1.2358649969100952,1.2447559833526611,1.176293969154358,1.176293969154358,231692,-0.048201889287807775,-0.05364785730528121,0.052505664668881735,0.23069693959912518,-0.06633745500475167,-0.05106879608876214,0.028871373615842987,0.10278131138295081,0.03745738936043647,0.03588798764926203,0.02711212802914055,-0.6268118451465341,0.480915086185782,-0.048201889287807775,0.05820144963211944,0.0,0
2001-05-04,NEOG,1.0927180051803589,1.1825180053710938,1.0802700519561768,1.1594010591506958,408273,-0.01436112948518009,-0.09507264904778367,-0.01212136355792126,0.18545501394827046,-0.06160046728543633,-0.0636219080001417,0.00611475423165643,0.0844988665281048,0.029692225842879758,0.03267066313293352,0.027503263536256123,0.7621368023065103,0.8257509764347083,0.06102494299005398,0.08819032258761036,0.7739128711301383,1
2001-05-07,NEOG,1.181628942489624,1.243867039680481,1.181628942489624,1.2216390371322632,365534,0.05368114639049848,-0.07162169519741146,-0.01151093348658605,0.2634491232413416,0.004092540034608064,-0.012221155293747909,0.04853507477814676,0.138592111228965,0.04052189388441632,0.03279008129065724,0.02879615396260185,-0.1046824061351106,0.7183122823217585,0.033860117337969224,0.05094638866236443,0.6428553642947302,0
2001-05-08,NEOG,1.230530023574829,1.239421010017395,1.1914089918136597,1.1940759420394895,156336,-0.022562388934031286,-0.074431468887447,-0.019708041055344405,0.18221825604119357,-0.0028218670725955897,-0.032630092139426234,0.01684621385133263,0.10992733754422537,0.04064397398800708,0.033268319257820006,0.02872942505522742,-0.5723079111655824,0.3107536246489546,-0.029624698980880076,0.04020851313839429,0.055547555083247185,1
2001-05-09,NEOG,1.1958550214767456,1.1958550214767456,1.181628942489624,1.1958550214767456,114721,0.001489921515559045,-0.03237406636920892,-0.024654895247881004,0.16956554536014057,0.00538231914574826,-0.028810369647711904,0.010898594734764327,0.10869474340559117,0.0378918144681444,0.033170213818403835,0.028761517211931487,-0.26618948930508646,0.2292128788063452,0.0,0.01189615691838128,1.0,0
2001-05-10,NEOG,1.2091909646987915,1.2091909646987915,1.1700700521469116,1.172737956047058,145089,-0.019330993318187106,-0.0030230649825198075,-0.056508741328994305,0.12542728452504726,-0.0134628454047172,-0.042120373471478116,-0.014089511600474771,0.08759427161583269,0.03151444633410995,0.033072726729360756,0.029277221457692345,0.2647117790116893,0.29479034875468557,-0.03014661018478071,0.03335861378934519,0.06819636164183197,0
2001-05-11,NEOG,1.1896309852600098,1.1896309852600098,1.1113890409469604,1.1113890409469604,190077,-0.05231255182264771,-0.04141105256442146,-0.1325466431450486,0.05218865345798274,-0.05745746313678763,-0.07946097192931746,-0.06782499913799117,0.03240199020377382,0.03936525423464472,0.03343740368593559,0.03199823707407654,0.3100717490643674,0.38204950039124114,-0.06576992805542005,0.07040014021227271,0.0,1
2001-05-14,NEOG,1.1113890409469604,1.1336170434951782,1.1113890409469604,1.1336170434951782,87728,0.020000199506446714,-0.07205237468811754,-0.13851355666736698,0.0563385350821175,-0.024035399094003932,-0.046657541069198685,-0.05158605283903148,0.05326771728563505,0.027221598630995457,0.03254508157074273,0.03209605466551252,-0.5384607290729546,0.18122665540679422,0.020000199506446794,0.01960803489658571,1.0,0
2001-05-15,NEOG,1.1291710138320925,1.1505099534988403,1.1113890409469604,1.1247260570526123,109098,-0.007843024673617416,-0.058078286769957965,-0.1281869034626506,0.03265359060782802,-0.01998751053253494,-0.040794462359715074,-0.060422326296354335,0.045935740261833134,0.026931921806702088,0.03254574455217673,0.03206354266120367,0.24359383549151925,0.22815536975388567,-0.003936477933838609,0.03478261422554549,0.3409178169850992,1
2001-05-16,NEOG,1.1300599575042725,1.155845046043396,1.1247260570526123,1.1300599575042725,240690,0.00474239964319656,-0.05501926470252527,-0.08561213374466958,0.014365495503178893,-0.003918933405199596,-0.027469977452221895,-0.05659711238681252,0.05140021118707661,0.027362937007655113,0.03126860740481706,0.031699989050911835,1.206181598196117,0.5257989712961254,0.0,0.02753746717962621,0.17140339788159129,1
2001-05-17,NEOG,1.1594010591506958,1.1958550214767456,1.1487319469451904,1.155845046043396,118095,0.022817451735985372,-0.01440467575604265,-0.0173841944676999,0.03420870151592226,0.021852194899542803,-0.003525690145588311,-0.03660849677111771,0.0778424130619529,0.03045291898793974,0.02924117191224904,0.03206686485108539,-0.5093481241430886,0.26332186909361155,-0.003067112177648618,0.04076937016156571,0.15094726243811615,0
2001-05-18,NEOG,1.160290002822876,1.160290002822876,1.1149450540542605,1.1327279806137085,151837,-0.020000142327745496,0.019200243011723517,-0.02300591182530598,-0.034848412362011305,-0.0023491699527405066,-0.02120454578370705,-0.05426449753890834,0.05915697168347234,0.018213333478096966,0.029572081132942775,0.03033500777417985,0.2857191244337187,0.3454451989073578,-0.0237544253092862,0.040031631198911274,0.3921699559126215,1
2001-05-21,NEOG,1.146952986717224,1.3336670398712158,1.146064043045044,1.2900999784469604,944764,0.13893185347817427,0.13803862234579034,0.05604023711898232,0.0438842281903471,0.10577615622123912,0.10822534628000333,0.07469508300874551,0.2032865205542261,0.06415220512231211,0.0515251527571631,0.0421989679231041,5.222225149337777,2.0287412381311807,0.12480632893197112,0.14541740947241225,0.7677699068708188,0
2001-05-22,NEOG,1.2981020212173462,1.320330023765564,1.1940759420394895,1.2091909646987915,417271,-0.06271530509253109,0.07509820468419015,0.012658342846674664,-0.007299169349184509,0.021634427505236094,0.0373757114257576,0.0076684167844291076,0.1234432861236865,0.07545645978464555,0.055463674763959865,0.0445620662639113,-0.5583330863580747,0.9703159873517625,-0.06849311923509283,0.10441202871336723,0.11971908117866713,0
2001-05-23,NEOG,1.230530023574829,1.230530023574829,1.1985219717025757,1.1985219717025757,107973,-0.008823249021608026,0.06058263877387615,0.002230161832273536,-0.022479717821968004,0.0010396785419887452,0.027987483619468404,-7.4149575701741e-05,0.10648373200607962,0.07623623647427598,0.055581912511591905,0.04458543437929598,-0.7412401053511986,0.29299557330370807,-0.026011597652259147,0.026706270413035457,0.0,1
2001-05-24,NEOG,1.2358649969100952,1.253646969795227,1.1994110345840454,1.2189710140228271,149588,0.017061883555795188,0.05461455944766924,0.0394231786712238,-0.019313316863669328,0.00749534198919085,0.041397258885274305,0.01800590977784038,0.1176379808634305,0.0761139642888932,0.05525349894787323,0.04464572660927606,0.38542042918136943,0.4369262692032232,-0.013669764035316426,0.04449321155897969,0.3606461170554154,0
2001-05-25,NEOG,1.2180819511413574,1.2180819511413574,1.1922980546951294,1.2091909646987915,48363,-0.008023200889543447,0.06750339480768863,0.08799971940383622,-0.056210991145897116,-0.01306242213953261,0.024481900267193296,0.012884230226786914,0.1020899974132132,0.07500038195668968,0.05179960475600612,0.04407521858868183,-0.6766919806401583,0.15506699514291428,-0.0072991693491845575,0.02132326257718174,0.6551728920759532,1
2001-05-29,NEOG,1.2163039445877075,1.226973056793213,1.1780719757080078,1.226973056793213,202449,0.014705776517980329,-0.04893180583549861,0.08235233744386772,-0.06756813438272047,0.011878462462436483,0.03138987390115043,0.031621104502739236,0.11212373244982207,0.03211675419502686,0.05170863974696179,0.04373154933142107,3.1860306432603434,0.7484392496864081,0.008771748421092145,0.03985505697493616,1.0,0
2001-05-30,NEOG,1.2296409606933594,1.2296409606933594,1.1825180053710938,1.2136369943618774,92227,-0.010869075207071144,0.0036768631199568524,0.07905119362332513,-0.059269037564925964,0.00014684803964849376,0.01261153661361958,0.023698964485595334,0.09404059475226413,0.013824272545029269,0.05182743257845556,0.04359658633499278,-0.5444432918907972,0.3762332616034186,-0.01301515388886993,0.038827883082982795,0.6603785517688011,0
2001-05-31,NEOG,1.2091909646987915,1.2091909646987915,1.155845046043396,1.1736270189285278,194576,-0.032967003823401564,-0.02077137788194483,0.038552876008873804,-0.05035985171290924,-0.028840192902694017,-0.02431790087369705,-0.007443985862431577,0.052993931837051256,0.020591047722993003,0.053498981549720714,0.04320549839144525,1.10975094061392,0.8693451250016476,-0.02941135586397854,0.04545389446137504,0.3333333333333333,1
2001-06-01,NEOG,1.1736270189285278,1.1958550214767456,1.155845046043396,1.181628942489624,87728,0.006818114641226947,-0.030634093102810955,0.02230739884596944,0.004535408218662829,-0.016138442181432747,-0.019766734430663093,-0.0009020154934231019,0.053279320483777044,0.01835777272347458,0.05314539393257912,0.041820132830490575,-0.5491324726584985,0.404984100099321,0.006818114641226999,0.033860016452416014,0.6444366977725339,0
2001-06-04,NEOG,1.1949650049209597,1.1949650049209597,1.15139901638031,1.155845046043396,94476,-0.02182063718911864,-0.044117033795967764,0.020408311461647344,-0.0030671121776486565,-0.028980880741839778,-0.04299130593461252,-0.022556026015981608,0.02430905737045219,0.01971234159723266,0.05323754115123226,0.0419974375073572,0.07691956957869772,0.47019125968616093,-0.0327373259605634,0.037691893640744954,0.1020527666653892,1
2001-06-05,NEOG,1.1869629621505735,1.2145260572433472,1.1567339897155762,1.2091909646987915,233942,0.04615317497618321,-0.014492650833667242,-0.06271530509253109,-0.010189648541923613,0.018878867206493857,0.00792985558018404,0.02309460987251409,0.06501774803314044,0.030925388365853967,0.029953156097081622,0.041528239689588256,1.476205597188704,1.2037062763633295,0.018726786982421646,0.04779399550191558,0.9076846914675275,0
2001-06-06,NEOG,1.2180819511413574,1.2216390371322632,1.1994110345840454,1.2047460079193115,1072982,-0.003675975846037849,-0.00732590262481303,-0.003675975846037849,0.008935835238081724,0.016656780909880424,0.004596945583102057,0.018873822910280866,0.05708789376776187,0.03060655756039203,0.022411795466399986,0.04119505372179033,3.5865299946140494,4.467338957639506,-0.010948313624998679,0.018450364144893275,0.2400113696088211,0
2001-06-07,NEOG,1.2216390371322632,1.2216390371322632,1.1994110345840454,1.1994110345840454,59610,-0.00442829716819737,0.021969514368421095,0.0007417994016469809,0.0029736155666333364,0.007769208559455011,7.415033015285404e-05,0.014209441202082259,0.047519879138308165,0.025395068164869607,0.022265298440333033,0.0412142412618309,-0.9444445479980093,0.25106542758303935,-0.018195229419319232,0.018532431257751787,0.0,1
2001-06-08,NEOG,1.2002999782562256,1.2127480506896973,1.1780719757080078,1.2002999782562256,118095,0.0007411501533236553,0.015801098885799725,-0.015317046551405422,0.023502285456906913,0.005361738360435876,0.002375853269442887,0.013779757122383642,0.043434793569688705,0.025408342512423417,0.021484209187130947,0.04093859440994411,0.9811273276295924,0.5002362562105944,0.0,0.028889507298055804,0.6410184128381072,1
2001-06-11,NEOG,1.1985219717025757,1.2118589878082275,1.1922980546951294,1.208302021026611,89978,0.006666702420515591,0.045384089470108524,-0.0007351557348113102,0.08719987017064335,0.0032481336821141684,0.009133308899416296,0.01637863192792004,0.04607655478531865,0.021183537787282353,0.021478423320332538,0.03889952233463131,-0.23808798001608877,0.3893912542978749,0.008160091808865422,0.016188777948478946,0.818159657259159,0
2001-06-12,NEOG,1.201189041137695,1.2171930074691772,1.135395050048828,1.1736270189285278,285679,-0.028697297111712428,-0.029411355863978583,-0.04347775818656441,0.03529408424382052,-0.01975331441587046,-0.015439595139149666,-0.014447121845059413,0.013891288081845036,0.013498644137054434,0.022564201872084397,0.039423414498806916,2.1749872190980017,1.1855324529647857,-0.02294561577340245,0.06969672315062024,0.46739515368618173,0
2001-06-13,NEOG,1.171849012374878,1.171849012374878,1.1167240142822266,1.1362839937210083,122594,-0.031818477766140885,-0.05682692762480479,-0.06373652171137123,0.010276223793270978,-0.039964027258949854,-0.040540710027420705,-0.046268749150043705,-0.01973200700271868,0.017595959189291268,0.024166950007099827,0.040111035997263504,-0.5708680021982715,0.5073292175305307,-0.030349488951476176,0.04851339840855507,0.35482957125742287,0
2001-06-14,NEOG,1.1167240142822266,1.1398409605026243,1.0455950498580933,1.0660439729690552,482504,-0.061815550637070005,-0.1111937924276658,-0.09166715167966344,-0.05664830800358245,-0.07854311423364672,-0.09159817102794018,-0.10281382145625599,-0.08145861503104186,0.02766146230580553,0.028951745201408162,0.04249535303708443,2.935788048354732,1.9015943899292398,-0.045382780942295704,0.08840715114409899,0.21697411559945004,1
2001-06-15,NEOG,1.0598210096359253,1.155845046043396,1.0500400066375732,1.155845046043396,558985,0.08423768188870717,-0.03703651838552302,-0.02182063718911864,0.0,0.0068157634079096105,-0.012907758352846587,-0.027236937553143253,-0.007504352302496337,0.0561248922802395,0.041387827436836895,0.04642733627450544,0.15850853049922908,2.026915917536756,0.09060401287992709,0.09153912089514664,1.0,1
2001-06-18,NEOG,1.1567339897155762,1.1967439651489258,1.155845046043396,1.1736270189285278,170957,0.015384391658727736,-0.028697297111712428,0.015384391658727736,0.036106672576994514,0.028518118382616794,0.0007583223568659693,-0.013968567550615152,0.0043906158859718615,0.05675966266007954,0.04102339001938798,0.04625953702734291,-0.6941653174951028,0.6177597108880073,0.014604074370724947,0.03484831078860879,0.4347785534197065,0
2001-06-19,NEOG,1.1958550214767456,1.1967439651489258,1.1096110343933103,1.1362839937210083,552237,-0.031818477766140885,-0.031818477766140885,-0.060294009057489384,-0.11922795697672817,0.0023528132544126815,-0.025023029509982704,-0.03913396824935998,-0.030378537601915837,0.057107831472745736,0.039122799457012775,0.03391277194910924,2.2302684300730595,2.1478569347755654,-0.049814590134992974,0.07668235338797635,0.30611800953314067,1
2001-06-20,NEOG,1.1380620002746582,1.169180989265442,1.1336170434951782,1.169180989265442,97851,0.02895138515214435,0.02895138515214435,-0.029520760741339247,-0.033088218983935325,0.025420874910438523,0.006274672594997827,-0.0096402091648389,-0.0050092026342306775,0.05648069211897024,0.040625553026155135,0.03195135883114651,-0.8228097718914162,0.4057855259834859,0.027343843290851887,0.030417827604781133,1.0,0
2001-06-21,NEOG,1.1798510551452637,1.1798510551452637,1.1158349514007568,1.1229469776153564,80980,-0.03954393038765769,0.05337772745698266,-0.06375133691779533,-0.06305682821972813,-0.024861413821665974,-0.02711482207598575,-0.045748553841041456,-0.04598642489920659,0.050230385116650164,0.04231629809614322,0.033056362347357454,-0.1724152027061553,0.3377120943925739,-0.04822988230739106,0.05700723633492365,0.11109745514947691,1
2001-06-22,NEOG,1.160290002822876,1.160290002822876,1.1167240142822266,1.146952986717224,127093,0.021377687086211017,-0.007693124053791411,-0.04444471590885413,-0.0590810006777196,-0.0024747003900799096,-0.001702845475167358,-0.022357324068928146,-0.02732574657837286,0.03202195948762417,0.04316388434308922,0.03320616413867639,0.5694368979995061,0.5325156191536852,-0.011494554010811415,0.037984110111908546,0.6938663266367083,0
2001-06-25,NEOG,1.1202800273895264,1.1380620002746582,1.0758249759674072,1.1247260570526123,136091,-0.019379111369009827,-0.04166652700323825,-0.06916810740992563,-0.0698524138139085,-0.013413947084343214,-0.013875519171808477,-0.03783956547269571,-0.0472815917248975,0.03130592173851015,0.0432540562994167,0.03340169113684904,0.07079854909397065,0.5599261391712134,0.0039686770757183494,0.05533527379133145,0.7857233154945009,1
2001-06-26,NEOG,1.1202800273895264,1.155845046043396,1.1024980545043943,1.155845046043396,200200,0.027668060854153298,0.01721493256129647,-0.015151298153791681,-0.057970311863012935,0.010415524044548641,0.014991072600077003,-0.00820103695283468,-0.022291341284553113,0.031333759727775044,0.043683301264107625,0.033887391817154756,0.47107450162023934,0.8240743313400366,0.031746543528713214,0.04615410320061084,1.0,1
2001-06-27,NEOG,1.1798510551452637,1.1807399988174438,1.146952986717224,1.1638469696044922,145089,0.006923007187241703,-0.004562184734376196,0.02425711885038795,-0.041025467243246405,0.018360338068241833,0.019550135038186506,0.0008030827182375429,-0.01676498436734785,0.02831952485105823,0.04231082033705753,0.03388805330570164,-0.27527972027972025,0.5907957147571884,-0.013564496527742696,0.02903045931519822,0.5000141130312707,1
2001-06-28,NEOG,1.1389509439468384,1.169180989265442,1.1149450540542605,1.164736032485962,289053,0.0007639001558528147,0.037213738229517235,0.09257785046337075,-0.007575649076895785,0.011739369933052343,0.011583230004386255,0.0019506142064857203,-0.01685576218125432,0.018490072859554976,0.03574497570014538,0.033071841014021885,0.9922461385770114,1.1547976038947496,0.022639331988935144,0.04656500159561699,0.9180440650249247,0
2001-06-29,NEOG,1.160290002822876,1.164736032485962,1.1336170434951782,1.15139901638031,95601,-0.011450677006347831,0.003876383526243199,-0.0038465620268955947,-0.02558326478159989,-0.0006176559073644413,0.000386207791433618,-0.008232856297968338,-0.028667448982130906,0.018142530654955528,0.024559633801216722,0.03312976107732161,-0.6692613465350645,0.3813364866393019,-0.007662727784377171,0.027027110973755607,0.5714187209101879,0
2001-07-02,NEOG,1.146952986717224,1.146952986717224,1.1336170434951782,1.146952986717224,114721,-0.003861415199974072,0.01976208297588311,-0.02272786139131,-0.007693124053791411,-0.008303120163638326,-0.001161833862470901,-0.011683993080018601,-0.031982510998232266,0.01483002291843028,0.023957012134860203,0.03277086859017369,0.19999790797167383,0.4557627543530883,0.0,0.011627279737258833,1.0,1
2001-07-03,NEOG,1.1380620002746582,1.155845046043396,1.1380620002746582,1.155845046043396,28118,0.007752767052486398,0.0,0.01721493256129647,-0.044117033795967764,-0.0006147252675894761,0.00487013111513598,-0.0017274017405288714,-0.023158255604127837,0.007978756869653682,0.021648087573568515,0.031009385979921606,-0.754901020737267,0.11646878957041416,0.015625726686635755,0.01538531988315511,1.0,1
2001-07-05,NEOG,1.1522879600524902,1.2447559833526611,1.1345059871673584,1.226973056793213,723194,0.06153766977095865,0.05423916445834176,0.0494295306358683,0.018449572547070803,0.04942931663696752,0.061374795307646404,0.05868779101717479,0.036798495711433524,0.029130137314949515,0.02775914368814685,0.03407862818813073,24.719965858169143,3.229532245351815,0.06481461173760812,0.08985527072081717,0.8387036083923343,1
2001-07-06,NEOG,1.2447559833526611,1.32922101020813,1.2447559833526611,1.32477605342865,1279930,0.07971079405040293,0.13740454186954754,0.17973161675174487,0.10452214897962886,0.10288705416000885,0.12631359944404671,0.13692752869861605,0.11757851130368026,0.04114690832150324,0.03174176729085694,0.03825147040891328,0.7698293957084821,4.491809894805184,0.06428574848900138,0.06375796621388591,0.9473751806521518,1
2001-07-09,NEOG,1.3336670398712158,1.5070430040359497,1.32477605342865,1.50615394115448,3505748,0.13691211224448563,0.3081077191549324,0.3131784463680163,0.25481460338155926,0.18395277598462959,0.24257268727665937,0.27584220853011315,0.26497167852947734,0.05711825427141482,0.04951845351787787,0.04816328933617636,1.7390154149055026,7.716300580095774,0.12933280656011428,0.12101482167725207,0.9951221936916844,0
2001-07-10,NEOG,1.5008200407028198,1.564836025238037,1.3638969659805298,1.422577977180481,3640715,-0.0554896559311443,0.24031062620286026,0.2648217477137509,0.17733642121347626,0.07181139171659737,0.14547533676480492,0.1942081154231118,0.19194840133351368,0.07315362970688971,0.054478885867396534,0.05050619630670053,0.03849877401342017,5.761837538595938,-0.052132874961943375,0.1412499437505452,0.2920338704519877,1
2001-07-11,NEOG,1.4163539409637451,1.4937069416046145,1.3807899951934814,1.471479058265686,939140,0.03437497407497192,0.27307640700000846,0.27307640700000846,0.25378764678499355,0.05831955296671308,0.15548416560823156,0.2200066401455861,0.22971526031857306,0.07059009204596896,0.05455597383535515,0.04997062992517378,-0.7420451751922357,1.4132180596188295,0.03892043909902318,0.07673703935971685,0.8031483843178309,0
2001-07-12,NEOG,1.4670330286026,1.5381619930267334,1.4403599500656128,1.4448059797286987,1063984,-0.01812671297437607,0.1775368429888824,0.24140545747151299,0.27151837719491967,0.0075646380323229085,0.11004869064673974,0.18276459073675688,0.20431051096287234,0.07647747303419623,0.05606891999058501,0.04942199434229177,0.13293438677939395,1.495179484311305,-0.01515102144296874,0.06769216374608691,0.045459476392056296,1
2001-07-13,NEOG,1.4323580265045166,1.5114890336990356,1.4323580265045166,1.5114890336990356,457761,0.04615363924702098,0.140939277840322,0.29770951661294376,0.4178486741868299,0.02731448580877478,0.13114645186430296,0.2151970581036358,0.2541312167375341,0.07301937116695528,0.05588664995081114,0.04661302245826603,-0.5697670265718282,0.6443958126751546,0.05524527089615155,0.05235301443164518,1.0,1
2001-07-16,NEOG,1.5114890336990356,1.5452749729156494,1.497262954711914,1.5283819437026978,746813,0.011176336464923331,0.014758121292156812,0.32741293153742745,0.32230695536096543,0.03566678595564744,0.11240523003241472,0.21064845688295195,0.2607813474002619,0.04116718366043521,0.05456554955492585,0.04398754692942946,0.6314474146989368,1.037580661878244,0.01117633646492323,0.03141362563301434,0.6481499873371835,0
2001-07-17,NEOG,1.5266040563583374,1.5337170362472534,1.4536969661712646,1.4536969661712646,457761,-0.04886538854973599,0.0218750673003254,0.2674425046243565,0.2386362470577994,-0.019078401563799533,0.03494121807663703,0.13885707443616283,0.19337848603353763,0.038829649440525436,0.05931879577050386,0.04624255410987059,-0.38704735991473105,0.6235642361300306,-0.04775769452689007,0.055045908423916566,0.0,0
2001-07-18,NEOG,1.4759249687194824,1.488371968269348,1.3781219720840454,1.4003499746322632,422894,-0.03669746362579707,-0.04833849536211343,0.2115378090046227,0.23239435068209802,-0.04591725066363523,-0.020095905748120244,0.08583233572897032,0.14622131289409748,0.038367741541198534,0.06238381867730703,0.04649660030321776,-0.07616856831403285,0.581188267196748,-0.051205173493872366,0.07873031612276392,0.20161454256069172,1
2001-07-19,NEOG,1.4003499746322632,1.489261031150818,1.375455021858215,1.4777029752731323,348663,0.05523833473213169,0.02276914409685027,0.20434834904624655,0.2638787226616852,0.0022917595914643744,0.0162030907766469,0.13226838163815346,0.20394660601685946,0.04715668991756361,0.0619601349257769,0.047379197257076004,-0.17553098412368107,0.47105325891784466,0.05523833473213174,0.07701548362353913,0.898440724268178,1
2001-07-20,NEOG,1.4759249687194824,1.587062954902649,1.4492510557174685,1.5817290544509888,571357,0.07039715079319553,0.046470744534650166,0.19395957555038779,0.408551860400286,0.06272414432417171,0.06885378953254156,0.19104219375230852,0.28064861175021,0.053247491992171735,0.06103324786200911,0.04736323680389146,0.6387084376604344,0.7471685164424099,0.0716866290454469,0.08712737418420524,0.961295791704511,0
2001-07-23,NEOG,1.647523045539856,1.6581920385360718,1.580839991569519,1.580839991569519,1140465,-0.0005620829174047826,0.03432260377254592,0.04958726221424059,0.3782953703221561,0.05469222724885571,0.06288869970892537,0.1712395374161636,0.2715260221897716,0.05345479799927768,0.045036404825734094,0.047542081453827295,0.9960637569855624,1.3987173104949697,-0.040474732144633756,0.04893097807435567,0.0,0
2001-07-24,NEOG,1.578171968460083,1.578171968460083,1.3558950424194336,1.5426080226898191,935766,-0.02418459115633942,0.06116202935521531,0.08437502016391063,0.37154110818085107,0.017118047918196815,0.028879799218732936,0.12549057326169816,0.23222685525233505,0.04773583784698037,0.04123329662526469,0.047748421702456884,-0.17948731438492194,1.094017042056476,-0.022534898908998978,0.14409164400238822,0.8400016303817336,0
2001-07-25,NEOG,1.6003999710083008,1.6092909574508667,1.4634770154953003,1.4634770154953003,565734,-0.05129689851900254,0.04507947442182414,-0.005438094905555135,0.2661532966767193,-0.043023361248145015,-0.02337730463087204,0.055906537387170836,0.16288923763983826,0.05179706333951434,0.04414716113560278,0.05002748745178426,-0.3954321913811786,0.6475704946061833,-0.08555545988090393,0.09963527982447816,0.0,1
2001-07-26,NEOG,1.4634770154953003,1.5097110271453855,1.3781219720840454,1.4670330286026,582604,0.0024298387126335808,-0.007220630159833097,0.0153841063684379,0.26050337107561394,-0.03935755425220687,-0.02245424163477282,0.047020414701544555,0.15940770340013058,0.04521110444042633,0.04366860893032454,0.05006638324139295,0.029819667900462088,0.6505899322736733,0.0024298387126334914,0.08969740455447227,0.6756721254446951,1
2001-07-27,NEOG,1.4937069416046145,1.547052979469299,1.4270230531692505,1.5417189598083496,212572,0.050909509022363686,-0.025295163245595442,0.020000096219906283,0.3236638318106908,0.014866058760280187,0.02524692987604464,0.08571795649819809,0.21055580033568191,0.03778613516907865,0.04422073063132697,0.05068394735786076,-0.6351346712346637,0.23839572858805774,0.03214286341346063,0.07785460867327562,0.9555609186361108,0
2001-07-30,NEOG,1.5559450387954712,1.5559450387954712,1.422577977180481,1.4492510557174685,338540,-0.05997714661456566,-0.08323988294438578,-0.05177428869221312,0.2586870712062317,-0.029184114834116086,-0.0311461297886065,0.01000698909740363,0.13273090067975912,0.0448956876481693,0.04827183969446118,0.053134377644034614,0.592589804866116,0.3745640744215688,-0.06857181996646838,0.09202481591359982,0.19999749723802507,0
2001-07-31,NEOG,1.4314689636230469,1.5203800201416016,1.3967939615249634,1.4314689636230469,271057,-0.012269849329603177,-0.07204620838998421,-0.01529067134724904,0.24806245783461134,-0.026602143509103244,-0.041609664954479625,-0.012179092687187048,0.11363190943254228,0.04469654814711939,0.04584053540042639,0.053306772130634485,-0.19933538134341588,0.2973287285957364,0.0,0.08633512968652982,0.2805737353081609,0
2001-08-01,NEOG,1.4270230531692505,1.5079330205917358,1.409240961074829,1.422577977180481,241815,-0.006211092708613752,-0.02794648489985163,0.01587317667074961,0.23076876269024593,-0.027237245292353426,-0.048977626456531496,-0.027266881037850254,0.10443849978060055,0.03955337212944019,0.04415602167253119,0.05346283622388187,-0.1078813681255234,0.2621796325408493,-0.003114929348126185,0.06937550074584473,0.1351376815007809,0
2001-08-02,NEOG,1.4047960042953491,1.4581420421600342,1.4039069414138794,1.422577977180481,143964,0.0,-0.030302692956043487,-0.03730451857719397,0.15942071368583788,-0.021286966186585238,-0.045459937777975905,-0.033728872855277404,0.10079122575124415,0.039453701512655155,0.04008568422304973,0.05220310026418026,-0.4046523168537932,0.16114817233263726,0.012658046314739727,0.03812451873720665,0.34426110599463244,0
2001-08-03,NEOG,1.422577977180481,1.4625879526138306,1.3914589881896973,1.409240961074829,60735,-0.009375244323749143,-0.0859287601613129,-0.10905034139113634,0.06375787622940177,-0.012461201437191103,-0.04333672334518745,-0.04552590038725146,0.0869264759271729,0.02414198273241069,0.030671538449090468,0.04955704112127068,-0.5781236975910644,0.07296333368732794,-0.009375244323749152,0.05047324509350281,0.24999622909030575,1
2001-08-06,NEOG,1.4216890335083008,1.4759249687194824,1.413686990737915,1.413686990737915,105724,0.0031549108959301186,-0.02453961640341673,-0.10573682455088196,-0.06139276198134713,-0.00438308111480662,-0.029303870243333655,-0.039506953318481905,0.08709041428096857,0.006421544638318608,0.03083489877554495,0.038500383108024054,0.7407425701819379,0.1596067168757639,-0.005628546455506594,0.044025288758638474,0.0,0
2001-08-07,NEOG,1.409240961074829,1.4270230531692505,1.3736770153045654,1.3781219720840454,267683,-0.025157633116016376,-0.03726730575001802,-0.10662854606380312,-0.031250311624074434,-0.02208224121262798,-0.04291468387491937,-0.06225447909502838,0.056995637973447,0.01103115327639824,0.03088373904721535,0.036864197479293745,1.5319038250539139,0.5421410279986941,-0.022082092310919784,0.038709228170865945,0.08332309122478486,1
2001-08-08,NEOG,1.3781219720840454,1.4510289430618286,1.3781219720840454,1.3825680017471311,269933,0.0032261510614783884,-0.02812497878861353,-0.05528546939344059,-0.06042291666953603,-0.01332476216531589,-0.03440127192579035,-0.056374718780396314,0.057880744950503694,0.012069157805873827,0.027571029928660007,0.03593988439834346,0.008405464672765817,0.5864395640803512,0.0032261510614784482,0.052733009071272964,0.06098222986716243,0
2001-08-09,NEOG,1.422577977180481,1.422577977180481,1.2447559833526611,1.331889033317566,699575,-0.03665567868309039,-0.06374971728625978,-0.09212062213334316,-0.07815370921453135,-0.03702719032649353,-0.060932479075990774,-0.08744752955713833,0.017262543458614027,0.017640859837887338,0.029078439257198926,0.03659667067007688,1.5916616345537595,1.5824953830924822,-0.06374971728625982,0.13351111795318857,0.4900015351828376,0
2001-08-10,NEOG,1.2447559833526611,1.2705399990081787,1.160290002822876,1.2527580261230469,741190,-0.059412612623901406,-0.11104058090422841,-0.18742776162084906,-0.17117623866764142,-0.07327003005689553,-0.09835517730884913,-0.13398871124283523,-0.04433086091001866,0.026874229519188674,0.02425146145090361,0.03668188998818272,0.05948611657077518,1.6245536225546844,0.006428603579661302,0.08800581906986234,0.8387122584998119,1
2001-08-13,NEOG,1.2545360326766968,1.3158849477767944,1.201189041137695,1.3016589879989624,237316,0.03903464264942769,-0.07924526679026478,-0.10184023474486203,-0.14834181772291188,-0.020866731502785514,-0.05310125594884455,-0.09307717390350534,-0.008841769149145126,0.03805724906729338,0.026358254804528827,0.03798251320353223,-0.6798175906312821,0.5509144842437008,0.037562058079530315,0.08811517278839762,0.8759680254100501,0
2001-08-14,NEOG,1.2936569452285769,1.311439037322998,1.2652050256729126,1.2865439653396606,215946,-0.011612121760506633,-0.06645130735844607,-0.10124215191964847,-0.11498476279540581,-0.018717065419195728,-0.05412473136961752,-0.09835808433751636,-0.0222972718763043,0.037704458451171076,0.026353798221687683,0.036730384992852944,-0.0900487114227444,0.5157822868793853,-0.005498350946246759,0.035936596723983076,0.4615420316162119,0
2001-08-15,NEOG,1.2847659587860107,1.2856550216674805,1.1940759420394895,1.2002999782562256,278930,-0.06703539825058813,-0.1318329537936478,-0.15625013355317474,-0.1428571428571429,-0.05831497772327665,-0.10287095663841458,-0.15286156889652178,-0.08771468357063372,0.04284831014585494,0.03176795238681796,0.038664259207794364,0.291665508969835,0.677872680817185,-0.06574425478209119,0.07629682686576017,0.06796351570707093,1
2001-08-16,NEOG,1.1985219717025757,1.2892110347747805,1.1914089918136597,1.2225279808044434,161960,0.018518706115874695,-0.08210973270101796,-0.14062497774113758,-0.17268354922376972,-0.024130607845126235,-0.07238748540591844,-0.12933350830473306,-0.07107143205747495,0.04671408214435974,0.03333044720065624,0.036357944258251756,-0.41935252572329973,0.40274200763757595,0.020029677943880855,0.07999984008281388,0.3181834248917929,0
2001-08-17,NEOG,1.208302021026611,1.2091909646987915,1.1736270189285278,1.1869629621505735,157461,-0.029091373949958532,-0.0525201695782318,-0.1577288803433048,-0.24957883348576215,-0.04246197545913376,-0.08392272709407313,-0.14260977464262375,-0.09792459347937203,0.041345562163150835,0.03357380199290349,0.03142238943136288,-0.027778463818226684,0.41279753361200794,-0.017660368438271144,0.029962136060107464,0.37498491613369717,0
2001-08-20,NEOG,1.183406949043274,1.1869629621505735,1.155845046043396,1.1567339897155762,520745,-0.0254674942680837,-0.11133868364876354,-0.1817608867492052,-0.26827889230767377,-0.0445061725209979,-0.08919048914475428,-0.15144771874031124,-0.12031567472159482,0.030966824520325995,0.032925511516538566,0.0313645077585074,2.3071363702758143,1.4858793736847737,-0.022539126839893515,0.026901531712428498,0.02856694095833545,1
2001-08-21,NEOG,1.164736032485962,1.2180819511413574,1.146064043045044,1.201189041137695,317171,0.038431525153894475,-0.06634435083563661,-0.1283869893452072,-0.22132581740162194,0.0064063482149199725,-0.040823777676208865,-0.10766195529906523,-0.08640922583514715,0.04175164746961628,0.03750461477852691,0.03345728695561424,-0.3909283814534945,0.992608738853842,0.03129722755629828,0.0599555154350246,0.7654345918924704,0
2001-08-22,NEOG,1.1958550214767456,1.2216390371322632,1.135395050048828,1.2002999782562256,208073,-0.000740152341572653,0.0,-0.1318329537936478,-0.1798299764550828,0.005661454199715092,-0.027377674860974897,-0.09951983703000444,-0.08745567256516217,0.028787273362454336,0.03733446040350022,0.0322100970370044,-0.343972179045373,0.6897835469420324,0.0037169696155901592,0.07185202753125848,0.7525733723860252,1
2001-08-23,NEOG,1.2002999782562256,1.2225279808044434,1.1567339897155762,1.2091909646987915,66358,0.007407303677104515,-0.010909374930523796,-0.09212334177206127,-0.17575750434835957,0.015379927827889104,-0.010333484484523547,-0.08399022700539979,-0.08171416397869306,0.02742900087494455,0.036882672932537455,0.032325051487774446,-0.6810830814185407,0.24056926290633537,0.0074073036771046055,0.05441158014710804,0.7972912740976953,0
2001-08-24,NEOG,1.2002999782562256,1.2171930074691772,1.155845046043396,1.157623052597046,92227,-0.04264662374035444,-0.024718470996237918,-0.0759404222860327,-0.24913484054126867,-0.023109013970698162,-0.04510426307184105,-0.11010846310444403,-0.12209706725360953,0.03120009523219159,0.03464971903961701,0.02985653863610295,0.3898399590102173,0.34180916436374376,-0.03555521655609789,0.05299476482275592,0.028982324959582143,1
2001-08-27,NEOG,1.1567339897155762,1.2163039445877075,1.155845046043396,1.2136369943618774,59610,0.04838703033700664,0.04919281801366693,-0.06762292923771152,-0.1625764289948698,0.014417553554542982,0.008422182075746165,-0.058523147551717954,-0.08042400569733768,0.03597052559522583,0.036134321526483396,0.03085048322149338,-0.35365999110889434,0.23296654422993537,0.04919281801366698,0.04981629500845961,0.9558882101718175,0
2001-08-28,NEOG,1.2180819511413574,1.2180819511413574,1.155845046043396,1.160290002822876,39365,-0.04395629977236393,-0.0340487940816393,-0.09813419977719329,-0.18944103413448599,-0.023496047038405063,-0.025683198452755834,-0.0903388693598113,-0.1206674419905975,0.038563411616056704,0.03805095556083793,0.03185815926549826,-0.33962422412346926,0.1611410744771409,-0.04744504116847778,0.0536390944906402,0.07141995207640194,1
2001-08-29,NEOG,1.2163039445877075,1.2163039445877075,1.142508029937744,1.1825180053710938,133842,0.019157281795188386,-0.014814607354209253,-0.014814607354209253,-0.168749956529751,-0.001801203182312082,-0.005533013855186523,-0.06410519657304829,-0.104449399246,0.04027069191815836,0.03303102689637572,0.03251355319724094,2.4000254032770227,0.5602652932055872,-0.027777546366559096,0.062405742927191386,0.5421706014910077,0
2001-08-30,NEOG,1.1825180053710938,1.1825180053710938,1.155845046043396,1.1682920455932615,87728,-0.012030226781509223,-0.033823374718746635,-0.04436375777304802,-0.17875008306483753,-0.006952969909927665,-0.012994846493203758,-0.06596537615156124,-0.1152111629275225,0.040033174185622404,0.03243249456289594,0.03245552145747105,-0.34454057769608937,0.3716050501824392,-0.012030226781509269,0.02283072920705641,0.4666523649267623,1
2001-08-31,NEOG,1.158511996269226,1.2002999782562256,1.1389509439468384,1.181628942489624,359910,0.011415721733849526,0.020737225160403217,-0.004493838334504674,-0.16151391058886422,0.0003011533339122465,-0.0012774133487003987,-0.046628305600684046,-0.10590536550391533,0.03467690546951741,0.031473504206304376,0.03278405793914652,3.1025670253510853,1.4336910423887121,0.019953998141445065,0.05191903490458547,0.6956588481500409,1
2001-09-04,NEOG,1.1842960119247437,1.2180819511413574,1.1736270189285278,1.1922980546951294,139465,0.009029156126648452,-0.017582637778743693,0.030745240734473267,-0.15660392823394753,0.01299284129731116,0.0047201163145151,-0.029351159971549443,-0.09845110498679752,0.025505092428797334,0.03023877758473529,0.032917687651114094,-0.6125003473090496,0.5518462008417074,0.006756792803330181,0.03728508323717488,0.41999919552713083,0
2001-09-05,NEOG,1.2002999782562256,1.2171930074691772,1.1851849555969238,1.1860740184783936,142839,-0.005220201603304053,0.02222204413792017,-0.012583383748644206,-0.13935483033858753,0.003309025706285143,0.0007499355691496762,-0.026810423985979093,-0.10398865342694368,0.012756397335033594,0.027668625741711576,0.03267042611043391,0.024192449718567488,0.5795104068366803,-0.011852003695358932,0.026986555116784647,0.02777622596395571,0
2001-09-06,NEOG,1.2136369943618774,1.2136369943618774,1.1842960119247437,1.1842960119247437,97851,-0.0014990687983629236,0.0015035767282816082,-0.013333305524784067,-0.14340849026726643,0.0015037382663534362,0.0006008886020416313,-0.020300187920691472,-0.10571625438895403,0.009816995064578537,0.027669119344564792,0.03260989287084313,-0.3149559994119253,0.41134934237325754,-0.024176077833356662,0.0247750411566853,0.0,1
2001-09-07,NEOG,1.1842960119247437,1.2002999782562256,1.1842960119247437,1.1994110345840454,120345,0.012762875587781997,0.026636309909121803,-0.00808799470080579,-0.09946624337279408,0.0089753921609664,0.014209471872424821,-0.0023295957621796886,-0.09478881259737798,0.008122578432255386,0.02790069703393404,0.032129177683126724,0.2298801238617898,0.5760432631968929,0.012762875587781887,0.013343187506218077,0.9444547899084551,0
2001-09-10,NEOG,1.1914089918136597,1.2127480506896973,1.1202800273895264,1.1291710138320925,263184,-0.058562093166261486,-0.0443945868040484,-0.024577982186103853,-0.09865194212598527,-0.04165415808062999,-0.042882051806760794,-0.055902616140059556,-0.14734214414188906,0.02883213799161961,0.030870429424063296,0.03205346216361878,1.186912626199676,1.4224908832356933,-0.052238969496800125,0.08189018507157754,0.09615201153056019,0
2001-09-17,NEOG,1.1113890409469604,1.1389509439468384,1.0224779844284058,1.1069430112838743,510622,-0.019685240123887504,-0.071588679588243,-0.08791259954472808,-0.1495906212843231,-0.04670770475099299,-0.053160223012077804,-0.06689182479198186,-0.16356534409008458,0.027233896478632016,0.02556116746026233,0.030489139049877576,0.9401711350234057,2.5700517813426105,-0.0040004260427994815,0.10522037569336373,0.7251900115245322,0
2001-09-18,NEOG,1.093606948852539,1.1291710138320925,1.0402599573135376,1.0402599573135376,430767,-0.06024072900825772,-0.12293841606270062,-0.10344831483277162,-0.1914306970155517,-0.08105559620524767,-0.10096823242160684,-0.11390494454615775,-0.21268330807065877,0.03306776689150483,0.02840600308768366,0.03268409638628,-0.15638769970741562,2.0569265072331,-0.04878077228292623,0.085470036497576,0.0,0
2001-09-19,NEOG,1.0402599573135376,1.0660439729690552,1.0215890407562256,1.0402599573135376,382404,0.0,-0.12162166650980744,-0.12030095728894485,-0.1333333531965828,-0.057059938637972436,-0.08977752460247578,-0.10782376697254245,-0.2113034025533008,0.03334478724171265,0.02678430928012125,0.029847128381813203,-0.11227183140769836,1.7819687986305452,0.0,0.04273444527042459,0.4199965139509003,0
2001-09-20,NEOG,1.041149020195007,1.041149020195007,0.9869130253791808,0.9869130253791808,262059,-0.05128230838772718,-0.1771686295003604,-0.15525143811278452,-0.19272765869147968,-0.06957265404697249,-0.12252987685955379,-0.14493730318134285,-0.2490158983454963,0.026801535878093093,0.029465579929114798,0.030808364940421943,-0.31470643612514515,1.1933399301370258,-0.0520924418731796,0.054955192019062016,0.0,0
2001-09-21,NEOG,0.9878029823303224,0.9878029823303224,0.8935570120811462,0.9068930149078368,377906,-0.08108111699164122,-0.19685060650813735,-0.23250609197413064,-0.23595508551951605,-0.10761168032951544,-0.17348695712763934,-0.20461663545022626,-0.30548965096668546,0.03243115551423772,0.033963434965596555,0.03446350684598867,0.4420645732449562,1.6386271046473788,-0.08190901310260389,0.1039218173477209,0.1415021012721458,1
2001-09-24,NEOG,0.916674017906189,1.1024980545043943,0.916674017906189,1.0358150005340576,401525,0.14215787695676818,-0.06425625350605879,-0.13124491275051564,-0.10453482845373185,0.033718422041287055,-0.04233399725022695,-0.08670382426138784,-0.2010036988238625,0.0901843455334156,0.06284632390272575,0.04867209919479338,0.062499669229914234,1.7872360124106133,0.12997093874221857,0.17939886611257416,0.6411494702672889,1
2001-09-25,NEOG,1.1016089916229248,1.1736270189285278,1.093606948852539,1.1736270189285278,512872,0.133046942092377,0.12820551312905426,-0.010494285648237955,-0.022945615773402483,0.14088187967737406,0.08633067578862076,0.03606635904393321,-0.09120932412668245,0.10372275632433481,0.07796088409044032,0.05694958887437285,0.27731025465413106,2.1875762430496195,0.06537530816583462,0.06818185742608732,1.0,1
2001-09-26,NEOG,1.1389509439468384,1.2447559833526611,1.1336170434951782,1.2180819511413574,406023,0.03787824538447926,0.17093995839947884,0.0285282892760097,0.014814607354209253,0.144527729579218,0.12396401601199139,0.07446739877912914,-0.053069862487565525,0.1024905085271325,0.07877926956671615,0.057563104456137375,-0.2083346332028264,1.6616785030679968,0.06947709874167553,0.09124093806114145,0.7599938217378293,1
2001-09-27,NEOG,1.239421010017395,1.2447559833526611,1.2038569450378418,1.223417043685913,186703,0.004379912648370343,0.23964018330375692,0.020014830954254936,0.01176495640675368,0.10062394564031348,0.12639179522909022,0.07849678049469457,-0.04563735035603739,0.0932244156134262,0.0787379820439184,0.057552813755762995,-0.5401664437728897,0.7457311372896124,-0.012912453639346747,0.033430168825831164,0.47825326594498174,1
2001-09-28,NEOG,1.2500900030136108,1.2892110347747805,1.2225279808044434,1.2758749723434448,205824,0.04287820651859353,0.40686382116760034,0.12992182469640268,0.1021506262173244,0.07635784139486972,0.15903445314099904,0.11890879218009437,-0.0010438744605939469,0.06171240305586623,0.07618061874735842,0.057229447144234766,0.1024139944189435,0.8038674874688625,0.020626490306836925,0.05226456777959834,0.8000082234195812,1
2001-10-01,NEOG,1.2981020212173462,1.394126057624817,1.2767640352249146,1.3425580263137815,262059,0.05226456777959809,0.2961368831514988,0.2128519830091633,0.10622701231984943,0.0768792142982172,0.19405358569806141,0.17076969477571077,0.05423379293491391,0.047689487813764836,0.07595855549672859,0.05738561107749014,0.2732188666044777,0.9845747735471257,0.03424692695166206,0.08741672248024876,0.5606071686859557,0
2001-10-02,NEOG,1.3087719678878784,1.3558950424194336,1.3016589879989624,1.3283319473266602,205824,-0.010596248883321224,0.13181779722434417,0.27692307868608723,0.14482753802493686,0.039665830681061075,0.1518888442982335,0.14993833114139524,0.04512054351307562,0.027020666577619736,0.07147635507614428,0.056314503252791734,-0.2145890810847939,0.7498480805690312,0.014945292166020344,0.04083019649540477,0.4917938742540635,0
2001-10-03,NEOG,1.32744300365448,1.3603399991989136,1.2981020212173462,1.2981020212173462,179955,-0.02275781002644206,0.06569350280661257,0.2478631058429699,0.09774397964450476,0.0034361656294272912,0.1010555721497375,0.11817396156991421,0.022981822298821467,0.03295394594957197,0.07278069110515985,0.056665623497447616,-0.12568505130597019,0.6501422993515918,-0.02210338399189827,0.04794536713162288,0.0,0
2001-10-04,NEOG,1.2989909648895264,1.331889033317566,1.2225279808044434,1.2331969738006592,139465,-0.049999958674912026,0.007993946271404706,0.24954980032496166,0.05555539683096855,-0.04817474400388995,0.024599059292465673,0.05930410192588904,-0.024407579914515913,0.04379647519367042,0.07263294158672257,0.057928512935536906,-0.22500069461809902,0.49919446660660516,-0.050650075995303544,0.08868092838087055,0.09755751934570689,1
2001-10-05,NEOG,1.2314189672470093,1.253646969795227,1.2225279808044434,1.2358649969100952,87728,0.002163501181172478,-0.0313588527877946,0.36274618570713146,0.04589939571571344,-0.04018745142581571,-0.0005030366776953135,0.05912876042894362,-0.01691714169446039,0.03774625132672275,0.06332078010997942,0.057905168566415845,-0.370967626286165,0.3300886853719932,0.0036104930826472417,0.0251799258564546,0.4285812790898121,0
2001-10-08,NEOG,1.2314189672470093,1.232308030128479,1.169180989265442,1.1780719757080078,105724,-0.0467632155183465,-0.12251690234752666,0.13733820720939915,-0.011931646563626441,-0.06108295018354064,-0.05807945937653707,0.010216304774341696,-0.05684578165256381,0.022623228303673096,0.05478926782695703,0.05897313823651638,0.2051340507021704,0.400342391122217,-0.04332156070185058,0.05358504587557011,0.14084275646400327,1
2001-10-09,NEOG,1.1736270189285278,1.331889033317566,1.1736270189285278,1.2767640352249146,429643,0.08377421885245506,-0.03882155526374931,0.08787887006090433,0.07646235844780302,0.02600774239619746,0.012480024944754399,0.09060566476437289,0.026535827789894377,0.054776695467437575,0.04408935438294367,0.06177082294760793,3.06381710869812,1.543124042939522,0.08787887006090443,0.12395557050693293,0.6516852239909973,1
2001-10-10,NEOG,1.3158849477767944,1.3727879524230957,1.311439037322998,1.314995050430298,475756,0.029943681174140258,0.013013637554550428,0.0795620517963771,0.11036011030142667,0.053868886411375654,0.034844360776977314,0.11702702931570193,0.0598045112270085,0.05597570320288788,0.04358687574444626,0.061984625826738304,0.10732864261724262,1.6001512178485493,-0.0006762729127647928,0.0466533429764795,0.05796374885355334,0
2001-10-11,NEOG,1.341668963432312,1.3514490127563477,1.255424976348877,1.2705399990081787,402649,-0.033806249998866944,0.030281476520680917,0.03851749128841098,0.059303243319585475,0.012183088249315906,-0.0038340017255499327,0.07601385656092334,0.027229962439349695,0.05243972451328535,0.045616222480597976,0.0626286457468941,-0.15366490385828024,1.2928846056282766,-0.05301528645498983,0.07557734229731447,0.15740874081945802,0
2001-10-12,NEOG,1.2732069492340088,1.2732069492340088,1.2447559833526611,1.2474230527877808,237316,-0.01819458359315229,0.00935219939603682,-0.022299927635860306,0.10472464977149354,-0.008059877328714453,-0.019772163654107507,0.05117264056410992,0.01336228617535712,0.05369060437330288,0.04399796160623146,0.06111522881915699,-0.4106132139903489,0.7651869535553483,-0.02025114335241433,0.022807792286477738,0.09374266751583817,1
2001-10-15,NEOG,1.2794309854507446,1.3567839860916138,1.2794309854507446,1.3496710062026978,308173,0.08196734314506204,0.14566090530382136,0.005298080045334164,0.21927776989828796,0.04473514476255621,0.05998204187497262,0.12582065093403474,0.0982016875962711,0.05472260188606318,0.04876727324307297,0.0630028705522805,0.29857658143572285,1.0271791346374184,0.05489942134487817,0.05731248599501442,0.9080451976008038,1
2001-10-16,NEOG,1.3674529790878296,1.3674529790878296,1.3123279809951782,1.3558950424194336,123719,0.004611521021146592,0.06197778525346642,0.020750155974375017,0.30341943173610275,0.036850985893738086,0.06257002148715234,0.11631690655448507,0.10462460282871203,0.04549129220074606,0.048582386794682346,0.06072852680714079,-0.5985404302128998,0.4346105537236839,-0.008452163873382915,0.04065580031496196,0.7903322073776766,0
2001-10-17,NEOG,1.3594510555267334,1.3594510555267334,1.3158849477767944,1.3158849477767944,52862,-0.029508253508506055,0.0006767305673167634,0.013699174848192275,0.264957800716521,0.006118390790705745,0.02978034532341801,0.07122205603888616,0.07389594207753346,0.04764297791051191,0.049026372344726274,0.061466849432721085,-0.5727252887592043,0.1971070801682021,-0.03204683800334306,0.033107839574838586,0.0,1
2001-10-18,NEOG,1.314995050430298,1.3372230529785156,1.2669830322265625,1.3336670398712158,145089,0.01351340945457613,0.049685205434158775,0.08147122333661927,0.35135215117746466,0.009964967943507954,0.035554093930640726,0.07058754218785163,0.08998973876455497,0.043518309333452014,0.04546578190798492,0.05954726237705457,1.744674813665771,0.5530555203490117,0.014199284959139444,0.05266683411380983,0.9493734046597513,1
2001-10-19,NEOG,1.2909890413284302,1.387012958526611,1.2447559833526611,1.3558950424194336,368908,0.01666683053842588,0.08695685829216981,0.09712229556580776,0.49509922353655655,0.010201460286970748,0.04309189482376758,0.06916283054602558,0.10912354582466206,0.040461406861787653,0.04546294142838049,0.0549231403464541,1.542632453183908,1.4086326421866209,0.05027618284367079,0.10491739457953125,0.7812556040283654,1
2001-10-22,NEOG,1.3781219720840454,1.3825680017471311,1.2909890413284302,1.3567839860916138,265434,0.0006556139261295613,0.0052701583246781425,0.15169871966116677,0.30987095706479173,0.009793485758661041,0.029620192745964884,0.056494202213338306,0.11088486352549956,0.018342395041803464,0.041125016572633434,0.04715077669899251,-0.280487275960402,1.0405654870528132,-0.015483379863803763,0.06749708233401665,0.7184504438832644,1
2001-10-23,NEOG,1.390570044517517,1.4127980470657349,1.3514490127563477,1.3781219720840454,246313,0.015726885201452268,0.016392809892534554,0.0793865851972213,0.17424185866325126,0.022292136990334176,0.03783020028629706,0.06463321257232724,0.12835562224619607,0.01949824448679444,0.03337309390703305,0.03806192437894941,-0.07203673982986358,1.0188396802013249,-0.008951776634733103,0.04451640388304164,0.43477390684235173,1
2001-10-24,NEOG,1.3781219720840454,1.7159849405288696,1.3781219720840454,1.6893110275268557,1997501,0.22580661345397401,0.2837832292108591,0.2846520045638745,0.38686155389130517,0.18735134404688467,0.2373010570867167,0.2817050878479632,0.37623296818630414,0.0959944973139335,0.07679995207005713,0.0615709091457325,7.10960444637514,6.216310376565066,0.22580661345397393,0.2000004516275811,0.9210510902547463,0
2001-10-25,NEOG,1.7213189601898191,1.8057849407196045,1.5532770156860352,1.6137369871139526,4296426,-0.044736605149344855,0.2099999016769445,0.2701189953670753,0.31904079270637165,0.09126990812813239,0.15296656858605934,0.20650120122208157,0.3086552815636603,0.10529259272285077,0.07784396745378973,0.06310880434253414,1.1509005502375218,8.155421298876425,-0.06249973163834949,0.15647402708737612,0.23943791633422876,0
2001-10-26,NEOG,1.5719490051269531,1.5915089845657349,1.489261031150818,1.5248260498046875,799675,-0.055096300090559214,0.12459003248792522,0.22238084857976426,0.19512184411297406,0.008112126257642934,0.0682696876590331,0.12951578847798287,0.23112070610581548,0.11425880666006642,0.0810160899054241,0.06466976324950015,-0.8138743690686165,1.4369438732517303,-0.02997740713507427,0.06705548703605473,0.3478311053283233,1
2001-10-29,NEOG,1.547052979469299,1.7275429964065552,1.5292710065841677,1.7159849405288696,1746688,0.1253643920555183,0.2647443941846477,0.27140979738225024,0.2781458282592033,0.08305292924728094,0.17211229149611032,0.25377610914511134,0.37625172234453164,0.1201295313652827,0.08556275327674451,0.06905473270130656,1.1842473504861348,2.769257306944959,0.10919597667399919,0.11554413161765842,0.9417060579861064,0
2001-10-30,NEOG,1.7079830169677734,1.7657749652862549,1.6084020137786863,1.6235170364379885,535366,-0.05388619789540949,0.17806483702081022,0.19737662993517202,0.2222223817663982,-0.006096310365770842,0.08904383304014937,0.17355947676097191,0.2950905612062365,0.12927499291466457,0.08920833551116761,0.07054309557010487,-0.6934964916459035,0.8271784147418303,-0.0494536419218849,0.09693335393193428,0.09604587392246546,1
2001-10-31,NEOG,1.5719490051269531,1.7737770080566406,1.571058988571167,1.6982020139694214,836791,0.04600196724470007,0.005263084356692982,0.2905398886419035,0.3082192202249756,0.038494711696660584,0.11065853125881513,0.21004748893811345,0.3439911511384657,0.08017296162576078,0.0875968821118999,0.0704214503885986,0.5630260419974373,1.230464077282445,0.08031622427361877,0.11937214643364795,0.6271915329528227,1
2001-11-01,NEOG,1.7044260501861572,1.98983097076416,1.6830869913101196,1.9089219570159912,3596851,0.12408414388464162,0.18292012407173908,0.4313332338184832,0.5479457033800343,0.12667932104285606,0.20320563439211342,0.3282192919422089,0.4945218806567607,0.08974205781591216,0.09227803862587358,0.07259702950841154,3.2983863354170877,4.217050015558124,0.11997933662624961,0.1606896386343314,0.7362327570628281,1
2001-11-02,NEOG,1.893807053565979,1.9729379415512085,1.7826679944992063,1.9560450315475464,2058235,0.02468569988330871,0.282798803049104,0.44262274759646325,0.5827335804784846,0.09857201060880033,0.18796930086857713,0.32774089791806027,0.513192572213699,0.07510755554681199,0.09208682286751702,0.07240814587713658,-0.4277675110812208,2.1632478098434302,0.03286394876625643,0.09727278461553006,0.9112160892174677,1
2001-11-05,NEOG,2.017393112182617,2.1107499599456787,1.9560450315475464,2.098301887512207,3576606,0.07272677963457341,0.22279737890095164,0.5465261301886593,0.7811321640608178,0.12994325039848176,0.21944887520563333,0.3811665216854316,0.5999345069530021,0.06555397673845517,0.091408381973983,0.07104508058693718,0.7377053640619269,3.1792051920353246,0.040105607003909444,0.07372863233781575,0.9195366782276216,1
2001-11-06,NEOG,2.119641065597534,2.2414491176605225,2.078742027282715,2.239670991897583,4250312,0.06737310070906255,0.3795180103631324,0.6251616600457159,0.7541776946301928,0.13101651233894188,0.2395432770955812,0.4289359530104329,0.6811040081825057,0.03715827220653909,0.09083529893055896,0.07050270436220465,0.1883646115898705,3.229638151308458,0.0566274772876284,0.07264776432182678,0.9890716147722227,0
2001-11-07,NEOG,2.2343358993530273,2.2387819290161133,1.9569339752197263,2.0449559688568115,3316796,-0.08693911906935814,0.20418887272243813,0.21052662034096747,0.555105449398956,-0.002255681840852053,0.1099315523184656,0.2750152912080195,0.515730797331993,0.0794320374463203,0.07770645952144481,0.07525260433441334,-0.2196346997585118,2.274760979380153,-0.08475893465752063,0.13782592783841108,0.31230311397142224,0
2001-11-08,NEOG,1.999611020088196,2.000499963760376,1.8004499673843384,1.924036979675293,3514746,-0.059130363207338776,0.00791809356257267,0.19228659629118905,0.5143458538709946,-0.06263522176034754,0.027004080307050194,0.1756717626247606,0.4111511955869457,0.07318205853723526,0.07919811499558359,0.07649432657185655,0.05968108982282905,2.17807958013754,-0.03779437083196798,0.10397409118914061,0.6177806274919688,1
2001-11-09,NEOG,1.8529080152511597,2.000499963760376,1.8137869834899905,1.982717990875244,1053861,0.030498899875538887,0.013636168338412302,0.30029126347179536,0.589451138043507,-0.0365505754174042,0.0330769786775281,0.18490959689884223,0.436800121955519,0.0736426762395032,0.07461042873644533,0.075866922366133,-0.7001601253689456,0.6369596793651515,0.07005743110593035,0.09417021539607033,0.9047630600755161,1
2001-11-12,NEOG,2.039621114730835,2.044066905975342,1.9115890264511108,2.0227279663085938,1087603,0.020179357638091533,-0.03601670553383307,0.17875624577753313,0.49868223960707514,-0.009836399556855306,0.037344386163824524,0.18498832917714236,0.4488046388253366,0.06475787845881074,0.0665015934813535,0.07471808212962469,0.03201750515485435,0.6422261589991928,-0.008282493400481672,0.06549465955424463,0.838924507673411,0
2001-11-13,NEOG,2.036065101623535,2.098301887512207,1.9604899883270264,1.9693809747695925,908773,-0.026373784526427246,-0.12068291195707481,0.21303375977527939,0.4524582752773152,-0.009746255242189705,-0.007616644291979893,0.13336891612329174,0.3944321041383455,0.05030515047856523,0.06368070444704908,0.07543569277719869,-0.1644258061075594,0.5244711012338942,-0.03275147086444804,0.06997726745141526,0.06451537563254346,0
2001-11-14,NEOG,1.970270037651062,1.998721957206726,1.8111189603805544,1.823567032814026,963884,-0.0740404948680008,-0.10826097941196655,0.07382220596451505,0.3858103901066483,-0.06218565951534992,-0.08686169596179551,0.034343589711307236,0.27957174362845416,0.046478442990942594,0.06955274086008648,0.07764178535336466,0.06064330696444542,0.5420276940879649,-0.07445832400310665,0.1028769403319785,0.06635327070497578,0
2001-11-15,NEOG,1.808452010154724,1.808452010154724,1.6084020137786863,1.7257649898529053,2591352,-0.05363227191610187,-0.10304998912019292,-0.0959478550130961,0.2939998802246413,-0.09400662143731757,-0.12783636767381473,-0.03189599496650001,0.2015452099581975,0.04542681068828006,0.058847538563696476,0.07933184579249083,1.6884479875171703,1.3634345739349825,-0.04572254051394167,0.11591960524885185,0.5866682239454264,1
2001-11-16,NEOG,1.7515490055084229,1.8751349449157717,1.6377429962158203,1.8137869834899905,635466,0.05100462354644697,-0.08520173224971905,-0.07272738907498821,0.33770456174358676,-0.03060246435467857,-0.07671411045768166,0.0045797629530420995,0.2518103055737635,0.05169484735844431,0.06104252193825408,0.07972227318445459,-0.7547743417335815,0.33202086205743936,0.03553310685903519,0.1308819342407975,0.74157522290985,1
2001-11-19,NEOG,1.7764439582824707,1.8564640283584597,1.742658019065857,1.837792992591858,841290,0.013235296823928211,-0.09142849498157457,-0.12415224733425478,0.3545214355645889,0.0020361388120138,-0.051921792582643886,0.004495269490758684,0.257177007129418,0.05054104889690074,0.05515000125180012,0.07963184187637043,0.3238945907412827,0.4330459751995488,0.03453474229983683,0.06192536904393187,0.835939807724939,1
2001-11-20,NEOG,1.821789026260376,1.9382619857788088,1.7595510482788086,1.8555749654769895,500500,0.00967572134446626,-0.05778770626435936,-0.17149662955413125,0.3464519128672787,0.0244452251776751,-0.023397368978025194,0.0011512245597315772,0.25781985485008885,0.051601148390095886,0.0485748608404278,0.07965299626833562,-0.4050802933590082,0.2559531349554199,0.018545473010102956,0.09631027623508664,0.5373141596226074,1
2001-11-21,NEOG,1.9115890264511108,1.9329279661178589,1.8004499673843384,1.8786920309066772,244064,0.012458168416680016,0.03022921400788059,-0.08130440971943298,0.11210546802448484,0.03093285725737281,-0.002501990567170338,0.008471552511774757,0.2616130798133881,0.037707721937644184,0.042601189629438624,0.06284919354718538,-0.5123596403596404,0.1306717376135666,-0.017209240631343905,0.07051608063168564,0.5906042080219129,1
2001-11-23,NEOG,1.8457950353622437,1.9453749656677248,1.833346962928772,1.8866939544677737,170957,0.004259305638952826,0.09325079924618529,-0.019408683721776177,0.1691458828380603,0.017355420339870555,0.003736808246484696,0.005401280849363489,0.2553984292139222,0.018713227932665756,0.03861314515275234,0.061663043710140183,-0.29954028451553694,0.1028937385629821,0.022157887697158884,0.05937794122553139,0.4761933644689766,1
2001-11-26,NEOG,1.903586983680725,1.9533770084381104,1.8680230379104616,1.889361023902893,233942,0.0014136205974497607,0.04166643663275549,-0.04708534819474741,0.23906659657663787,0.01055722490716121,0.010172904668250432,-0.0028625211141968874,0.24458221261664156,0.0051780215478752474,0.03701638323151833,0.05980824109979509,0.3684259784624204,0.1432411251220492,-0.007473238627806277,0.04517610422137914,0.24999406425409826,0
2001-11-27,NEOG,1.902698040008545,1.902698040008545,1.822677969932556,1.8786920309066772,336291,-0.0056468789507346795,0.02225443152720863,-0.07120875263556914,0.09481848385432867,0.0004735480072449514,0.012264107175054374,-0.012732120214896767,0.2250980080637491,0.0071175879245399245,0.03601524671044484,0.05364728307108103,0.4374973283976371,0.21520085662855895,-0.012616825474713721,0.04259350056292645,0.7000001489742387,0
2001-11-28,NEOG,1.8831369876861572,1.8866939544677737,1.6626379489898682,1.772887945175171,1088728,-0.056317950995110166,-0.044561401096809505,-0.09977400620385823,0.09200452190197117,-0.04748245577213431,-0.03452273162347109,-0.07197531804096019,0.14516103392225507,0.027361768693958115,0.038951860562350296,0.053792468747388224,2.2374580348567163,0.6845828635213177,-0.058545418220716496,0.1263791127282822,0.4920644548229914,0
2001-11-29,NEOG,1.772887945175171,1.7773330211639404,1.6768640279769895,1.738211989402771,455511,-0.019559022817414284,-0.07477544972398109,-0.046806638788342236,0.023560197847033004,-0.051799577251257126,-0.048985967729002634,-0.09107836798339203,0.11272980874689635,0.024777114523623956,0.032184093951402065,0.053206528863827963,-0.5816117524303591,0.2898964951310021,-0.01955902281741429,0.05780019571805557,0.6106158674410749,0
2001-11-30,NEOG,1.7666640281677246,1.772887945175171,1.6946460008621216,1.728432059288025,596101,-0.005626431168563206,-0.08388318349405721,0.0015454418479927678,-0.09455069499546565,-0.04056855974833611,-0.054474754936441876,-0.0919070958779021,0.09606332420616694,0.02318218164177976,0.02720503155970048,0.04485606621827887,0.30864238185246906,0.4194199630761888,-0.02164076942198883,0.045267584509673296,0.4318151692489118,0
2001-12-03,NEOG,1.6901999711990356,1.729321002960205,1.627073049545288,1.6893110275268557,303674,-0.02263382673964287,-0.10588235591035422,-0.06862765975066432,-0.13636393831366,-0.040985350898033124,-0.06953977098098811,-0.1061979252562239,0.060729376801677865,0.02073397495135658,0.021348154921702805,0.04451068228189087,-0.49056619599698714,0.22772313200332486,-0.0005259399404375407,0.060526422753900785,0.6086965646051521,0
2001-12-04,NEOG,1.659080982208252,1.733767032623291,1.6448559761047363,1.670639991760254,573607,-0.011052455979012943,-0.11074302531959701,-0.09095311686647933,-0.2038133303397055,-0.02863928610302644,-0.07127316417100374,-0.10596180832641908,0.04070895672947991,0.01979038763598199,0.020154321136851096,0.04043201786173528,0.8888907183361103,0.48472210239054825,0.00696711593705137,0.05321975827052625,0.2899978547677786,0
2001-12-05,NEOG,1.652858018875122,1.684865951538086,1.6377429962158203,1.6448559761047363,686078,-0.015433615729712358,-0.07221661663325507,-0.11355994411041559,-0.265581425997255,-0.02917695708477365,-0.07476852653875796,-0.10552385653951955,0.018666514390451486,0.006756448988354181,0.019061642406495185,0.03603390987311859,0.1960767563854695,0.6825551961217763,-0.004841337053155754,0.02864868171246202,0.15094511454707357,1
2001-12-06,NEOG,1.6466339826583862,1.835124969482422,1.6466339826583862,1.7933369874954224,741190,0.0902699163621068,0.03171362206032868,-0.04543322801559002,-0.12304371594956698,0.051616134439532675,0.01361864845272409,-0.018061592512663305,0.10276408566463434,0.0469056842909487,0.03726276472168649,0.03899692835988966,0.08032905879506402,0.8457395636988437,0.08909266198927428,0.10510628406057844,0.7783024923838372,1
2001-12-07,NEOG,1.7648860216140747,1.9115890264511108,1.7648860216140747,1.893807053565979,418395,0.05602408625434818,0.09567919860620688,0.003770139338900913,-0.015711717824891114,0.08940273916841314,0.06997553182038636,0.037809518381480986,0.15502254741239055,0.0506740518584784,0.04185520968044578,0.03921245625064236,-0.4355091137225273,0.5798451376445325,0.07304779479980225,0.07746459944839629,0.8787893069751039,0
2001-12-10,NEOG,1.909811019897461,1.9115890264511108,1.7791110277175903,1.8804700374603271,170957,-0.0070424365990920945,0.11315797198892819,-0.004705816585651612,-0.05156958976792292,0.058452516990501836,0.06297425954239445,0.033395975607178476,0.1384922395857582,0.0478385145312719,0.04193449578018967,0.03856559096459499,-0.5913980807610033,0.2523655440882415,-0.015363290991330193,0.0704494068474704,0.7651007013369855,0
2001-12-11,NEOG,1.8884719610214231,1.8973629474639893,1.7328779697418213,1.7826679944992063,253062,-0.052009359900893504,0.0670569382341406,-0.051112175294174556,-0.11868129368255498,-0.00909358768958424,0.013189194691486033,-0.013845470702381112,0.07355887136047161,0.057551775027003226,0.045107649766230766,0.039746316298226274,0.48026696771702815,0.3980895752669811,-0.05602623110432114,0.09226899132632697,0.3027025655892145,0
2001-12-12,NEOG,1.7559950351715088,1.7559950351715088,1.6537469625473022,1.6866439580917358,208073,-0.05386535053289376,0.025405252857432448,-0.048646045181898745,-0.1435664405719851,-0.06680438000438745,-0.03666459155642741,-0.059610840952238904,0.011366536979922154,0.06465407674986842,0.04479923457382065,0.040961150341676404,-0.17777856809793646,0.34640953450734957,-0.03949389132128121,0.060622203123349,0.3217370723978366,1
2001-12-13,NEOG,1.6715290546417236,1.7515490055084229,1.6448559761047363,1.7070930004119873,131592,0.012124101368369056,-0.04809134461888476,-0.01790287328617257,-0.06387153875133544,-0.04638943042852019,-0.02324896045366437,-0.045108928829790444,0.018632173031094962,0.04620845579511358,0.04470414810469074,0.0379513743104143,-0.3675681131141474,0.2353886071069858,0.021276295300703862,0.062499834149596645,0.5833279329970972,0
2001-12-14,NEOG,1.6910890340805054,1.7462140321731567,1.6679730415344238,1.6679730415344238,302549,-0.02291612634351048,-0.11924869094046131,-0.03497911151827704,-0.033487727853030114,-0.04412487448648594,-0.04231940956601076,-0.06548082812416502,-0.00984849737401131,0.028580571422667067,0.04523736968952002,0.03636669764225343,1.2991443248829717,0.6804950097429979,-0.01366929362098926,0.046907826859573475,0.0,1
2001-12-17,NEOG,1.6893110275268557,1.7737770080566406,1.6448559761047363,1.6715290546417236,504999,0.0021319367991874394,-0.11111104067405897,-0.010526168713386519,-0.07843144213911046,-0.018584253568821513,-0.03929684909171164,-0.05974141216100033,-0.01284355139941289,0.030246873069440613,0.044696668441877675,0.03426375258225144,0.6691478074625927,1.15276046731404,-0.010526168713386541,0.077127604568942,0.20689470238601604,1
2001-12-18,NEOG,1.7239869832992554,1.7239869832992554,1.6581920385360718,1.6724179983139038,208073,0.0005318146697550485,-0.06184550153225499,0.0010642667255778004,-0.08998564851677016,-0.00518306435173187,-0.038884149546591425,-0.05484518164485555,-0.01805208996037365,0.026503795792642726,0.044533302469093164,0.034053794126944543,-0.5879734415315674,0.5119690446133978,-0.029912630132892394,0.039341208256259294,0.21621660796335754,1
2001-12-19,NEOG,1.7133170366287231,1.7648860216140747,1.6804200410842896,1.702648043632507,708573,0.018075651750388166,0.009488716017385324,0.035135032104531616,-0.08241484428799206,0.010874229931783368,-0.024750383815328954,-0.03358474461689091,-0.005277441700227748,0.015683668108542832,0.04442146926344267,0.03428444368359724,2.405405795081534,1.6999463558440462,-0.006227097944003004,0.04960859694149213,0.26315923178538503,0
2001-12-20,NEOG,1.728432059288025,1.733767032623291,1.656414031982422,1.6670830249786377,519620,-0.020888062443012778,-0.02343749017991037,-0.0704016943815513,-0.1126363461636204,-0.00551634007527702,-0.038165834307403966,-0.04805445851802677,-0.03004560571084262,0.01722367774404531,0.03295554744099203,0.034266037960649316,-0.26666694892410525,1.206738712109143,-0.03549403864601891,0.0464002089169255,0.1379260391687858,1
2001-12-21,NEOG,1.656414031982422,1.6937570571899414,1.654636025428772,1.6937570571899414,98975,0.01600042218151998,0.015458292798184559,-0.10563377932263462,-0.10226189405067487,0.007297125209839061,-0.011365247495602629,-0.027465638356633945,-0.01935538943926118,0.015601491534432261,0.026222865045255082,0.0345398611200258,-0.8095242677341135,0.23179184050566803,0.022544499434616956,0.023097191887763345,1.0,0
2001-12-24,NEOG,1.6937570571899414,1.6937570571899414,1.645745038986206,1.6626379489898682,102349,-0.01837282865802603,-0.005319145142685611,-0.11583917006444444,-0.11999986876233859,-0.0101629910389889,-0.017031095499500666,-0.039079135412237176,-0.04197876025856459,0.018388633867825507,0.026287854516358577,0.03463512407018604,0.03408941651932307,0.24344473744519915,-0.01837282865802606,0.02887701332265689,0.3518475297576188,1
2001-12-26,NEOG,1.645745038986206,1.7115390300750732,1.645745038986206,1.6964240074157717,145089,0.02032075500648234,0.014354072442457788,-0.0483791638990313,-0.09701857488741306,0.007072674462094199,0.008083626369957617,-0.014361052680732773,-0.026401564354299616,0.020758904371972947,0.023871019482247305,0.03512484132236716,0.41759079228912843,0.3531351026718972,0.030793936623855392,0.038783930669015775,0.7702674300623312,0
2001-12-27,NEOG,1.6937570571899414,1.7159849405288696,1.647523045539856,1.6679730415344238,212572,-0.016771140797923745,-0.020365337526894844,-0.01106986241390051,-0.059177402568655224,-0.0057237228711686005,-0.007722152569265096,-0.027928634673778544,-0.046146725696431905,0.020287842323157862,0.017378968912245316,0.03311031222289458,0.46511451591781605,0.5791332807249764,-0.01522297164523407,0.04104496492703102,0.29870625108828136,0
2001-12-28,NEOG,1.6866439580917358,1.6875330209732056,1.6003999710083008,1.602177977561951,551112,-0.039446119531971524,-0.03893330232759018,-0.061458293616526105,-0.07826088685969756,-0.037496247572245865,-0.04087739627077615,-0.06255711434464159,-0.08676285061552316,0.025253084042557893,0.020441270509043093,0.03393679671840742,1.5925898048661158,1.4821532304911895,-0.05007931882989075,0.05438412659840448,0.02040565037452798,1
2001-12-31,NEOG,1.6235170364379885,1.6324080228805542,1.602177977561951,1.6092909574508667,981879,0.004439569129354615,-0.04986907619396708,-0.03518167417716389,-0.06893016199099822,-0.023311167568953538,-0.033223090237780556,-0.05510182479212375,-0.08558166307105389,0.02297210323270707,0.019765015584998095,0.03397866899044357,0.7816324086574054,2.510423247645421,-0.008762506747902044,0.018784698427988432,0.23529504550687957,1
2002-01-02,NEOG,1.6092909574508667,1.675084948539734,1.602177977561951,1.654636025428772,156336,0.028177047641982922,-0.004812787754518544,-0.010106332980596933,-0.02052612072795601,0.005185360225096283,-0.004972373508301057,-0.027487390763104223,-0.06299714486611906,0.02766633716232594,0.022147136293959414,0.03433311262854184,-0.8407787517606549,0.407385981644491,0.028177047641982856,0.04406224079334339,0.719520330680128,1
2002-01-03,NEOG,1.6581920385360718,1.6626379489898682,1.6137369871139526,1.657302975654602,127093,0.0016118047624031906,-0.023060880764570357,-0.009037825875194083,-0.00798317780696689,0.011613902576646164,-0.002461867883284767,-0.025537958022319472,-0.06467038057565101,0.025282500894585034,0.022156947124363027,0.034244629930228164,-0.18705224644355745,0.3516409755406536,-0.0005361640032083571,0.02950635013287212,0.8909024867690043,1
2002-01-04,NEOG,1.6626379489898682,1.684865951538086,1.6226279735565186,1.6724179983139038,232817,0.009120253134965672,0.002664885264207273,-0.017754723550563734,0.01675649577201188,0.02028643098206445,0.008470905770510113,-0.017446777216466113,-0.05926489809694085,0.024760770780220282,0.02148521087089955,0.0340964296514404,0.8318632812192646,0.6872517178193454,0.0058822483451538505,0.03721436748726358,0.7999942538642763,0
2002-01-07,NEOG,1.6875330209732056,1.6982020139694214,1.602177977561951,1.605734944343567,581480,-0.039872241292287836,0.002220082182772698,-0.03679965527563145,-0.10461059157312136,-0.020819637469188856,-0.028143902524584048,-0.051395757943087594,-0.09592407493909264,0.02493396893585734,0.02406461585585376,0.028136089257675405,1.497583939317146,1.7579068851705704,-0.048471985799996654,0.059800676784004116,0.03704246264468907,0
2002-01-08,NEOG,1.6137369871139526,1.684865951538086,1.5070430040359497,1.5426080226898191,722069,-0.03931341338501815,-0.041436220375384525,-0.0892389105382615,-0.18544604647810514,-0.05160154127335303,-0.05773085951980241,-0.07913584181926193,-0.13077017248118905,0.030375248810569154,0.025409139786044074,0.02514706469365149,0.24177787714108834,2.0871250994866655,-0.04407717304127876,0.11527422707945562,0.20000241337492258,0
2002-01-09,NEOG,1.5114890336990356,1.578171968460083,1.5114890336990356,1.5248260498046875,512872,-0.011527214057998725,-0.07845228414535843,-0.08288749770742809,-0.1891250488287255,-0.047327870584032435,-0.06068549950247309,-0.07998475546634609,-0.14078997076859565,0.02277393067176785,0.025220396659225493,0.025140254108745777,-0.28971884958362704,1.4126401424340713,0.008823759754983106,0.04373150286197476,0.20000643573117952,0
2002-01-10,NEOG,1.5150450468063354,1.5310490131378174,1.480370044708252,1.489261031150818,752437,-0.023323984174079992,-0.10139482458686266,-0.12211745139149088,-0.1645886750947213,-0.04959163065479691,-0.07073521230304994,-0.09341860323675875,-0.15868052417128622,0.02057854121982529,0.023424645603793096,0.023381547456815803,0.46710485267279167,1.9391309311610154,-0.017018646217727456,0.03402960754999648,0.17543739973561218,0
2002-01-11,NEOG,1.4937069416046145,1.5008200407028198,1.4670330286026,1.4732569456100464,368908,-0.010746326672097628,-0.11908569084083487,-0.1167381552793273,-0.12651574237583307,-0.035281994373858996,-0.06941493696185685,-0.09729804395019048,-0.16630624704885766,0.014261312658675671,0.0233854776054455,0.0208472302064405,-0.5097157635788777,0.9314219189198265,-0.013690768533618574,0.02293355018681361,0.18421034061800964,0
2002-01-14,NEOG,1.4679230451583862,1.515934944152832,1.3825680017471311,1.3825680017471311,554486,-0.061556773333495296,-0.13898118327845677,-0.13706965074442123,-0.19010387751958202,-0.06741027866754544,-0.11441417104580796,-0.1443584740636559,-0.21482088836849908,0.021427734039384087,0.0270220630715364,0.023692920239183023,0.5030468301039825,1.3290193243569732,-0.058146810687916856,0.09646320632125656,0.0,0
2002-01-15,NEOG,1.4670330286026,1.474146008491516,1.348781943321228,1.3781219720840454,826668,-0.003215776480771537,-0.10662854606380312,-0.14364648250618106,-0.17377443293911676,-0.049313253767426735,-0.10399466302692144,-0.13939111396018944,-0.21259862953048678,0.023214409972955444,0.02653628232275357,0.023546202568813332,0.4908726279833937,1.8642987404615057,-0.060606035982192955,0.09096732198580931,0.2340385877162124,0
2002-01-16,NEOG,1.3781219720840454,1.3781219720840454,1.3123279809951782,1.3425580263137815,891902,-0.025806094446402916,-0.11953365009356476,-0.18860824635685092,-0.19680844159687905,-0.0499557792446852,-0.10903930039249718,-0.15289882895159118,-0.22750285629044986,0.022458581016132413,0.021836980431383046,0.023665016678071346,0.07891196949682344,1.9273303649472573,-0.0258060944464029,0.049006441285458356,0.4594651398753409,1
2002-01-17,NEOG,1.3336670398712158,1.3959050178527832,1.320330023765564,1.348781943321228,707448,0.004635864435994064,-0.0943280492077575,-0.18615849779157867,-0.19351385557854484,-0.026190564430795295,-0.08619944924196424,-0.1401930858901885,-0.21716947262253747,0.026137856574161775,0.02219465597508982,0.023784371578580668,-0.20680971676260396,1.4504784111429534,0.011333341079998319,0.056032032799255956,0.37647266664458356,0
2002-01-18,NEOG,1.3558950424194336,1.3567839860916138,1.313217043876648,1.3309990167617798,846913,-0.013184434035096726,-0.09656016166912451,-0.2041469189498889,-0.21827707039079802,-0.018875619899279324,-0.07689490449493434,-0.1413579024365952,-0.21925548936115366,0.025959640341098964,0.019930364102327652,0.022820613221565363,0.19713816421843022,1.7121416351419307,-0.018361322136874112,0.0327325126963361,0.40815287879036627,1
2002-01-22,NEOG,1.409240961074829,1.409240961074829,1.311439037322998,1.3336670398712158,587103,0.0020045267320536464,-0.0353696612492983,-0.1694351271551694,-0.1999996281599078,-0.009770054714147434,-0.05725579994756076,-0.13028334988797594,-0.21110744715991459,0.012476453336802407,0.02024615072295772,0.022924485836942673,-0.3067729507044997,1.1788615600730403,-0.05362739466923598,0.07333308901543761,0.2272757190811558,1
2002-01-23,NEOG,1.402127981185913,1.402127981185913,1.32922101020813,1.3372230529785156,677081,0.002666342498531815,-0.029677285417401,-0.13314138568602618,-0.21049890401811222,-0.0010628374241665275,-0.040816427220929694,-0.11770754000079199,-0.2034743012871152,0.013192583383170222,0.01972826489899516,0.022287826864577785,0.15325760556495194,1.284952651268943,-0.04629030236776331,0.05452117417164684,0.10975689516471603,0
2002-01-24,NEOG,1.348781943321228,1.3861240148544312,1.2892110347747805,1.3087719678878784,496001,-0.021276244847309167,-0.025165436252069018,-0.14169096989422703,-0.21283405765938412,-0.017356283554023553,-0.04644660193904925,-0.12627964972160385,-0.2141116306104254,0.01153887399675847,0.019832799983883008,0.022344278074678425,-0.267442152416033,0.9074074853282933,-0.02966378340951794,0.07404878959628904,0.20184017762142098,0
2002-01-25,NEOG,1.2803200483322144,1.3078830242156982,1.2136369943618774,1.2678730487823486,913272,-0.031249843447925696,-0.05998663826982298,-0.14865626491105666,-0.25262019209823094,-0.03635595373967855,-0.061100523073884375,-0.14129976271941783,-0.23170556841751017,0.014739574881758944,0.020354794162818386,0.021416654684490492,0.8412704813095135,1.5610888094978237,-0.009721787584346258,0.07433396422799085,0.5754730942469767,1
2002-01-28,NEOG,1.2634270191192627,1.3523379564285278,1.260759949684143,1.3061039447784424,375656,0.03015356784562173,-0.018704049867674044,-0.11345814545770849,-0.2169514061348894,-0.0035277088369744594,-0.020666973673013928,-0.10443236254491557,-0.20212500464208763,0.023910911644613526,0.02504562661845386,0.023584446946429624,-0.5886701880710237,0.6332953261056381,0.0337787026977861,0.07011540475817135,0.49514066429579334,0
2002-01-29,NEOG,1.3336670398712158,1.3336670398712158,1.234086036682129,1.2749849557876587,484754,-0.023825813493016046,-0.044000550609111344,-0.07781392728858272,-0.20421765019650617,-0.018480829330664462,-0.036225892556363555,-0.11585209266020724,-0.2158795562029267,0.025170622157828934,0.018747545824639788,0.022871585979940216,0.290419958685606,0.821813696923204,-0.04400055060911133,0.07810366917432988,0.4107100530798017,0
2002-01-30,NEOG,1.262537956237793,1.2892110347747805,1.2403099536895752,1.253646969795227,1500375,-0.0167358727611413,-0.062499732559300525,-0.09032219557502796,-0.22099421239462091,-0.022326865394156226,-0.043354229525929676,-0.11979509691771892,-0.22449909540443047,0.024464693515031017,0.01885859936328184,0.02260269603811794,2.0951266002962328,2.4365298488405545,-0.007042153781308847,0.03900705881592239,0.2727345860189353,0
2002-01-31,NEOG,1.3105499744415283,1.32922101020813,1.2403099536895752,1.2456450462341309,639965,-0.006382916206787659,-0.048233705490822065,-0.07218531950216078,-0.2471788193350002,-0.01890736175045423,-0.04237848747876016,-0.1126731821052835,-0.22399450563559967,0.024045299027600046,0.017943334396170886,0.020587566355241033,-0.5734633008414562,1.0,-0.04952495476950869,0.07137752186094531,0.06000482677249797,0
2002-02-01,NEOG,1.2500900030136108,1.3158849477767944,1.2136369943618774,1.2278629541397097,508373,-0.01427540867133903,-0.03155686184911355,-0.08965051006226299,-0.259119803574402,-0.026779101045903735,-0.04719166076738401,-0.11175402682956928,-0.2292147797493004,0.021263234771793316,0.01753523504665006,0.02026182984695302,-0.2056237450485573,0.7713970098432694,-0.01778035887041578,0.08327309906222884,0.13913197577758873,0
2002-02-04,NEOG,1.253646969795227,1.2660939693450928,1.2180819511413574,1.2225279808044434,291302,-0.004344925724226512,-0.06398875396412362,-0.08149595498668227,-0.26900572581916127,-0.017997426435757226,-0.043278593533589746,-0.10098396825978738,-0.22641545374038027,0.007928018798337539,0.017535456532328717,0.01964345188984481,-0.42699159868836467,0.44006430967745835,-0.024822768881949855,0.03927273564089933,0.09260243225393168,0
2002-02-05,NEOG,1.2225279808044434,1.248311996459961,1.2002999782562256,1.2002999782562256,229443,-0.018181999019434625,-0.058577144139943416,-0.10000026815378793,-0.2524918371587692,-0.024143650422653276,-0.05076656132707451,-0.10397250021156275,-0.23390353486850052,0.006244470263352179,0.017375189450673876,0.018799467080881996,-0.21235350255061758,0.3560836524914821,-0.018181999019434618,0.04000001589059958,0.0,1
2002-02-06,NEOG,1.2660939693450928,1.2820980548858645,1.2163039445877075,1.2331969738006592,131592,0.027407311622404285,-0.016312404119565027,-0.07779261578399355,-0.20057658480839824,0.005946935299177463,-0.01666099338968968,-0.06865891088821223,-0.20628577110582377,0.017995585880942702,0.020848183314788216,0.020003685201698877,-0.42647193420588125,0.21403074732093574,-0.02598305997891301,0.05335247466216397,0.2567559487680293,0
2002-02-07,NEOG,1.232308030128479,1.243867039680481,1.142508029937744,1.2260839939117432,1299050,-0.005767918702390351,-0.015703552453827263,-0.06317981742043166,-0.1959187777066176,0.003346674754725685,-0.015843821552803915,-0.06346588885995154,-0.20406817622946255,0.01797009616181581,0.02031009306680535,0.020036189059285496,8.871800717368837,1.9859006480987262,-0.005050714646472708,0.08266889564340331,0.8245538722815704,1
2002-02-08,NEOG,1.2358649969100952,1.2981020212173462,1.2091909646987915,1.2758749723434448,382404,0.04060976138579764,0.03910209852155222,0.006311297151383677,-0.14328318162094145,0.03595185798268669,0.023465153932948155,-0.017425817798174155,-0.16521205296952818,0.024836841083109625,0.0230388052645525,0.022815194147887012,-0.7056279588930372,0.601609603501885,0.03237406636920893,0.06968633952843248,0.7500080446208301,1
2002-02-11,NEOG,1.232308030128479,1.3514490127563477,1.232308030128479,1.350559949874878,430767,0.05853628227713914,0.10472723003541184,0.03403711111520824,-0.08328282184636981,0.07425750920384994,0.07952528748212133,0.045027715701885254,-0.11143604688499349,0.0319576700008699,0.028214741677421353,0.027138973585684092,0.1264709574167635,0.6744140989646997,0.09595970881896317,0.0882159897003509,0.9925377241159185,1
2002-02-12,NEOG,1.3514490127563477,1.3772330284118652,1.3087719678878784,1.3514490127563477,1166333,0.0006582920525313174,0.12592604951947828,0.05997251702585871,-0.022508107341887573,0.04972377839210774,0.07367374309335084,0.04697615891581702,-0.10630290700474128,0.026975897494865918,0.02657503159104763,0.02351710622549943,1.7075727713589943,1.7425638345539003,0.0,0.050657523796888995,0.6233769173575161,0
2002-02-13,NEOG,1.343446969985962,1.347892999649048,1.3158849477767944,1.3167740106582642,195701,-0.025657647288788277,0.06777265808561328,0.05035471897909849,-0.044515625371685075,0.009681124376937284,0.040905453755494994,0.02254311668390272,-0.12446623607573565,0.03475821820742032,0.027560306646618606,0.024161061461558966,-0.8322082972873099,0.30685115795737267,-0.01985412146783618,0.02430793105967561,0.027776225963955518,1
2002-02-14,NEOG,1.3123279809951782,1.331889033317566,1.304326057434082,1.32477605342865,218195,0.0060770053977488026,0.08049371821749007,0.06352612843743088,-0.013244844942721046,0.0006716991335354579,0.04072104065183427,0.029467893350071855,-0.1148547422733921,0.0334819319181996,0.027255412275644094,0.02355186544324867,0.11494064925575231,0.36119833189424555,0.009485488851675576,0.020805762462378613,0.7419371580563545,0
2002-02-15,NEOG,1.341668963432312,1.3514490127563477,1.2954349517822266,1.3105499744415283,224944,-0.01073847836417563,0.02717742948934454,0.0673422225363518,-0.028345552125021545,-0.015232562155859166,0.022900774012712184,0.019928058068551985,-0.12012602340376473,0.03190114064666105,0.02697729714661483,0.023629393505131203,0.030931047915855103,0.38786042928389003,-0.02319423780302246,0.042740881360125674,0.26984336426321615,0
2002-02-19,NEOG,1.2900999784469604,1.3470029830932615,1.2892110347747805,1.2936569452285769,700700,-0.012890030553890264,-0.042132898026165266,0.058181870305601846,-0.028055671764546708,-0.0195417985187392,0.004140857632175187,0.008246199213167183,-0.12735244364814252,0.012399908230510487,0.027501875810885538,0.02362160904099357,2.1149975104915,1.223608359408718,0.0027571249058529223,0.04467331817112435,0.07692958246182974,0
2002-02-20,NEOG,1.2972129583358765,1.306993007659912,1.2669830322265625,1.2803200483322144,244064,-0.010309454098749504,-0.05263163001544702,0.06666672625641512,-0.04000023239994954,-0.019073754388141555,-0.012345789136652742,-6.954291359402661e-05,-0.13032980144542822,0.011293242380024148,0.026837219785470604,0.02369513294874033,-0.651685457399743,0.4393602432121341,-0.013022464734960017,0.031249979632411346,0.33334227180092246,0
2002-02-21,NEOG,1.2892110347747805,1.2892110347747805,1.262537956237793,1.2660939693450928,227193,-0.011111345952641183,-0.03848803280058366,0.026676188997647676,-0.053191637307621,-0.022381198289007014,-0.025792217109019428,-0.0084259278385466,-0.13259612784601804,0.007816274103094907,0.026308715896316028,0.023759362938284533,-0.06912531139373279,0.4262499244846476,-0.017931172481568287,0.02106721869213594,0.13331843575418884,0
2002-02-22,NEOG,1.2900999784469604,1.2900999784469604,1.2376430034637451,1.2456450462341309,312672,-0.016151189095023888,-0.05973161047840525,0.0159540883165592,-0.048233705490822065,-0.026271695523955564,-0.04296730264585054,-0.02202349602564509,-0.1391174299569373,0.0023966317232093646,0.026889102789687955,0.02357270685072531,0.376239584846364,0.5968871086514861,-0.03445851713473015,0.04211229767404826,0.1525448765001443,0
2002-02-25,NEOG,1.2358649969100952,1.2447559833526611,1.2118589878082275,1.2118589878082275,312672,-0.027123343466139316,-0.07530501587728966,-0.05017418314714395,-0.044179550174929916,-0.037836795595538444,-0.06432322778623538,-0.046452754363692846,-0.1558068606448828,0.006865469663565608,0.02447824511183923,0.02332186734896194,0.0,0.633185688154955,-0.019424459113161555,0.02714589393270187,0.0,1
2002-02-26,NEOG,1.2109689712524414,1.32744300365448,1.2109689712524414,1.32744300365448,258685,0.09537744655861169,0.02611670624930129,-0.01711656429804509,0.01633794841623981,0.0483077746195886,0.026751842123663164,0.04361800014501409,-0.07063892443791352,0.05033602688795568,0.0354121764009166,0.031263263207767476,-0.1726633660833078,0.5301365360054693,0.09618250770007394,0.0877431513679932,1.0,1
2002-02-27,NEOG,1.3283319473266602,1.3558950424194336,1.2758749723434448,1.334555983543396,200200,0.005358407004544707,0.042361232476075816,-0.01249993825405038,0.046722926012044974,0.04497354398579554,0.03360414861755656,0.04675893745505975,-0.06075960824753475,0.04953762327538732,0.03547053095987574,0.030706970005700978,-0.22608578000270596,0.4226022546526883,0.004685603044677235,0.05996006991293576,0.7333286654738796,0
2002-02-28,NEOG,1.3381119966506958,1.3470029830932615,1.311439037322998,1.33010995388031,1039240,-0.0033314673328886935,0.050561795636962614,0.010127738787446994,0.06099243720708114,0.031154860773215668,0.029097816860399285,0.04015260222544189,-0.05941555806241968,0.04885487941489312,0.03441313493143616,0.03040482059367332,4.191008991008991,2.305964556478924,-0.005980099416502441,0.026737598396668845,0.5249956424386287,0
2002-03-01,NEOG,1.2998809814453125,1.3336670398712158,1.2998809814453125,1.32566499710083,490377,-0.0033417964932243027,0.06423976967485068,0.0006710142970047794,0.06423976967485068,0.015114488155088061,0.025588244481369513,0.03344318687740401,-0.057950727454281946,0.047400789388411774,0.03440331721873921,0.030360957113672985,-0.528138832223548,1.106457908459554,0.019835674206763784,0.02548612092783012,0.7631554805975627,0
2002-03-04,NEOG,1.306993007659912,1.332777976989746,1.2892110347747805,1.32566499710083,133842,0.0,0.09391027375093564,0.011533343217791314,0.07965224671970361,-0.0022750189958747843,0.024390363879769627,0.02951850098928067,-0.053285108549793486,0.0429484631810371,0.03417783984275435,0.030086647485240925,-0.7270630555674511,0.31531646142189956,0.014286219843171907,0.03286421706105581,0.83673447051162,1
2002-03-05,NEOG,1.32477605342865,1.3558950424194336,1.2918790578842163,1.3470029830932615,258685,0.016096062005934053,0.014735080440314574,0.04123661845703519,0.10181771234954606,0.010808346462220784,0.036605870695795906,0.041057848212216246,-0.033135411265221036,0.008160349422314144,0.034036763640676926,0.030126341328630218,0.9327640053197053,0.6117828354810632,0.01677787699067033,0.047524753351481666,0.8610962653978979,0
2002-03-06,NEOG,1.3523379564285278,1.3558950424194336,1.2909890413284302,1.311439037322998,1012247,-0.026402276918937706,-0.01732182576486585,0.024305632823074408,0.09259273604939433,-0.012453049960154877,0.006825961212306917,0.009237078407226092,-0.05383213017736525,0.015172089320072328,0.035178490315905524,0.030516764922393497,2.913048688559445,2.1911144498933552,-0.030243120006438515,0.04949219845056171,0.31507095878384705,1
2002-03-07,NEOG,1.2954349517822266,1.3736770153045654,1.2954349517822266,1.3470029830932615,249688,0.027118260748787204,0.01270047574914357,0.06390443024542658,0.09228534590208826,0.01175342681433994,0.027745390938730314,0.032086271257194314,-0.023286743678467312,0.020411036138412945,0.03555740100792967,0.030505593431707657,-0.7533329315868558,0.5336548382453347,0.03980750344900679,0.05808603581757746,0.6590832218568949,1
2002-03-08,NEOG,1.3692309856414795,1.4047960042953491,1.3470029830932615,1.3781219720840454,359910,0.023102390552485863,0.039570310069237946,0.1063520673488989,0.12400290594059116,0.02703407610051517,0.04096686734924092,0.049815129912377576,0.0034178261538685773,0.0218326103996027,0.034907854704987806,0.03065937586646146,0.441438915766877,0.8550435058708069,0.0064934160384929685,0.04193607124243941,0.5384558263872147,1
2002-03-11,NEOG,1.3781219720840454,1.4047960042953491,1.3736770153045654,1.3967939615249634,222694,0.013548865644077646,0.053655308527938095,0.1526043669909234,0.0947733843853229,0.030029208237521185,0.040535448086506526,0.059160824030904446,0.021469922092642802,0.02143123177329569,0.03228398804352004,0.029645615444632976,-0.38125086827262367,0.5392884131355986,0.013548865644077583,0.022278868500268452,0.7428565956061215,0
2002-03-12,NEOG,1.394126057624817,1.4047960042953491,1.3736770153045654,1.3967939615249634,52862,0.0,0.03696426738221592,0.05224401927582467,0.03423321686265668,0.022520420332728906,0.03518739180738207,0.05730745272113704,0.02553745372242195,0.021624698706491162,0.015591623407571219,0.02683183365873408,-0.7626249472370158,0.1341521226498889,0.0019136747968772727,0.022278868500268452,0.7428565956061215,1
2002-03-13,NEOG,1.3790110349655151,1.492817997932434,1.3790110349655151,1.4679230451583862,655711,0.05092310361634644,0.11932236526587947,0.09993365828002632,0.08618455546797432,0.050522069029648606,0.0772547005810651,0.10627208506477652,0.07988992162806632,0.018808078817222327,0.021264207449119478,0.0289672547131197,11.404203397525633,1.7793376155756322,0.06447519848533664,0.07752924333621275,0.7812528150735009,0
2002-03-14,NEOG,1.50615394115448,1.5675029754638672,1.4572529792785645,1.4661439657211304,646713,-0.0012119705069851827,0.08844893747322913,0.10227275680778902,0.11343628736125733,0.031656344628804456,0.065314031857955,0.09874702895962705,0.08085757046381646,0.021332083270195656,0.02112922961840221,0.028130211640403798,-0.01372250884917292,1.6537237955765376,-0.026564333392562527,0.07519725126793787,0.08064387075009408,1
2002-03-15,NEOG,1.5025980472564695,1.5114890336990356,1.4572529792785645,1.4937069416046145,114721,0.018799638049137313,0.08387136397352202,0.12676048992112232,0.12751656231915942,0.03422800806125432,0.07224929380492158,0.11236188215301998,0.10379636094480228,0.02112387693474322,0.020734153269575496,0.028281454464427938,-0.8226091017190005,0.29728861258749234,-0.005917155068908096,0.03630970233170914,0.6721352191926893,1
2002-03-18,NEOG,1.4937069416046145,1.5630569458007812,1.4759249687194824,1.5248260498046875,538740,0.020833476322097866,0.09166139875056722,0.15023482790856946,0.16350088095989612,0.03738216872879248,0.07915958945903312,0.12654801878906985,0.12900276755713141,0.021128254597210478,0.02041662605494476,0.02815617883650854,3.6960887718900635,1.3415482015076419,0.02083347632209791,0.05714224064604577,0.5612300182237083,0
2002-03-19,NEOG,1.5194909572601318,1.5203800201416016,1.5025980472564695,1.5150450468063354,111347,-0.006414504132851717,0.08465893219660714,0.1247525549848314,0.1711335469533164,0.01440617279333042,0.05963530644100987,0.11024207462177316,0.12438105830818368,0.022626140180103664,0.021410987379991725,0.027940151077714238,-0.7933195975795374,0.29922887702302375,-0.00292592096883092,0.01173692684756527,0.6999785473901596,0
2002-03-20,NEOG,1.515934944152832,1.515934944152832,1.480370044708252,1.480370044708252,146213,-0.022887109641510195,0.008479327026658101,0.12881346564922125,0.15624999127103334,-0.01046000832542333,0.02329292952099246,0.07693794711900633,0.10069537248730918,0.018284293014447194,0.020727878549616528,0.028516386309040055,0.3131292266518182,0.3981612142673913,-0.02346070296865888,0.0240243306541569,0.0,0
2002-03-21,NEOG,1.480370044708252,1.480370044708252,1.3514490127563477,1.4688119888305664,159710,-0.007807545092526791,0.0018197552026371078,0.09042964809000087,0.1601129334739133,-0.018535958158698865,0.006826106736369604,0.06070840881535787,0.09330141865786673,0.018789022510159875,0.020910467533870693,0.028411305176497526,0.09231053326311622,0.4389489027582927,-0.007807545092526769,0.08777231730968386,0.9103477865272019,0
2002-03-22,NEOG,1.487483024597168,1.487483024597168,1.4056849479675293,1.4643659591674805,59610,-0.0030269562727532895,-0.01964306492785961,0.06258080839754254,0.1755884740958853,-0.017654889910661338,-0.0021207385139932066,0.049211533546435954,0.09097398744905551,0.01576864957963459,0.02056670728566174,0.027976640442067862,-0.6267610043203307,0.16973556019782265,-0.015541061677626833,0.05585903996029955,0.7173886430807436,0
2002-03-25,NEOG,1.4679230451583862,1.4679230451583862,1.422577977180481,1.4412490129470823,119220,-0.015786317672626393,-0.05481086637279742,0.031826491699308734,0.1892877203095471,-0.022198167417944007,-0.02083979674376705,0.024231371944640312,0.0745202298364451,0.008044097261260647,0.021485611238489504,0.027324534367030036,1.0,0.3490856704900068,-0.018171274236263423,0.03146234104624514,0.41175449942425807,0
2002-03-26,NEOG,1.3692309856414795,1.4047960042953491,1.3523379564285278,1.4003499746322632,682704,-0.028377496149113224,-0.07570406729215451,0.0025458394045585475,0.05492286356330833,-0.034926529788146685,-0.04885569813271468,-0.007405152755082773,0.04516424762316781,0.010430750759191159,0.023732591175092188,0.019692305973970484,4.72642174131857,1.8821702699342222,0.02272734791800272,0.037460669701941444,0.9152459947733212,1
2002-03-27,NEOG,1.4003499746322632,1.4047960042953491,1.387012958526611,1.4047960042953491,227193,0.0031749417957132042,-0.0510507765832271,-0.04300432578618307,0.05263175289616395,-0.021671611904921152,-0.04172707534881535,-0.006726350999676755,0.048134810537256704,0.012222501661671858,0.0160077183470374,0.019683774471725157,-0.6672159530338184,0.6240342724029233,0.003174941795713233,0.012658810043852635,1.0,0
2002-03-28,NEOG,1.3959050178527832,1.4243559837341309,1.3959050178527832,1.4047960042953491,73107,0.0,-0.04358351172377428,-0.041843067843345794,0.05615028306280889,-0.012869960065752107,-0.03770002960732533,-0.009342056675202085,0.04771778095495285,0.013098227025745405,0.016038006318551797,0.019643652778547488,-0.6782163182844542,0.2315236630313648,0.006369334824974167,0.02025273832951907,0.3125020949954748,1
2002-04-01,NEOG,1.422577977180481,1.490149974822998,1.2767640352249146,1.4652550220489502,212572,0.04303757810296993,0.0006071316230098489,-0.01904785923074026,0.10529811472234485,0.029485095718926064,0.0056750774521871,0.02823257991961137,0.09081262794548021,0.026999833603244358,0.020965986447771007,0.021514402981786793,1.9076832587850685,0.7041735396950619,0.029999793018765993,0.14563058060684458,0.883333677837734,1
2002-04-02,NEOG,1.4848159551620483,1.4848159551620483,1.4314689636230469,1.4732569456100464,113597,0.005461113212843038,0.022208468054742303,-0.03381966369294809,0.11133427286078557,0.030472432034258087,0.01475885687338716,0.028521591596482463,0.09474078045621143,0.025440506235713867,0.019650461156100186,0.021479077816346337,-0.46560694729315244,0.37757152610065337,-0.0077848096336898785,0.03621024268574654,0.7833240597353784,0
2002-04-03,NEOG,1.4732569456100464,1.474146008491516,1.422577977180481,1.4581420421600342,50612,-0.01025951616590104,0.04126973154903468,-0.037558622277437115,0.08250839861657377,0.01172096986068228,0.008299852090030148,0.014035544129527115,0.08146580038014617,0.020336967555292934,0.01975631912897716,0.021603481191443882,-0.5544600649665044,0.17424861481956722,-0.010259516165901005,0.03536557469712902,0.6896533390046818,0
2002-04-04,NEOG,1.4732569456100464,1.4732569456100464,1.4448059797286987,1.4448059797286987,12372,-0.009145928205718468,0.02848098607272065,-0.024023766967374738,0.10169511400082976,-0.003067252277378739,0.0015410458333669078,0.0001233081876117319,0.06981112593028127,0.021804123220414983,0.018720123722805588,0.020640435252890808,-0.7555520429937564,0.05145035780704702,-0.019311611573340777,0.01969189377710777,0.0,0
2002-04-05,NEOG,1.4448059797286987,1.4456950426101685,1.413686990737915,1.4243559837341309,94476,-0.014154146841507287,0.013923715172149187,-0.030266640955069035,0.05742600544449861,-0.019823796135335827,-0.009582749293972051,-0.01666523069159654,0.053309716547474906,0.02359378674370998,0.019033565832744216,0.020379921564857895,6.63627546071775,0.4059918127820641,-0.014154146841507334,0.022471946787024567,0.33332216027381445,1
2002-04-08,NEOG,1.3834569454193115,1.4492510557174685,1.3834569454193115,1.4492510557174685,109098,0.01747812503870838,-0.010922307783052254,-0.010321807438493757,0.05161305390542403,-0.0004905959436776743,0.00878812922503003,-0.0019289211963329058,0.06949751900166987,0.013247601485741447,0.020094251097719205,0.020125009526925027,0.15476946526101876,0.49553150475373764,0.04755775777193807,0.045398697512478145,1.0,0
2002-04-09,NEOG,1.4581420421600342,1.4581420421600342,1.4145760536193848,1.4492510557174685,113597,0.0,-0.016294435240308713,0.005552158369929172,0.03755535579151159,0.0028300180212790715,0.008226544439575755,-0.00372849552181342,0.06664210227570591,0.012678798163849002,0.019399154290031986,0.01996835498674677,0.041238152853397825,0.5290748513975327,-0.00609747623036432,0.030061036263369544,0.7959190933021082,0
2002-04-10,NEOG,1.4243559837341309,1.4510289430618286,1.423467040061951,1.423467040061951,52862,-0.01779126918955587,-0.02378026357892893,0.01650806287603812,0.01909592915755942,-0.010262073305330861,-0.011301137092034974,-0.022349745218642178,0.04585838779704555,0.0140933066171488,0.017862778207442472,0.020454016563773797,-0.5346532038698205,0.24620328701089267,-0.000624102178339908,0.019362515761993465,0.0,0
2002-04-11,NEOG,1.4270230531692505,1.4394710063934326,1.3647860288619995,1.3647860288619995,343039,-0.04122400417321748,-0.055384565117681195,-0.02848098607272076,-0.07026050625512081,-0.040384830606096815,-0.049417616859085495,-0.059320731373426555,0.0014224563583316793,0.021802915147318316,0.022415246426892913,0.01897530625682495,5.489330710150959,1.723163338066052,-0.043613187726035584,0.05472284735630517,0.0,1
2002-04-12,NEOG,1.420799970626831,1.429690957069397,1.3647860288619995,1.3834569454193115,281180,0.013680471636187796,-0.028714056585487313,-0.015190147758671446,-0.05639761321880066,-0.02162981760109611,-0.0349789105742492,-0.04372679638158687,0.01319227506375141,0.024255870687770784,0.023005323041101235,0.019356744145383086,-0.1803264351866697,1.5552120177988202,-0.02628309824010235,0.04691503297034332,0.28766562221054914,1
2002-04-15,NEOG,1.387012958526611,1.4501399993896484,1.3790110349655151,1.387012958526611,249688,0.002570382200236754,-0.04294500731624151,-0.05339825651164032,-0.07142899326917995,-0.01040375373208724,-0.02718910560905955,-0.0377204499646883,0.013697551851742734,0.021470624308619166,0.017157022257954617,0.018737375937491633,-0.11199943096948572,1.3313366766757213,0.0,0.05128211959871796,0.11249880587859369,0
2002-04-16,NEOG,1.3914589881896973,1.4074629545211792,1.225195050239563,1.3194409608840942,851412,-0.04871763975031418,-0.08957046767104837,-0.10440540272644705,-0.13469411081145988,-0.04084798385724919,-0.06448967480035694,-0.07803179637300091,-0.03697649833220501,0.026969079226190705,0.02139796868025263,0.020361085955698598,2.4099035596424336,4.190422848261237,-0.051757204428496476,0.13814025006430541,0.5170735408188759,0
2002-04-17,NEOG,1.2758749723434448,1.322996973991394,1.2447559833526611,1.306993007659912,100100,-0.009434263141142263,-0.08182418638718159,-0.10365864924669199,-0.13732399547128327,-0.03353079871453976,-0.06327687703299383,-0.08004282154725707,-0.04723664769690157,0.027265543905886036,0.021401688776871326,0.02036763708430311,-0.8824305976425044,0.4940328628093936,0.024389564801409722,0.05986335824307004,0.7954529179547577,1
2002-04-18,NEOG,1.2981020212173462,1.3336670398712158,1.2900999784469604,1.322996973991394,110222,0.012244875250049025,-0.03061949198399283,-0.08430820985401621,-0.10630657603442162,-0.015612726872196277,-0.04345613106263528,-0.06359173228192651,-0.03729232598258277,0.025642811632310296,0.022606455183693898,0.020454699901001336,0.10111888111888101,0.548863638344167,0.019177963185591246,0.032930582821226295,0.7550886947385126,1
2002-04-19,NEOG,1.322108030319214,1.3656749725341797,1.3158849477767944,1.33010995388031,114721,0.0053764143295480515,-0.038560644561896784,-0.06616746861746092,-0.09443144255697944,-0.002400653454394118,-0.03171535735040366,-0.05391323503385066,-0.03347960741918221,0.024288204854598323,0.022908670878372835,0.020585184385315928,0.04081762261617472,0.577738429594534,0.00605239766917077,0.0374330141746053,0.2856999202717942,0
2002-04-22,NEOG,1.32566499710083,1.3390010595321655,1.322996973991394,1.3238869905471802,42739,-0.004678533015241126,-0.04551216885997089,-0.08650265575154292,-0.09593159943445095,0.0024240539984714806,-0.027369113952386795,-0.053611350375767745,-0.03936691528762686,0.023740112855879947,0.021340937018270546,0.020581243270665954,-0.6274526895686056,0.21615314763317134,-0.0013412186016364036,0.012088709727524993,0.055611834460566695,1
2002-04-23,NEOG,1.3238869905471802,1.3496710062026978,1.3238869905471802,1.331889033317566,74231,0.0060443548637625355,0.009434353489473857,-0.0809811536358006,-0.07587861545583707,0.006585553819156333,-0.012979771911270036,-0.04415480300042799,-0.0343454823645566,0.008775244110046172,0.02170035798126908,0.02054830777521324,0.7368445681929854,0.3797446337429486,0.0060443548637624965,0.01935898187500867,0.3103489726850739,1
2002-04-24,NEOG,1.3309990167617798,1.3532270193099976,1.32922101020813,1.3425580263137815,47238,0.008010421836450288,0.027211330470349182,-0.05683940089308159,-0.04126964642082276,0.00922343800706169,0.0009281489793537518,-0.03449586343605836,-0.026497224765068043,0.006238172716221888,0.021964610776002643,0.019850728866017218,-0.3636351389581173,0.28855951150499565,0.008684461375579322,0.017880798171368416,0.5555699012300179,0
2002-04-25,NEOG,1.3336670398712158,1.3443360328674316,1.3336670398712158,1.3336670398712158,50612,-0.006622422471360467,0.008065072021768094,-0.02280136837034563,-0.05063294898807169,0.0009342617355044737,-0.0033882417733992927,-0.038430501600815875,-0.03269472479939647,0.006747812966554942,0.01812036406952595,0.019839360283201234,0.0714255472289258,0.3267952122293158,0.0,0.007999742572363534,0.0,1
2002-04-26,NEOG,1.3390010595321655,1.3558950424194336,1.3336670398712158,1.341668963432312,48363,0.005999941006166631,0.008690266183093431,-0.030205480644237892,-0.044936802688801736,0.005195756368178894,0.005731967201124428,-0.030454728429639158,-0.02724223726775442,0.006839587994870493,0.017527778439730714,0.01992284796269464,-0.04443610211017146,0.3147883755525622,0.0019924583936316116,0.01656742695407755,0.35999292080960194,0
2002-04-29,NEOG,1.3407800197601318,1.3407800197601318,1.2900999784469604,1.2900999784469604,115846,-0.03843644474969865,-0.025521069654332873,-0.06987171928270874,-0.1195389478051817,-0.028522061001186018,-0.025847852227230593,-0.06178289532140058,-0.06416102143660547,0.01957597789121807,0.020623804113069702,0.018483993558583718,1.395343547753448,0.7785336382163336,-0.03779892343729745,0.03928380913096417,0.0,1
2002-04-30,NEOG,1.2687619924545288,1.332777976989746,1.2447559833526611,1.314995050430298,125969,0.019297009843614266,-0.012684227037433549,-0.0033695410295714323,-0.10742314546782283,-0.007249567516874575,-0.006716173438417213,-0.03814286475693609,-0.04616363959307611,0.022170577228645644,0.01605388536452506,0.019188113890636883,0.08738325017695914,0.8430596273495613,0.03643950421806651,0.06693712923731693,0.797971781543973,1
2002-05-01,NEOG,1.3158849477767944,1.332777976989746,1.2972129583358765,1.3167740106582642,48363,0.0013528265580802223,-0.019205140597395087,0.007483592445428844,-0.09695079588566902,-0.0020213089423685876,-0.0061067307692481395,-0.03183603380109289,-0.045193469230069026,0.021584959274423422,0.01572498791660486,0.019211811494455753,-0.6160722082417103,0.323917795888187,0.0006756387653584839,0.027009204590915672,0.5500082120794662,1
2002-05-02,NEOG,1.320330023765564,1.3514490127563477,1.3034369945526123,1.332777976989746,201325,0.012153920264177609,-0.0006666303169309273,0.007393065283319178,-0.07753844067006765,0.010244188604134152,0.005230842684797759,-0.016016555164360957,-0.03432347080169693,0.02255690087601332,0.015717694974365155,0.019551852198334208,3.1627897359551724,1.2681566234058281,0.009427910446723562,0.0360240182781057,0.6111174563132831,1
2002-05-03,NEOG,1.32477605342865,1.3710089921951294,1.32477605342865,1.3603399991989136,118095,0.02068013028803195,0.013916276127336591,0.022727478454253935,-0.044943809880582775,0.028225751589014327,0.02368508127975179,0.006711344859114249,-0.01569745231544041,0.024401155078897754,0.016907415773593965,0.02012798717669406,-0.4134111511238048,0.7383937224497452,0.02684525107335742,0.03398631135870846,0.7692339427068561,1
2002-05-06,NEOG,1.3799010515213013,1.4047960042953491,1.3603399991989136,1.3781219720840454,269933,0.013071712142260994,0.06822881567911265,0.04096647366740047,-0.04907989085314812,0.027987557647164273,0.0328510242330065,0.02256209998110374,-0.004738976704556157,0.007657192684643897,0.017015433508687047,0.01992549492739078,1.285727592192726,1.6069664402960528,-0.0012892804417349167,0.03225839656935996,0.39999034655854815,0
2002-05-07,NEOG,1.3745659589767456,1.3914589881896973,1.3470029830932615,1.3736770153045654,87728,-0.0032253725501221187,0.04462523631177562,0.031374972645364485,-0.05214696247054951,0.015779204150830797,0.02630545664555081,0.022129788243306484,-0.010262334345961622,0.009626831747761999,0.017153020263325824,0.01991877140136455,-0.6750008335401747,0.5263154737157232,-0.0006467086329141478,0.0323627785870605,0.6000096534414538,0
2002-05-08,NEOG,1.3852349519729614,1.3852349519729614,1.3336670398712158,1.3407800197601318,53987,-0.023948129857250144,0.018230925661926634,-0.0013243424260264147,-0.05808846848903537,-0.012054308457568835,0.0018604463647843637,0.0007302383040419368,-0.03415032429497001,0.017748180621561128,0.019036752517589434,0.02021322219574825,-0.3846092467627211,0.3237804108263457,-0.032091979883638766,0.03846112810584036,0.13793422302771954,0
2002-05-09,NEOG,1.3158849477767944,1.395015001296997,1.3158849477767944,1.331889033317566,291302,-0.006631204456758355,-0.0006669855651336709,-0.0013331712492659076,-0.02410414149085638,-0.01847699630475887,-0.004650856412053364,-0.004683877259535354,-0.04051820432091319,0.017510180698843632,0.01903709382233956,0.018123373699151107,4.395780465667661,1.7745794007652629,0.01216222251634583,0.059411896592541015,0.20225040713116027,1
2002-05-10,NEOG,1.331889033317566,1.3603399991989136,1.331889033317566,1.350559949874878,110222,0.014018372469668305,-0.007189415388649145,0.006626810848944897,-0.02377883580212381,-0.0032809076211178746,0.008632140638457419,0.010510945446713152,-0.02735441156818545,0.0157023566616983,0.019480133015182484,0.018137990523293332,-0.6216229205429418,0.7083457579714765,0.01401837246966824,0.0210660518135337,0.6562489525022626,1
2002-05-13,NEOG,1.32477605342865,1.3558950424194336,1.3158849477767944,1.3558950424194336,122594,0.003950281914586462,-0.016128419773323466,0.05099997292587988,-0.022435202148531674,0.003950086961087104,0.0076651166759672115,0.01568515495440742,-0.02393718571130802,0.014052154697484788,0.013756699502222162,0.018155078041038514,0.11224619404474612,0.8213997846567607,0.023489999619365633,0.029508253508506013,1.0,1
2002-05-14,NEOG,1.3336670398712158,1.3861240148544312,1.33010995388031,1.3781219720840454,107973,0.016392809892534554,0.0032358092404236594,0.04800544430421283,0.04447414696041552,0.019736419633035792,0.0194011355560024,0.030071133339361445,-0.008685453864166493,0.016548932026507594,0.013450267082201444,0.014640970368463211,-0.1192635854935804,0.9633724325392595,0.03333285661548803,0.04064521291204336,0.8571422490848727,0
2002-05-15,NEOG,1.3470029830932615,1.3470029830932615,1.3158849477767944,1.331889033317566,102349,-0.033547784378304635,-0.006631204456758355,0.011478828209668057,0.01904832352716901,-0.013175042512887236,-0.015897802147286224,-0.005410857737266627,-0.041733498709847966,0.02027006228973674,0.01814681654364024,0.016527768660581994,-0.05208709584803606,0.9122778557205327,-0.011220427842697023,0.023363834777553504,0.5143025701337395,1
2002-05-16,NEOG,1.3176629543304443,1.3763439655303955,1.3176629543304443,1.334555983543396,107973,0.002002381699312439,0.002002381699312439,0.0013340605744895928,0.008736988654727718,-0.011589662089646433,-0.014056780055358972,-0.003849234324797214,-0.040133976363183006,0.020054432419382658,0.017751274836023644,0.016320841289167328,0.05494924229841036,0.9633724325392595,0.012820447867516821,0.0439704380509737,0.2878789725587707,1
2002-05-17,NEOG,1.332777976989746,1.3772330284118652,1.320330023765564,1.3514490127563477,102349,0.012658164529073312,0.0006582920525313174,-0.006535856071130497,0.016043078855086712,0.0007900014715973328,-0.0009203047982092222,0.007957464403692759,-0.028045995867588665,0.019834298196629997,0.01688697468594803,0.016513948970265917,-0.05208709584803606,0.9182613782309367,0.01400911186180653,0.04210518052045838,0.5468777823634037,1
2002-05-20,NEOG,1.3381119966506958,1.3763439655303955,1.3158849477767944,1.3532270193099976,141715,0.0013156297698746489,-0.001967720970994402,-0.018064404514500865,0.022162034201039127,0.0025028103871867374,0.002238632256655297,0.008180472200998011,-0.0264186383825418,0.019747592784295494,0.016231674792499706,0.016461167661021906,0.38462515510654716,1.217395487523017,0.011295782936805568,0.04467766079961127,0.6176427094034115,1
2002-05-21,NEOG,1.3541159629821775,1.4047960042953491,1.334555983543396,1.3887920379638672,206948,0.026281635044505647,0.007742468443258321,0.011003330834614466,0.042723532683922816,0.027226252847106315,0.027428934765752852,0.03248854540191725,-0.000716270885521578,0.022175294856060828,0.018453761523437192,0.017369798519989262,0.46031118794764136,1.6818996750761108,0.02560790650848126,0.05057634176455481,0.7721531662412426,0
2002-05-22,NEOG,1.3336670398712158,1.3736770153045654,1.311439037322998,1.3692309856414795,137216,-0.01408493985252568,0.028036834443256442,0.021219712004984626,0.019867267414081846,0.007194064178877199,0.010830061209915063,0.016937720687711225,-0.014400183722362521,0.01496944621928068,0.017176772694158127,0.017683215411852377,-0.3369542107196011,1.0758402453758769,0.026666285292390422,0.04545469583600544,0.928564040682641,1
2002-05-23,NEOG,1.320330023765564,1.3781219720840454,1.320330023765564,1.3781219720840454,20245,0.006493416038493072,0.03264455674986144,0.03471230531219183,0.033332856615488016,0.007278195477191774,0.013933115010235765,0.021854192474918686,-0.006716144654376999,0.014831117533418977,0.016923549032015532,0.017623530880773695,-0.8524588969216418,0.1606430482901176,0.04377083553221002,0.041935292731082714,1.0,1
2002-05-24,NEOG,1.4003499746322632,1.4003499746322632,1.3336670398712158,1.3932369947433472,74231,0.01096784099338044,0.030920872036282576,0.03159951905313285,0.03843573393776034,0.012143064331519035,0.02184527892388453,0.031090445518297777,0.005234492529187045,0.014675031384582165,0.016740348307076304,0.01772073709110612,2.6666337367251174,0.5830354902266488,-0.005079430155153828,0.047861874909036026,0.8933313311058553,0
2002-05-28,NEOG,1.3674529790878296,1.4003499746322632,1.3674529790878296,1.3781219720840454,82104,-0.010848852504154238,0.018396730495923386,0.016392809892534554,0.06822881567911265,-0.0024457607535561866,0.00911437675915418,0.016593137534984273,-0.004009922078136681,0.016571881406245957,0.017315151694854116,0.015314761098703151,0.1060608101736471,0.6535327054896063,0.0078020913035947,0.02387088821658186,0.32431511813306274,0
2002-05-29,NEOG,1.4003499746322632,1.4003499746322632,1.3665640354156494,1.3665640354156494,50612,-0.008386729841421525,-0.01600527792541684,-0.008386729841421525,0.0392161057704945,-0.007618544731583839,0.001498792521416947,0.006153508105669654,-0.010098554775339384,0.01116439763625538,0.016752827012645938,0.015052814667053549,-0.38356231121504436,0.415318160035187,-0.024126782467708528,0.024723275559009977,0.0,0
2002-05-30,NEOG,1.3665640354156494,1.3665640354156494,1.3603399991989136,1.3603399991989136,11247,-0.004554514867532555,-0.006493416038492961,0.021361363574321057,0.03308539520678311,-0.010861081486706918,-0.005136892640621157,-3.2786430867459645e-05,-0.012393571381015631,0.00952923905757473,0.012376499582629194,0.015124655453224315,-0.7777799731289022,0.09371922064806004,-0.00455451486753254,0.004575353382537522,0.0,1
2002-05-31,NEOG,1.3674529790878296,1.4003499746322632,1.3621180057525637,1.3621180057525637,92227,0.0013070310030560695,-0.011612880902900025,0.02065257849729729,0.022014190862521543,-0.007257757022457601,-0.00584050780511761,0.00019561820045392434,-0.00940186344570962,0.008721528356736128,0.012379588828290197,0.014924651279157795,7.200142260158264,0.8051068287466445,-0.003901394356407507,0.028068029875705596,0.0,0
2002-06-03,NEOG,1.3674529790878296,1.3674529790878296,1.3470029830932615,1.3514490127563477,59610,-0.007832649558377591,-0.02999344845468832,0.0,-0.006535856071130497,-0.008997158387219423,-0.013627410712614788,-0.007314521170489025,-0.015480256205357729,0.004691179180264182,0.012133940621144096,0.014314828876951189,-0.35365999110889434,0.5340046090483368,-0.01170348566000237,0.015131903461795652,0.2174098060589894,0
2002-06-04,NEOG,1.3541159629821775,1.3541159629821775,1.3470029830932615,1.3514490127563477,46113,0.0,-0.019354570834802076,-0.0013139011623907182,-0.019354570834802076,-0.005105331299801114,-0.013499392416045655,-0.006341122995991315,-0.013857873167233414,0.004425715173532034,0.012126013207584658,0.013969788608142814,-0.22642174131857074,0.45912248692591645,-0.001969513910726239,0.00526322474749435,0.6250586579071171,0
2002-06-05,NEOG,1.3470029830932615,1.3514490127563477,1.3470029830932615,1.3514490127563477,29243,0.0,-0.011060603285015014,-0.02688885318083245,-0.01618138929353019,-0.002886312844184443,-0.010802957147681813,-0.00552847878803279,-0.012563810764369538,0.0038486511758110444,0.007888863964376786,0.013959946045835036,-0.3658404354520417,0.29988822003220084,0.0033006828632823697,0.003289824196932343,1.0,0
2002-06-06,NEOG,1.3532270193099976,1.3603399991989136,1.347892999649048,1.347892999649048,19120,-0.0026312595397490757,-0.00914991807724197,-0.015583919890941322,0.0053051058220487946,-0.0036800307234928073,-0.011862478495649332,-0.008404698258331525,-0.014406501264128298,0.0036473474136447816,0.0068088010082790135,0.012864084912089731,-0.3461683137844954,0.19964571239427106,-0.003941703487171923,0.00923441219229296,0.0,0
2002-06-07,NEOG,1.33010995388031,1.3425580263137815,1.3078830242156982,1.3167740106582642,122594,-0.023087135995873864,-0.03328932948746033,-0.044515625371685075,-0.01134856003855833,-0.020113664640077498,-0.030314675101324885,-0.03075891682257971,-0.0359200184258754,0.009697361096994078,0.008999834642048446,0.013824114394551494,5.4118200836820085,1.403733357760558,-0.010026196092391571,0.026333297754524337,0.25640911044263165,0
2002-06-10,NEOG,1.313217043876648,1.3176629543304443,1.2892110347747805,1.306993007659912,129343,-0.007428004288649648,-0.03289506646334017,-0.06190187843764683,-0.03225842897162923,-0.0209141945086118,-0.031365615780472186,-0.03641340846732556,-0.04170880624944357,0.00968733527224651,0.0071818272538351526,0.013467545037316748,0.05505163384831224,1.464974068499031,-0.004739533533895004,0.02176899140922352,0.6249832405979725,1
2002-06-11,NEOG,1.2892110347747805,1.3176629543304443,1.2447559833526611,1.311439037322998,82104,0.0034017241385599917,-0.02960524226640804,-0.04838681634268338,-0.03278720233175947,-0.011659103323725653,-0.023243473829714367,-0.03154848371174011,-0.03627521831506649,0.010365051902366073,0.0075912842257191,0.013456304039469293,-0.3652227024268805,0.9517560841028542,0.017241554678517537,0.055593107192085774,0.9146320725717313,0
2002-06-12,NEOG,1.2945460081100464,1.3016589879989624,1.2936569452285769,1.3016589879989624,50612,-0.007457494436035272,-0.03684195577296401,-0.04749506480093024,-0.055483466365065626,-0.011612135600380928,-0.025818327113867195,-0.03604922089788259,-0.04104369185725677,0.00981708053591568,0.007549722766188055,0.012821643282578917,-0.38356231121504436,0.6068748857133436,0.005494574811829598,0.006147572324366648,1.0,0
2002-06-13,NEOG,1.2900999784469604,1.302548050880432,1.2740960121154783,1.2954349517822266,17996,-0.004781618130493603,-0.03891855501918928,-0.047712371506321016,-0.027370209246739496,-0.008438870925992529,-0.025743951620350192,-0.039361782882387626,-0.043335560219209944,0.009598393294126746,0.007549149470555667,0.010610290207497349,-0.6444321504781474,0.22727932902332781,0.004135317746217177,0.021963309485983854,0.7499968576252943,0
2002-06-14,NEOG,1.253646969795227,1.260759949684143,1.246533989906311,1.2474230527877808,57361,-0.03706237733387707,-0.052667319759610365,-0.08420338948637163,-0.06528982810018025,-0.034942836822757915,-0.05368946594875497,-0.07196712353657776,-0.0760983660742122,0.01541164066512275,0.012316843958786515,0.013234975137076922,2.1874305401200265,0.7483545228605536,-0.004964648866389327,0.011404278401011913,0.06249581014949387,1
2002-06-17,NEOG,1.2963240146636963,1.2963240146636963,1.260759949684143,1.2883219718933103,15746,0.032786727016249406,-0.014285490172614712,-0.04671063448726531,-0.04671063448726531,-0.00041403277729293406,-0.01796015481244871,-0.039284009933097955,-0.04388000965849272,0.02502123471859614,0.01801160169844479,0.015139551670915243,-0.7254929307369118,0.2177287268206918,-0.0061728724299394576,0.02760495105682975,0.7749963966440123,1
2002-06-18,NEOG,1.2874330282211304,1.3576730489730835,1.2874330282211304,1.334555983543396,109098,0.035887000810938874,0.017627160365445427,-0.01249993825405038,-0.013797415733039275,0.03175698582852712,0.018593945881403912,-0.004113498143512286,-0.007878739165008492,0.03057730974117948,0.02213813152827483,0.017379589238102126,5.928616791566112,1.5433627817820437,0.0366022575849062,0.052631752896164,0.6708847010264487,0
2002-06-19,NEOG,1.334555983543396,1.334555983543396,1.2447559833526611,1.2474230527877808,52862,-0.06528982810018025,-0.041666777328951854,-0.07697364753436076,-0.10179276760784861,-0.02745039511797183,-0.04029003462218275,-0.06419869197709309,-0.06986299566044928,0.04394956155001055,0.030022055522995948,0.021509750325227985,-0.5154631615611651,0.839289853645835,-0.06528982810018019,0.0719884084152902,0.029700105005064405,1
2002-06-20,NEOG,1.2500900030136108,1.2892110347747805,1.2500900030136108,1.2892110347747805,29243,0.033499446634091434,-0.004804499831414399,-0.0435360706595751,-0.058441527912991176,0.006105895799159532,-0.0036420038069809534,-0.02993822679856886,-0.0367753994240106,0.04775310010094819,0.03273361708097647,0.023044071334615664,-0.44680488819946274,0.5078183676286846,0.031294572124295046,0.030344940204459176,1.0,1
2002-06-21,NEOG,1.253646969795227,1.32477605342865,1.246533989906311,1.32477605342865,12372,0.02758665392596682,0.06201023820106433,0.0060770053977488026,-0.03870914166960415,0.021527755805950604,0.02321139229913262,-0.0011728258964472786,-0.009611138647690616,0.043810866691986534,0.033358780791112666,0.0239541418150027,-0.5769243921622269,0.21632433963550782,0.056737730275885565,0.05906059618140044,1.0,0
2002-06-24,NEOG,1.2678730487823486,1.306993007659912,1.2669830322265625,1.2892110347747805,46113,-0.026846060933713,0.0006900937039546751,-0.01360525479548591,-0.07466494240466937,-0.006032523780684398,-0.002888351665368887,-0.024160581614653263,-0.034839126419997035,0.04513841530003755,0.034458309821773725,0.024390313167743705,2.7272065955383122,0.8266052414584304,0.01682974964482811,0.03103446554065462,0.5555615145339539,0
2002-06-25,NEOG,1.2758749723434448,1.311439037322998,1.2580920457839966,1.2580920457839966,87728,-0.024138010109586383,-0.05729541413195649,-0.04067820921961962,-0.08709673652364402,-0.018451908915563166,-0.022925227703013713,-0.043369720693524134,-0.05631457554156467,0.04135279298361483,0.035175782923696504,0.024776519355544552,0.9024570077852232,1.5646937960162093,-0.013937828505865045,0.04240309102801583,0.0,0
2002-06-26,NEOG,1.3105499744415283,1.3105499744415283,1.164736032485962,1.226973056793213,213697,-0.02473506536748782,-0.01639379354811954,-0.05737749433172512,-0.10214741132125504,-0.03966617101431739,-0.04153379683274323,-0.062054240708254244,-0.0783782320228501,0.030641431226448673,0.03580598638722219,0.02518642071308866,1.4359041583074958,3.327501948336576,-0.06377240034965512,0.11884037807371435,0.4268249213522829,1
2002-06-27,NEOG,1.250978946685791,1.255424976348877,1.2047460079193115,1.255424976348877,164209,0.023188707688517107,-0.026206771051882738,-0.030885360456196498,-0.07712411817032483,-0.012172879585634528,-0.01623350889068835,-0.03644056386473147,-0.05627592014125639,0.027791542046627666,0.0369267183726951,0.02596809413081732,-0.23158022807994494,2.2848202054973212,0.0035540403576453223,0.040367978480843905,1.0,0
2002-06-28,NEOG,1.2545360326766968,1.2545360326766968,1.2002999782562256,1.2091909646987915,58485,-0.03682737919118573,-0.08724877569360712,-0.03064885485605462,-0.11227150687967058,-0.030924922643507425,-0.049615781523601285,-0.06644718964262036,-0.08947289476796327,0.02351694300805454,0.03690235471644656,0.0269634646660677,-0.6438380356740495,0.8333279901171875,-0.036144890857504,0.044853175390688886,0.16393129141802118,1
2002-07-01,NEOG,1.2091909646987915,1.336333990097046,1.2029670476913452,1.336333990097046,80980,0.10514718444817817,0.03655177783247687,0.037267095688182206,-0.011184308484175731,0.06294208884973673,0.04636589121744307,0.03231559100452559,0.006172153531490035,0.058695854421103595,0.049523944859920524,0.036586332946986724,0.3846285372317688,1.136546249558778,0.10514718444817822,0.09980060628108056,1.0,0
2002-07-02,NEOG,1.2785420417785645,1.32477605342865,1.1869629621505735,1.2660939693450928,65234,-0.0525617257904607,0.006360364162472543,-0.05129946966820298,-0.06315816771893523,0.00579167321757267,-0.003289882158696674,-0.018709549403597713,-0.04588363589469126,0.06380451843189909,0.051214049268471895,0.03843217575119568,-0.19444307236354652,0.9034304153336934,-0.009736146350068642,0.10884902275410284,0.5741907859453669,0
2002-07-03,NEOG,1.2456450462341309,1.320330023765564,1.2002999782562256,1.2002999782562256,78730,-0.05196611995782596,-0.02173892767189156,-0.037776337727800535,-0.1118422027567626,-0.04241732903254932,-0.05156665471365529,-0.0642221546232924,-0.09366784618987843,0.0677849807404837,0.049592858009691,0.039975140934573744,0.20688597970383538,1.0542123301199027,-0.03640288067214152,0.10000003972649894,0.0,1
2002-07-05,NEOG,1.226973056793213,1.226973056793213,1.2056349515914917,1.2074129581451416,26993,0.005926001847679441,-0.03824363789811447,-0.06344816668741027,-0.10422195347886176,-0.029306535477381122,-0.03973970378591947,-0.053493614859089676,-0.08643239402327356,0.06657160810366046,0.04809648285297376,0.040049421856868744,-0.6571446716626446,0.35954711954711954,-0.015941750749762257,0.01767258257232996,0.08332541886176863,1
2002-07-08,NEOG,1.2091909646987915,1.2589809894561768,1.1869629621505735,1.2171930074691772,71982,0.00810000361356078,0.006617683231183502,-0.08120847722227253,-0.07562497617894637,-0.02270134670177141,-0.02360745805926307,-0.04208804449198198,-0.07740636626820749,0.06437579780911612,0.04698797171400128,0.03990426114892068,1.6666913644278147,0.992247506354729,0.006617683231183459,0.059167302854742164,0.4197566421852232,0
2002-07-09,NEOG,1.2447559833526611,1.2447559833526611,1.2020779848098757,1.2020779848098757,24744,-0.012417934186731094,-0.10046590618967977,-0.06758633583998641,-0.0802720613156761,-0.013570805323682099,-0.02894501928568208,-0.05006167844938219,-0.08693091817637728,0.029998538680661362,0.0465463861458513,0.03994780467575521,-0.6562473951821288,0.36758823699814824,-0.034286236911941,0.03550351897471569,0.0,0
2002-07-10,NEOG,1.2020779848098757,1.2456450462341309,1.183406949043274,1.183406949043274,76481,-0.015532299902784485,-0.06530875456629026,-0.05936377786585689,-0.09762717490938222,-0.015532456109190794,-0.038225191401396554,-0.06006139919542862,-0.09965367409903388,0.024126515508284947,0.04625299444889657,0.040001749067965546,2.0908907209828644,1.1409403982796609,-0.01553229990278447,0.05259230329953138,0.0,1
2002-07-11,NEOG,1.2456450462341309,1.2456450462341309,1.2002999782562256,1.2002999782562256,61860,0.01427491128610403,0.0,-0.02173892767189156,-0.07786909680434495,-0.0014792692561008554,-0.022376682617508095,-0.04279080951232932,-0.08520479107374157,0.013228128011318561,0.04606399373580185,0.04020823989621682,-0.19117166355042425,0.9151469694078174,-0.03640288067214152,0.037778112804585554,0.0,1
2002-07-12,NEOG,1.2020779848098757,1.234974980354309,1.201189041137695,1.234974980354309,35991,0.02888861345182958,0.02282733676430726,-0.016289301535199696,-0.046671561041901954,0.02267689134180006,0.007543680747802793,-0.012758354921805128,-0.05760260304593921,0.01864598234072174,0.04643400648322486,0.04084229869296851,-0.41818622696411256,0.5254509606112523,0.027366773171240182,0.027357590035484727,1.0,0
2002-07-15,NEOG,1.2047460079193115,1.2065240144729614,1.1914089918136597,1.1985219717025757,69733,-0.029517204179533407,-0.01533942082482298,-0.008823249021608026,-0.03920168139904057,-0.00443109431577936,-0.02134434977108756,-0.04002261414406625,-0.08354172647295277,0.023791424207298913,0.045855942047509014,0.04053120082453468,0.9375121558167319,1.0089554873430222,-0.005166264238123708,0.012611385536662228,0.47059009101377036,1
2002-07-16,NEOG,1.1958550214767456,1.2207499742507937,1.1825180053710938,1.2002999782562256,44989,0.0014834993397110363,-0.0014791108198619618,-0.10179641680066931,-0.0683229779181117,-0.002659568935919373,-0.008883303481749125,-0.03519742544690047,-0.07993027714837367,0.023200275507533445,0.027494726752857742,0.03974536396746941,-0.35483917227137796,0.6374528523779971,0.0037169696155901592,0.03185201164065891,0.46510743250195385,0
2002-07-17,NEOG,1.1940759420394895,1.2447559833526611,1.1825180053710938,1.1869629621505735,40490,-0.01111140243877018,0.003004894563256144,-0.06250010592456345,-0.11059335330462983,-0.014323900080523493,-0.013449843275034987,-0.04022456564017255,-0.08747931413592547,0.022538993548090268,0.023211834816482556,0.0387140970507216,-0.10000222276556492,0.6030161231231141,-0.00595689071230009,0.05243464199489665,0.07141872091018434,1
2002-07-18,NEOG,1.2225279808044434,1.2225279808044434,1.1825180053710938,1.2171930074691772,17996,0.02546839815779256,0.014074006097620329,0.014074006097620329,-0.02423399603770704,0.007951724402083159,0.010257534090652777,-0.01457624063029721,-0.061981951191310274,0.024666983308875436,0.018725678554501395,0.03655154978759201,-0.5555445789083724,0.27515767745881275,-0.004363886486880745,0.03287069116223359,0.8666589199947561,1
2002-07-19,NEOG,1.1994110345840454,1.226973056793213,1.1825180053710938,1.226973056793213,101225,0.008034920726640138,-0.006479421598322932,0.016200007227121338,-0.048276020219172544,0.017398865762823578,0.016724254161801032,-0.004149539786890473,-0.052783552592224475,0.02063833010186329,0.01879211710779654,0.03573545998915137,4.624861080240053,1.4669949682326207,0.0229796303472612,0.03623148134834011,1.0,0
2002-07-22,NEOG,1.2278629541397097,1.2278629541397097,1.1780719757080078,1.1914089918136597,80980,-0.02898520451011577,-0.00593479306750766,-0.021183177603959824,-0.10067140123028584,-0.010923926137972181,-0.010631844226271624,-0.02775242402988396,-0.07823951989233673,0.020455948906036303,0.020940030879016597,0.035518777140994995,-0.19999999999999996,1.1180141373978352,-0.029688950385827986,0.0417916758844551,0.26786009284686374,0
2002-07-23,NEOG,1.2180819511413574,1.3558950424194336,1.0615990161895752,1.1104999780654907,205824,-0.06791036017363161,-0.07481463119010856,-0.07618308287949327,-0.1386204832946608,-0.06413882840502287,-0.07075345064571643,-0.08712153893869178,-0.1376332963306785,0.0359807688189551,0.029590862604432767,0.03796837794739441,1.5416646085453198,2.5594413159813993,-0.08832080056277092,0.2650121855405409,0.16616249462274996,1
2002-07-24,NEOG,1.0482620000839231,1.2403099536895752,1.0224779844284058,1.1789610385894775,138340,0.06164886256301161,-0.006741510743180967,-0.0037568737089052062,-0.06289762935843657,-0.0051022271278250795,-0.013099305270684704,-0.027681198411408224,-0.08194657074265435,0.04991275571811348,0.036515563635970145,0.04065262523092951,-0.32787235696517414,1.6677888536392917,0.12468165257835422,0.18476604580740522,0.7183658794061425,0
2002-07-25,NEOG,1.174515962600708,1.208302021026611,1.0847159624099731,1.1611789464950562,140590,-0.0150828496552321,-0.046019045977422346,-0.03259271221349502,-0.05362310927194658,-0.010756013379257886,-0.024790969068843535,-0.03974125600208227,-0.09272807131849463,0.047923967115642514,0.03644076917073217,0.040431084231131585,0.016264276420413504,1.773048750958473,-0.011355329795705763,0.10643153580219011,0.618702343459872,0
2002-07-26,NEOG,1.160290002822876,1.160290002822876,1.066933035850525,1.0847159624099731,112472,-0.06584944061884823,-0.11594149814099375,-0.12166968589212002,-0.13597707322613006,-0.05294177597617091,-0.07736482516597809,-0.09659704101046668,-0.1491851405203029,0.052717812178336314,0.03950004347097956,0.042368609932097644,-0.19999999999999996,1.4662747805092045,-0.06513375124239486,0.08606581834099201,0.19048312232246037,1
2002-07-29,NEOG,1.0900499820709229,1.1113890409469604,1.0758249759674072,1.1016089916229248,87728,0.015573689148465686,-0.07537294145651363,-0.08086041171358749,-0.08897020918665666,-0.02287045616965213,-0.0552078797731705,-0.0783989803610548,-0.13276566579516846,0.055210262956398165,0.03987318516835093,0.04200923723760431,-0.22000142257628563,1.1222992499497877,0.01060410966664268,0.03228374609321147,0.7250019273764552,1
2002-07-30,NEOG,1.1024980545043943,1.1069430112838743,1.0856050252914429,1.1051650047302246,118095,0.003228017503797753,-0.0048041183616768235,-0.07925933120836293,-0.17298743209400336,-0.01878761943726801,-0.04436079751645024,-0.06639632617913768,-0.12657934717459018,0.04641426752226323,0.0399214845917147,0.03339343879304897,0.34614946197337226,1.4757475427638134,0.0024190067410406212,0.019307511458562795,0.9166741156227051,1
2002-07-31,NEOG,1.1069430112838743,1.160290002822876,1.0847159624099731,1.1247260570526123,184454,0.017699666781579415,-0.046002352717060546,-0.05243373810518792,-0.1116567298441562,0.008289770271731766,-0.02218404646272748,-0.044164437129216916,-0.1078980681377251,0.034405878873244936,0.04066449897253339,0.032235839446135096,0.5619120199839112,2.14519185647239,0.016065005684540678,0.06719328670213927,0.5294158473470766,1
2002-08-01,NEOG,1.155845046043396,1.1682920455932615,1.1247260570526123,1.155845046043396,29243,0.027668060854153298,-0.004593521496200181,-0.05040117799669064,-0.03703651838552302,0.03717909155301482,0.010258415751616238,-0.01585930268811472,-0.07981493762302375,0.037640882135873494,0.04085084699567142,0.03107903227223247,-0.8414618278812062,0.3501715353159184,0.0,0.03769189364074457,0.714295486759084,0
2002-08-02,NEOG,1.158511996269226,1.158511996269226,1.0900499820709229,1.1113890409469604,101225,-0.03846190737124677,0.024589919814332006,-0.0942025704691023,-0.07952864556439376,-0.007463997148891026,-0.018684266999695477,-0.049826958413021996,-0.11155957629716219,0.025879058217530292,0.04191095313826647,0.032095080814860254,2.4615121567554628,1.1605430275125226,-0.04067541421583583,0.061600404247256275,0.3116919524778818,0
2002-08-05,NEOG,1.093606948852539,1.1247260570526123,1.066933035850525,1.089161038398743,113597,-0.020000199506446603,-0.011299792684011378,-0.08582103552808229,-0.10518625089429501,-0.025147475526909983,-0.02954943423111564,-0.06370627828193995,-0.12528748929610944,0.027152703239066923,0.04153060734625126,0.032169074331451726,0.12222277105458135,1.2720422696476092,-0.004065364122330249,0.05306196160583677,0.3846139565968071,1
2002-08-06,NEOG,1.089161038398743,1.1185020208358765,1.0847159624099731,1.1024980545043943,75356,0.01224521960981928,-0.0024131692683132533,-0.007205694479198388,-0.08283982533897849,-0.012738863702145517,-0.01696517239007553,-0.048167141926613824,-0.11042221412131388,0.027874393641013538,0.03609413264574856,0.03234380759306363,-0.3366374111992394,0.8205724602527729,0.012245219609819275,0.030645005030046208,0.5263144895525271,0
2002-08-07,NEOG,1.089161038398743,1.1247260570526123,1.0847159624099731,1.0847159624099731,53987,-0.0161289101797234,-0.035573190815448075,-0.07993909306134517,-0.08339564569321445,-0.02165183857167232,-0.024624078719735834,-0.05951250035787955,-0.12060634809842831,0.02652558177585676,0.028980829699887307,0.03235545925671701,-0.28357396889431497,0.5951686028084391,-0.004081192617121883,0.03688531931783002,0.0,1
2002-08-08,NEOG,1.0856050252914429,1.1016089916229248,1.0847159624099731,1.0980520248413086,32617,0.012294520310834223,-0.050000665227506236,-0.05436450759315958,-0.08518533305604237,0.0008100896944157513,-0.006995640597874028,-0.04371078000793816,-0.1059019679073684,0.022020119248539995,0.02951621893634521,0.03230008074779449,-0.3958360346009224,0.36547050531897013,0.011465495516220723,0.01538454356513122,0.7894417432908284,0
2002-08-09,NEOG,1.0980520248413086,1.0980520248413086,1.067823052406311,1.0918289422988892,43864,-0.005667384059802494,-0.017599686453093955,0.006557458482599143,-0.1159100713233493,-0.0013009472900010863,-0.013258099438089034,-0.04316623867532429,-0.10706458381088893,0.01527915645915462,0.020540761771243622,0.03136216362928517,0.3448201857926847,0.48933375353147723,-0.005667384059802448,0.027686546183094633,0.7941351610346282,0
2002-08-12,NEOG,1.083827018737793,1.0971629619598389,0.9771329760551452,1.0571529865264893,319420,-0.031759513261654604,-0.029387804689847363,-0.04035552127342534,-0.11795276892192719,-0.027323566895077016,-0.04074251629375164,-0.0677801805170796,-0.13108946238576605,0.01893173173327551,0.022159497993268457,0.03145577490737132,6.282053620280868,3.127747868779902,-0.024610968125123738,0.11354079062773957,0.6666668321937623,0
2002-08-13,NEOG,1.0491509437561035,1.0491509437561035,0.9824680089950562,1.0215890407562256,98975,-0.033641247977851285,-0.07338699004284388,-0.07562306408209174,-0.14888856180738086,-0.04583938267883127,-0.06592946351636267,-0.09198647717616215,-0.15574274098117424,0.019116344502417,0.023846863373490717,0.03200461297801901,-0.6901415064804959,0.9442026102825788,-0.026270674552512488,0.06527373738434557,0.5866723158084798,1
2002-08-14,NEOG,1.002027988433838,1.0402599573135376,1.002027988433838,1.0313689708709717,104599,0.009573252770513907,-0.04918060892224496,-0.08300428855208208,-0.1310858015297227,-0.02700892980147912,-0.048868580984260196,-0.07691086785560959,-0.14312726732679812,0.02197263390680762,0.023013771751205343,0.03221653331818231,0.05682242990654207,0.9682461294083505,0.029281599691634883,0.037069147860259485,0.7674462837490217,1
2002-08-15,NEOG,1.0402599573135376,1.1327279806137085,1.0269229412078855,1.1327279806137085,250812,0.0982761868986044,0.03157951990244845,-0.020000142327745496,-0.06939328959101632,0.061666815417538524,0.04683669991050555,0.0176534066288551,-0.055484413462195445,0.05397175846458895,0.0399240041987604,0.03934436299788896,1.3978431916175107,2.0958609979180274,0.08888934217843852,0.09340727978530038,1.0,0
2002-08-16,NEOG,1.1336170434951782,1.1931869983673096,1.1113890409469604,1.1229469776153564,197951,-0.008634908968217392,0.02850083388607283,0.010399541692932335,-0.08478269233534474,0.04639561356298588,0.036690016350934544,0.013602525442844057,-0.06011434519397917,0.05416674205615901,0.03790452055011231,0.03927787701165197,-0.21075945329569556,1.5898855039236923,-0.00941240778007689,0.07284222590282212,0.14129859757990354,1
2002-08-19,NEOG,1.1345059871673584,1.1611789464950562,1.1051650047302246,1.1282819509506226,185579,0.004750868421762311,0.06728351083587558,0.035918391470736166,-0.052985197607867685,0.03761229243511493,0.03786684297081016,0.021327790063155744,-0.05265994263648687,0.049974055274330964,0.03713356459169482,0.038856796259023524,-0.06250031573470205,1.4304312436602218,-0.005486120203099194,0.04964534061511625,0.41269986528446684,1
2002-08-20,NEOG,1.1202800273895264,1.15139901638031,1.1193909645080566,1.1362839937210083,118095,0.007092236797410223,0.11227112702763575,0.030644896903515795,0.02321838465988435,0.02338242379866344,0.041989294376188785,0.027372352756962297,-0.043198366977771616,0.04310025698051972,0.03704409630397796,0.035648668154115076,-0.36364028257507586,0.9421224340336793,0.014285683882782714,0.028169059890948662,0.5277743637873692,0
2002-08-21,NEOG,1.1247260570526123,1.1362839937210083,1.1078330278396606,1.1211689710617063,55111,-0.013302152228515163,0.08706874331782566,0.03360604058111538,-0.04901948888566687,-0.006304278442525257,0.024703221335955355,0.016361473824837717,-0.05289105057490421,0.045900346462849365,0.036887142820852384,0.03284911006809827,-0.5333333333333333,0.454754370257904,-0.00316262432847645,0.025376162394510102,0.46873428753393115,0
2002-08-22,NEOG,1.1202800273895264,1.155845046043396,1.093606948852539,1.1211689710617063,169833,0.0,-0.010204576694344158,0.02105268757528922,-0.03445633901141365,-0.00426405773084044,0.022542797360863186,0.018207984879194235,-0.04999411827580602,0.008717824999621634,0.036780933538162607,0.032705924365032266,2.0816533904302226,1.3846889519134224,0.000793501312570365,0.05551179063751623,0.44284808587008423,1
2002-08-23,NEOG,1.144286036491394,1.1958550214767456,1.1273930072784424,1.142508029937744,490377,0.01903286607711796,0.017419390863784523,0.046416691915262875,0.05327852592799598,0.011174301659426742,0.03721062762406549,0.034871648807326995,-0.02939736283711714,0.011729236923668774,0.03698771173427246,0.02920193029607741,1.887407041034428,3.4644380374140122,-0.001553813030089786,0.05992256719809117,0.22077969566481365,0
2002-08-26,NEOG,1.169180989265442,1.169180989265442,1.1247260570526123,1.142508029937744,85479,0.0,0.012608620544833915,0.08074048363776343,0.037126638059267636,0.008634406719809182,0.029235244882935586,0.032958304536615274,-0.027664092897475186,0.01179630720985052,0.03476408597530323,0.029056048874951553,-0.8256871753773117,0.6043761217731731,-0.02281337070358604,0.038909951657190515,0.399999999999995,1
2002-08-27,NEOG,1.15495502948761,1.155845046043396,1.142508029937744,1.1505099534988403,62984,0.007003822600294862,0.012519722055791771,0.12619645238870403,0.041030025900688605,0.013153857257207541,0.02454484599274659,0.03806508174392109,-0.018551832802991313,0.01178788670970017,0.03154025450547648,0.029075249620561818,-0.26316405198937753,0.45417474594005247,-0.0038487004907384044,0.011592264860545182,0.59997854825303,0
2002-08-28,NEOG,1.1380620002746582,1.15139901638031,1.1247260570526123,1.1247260570526123,65234,-0.022410841703555895,0.0031726582546585114,0.09051764093969439,0.0,-0.01017188407681259,-0.006674156444551497,0.01480116951896921,-0.03709979797078887,0.015090725585042692,0.03342199113523415,0.02934661322243108,0.035723358313222375,0.49152745430310685,-0.011718116604216134,0.023715071915018367,0.0,1
2002-08-29,NEOG,1.1256150007247925,1.164736032485962,1.1247260570526123,1.164736032485962,68608,0.03557308482582622,0.038858604321701185,0.02825749201932104,0.007692195829363868,0.01723882351243528,0.025761823516663562,0.05047942885653474,-0.00143269597641449,0.021631472795246725,0.016393302259032575,0.029783234499453286,0.05172149492595879,0.5093954307509031,0.034755250894825576,0.034351109880196684,1.0,0
2002-08-30,NEOG,1.15495502948761,1.1567339897155762,1.1247260570526123,1.1567339897155762,42739,-0.006870262915543601,0.012451518418306051,0.030087807148266643,0.0408002482460863,0.007745988457921949,0.015692316005032843,0.041133409570264505,-0.006035284920326741,0.0213809995029219,0.016264203011981927,0.028397308373753417,-0.37705515391791045,0.3243679742503179,0.00154028527738895,0.027670953691638425,1.0,0
2002-09-03,NEOG,1.15495502948761,1.15495502948761,1.088271975517273,1.1007200479507446,57361,-0.04842422048876127,-0.03657565714376321,-0.024428205181032947,0.010612764453083567,-0.034019895687013746,-0.03114704701389118,-0.009797759311834166,-0.05051118644808452,0.031472401471813544,0.02297001196057114,0.03022811675609854,0.34212311939914364,0.4448346071568577,-0.04695852232526017,0.060581302297967314,0.18667519995423426,1
2002-09-04,NEOG,1.099830985069275,1.1051650047302246,1.099830985069275,1.1042759418487549,10122,0.003230516155883878,-0.04018566854591932,-0.028169059890948644,0.0016125990763400377,-0.022970792396304784,-0.02527100275993007,-0.0066783298442255855,-0.044394964691759735,0.031094867900492023,0.022827884196346966,0.030117838473930996,-0.8235386412370774,0.08053316423649635,0.004041490774330209,0.004830332219336053,0.8333221589004358,1
2002-09-05,NEOG,1.1113890409469604,1.1229469776153564,1.086493968963623,1.1087219715118408,75356,0.004026194445241993,-0.01422931872202804,-0.011101805232871076,0.02213114763106483,-0.01625112174103301,-0.020270145356823078,-0.0037546676803538,-0.03806070603078397,0.030220534382966024,0.022583015544632223,0.029868330380977196,6.444773760126457,0.5944974510042144,-0.002399762222639112,0.03287840377333416,0.609771411753164,0
2002-09-06,NEOG,1.1087219715118408,1.1087219715118408,1.083827018737793,1.083827018737793,68608,-0.02245373810000484,-0.06946553681822676,-0.03330626630573974,-0.01295476514928462,-0.024331488715531698,-0.039098008980382376,-0.02550130121804279,-0.05731831070727927,0.02196082791926415,0.02357963724817368,0.030216421836903654,-0.08954827750942196,0.5336845179916666,-0.022453738100004797,0.022969488990078973,0.0,0
2002-09-09,NEOG,1.0980520248413086,1.0980520248413086,1.063377022743225,1.0704900026321411,24744,-0.012305484062561822,-0.07455818524416424,-0.06303502944266148,-0.019544215068908244,-0.02113830103257523,-0.04482357954363847,-0.03656873920435187,-0.06591348757043107,0.021645860868775225,0.022357767237490046,0.030315582493428042,-0.6393423507462687,0.19391948313216328,-0.025100834555767764,0.032391710350235824,0.2051327889987108,1
2002-09-10,NEOG,1.0615990161895752,1.0909390449523926,1.0500400066375732,1.079380989074707,44989,0.008305529636619235,-0.019386454272151576,-0.05525303911122337,0.021026287426243684,-0.00914150140346302,-0.031434698365664274,-0.029537637294050796,-0.05601691663644613,0.013014595350627874,0.02276680832240455,0.029457156708835693,0.818178144196573,0.39506383158087,0.016750178376160454,0.03789119757415757,0.717400301965105,1
2002-09-11,NEOG,1.0829370021820068,1.089161038398743,1.0829370021820068,1.089161038398743,30367,0.009060794495203917,-0.013687614551039617,-0.05332323715542653,0.06614401187438101,0.002618790290558747,-0.01724863478474791,-0.023710124427699937,-0.04332765059598277,0.014028111070891568,0.022900554499027444,0.02830554548673965,-0.32501278090199825,0.27494535860509167,0.005747366840541295,0.0057145233783669706,1.0,0
2002-09-12,NEOG,1.089161038398743,1.1042759418487549,1.0713789463043213,1.083827018737793,49488,-0.004897365470208026,-0.02245373810000484,-0.03636355542610692,0.050862542260236454,0.0023025243101191346,-0.01843924887876735,-0.03077011714747221,-0.04495485664279528,0.013521169802083814,0.02209591495244759,0.028329118887101743,0.6296637797609246,0.4595333815883003,-0.004897365470208033,0.030352625442706616,0.37839541962603274,0
2002-09-13,NEOG,1.0758249759674072,1.083827018737793,1.066933035850525,1.0713789463043213,88853,-0.011485294441144767,-0.011485294441144767,-0.080152999115502,-0.054160429829012036,-0.006922806086733642,-0.021439205202079033,-0.039266602246324056,-0.05377395937658917,0.010401492843389468,0.01735889557133583,0.017389936694146253,0.7954453604914322,0.8921530334689173,-0.004132670055450202,0.015768447705215023,0.2631653224383807,1
2002-09-16,NEOG,1.1024980545043943,1.146064043045044,0.991358995437622,1.0802700519561768,79855,0.008298749646448611,0.009136049192414841,-0.06610330329983716,-0.03800439959311941,-0.0004936668732234335,-0.006378970689164119,-0.02943656692859244,-0.04377395987026003,0.009468534741880565,0.018131757365421754,0.017494379169869227,-0.10126838711129615,0.8523403469560492,-0.02016148913587852,0.14320960516056025,0.5747133522377021,0
2002-09-17,NEOG,1.066933035850525,1.1362839937210083,1.0509289503097534,1.0802700519561768,76481,0.0,0.0008236784698532063,-0.018578744007289094,-0.04255310381770605,-0.0006580774658435665,-0.004506478117220587,-0.027338728191324286,-0.041450425670782005,0.008756034475827363,0.010671300113930948,0.017433055975790687,-0.04225158099054538,0.8667954149298118,0.01250033100251696,0.07901269062924784,0.34375357886063046,1
2002-09-18,NEOG,1.0802700519561768,1.1265039443969729,1.0491509437561035,1.1265039443969729,37116,0.042798457993975525,0.034285936314000454,0.0201290290821734,-0.008607046634537707,0.034961589079266144,0.03597705436569645,0.01473645426483871,0.0009164203394531687,0.021304069238635866,0.017744438058679694,0.02004820548807302,-0.5147029981302546,0.4408848343385569,0.04279845799397546,0.06866642680268384,1.0,0
2002-09-19,NEOG,1.0313689708709717,1.1016089916229248,1.0313689708709717,1.1016089916229248,102349,-0.022099303688967176,0.01640665214808945,-0.006415476622346428,-0.01744605848328007,0.008793533078026125,0.013745811906753214,-0.006813551719439541,-0.01977830950589245,0.02479682522986278,0.019290887794740957,0.020442477897213446,1.7575439163702984,1.1825808244407818,0.06810367844655706,0.06376129941393573,1.0,0
2002-09-20,NEOG,1.067823052406311,1.1051650047302246,1.067823052406311,1.0802700519561768,49488,-0.019370702153865715,0.008298749646448611,-0.0032818583778789767,-0.03647881823450727,-0.012355783939944045,-0.0055656513780799775,-0.024253307573885906,-0.036708229043433724,0.026199446439463425,0.018921752148101028,0.02086307483384427,-0.5164779333457092,0.614529510157097,0.011656425211852037,0.03456723830887837,0.3333248203494367,0
2002-09-23,NEOG,1.066933035850525,1.0971629619598389,1.066933035850525,1.0687119960784912,30367,-0.010699228268668537,-0.010699228268668537,-0.001660927752036967,-0.06459126056494668,-0.020853480547358732,-0.01604428445312067,-0.03146512209386786,-0.04418053069351537,0.026420742460561395,0.018813793045888042,0.0203651349587509,-0.3863764953119948,0.5278518461864716,0.001667358839018588,0.028286316818973686,0.05884765386238253,0
2002-09-24,NEOG,1.058042049407959,1.089161038398743,1.0349249839782717,1.066933035850525,136091,-0.0016645833812046762,-0.012346001892305392,-0.01153249255839961,-0.06614832640724388,-0.02008858886335648,-0.016555059703674657,-0.029754681708690427,-0.04352023574692776,0.026401703655531135,0.01858703784470941,0.02035504316507053,3.481542463858794,2.265917415917416,0.008403244887611966,0.050833606794484475,0.5901618805842167,1
2002-09-25,NEOG,1.0971629619598389,1.155845046043396,1.0758249759674072,1.1202800273895264,172082,0.05000031843280106,-0.005524984655760123,0.02857152238619709,-0.026275240833320113,0.03008494439194897,0.0296640213548355,0.020160125014255806,0.005747021567716355,0.029487032527969595,0.02458994601423054,0.02351662272480054,0.26446274918988033,2.6266086035390424,0.021069855829250722,0.07142863223443457,0.5555487689513853,0
2002-09-26,NEOG,1.1211689710617063,1.15406596660614,1.1202800273895264,1.1202800273895264,62984,0.0,0.016948877422555242,0.03363360390681702,-0.003952988939134983,0.026560186677376592,0.026225709901421097,0.020366682234506224,0.00695265675509149,0.027045204496102412,0.024461668974481616,0.022973866322976724,-0.6339884473681152,0.9630227636906291,-0.0007928721674647813,0.03015847680096686,0.0,1
2002-09-27,NEOG,1.1211689710617063,1.176293969154358,1.1211689710617063,1.176293969154358,85479,0.04999994679486974,0.08888880796454446,0.09792522357466216,0.009923224100594874,0.05924733828851891,0.06727966081437561,0.07082132829066676,0.05807817100724391,0.029921736443222734,0.027759742150536955,0.02433412073329675,0.357154197891528,1.2903279370286034,0.04916743106121659,0.04686328378634905,1.0,1
2002-09-30,NEOG,1.1291710138320925,1.1869629621505735,1.1291710138320925,1.1869629621505735,61860,0.009070005692442429,0.11064811334203206,0.09876503565121975,0.02613303724431071,0.04656611344124727,0.06663433651605329,0.07904899413432975,0.06844399364025507,0.026352732404933635,0.027756406259343676,0.02433166753483556,-0.2763134805039834,0.9205083182048154,0.051180864200854034,0.04868892304252855,1.0,0
2002-10-01,NEOG,1.1291710138320925,1.1682920455932615,1.1033869981765747,1.146064043045044,94476,-0.03445677785213086,0.0741667982296923,0.060905132906097004,0.04119484802581552,-0.0034019510672851916,0.023828260552048713,0.03972549049995418,0.03247170897214322,0.03590308620621016,0.03105174680142731,0.022984361000892826,0.5272550921435499,1.3680723742085428,0.014960558680674235,0.056633002152512185,0.6575304474316919,0
2002-10-02,NEOG,1.1131670475006104,1.155845046043396,1.1131670475006104,1.1211689710617063,7873,-0.021722234577042032,0.0007935013125703883,-0.004735867425766038,0.015297833243264725,-0.02520099363704573,0.002066003653532385,0.016361512266616817,0.009849992166480527,0.03255654001440415,0.029291969601478177,0.023598398908656202,-0.9166666666666666,0.11419197537758194,0.00718843014537904,0.03806562582834515,0.1874952864313415,1
2002-10-03,NEOG,1.1033869981765747,1.1985219717025757,1.1033869981765747,1.1985219717025757,17996,0.06899316930579946,0.06984141678877243,0.08797402782349817,0.08099415588227643,0.02806615318769373,0.06200287659618293,0.08207915715206199,0.07914248058029848,0.04463176299669135,0.03524713018732391,0.028079819503213043,1.2857868665057794,0.2723476897512459,0.08622085785242918,0.07937691237387645,1.0,0
2002-10-04,NEOG,1.1780719757080078,1.2047460079193115,1.172737956047058,1.1985219717025757,64109,0.0,0.018896639046953156,0.10946514673091756,0.10582403924415407,0.024160680606403483,0.05099035875416399,0.07650545727982863,0.07841727836875984,0.040017696444263756,0.03402489568801266,0.02739571373910122,2.562402756168037,0.9735263813668,0.017358868062605136,0.026706270413035457,0.8055477964864453,0
2002-10-07,NEOG,1.1700700521469116,1.2171930074691772,1.155845046043396,1.155845046043396,69733,-0.03560796269638211,-0.026216417107739587,0.08153089914273348,0.07973455445766175,-0.007026789698452328,0.0058810536566979935,0.034208889048126634,0.03868749143352573,0.0435407794959711,0.03660032596147574,0.028654558367749848,0.08772559235052801,1.0239523771765209,-0.012157396967313853,0.05307628529947253,0.0,0
2002-10-08,NEOG,1.155845046043396,1.155845046043396,1.0758249759674072,1.0758249759674072,52862,-0.06923079382474984,-0.06128720947479904,0.008334112655715042,-0.003294492994867504,-0.06448097478446217,-0.064480819619457,-0.03723704767149217,-0.03277344522628587,0.051550780512246035,0.04413772420507642,0.03299065402152434,-0.24193710294982285,0.7717592920405663,-0.06923079382474978,0.07438019367791014,0.0,0
2002-10-09,NEOG,1.076714038848877,1.1291710138320925,1.027812957763672,1.058042049407959,281180,-0.016529572148534122,-0.05630455647909027,-0.055555732905989696,-0.028571522386197645,-0.06973145440923187,-0.07493801495820689,-0.0518308486104291,-0.04795459617754463,0.05134559991758361,0.040947974972255906,0.03313095841833804,4.319132836442057,3.4698116024833374,-0.017341642039775326,0.0957977578727959,0.2982406413149946,0
2002-10-10,NEOG,1.067823052406311,1.0820480585098269,1.0313689708709717,1.0313689708709717,92227,-0.02520984733254461,-0.139465946205519,-0.0793650286935268,-0.04840075672584088,-0.06572178446852993,-0.09119396760569595,-0.07355641862048862,-0.07039369511182049,0.025848407315097913,0.04138318865382166,0.03356743599009436,-0.6720001422576285,1.1088567751212681,-0.034138691287092036,0.049137688906868766,0.0,1
2002-10-11,NEOG,1.0313689708709717,1.1291710138320925,1.0313689708709717,1.0447059869766235,147338,0.012931372265726493,-0.12833806000856784,-0.11186657895758279,-0.02489591513787448,-0.026511878613022483,-0.06864270565349088,-0.06045067942026277,-0.05648230545953326,0.029851799517847222,0.03710221916188625,0.033646147187995155,0.5975581987921108,1.7112964053460444,0.012931372265726587,0.09361681102657379,0.13636745922530177,1
2002-10-14,NEOG,1.0491509437561035,1.1113890409469604,1.0215890407562256,1.1113890409469604,116971,0.06382949346669053,-0.03846190737124677,-0.06366999107258242,0.028806675640440815,0.04427730195597707,-0.002473880039437,-0.0018764291507813152,0.003741951059844409,0.04926721705190553,0.04384982462904024,0.03659225324469496,-0.20610433153701013,1.3299246985040891,0.05932234781015976,0.08079978916673558,1.0,0
2002-10-15,NEOG,1.0918289422988892,1.1318390369415283,1.086493968963623,1.0962740182876587,60735,-0.01360011850253895,0.019007778009488163,-0.04344436513782879,0.014814782935527626,0.026131743203691566,-0.011623398588358853,-0.016158063405710625,-0.010036249553092175,0.036205580887522584,0.04281385654437712,0.036758375839089884,-0.480768737550333,0.6967755702351152,0.004071220148652817,0.04136289579199612,0.21568055270754136,1
2002-10-16,NEOG,1.093606948852539,1.1976330280303955,1.067823052406311,1.1976330280303955,93352,0.09245773232960142,0.13193329953242072,0.06820029713833464,0.06314144214692363,0.09245754225874638,0.0723669435376235,0.07138617702540499,0.0796385332680377,0.05051998180515974,0.05174246935737693,0.04112214427483905,0.5370379517576356,1.0375026673305354,0.09512199907563246,0.10838877401165822,1.0,1
2002-10-17,NEOG,1.1985219717025757,1.2376430034637451,1.1914089918136597,1.2314189672470093,104599,0.028210594085049223,0.19396549830959064,0.02744797035109947,0.11783670668196367,0.08372443993725948,0.09938070050340035,0.09525124742932012,0.10716733397550009,0.04186893857901931,0.04784406125431034,0.040989501062870866,0.12047947553346483,1.161048772284635,0.027447970351099485,0.03754531388569347,0.8653797065277087,1
2002-10-18,NEOG,1.2091909646987915,1.2376430034637451,1.2091909646987915,1.2358649969100952,23619,0.0036104930826472703,0.18297876370622257,0.03115756414083215,0.14403337820220385,0.052233418777164996,0.09968377793403116,0.09165198134998855,0.10841792853322119,0.043375831459240954,0.047826446714917585,0.04054968832988909,-0.7741947819768832,0.2659897642534938,0.022059404171902816,0.02302196343135317,0.9375086415304622,0
2002-10-21,NEOG,1.2118589878082275,1.2145260572433472,1.2118589878082275,1.2145260572433472,7873,-0.01726640022987913,0.09280010194135868,0.05076892564520108,0.13643906094429825,0.016217839198205398,0.07508266528086054,0.06593848932895002,0.08688742943813098,0.04498673626694688,0.046467418664914266,0.04073116251926614,-0.6666666666666667,0.08980067170856813,0.0022008083959861534,0.002195975474724001,1.0,0
2002-10-22,NEOG,1.2136369943618774,1.2314189672470093,1.2002999782562256,1.201189041137695,58485,-0.010981251514622592,0.09570145885050696,0.11652830894500998,0.12583358165505265,-0.012282750175908802,0.05160716022262897,0.048058469413784694,0.07218796989805816,0.04452983542580236,0.03906072785398835,0.040890733053846655,6.428553283373555,0.6979812427610628,-0.010256735153930772,0.025906820596123346,0.028569786818357513,1
2002-10-23,NEOG,1.2260839939117432,1.2260839939117432,1.201189041137695,1.225195050239563,39365,0.019985204892587705,0.023013745917224382,0.15798332488310507,0.09365071257630952,0.002911030345762772,0.057153597695971316,0.06413358291515824,0.08965519078110465,0.01946789824653731,0.037810584308961954,0.03975385975156205,-0.3269214328460289,0.5102014365737897,-0.0007250267327477764,0.02031917511353017,0.9642922129538297,0
2002-10-24,NEOG,1.225195050239563,1.225195050239563,1.1896309852600098,1.1905200481414795,68608,-0.028301617845504223,-0.03321283835424793,0.154310515213685,0.06269862805251125,-0.01890380298034652,0.013319263409022593,0.030872389170382007,0.055827252133373285,0.018807940695776543,0.03819025200283449,0.040447271963328826,0.742868029975867,0.8859847359789248,-0.028301617845504255,0.029872714058929353,0.02499891061330795,1
2002-10-25,NEOG,1.1736270189285278,1.226973056793213,1.1736270189285278,1.2038569450378418,76481,0.011202580684955832,-0.025899310970275757,0.15234042883376286,0.023432047265615985,-0.0026514756025253655,0.010976126541851906,0.041178340222983306,0.06630995154453188,0.020099522934248843,0.03820500715465611,0.03902054764639041,0.1147533815298507,0.9934261713975457,0.025757694413777742,0.044312605484041284,0.5666761266505623,0
2002-10-28,NEOG,1.2100800275802612,1.2145260572433472,1.1914089918136597,1.2002999782562256,15746,-0.0029546424068720434,-0.011713276057173316,0.07999983267201238,0.011236252967394833,-0.0032487914219123675,0.0005186102437879158,0.03750366226928842,0.06170453294307514,0.018912868027365567,0.03434666986191477,0.038996388471119865,-0.7941188007478982,0.21084232486268337,-0.008082150850462625,0.0192594066887109,0.3846070544554455,0
2002-10-29,NEOG,1.1931869983673096,1.1931869983673096,1.1825180053710938,1.183406949043274,24744,-0.014074006097620329,-0.014803741530624581,0.07948097765895601,0.03258361190619974,-0.014366186532839763,-0.020675555255831216,0.02125362311393321,0.04574229189222355,0.01931769530885599,0.034380455790585775,0.038273251392630124,0.5714467166264448,0.3475534730064555,-0.008196577181462853,0.009015489561592632,0.08332029766028291,1
2002-10-30,NEOG,1.1798510551452637,1.2074129581451416,1.160290002822876,1.2047460079193115,49488,0.018031885728987174,-0.016690438241856342,0.005939198170422877,0.07454455038874364,0.006836248345333804,-0.0036030001953821313,0.035932913185034186,0.06331243422424973,0.018752472462926554,0.018498842623286115,0.037991982208754965,1.0,0.6753685233341817,0.021100080951305143,0.03911443160011011,0.9434044361693515,0
2002-10-31,NEOG,1.2260839939117432,1.2260839939117432,1.142508029937744,1.142508029937744,94476,-0.051660663386681294,-0.040328609567463536,-0.07220202033109568,-0.0467358488933336,-0.03745317276270001,-0.04807760096038766,-0.015212449858335473,0.008001316217081283,0.02745424125504186,0.022196402713069784,0.0367329399584013,0.9090688651794374,1.2253768018101272,-0.06816495802000924,0.07315131428752703,0.0,1
2002-11-01,NEOG,1.142508029937744,1.1611789464950562,1.1380620002746582,1.1496210098266602,39365,0.006225759209153026,-0.04505181071117781,-0.06978431082607073,-0.040801055825825716,-0.02252785972774283,-0.0352184984916848,-0.006988613209192673,0.01376792955143558,0.02666789303623812,0.022353315817781022,0.03677497646115752,-0.5833333333333333,0.5189003504373381,0.006225759209153067,0.02010831919632673,0.5000232055652102,1
2002-11-04,NEOG,1.1700700521469116,1.2207499742507937,1.1700700521469116,1.2047460079193115,46113,0.04795058338483482,0.003704098761665442,-0.00805256442684632,0.042307541173715046,0.023568627853724676,0.011873841270043388,0.03843372527233614,0.061213837218305374,0.03715403014479035,0.027855142521224924,0.03743032718558627,0.171421313349422,0.6174633961491055,0.029635794633641355,0.04206689357818264,0.6842148593149424,0
2002-11-05,NEOG,1.2002999782562256,1.2136369943618774,1.155845046043396,1.2002999782562256,106848,-0.0036904290479987667,0.01427491128610403,-0.000740152341572653,0.11570190790271195,0.016872278847953406,0.008214879040000575,0.029080876293194273,0.05622212768492721,0.03636199330915003,0.027643703846452043,0.033456548415993444,1.317090625203305,1.3808103188587846,0.0,0.048147920824293075,0.7692236290053095,1
2002-11-06,NEOG,1.2002999782562256,1.2518689632415771,1.1024980545043943,1.2518689632415771,157461,0.04296341407942883,0.03911443160011019,0.021771156353266763,0.18319396090361106,0.05215978022530293,0.04918051589294314,0.0644492960017279,0.09963944681410251,0.040364149905502814,0.03029253740802082,0.0339877835375252,0.47369159928122184,2.2116955335158375,0.04296341407942877,0.11931832573786579,1.0,0
2002-11-07,NEOG,1.2518689632415771,1.2527580261230469,1.2047460079193115,1.2367539405822754,64109,-0.012073965489297733,0.08249037046126229,0.03883503895039109,0.19913820903285462,0.023245584013662942,0.03251194612529062,0.04249429947068706,0.08422856585802081,0.02747218352568193,0.028855615339178384,0.03341433383227686,-0.5928579140231549,0.9186144481636022,-0.01207396548929775,0.03882099472521659,0.6666650113965349,1
2002-11-08,NEOG,1.223417043685913,1.259871006011963,1.223417043685913,1.259871006011963,157461,0.018691725711262874,0.09590116676966987,0.046528834846203626,0.20595748633357247,0.023696138566189684,0.04691561172285193,0.05243637246075737,0.10265539010602401,0.02689170375528953,0.029153431531193808,0.03346898031279547,1.4561450030416947,2.240004438441168,0.029796840344990815,0.028934678353653345,1.0,0
2002-11-11,NEOG,1.201189041137695,1.2660939693450928,1.201189041137695,1.2447559833526611,76481,-0.011997277965104858,0.033210299241787755,0.03703741223174939,0.12000023168490603,0.004880891563976679,0.03054846035856514,0.03404990813865518,0.08775056462185726,0.02381604880237372,0.02956290784856857,0.031263830256696636,-0.514286077187367,1.1202650634352052,0.0362698465627875,0.0521426922830135,0.6712424374887515,0
2002-11-12,NEOG,1.2616490125656128,1.2669830322265625,1.2180819511413574,1.2447559833526611,116971,0.0,0.03703741223174939,0.0518410292917284,0.13544238264163733,-0.002280530037865182,0.025340591042823143,0.02771161597722434,0.08501917684267933,0.0234650859143482,0.02893321643101659,0.030958367178052996,0.5294125338319322,1.6455725585501304,-0.013389642479566501,0.03928567666209848,0.5454691720378732,1
2002-11-13,NEOG,1.259871006011963,1.2892110347747805,1.2492010593414309,1.2847659587860107,73107,0.032142826359898846,0.02627830588534641,0.06642059848357573,0.07275428175099052,0.024386747006595332,0.05136787694082733,0.05694335610175791,0.11638199403934735,0.01955122937345195,0.029941863672393078,0.024425068563743258,-0.3749989313590548,1.0433423719138004,0.019759921972370136,0.031141839616575354,0.8889008068456689,0
2002-11-14,NEOG,1.2838770151138306,1.2865439653396606,1.262537956237793,1.262537956237793,57361,-0.017301207582757883,0.020848137054148452,0.10505827806443468,0.025270837804580948,0.002541478357298019,0.02312830726702348,0.037329138022857915,0.09414245114163666,0.02081494611212238,0.023828100887679813,0.024149730938397732,-0.21538293186698954,0.8471807656691,-0.016620796715599462,0.019014089028580667,0.0,1
2002-11-15,NEOG,1.2874330282211304,1.2892110347747805,1.259871006011963,1.2669830322265625,335166,0.003520746419391152,0.005645043167643138,0.10208757616355513,0.025179154191006692,0.00493611036802545,0.0170575365686106,0.03965225753973742,0.09452005317541728,0.019240065859121053,0.023894640825387163,0.024149331395583375,4.8430989696832345,4.024304365288295,-0.015884318287859994,0.023157396757915703,0.24240011051429594,0
2002-11-18,NEOG,1.2892110347747805,1.2892110347747805,1.155845046043396,1.234974980354309,239565,-0.025263204840244247,-0.007857767409165328,0.02509157302559184,0.016836957090385907,-0.018929563098060757,-0.011036414877616578,0.012537798621479647,0.06384562343041712,0.022212574855340967,0.02213300249966315,0.024539804745098485,-0.28523477918404616,2.525191037635165,-0.042069182591154455,0.10799084261052994,0.59332919182484,0
2002-11-19,NEOG,1.234974980354309,1.234974980354309,1.2002999782562256,1.2002999782562256,191202,-0.028077493592732816,-0.0357146345878141,0.0,-0.000740152341572653,-0.039692704595363386,-0.03880403360233641,-0.01585585634368278,0.031825935727797974,0.025133479323524555,0.02416548474248081,0.025270438035649267,-0.2018784046083526,1.8836540536067363,-0.028077493592732854,0.028888613451829536,0.0,0
2002-11-20,NEOG,1.208302021026611,1.208302021026611,1.1825180053710938,1.1914089918136597,210322,-0.007407303677104626,-0.0726645707989999,-0.04829576673213709,-0.027576065067596467,-0.032351096462394265,-0.041282163206509605,-0.0217908079325979,0.022385606659275862,0.013060172133302798,0.018965691158056436,0.024884809783167216,0.09999895398583702,1.9110843565076157,-0.013980800262668264,0.021641615794981396,0.34482551365746605,0
2002-11-21,NEOG,1.1780719757080078,1.1825180053710938,1.155845046043396,1.164736032485962,263184,-0.022387743848645947,-0.07746454137764591,-0.058231395698975286,-0.021657775268689505,-0.03874335400277296,-0.05728243044620341,-0.04267737744261008,-0.0018892884252198778,0.013484624695069771,0.019673846587200932,0.024577862827326342,0.25133842394043415,2.1971814759328465,-0.011320142993836305,0.022900432873848808,0.3333333333333333,0
2002-11-22,NEOG,1.164736032485962,1.164736032485962,1.1291710138320925,1.1336170434951782,353162,-0.026717632255580437,-0.10526264783278938,-0.1002118168561027,-0.05834572108603453,-0.04336712290308394,-0.072996768438361,-0.06555742106214199,-0.029591566632073713,0.008410310933206745,0.018602051942019138,0.025060473548454268,0.34188248525746245,2.6430997346138128,-0.026717632255580413,0.0313730451195538,0.12501131255844275,0
2002-11-25,NEOG,1.1309490203857422,1.160290002822876,1.1087219715118408,1.1327279806137085,969508,-0.0007842709198588871,-0.08279277019139797,-0.08999997126923887,-0.05629592507423398,-0.027332279348453788,-0.0651597463250647,-0.0636826464889689,-0.031222697923068917,0.012258799649317245,0.018828221326463265,0.025064029656687456,1.745221739598258,5.3473958479840835,0.0015729800334939447,0.04552552086079462,0.4655211473378581,1
2002-11-26,NEOG,1.1416189670562744,1.2091909646987915,1.1247260570526123,1.208302021026611,494876,0.06671861356506503,0.006666702420515591,-0.02928603100815297,0.021036780292243096,0.03613883554560531,0.00022070834807841585,-0.0022394647452755392,0.031154538399862458,0.03776289854618565,0.030601468961532895,0.029273852048930283,-0.48955965293736614,2.4162534000809526,0.058410954876023574,0.0699038039963015,0.9894755858148315,0
2002-11-27,NEOG,1.2056349515914917,1.2358649969100952,1.1069430112838743,1.155845046043396,382404,-0.04341379396075662,-0.029850325131527966,-0.10034583486663473,-0.04059026679023514,-0.0027613914597301643,-0.032881630182973624,-0.04362510565288024,-0.014105517254868638,0.04304195139969976,0.030409373422733615,0.03063410707726699,-0.2272730946742214,1.7267633324919363,-0.04129766268170213,0.11153916008684486,0.37931493625378754,0
2002-11-29,NEOG,1.155845046043396,1.155845046043396,1.1407300233840942,1.142508029937744,69733,-0.011538757856259685,-0.019084154630964356,-0.09507035072254255,0.0,-0.010472885875537479,-0.0343427429694183,-0.0546604839785576,-0.02616097057245954,0.042232089245358026,0.03031243335825544,0.0284188544252011,-0.8176457359232644,0.31665160218227273,-0.011538757856259688,0.013229686149449109,0.11763174913637978,0
2002-12-02,NEOG,1.1211689710617063,1.1594010591506958,1.089161038398743,1.1327279806137085,129343,-0.008560158062581258,-0.0007842709198588871,-0.10596436431900569,-0.014694433268489737,-0.018792284845571113,-0.031620380953293316,-0.062097252940124754,-0.03535983612010976,0.04044129189596564,0.029973124053772653,0.02845102766919931,0.8548320020650195,0.5755769932072899,0.010309783672532618,0.062009610386685315,0.6202581056861988,1
2002-12-03,NEOG,1.1291710138320925,1.1380620002746582,1.1202800273895264,1.1336170434951782,107973,0.0007848864835033886,0.0007848864835033886,-0.0820728666341497,-0.059040630935128346,-0.018173376310349702,-0.022389135153438756,-0.05858888384129491,-0.03566874535497982,0.040435074213456,0.02970167989079983,0.026092756823524587,-0.16521960987451967,0.4739569078605876,0.003937428085403226,0.015686049347234846,0.7500301677325932,1
2002-12-04,NEOG,1.1380620002746582,1.1905200481414795,1.1291710138320925,1.172737956047058,95601,0.034509813323961636,-0.029433092356608515,-0.02296261160415003,-0.02296261160415003,0.022005251625097807,0.013757632817299298,-0.02498511333120526,-0.0041824212988575355,0.027944001095715234,0.031568777319898884,0.027384136088593653,-0.11458420160595706,0.42068739425169255,0.030469302871048553,0.05231265347305366,0.710148785639474,0
2002-12-05,NEOG,1.1389509439468384,1.1754050254821775,1.1300599575042725,1.1487319469451904,715321,-0.02047005384117062,-0.0061540248172146095,-0.03582065030708115,-0.08238643126779399,0.002327404194678183,-0.0033171178526846356,-0.040831373134690034,-0.02503795530481086,0.02128040190481878,0.032088894458390034,0.0256671010305092,6.482358971140469,2.803613666872434,0.00858772983185533,0.03947402011277798,0.4117755309136625,0
2002-12-06,NEOG,1.1336170434951782,1.15495502948761,1.1336170434951782,1.1380620002746582,19120,-0.009288456457493544,-0.003891464695725544,-0.022901354012695774,-0.07979917190411545,-0.006211612029670923,-0.01028422560282553,-0.04580902405477286,-0.034385310390073746,0.021025515564210513,0.031479527453516655,0.025628404950585177,-0.9732707413874331,0.07560508286012606,0.00392103912426656,0.018749405557238696,0.20831191758474832,1
2002-12-09,NEOG,1.15317702293396,1.1682920455932615,1.1345059871673584,1.1682920455932615,43864,0.026562740264860496,0.03139682747157391,0.030587932932953255,-0.07268915625623329,0.013888753823415968,0.012950772206768088,-0.016688014657336204,-0.008601317857236982,0.02343263057109391,0.03131634159589063,0.02604961709907675,1.294142259414226,0.17743389107054153,0.013107287397077406,0.02891918895908125,1.0,0
2002-12-10,NEOG,1.155845046043396,1.155845046043396,1.1158349514007568,1.1389509439468384,71982,-0.02511452659212765,0.004705204885782743,0.005493784421003012,-0.08500062728828539,-0.012488812969385596,-0.013021534152438367,-0.03709597765689189,-0.0327116329395933,0.027499352529401576,0.03260082874206308,0.026438412487013223,0.6410268101404342,0.29143896521393226,-0.014616234377080447,0.03512890072683119,0.5777540081458992,0
2002-12-11,NEOG,1.1229469776153564,1.1416189670562744,1.1185020208358765,1.1291710138320925,92227,-0.008586787839039989,-0.037149767337467665,-0.06548942716100603,-0.09285753277461561,-0.013515651029869786,-0.014740346904503033,-0.04067702253381349,-0.040742285178067106,0.02026740672198847,0.023031554497444758,0.026437976167339016,0.2812508682726238,0.3752862907401617,0.005542591360772142,0.02047249348169633,0.46152259448533595,1
2002-12-12,NEOG,1.142508029937744,1.160290002822876,1.1309490203857422,1.146064043045044,83229,0.014960558680674252,-0.0023224773257514153,-0.008462209559865874,-0.10795889694339955,0.001709658258398374,0.0008538593743092041,-0.020554188530086285,-0.02680289593081255,0.020734724335800408,0.019811857074368847,0.025443917640064807,-0.0975636201979897,0.3379759734895007,0.0031124622445706544,0.02560152080085859,0.5151505302076138,1
2002-12-13,NEOG,1.1336170434951782,1.155845046043396,1.1291710138320925,1.155845046043396,69733,0.008534429692396817,0.015625726686635755,0.011673455027163993,-0.08450669515895481,0.0071278903431017445,0.008221283686123175,-0.007671071404525901,-0.017785309611742392,0.020329780438986506,0.019604560221618147,0.0254633321689286,-0.16215501808263943,0.28246192669794423,0.01960803489658571,0.0230775157125188,1.0,1
2002-12-16,NEOG,1.155845046043396,1.1780719757080078,1.155845046043396,1.169180989265442,75356,0.011537829631832253,0.0007608916584971315,0.03218160871419751,-0.07719285931497111,0.01859016699900299,0.01662139216727493,0.008010184727164195,-0.0059569864604074735,0.016836672101484394,0.019507577625214104,0.025652035339252144,0.08063614070812952,0.3221921861254611,0.011537829631832157,0.019010683434543586,0.599990346092581,1
2002-12-17,NEOG,1.1638469696044922,1.201189041137695,1.1638469696044922,1.1985219717025757,91102,0.025095329727836013,0.052303418397726675,0.057254721583297696,-0.029517204179533407,0.03342542607454475,0.03628547467415955,0.0349328254091649,0.01824992474024057,0.012267665450573072,0.020635536487148543,0.025894439702263145,0.2089548277509421,0.402283649228723,0.029793437628545815,0.03115676843216829,0.9285773572377213,1
2002-12-18,NEOG,1.2198610305786133,1.250978946685791,1.1896309852600098,1.2367539405822754,159710,0.031899264078896206,0.09527602589184103,0.05458677635965303,0.030370709811233576,0.04696690193467748,0.06345593297925074,0.06626820680750765,0.047865993583470524,0.009789101552235311,0.020244422309354818,0.026087985423373955,0.7530899431406555,0.710177310877661,0.0138482249864555,0.04960401532814042,0.7681258549931601,1
2002-12-19,NEOG,1.246533989906311,1.262537956237793,1.2447559833526611,1.2545360326766968,121470,0.0143780355258456,0.09464740673954597,0.09210511295770085,0.052985197607867685,0.042867685540136126,0.06902055459515122,0.07866373425577745,0.05940477568277451,0.009843665463167074,0.01816760934857707,0.026137341290485127,-0.23943397407801637,0.5510220467790364,0.006419434074948227,0.014174142808151914,0.5499979888178271,1
2002-12-20,NEOG,1.253646969795227,1.2660939693450928,1.253646969795227,1.256314039230347,16871,0.0014172622446375627,0.08692254513774911,0.10390649975761423,0.07862554620974915,0.027188041976640154,0.059855953192390676,0.07595645561764859,0.05689095373695857,0.011905500415013995,0.017263234887010898,0.025458079217811815,-0.8611097390302133,0.08106020657836417,0.0021274485555973503,0.00990755429071787,0.21427408464465023,1
2002-12-23,NEOG,1.2500900030136108,1.2660939693450928,1.246533989906311,1.2589809894561768,160835,0.0021228372385806438,0.07680590175106539,0.07762523437952806,0.11058756277558723,0.014471623779278535,0.05404166484939899,0.0724830937343608,0.055329850031695264,0.013584901646610161,0.016375835828086965,0.024416317323784884,8.533222689822773,0.8101992364224189,0.007112277052958013,0.015536358056709634,0.6363503391617554,1
2002-12-24,NEOG,1.2572029829025269,1.2776529788970947,1.2572029829025269,1.2776529788970947,142839,0.014831033667143334,0.0660238268991502,0.12178051713940219,0.1279433374682475,0.01655362415618368,0.057395310466848516,0.0817118987309679,0.06800454170258435,0.012398403250691107,0.011709652291047371,0.024453139366120525,-0.1118910684863369,0.9087638364938927,0.016266264296760258,0.016005907967452063,1.0,1
2002-12-26,NEOG,1.2883219718933103,1.332777976989746,1.2874330282211304,1.332777976989746,230567,0.0431455168211925,0.07764198945043321,0.18031543553944784,0.10301725379667603,0.04445395297745387,0.08473860861907613,0.12246827860424425,0.10969649119792071,0.016902200299428627,0.013132106636792758,0.021814359327813733,0.6141740000980125,1.6015601122502847,0.03450690593369567,0.03402288269426033,1.0,0
2002-12-27,NEOG,1.3105499744415283,1.32744300365448,1.2820980548858645,1.32744300365448,57361,-0.004002897277246342,0.0581146886807451,0.1582624999973996,0.14846103999708737,0.02852025576585714,0.06467938862113921,0.10995461340415107,0.10287047515737727,0.018989912377570188,0.01470143714140698,0.018764317074244873,-0.751217650400968,0.4491439126439715,0.01289003055389046,0.034159620144729265,1.0,0
2002-12-30,NEOG,1.331889033317566,1.3336670398712158,1.311439037322998,1.311439037322998,66358,-0.012056236152831135,0.04387835873140622,0.1346149224865565,0.14785979875735245,0.007513674151364051,0.038878717333979004,0.08888232548324504,0.08812717925050066,0.021560779417870542,0.016959889268414855,0.018791723102061435,0.15684872997332677,0.5202790272464759,-0.015354128972463672,0.0169493220162114,0.0,1
2002-12-31,NEOG,1.3123279809951782,1.32922101020813,1.2678730487823486,1.32922101020813,53987,0.013559130374393824,0.05579116868340783,0.13688216145494825,0.17346885832904224,0.010271444047497172,0.03978280695834402,0.09471661783050835,0.10117531106092062,0.02127904927204909,0.016954732139688386,0.01847064185677907,-0.18642816239187443,0.4361694134451704,0.01287256650592894,0.046153319090386315,1.0,0
2003-01-02,NEOG,1.3167740106582642,1.3167740106582642,1.2091909646987915,1.2225279808044434,187828,-0.08026733596919344,-0.0431455168211925,0.020029677943880886,0.07843119316125846,-0.06296847313914182,-0.0454702711778934,0.003173758631278196,0.012652643173600528,0.04564983329571423,0.033396172999794756,0.02707074435080848,2.4791338655602275,1.4700701779513736,-0.07157342800736671,0.0880004774113074,0.12396949711459192,0
2003-01-03,NEOG,1.2189710140228271,1.2447559833526611,1.2020779848098757,1.2020779848098757,85479,-0.016727630218419387,-0.09806584024975673,-0.028037877733443017,0.02501840126477517,-0.05980548962041294,-0.058889289261366856,-0.01479293571424275,-0.004301299153761125,0.03566523197970802,0.032157469648105695,0.026462864601496404,-0.5449081074174245,0.6716775909845795,-0.013858433891058126,0.03550351897471569,0.0,1
2003-01-06,NEOG,1.1940759420394895,1.2189710140228271,1.1940759420394895,1.2189710140228271,410522,0.014053189082922302,-0.08171498838972902,-0.028349140819803775,0.06114487132043522,-0.030136030234918548,-0.04299901208345156,-0.003815003709437273,0.00979556216819508,0.03848017501697553,0.032138841262336425,0.02607217232384589,3.8026064881432866,3.6646551570227275,0.02084881799127171,0.0204230221202548,1.0,1
2003-01-07,NEOG,1.2216390371322632,1.32744300365448,1.2180819511413574,1.3158849477767944,289053,0.07950470736308457,0.0033901007422134644,0.04741721153012213,0.15625066776609775,0.046232542512604405,0.02827797189727914,0.06762884039168188,0.08781961189210362,0.0578889200253916,0.04133739424861944,0.030923852969696394,-0.2958891362704069,2.302868936209878,0.07714710137764494,0.08310836954088544,0.8943128690509022,0
2003-01-08,NEOG,1.3158849477767944,1.3158849477767944,1.2616490125656128,1.306993007659912,64109,-0.006757384170937852,-0.016722578395550247,0.03813561809576993,0.11872113876819035,0.04284880462840878,0.017511975717998146,0.05448123860053393,0.07862950012092546,0.057589118580084954,0.0415110241164675,0.030753631195584146,-0.7782102244225108,0.5066667509675502,-0.006757384170937876,0.04149672943414413,0.8360507644560888,1
2003-01-09,NEOG,1.2954349517822266,1.3354450464248655,1.2954349517822266,1.3336670398712158,94476,0.020408703072606338,0.09090921501333749,0.04384137312658565,0.17096091535744495,0.045587913793598535,0.03377004063066724,0.06761587910487239,0.09822541475651757,0.03749366006891435,0.04170187440647835,0.02999900104591226,0.4736776427646665,0.7400850413142862,0.029512935432528295,0.03000006256921703,0.9555610510414827,0
2003-01-10,NEOG,1.331889033317566,1.3336670398712158,1.322996973991394,1.3238869905471802,11247,-0.007333201640028597,0.10133203276039549,-0.006671018426225306,0.17244152952020597,0.01846815051478192,0.026896903187418955,0.051591135422564105,0.08765550414454165,0.035494366601254136,0.03958438835737155,0.029963033765784297,-0.8809538930522037,0.09099028692642626,-0.006008040137137906,0.008059650072859841,0.08341247053303094,1
2003-01-13,NEOG,1.304326057434082,1.3736770153045654,1.2865439653396606,1.3647860288619995,107973,0.030893149193886416,0.11962139637591229,0.028131546970162402,0.1908462159198543,0.026893343333070936,0.05556345912548694,0.07474205753631175,0.11831582129917526,0.035590780756232836,0.040710693244663476,0.030355446863696702,8.600160042678047,0.864864734972822,0.04635341836753346,0.06384374409046303,0.8979608030919725,0
2003-01-14,NEOG,1.3354450464248655,1.3799010515213013,1.3354450464248655,1.3603399991989136,53987,-0.0032576752465682812,0.0337833877477105,0.03728801757780187,0.17692246366027153,0.01674624884471376,0.04816049028449359,0.06268438864750354,0.11070763775204971,0.017680378192813467,0.04043057908171957,0.030483546823056158,-0.4999953692126735,0.4351807442576568,0.01864169015467512,0.03268006904348569,0.5599907756003927,0
2003-01-15,NEOG,1.3381119966506958,1.3736770153045654,1.3123279809951782,1.3425580263137815,130467,-0.013071712142261216,0.027211330470349182,0.010033708467761304,0.14828930562518527,-0.001850931233546919,0.033397282602611524,0.041738606594337285,0.09274594558856865,0.019061571330777717,0.04063733824542475,0.030854095049241435,1.4166373386185565,1.0288217878348311,0.00332261400705932,0.045695629616718525,0.49275503125527925,0
2003-01-16,NEOG,1.311439037322998,1.3665640354156494,1.311439037322998,1.313217043876648,122594,-0.021854535790675755,-0.015333659289160084,0.07418158479491788,0.0956970959916077,-0.020687136950235628,0.003805756131542816,0.014457759151967522,0.06698046638425778,0.02015250122042779,0.0304636564766951,0.031220133648340535,-0.06034476151057355,0.9548812123378873,0.001355767598072492,0.0419770656721916,0.03225408825704659,0
2003-01-17,NEOG,1.314105987548828,1.343446969985962,1.2892110347747805,1.304326057434082,48363,-0.006770386117072813,-0.014775379811696299,0.08505943367757318,0.05463666994260241,-0.02447140010431573,-0.010722301615937452,0.004966559048602785,0.05796819609222777,0.020123272544317367,0.029734664751313537,0.030661875772994094,-0.6055027162830156,0.3937736170129613,-0.007442268894146167,0.04158157762935162,0.27869018208033747,1
2003-01-21,NEOG,1.306993007659912,1.3514490127563477,1.2892110347747805,1.3514490127563477,79855,0.03612820203482525,-0.009772239621160694,0.10868018780554833,0.07725005703732224,0.01279321487858639,0.01482168433113721,0.03740104609463307,0.09442271896319278,0.022330516773758545,0.030979391051120454,0.03145791654743999,0.6511589438206893,0.6613877672044264,0.034013957868092345,0.04605277549807795,1.0,0
2003-01-22,NEOG,1.322108030319214,1.332777976989746,1.2865439653396606,1.3167740106582642,66358,-0.025657647288788277,-0.03202580867011551,0.0006756387653585882,0.04812488720173569,-0.006706687351860038,-0.011282260248702668,0.008443664192535408,0.06496218612799978,0.024813689578818198,0.021442685360013425,0.03215865048273061,-0.16901884665957045,0.5385637380501554,-0.004034480949081041,0.03511157668351364,0.6538486330668138,1
2003-01-23,NEOG,1.302548050880432,1.3799010515213013,1.302548050880432,1.3514490127563477,326168,0.02633329775452453,0.006622422471360689,0.03401395786809225,0.07344671927104551,0.018084380845547122,0.011377918617163542,0.03134751135008452,0.0913894731488693,0.02813842701256281,0.02275065019833559,0.03258292508812712,3.9152777359172974,2.4807508087759658,0.037542539672806775,0.05723708398225402,0.6321792492957149,0
2003-01-24,NEOG,1.3514490127563477,1.3514490127563477,1.3336670398712158,1.3336670398712158,82104,-0.013157709034737897,0.015572441806115389,0.0,0.04384137312658565,0.001602673860265287,-0.0019294977601599416,0.015606650111525745,0.07548485115340842,0.02654717317951112,0.02246658297411453,0.032696595595958326,-0.7482769615658189,0.6392261769441339,-0.01315770903473792,0.013333142646195211,0.0,1
2003-01-27,NEOG,1.32566499710083,1.343446969985962,1.3158849477767944,1.343446969985962,107973,0.007333112255432539,0.029993200188639824,0.014774659452388317,0.008005079000714899,0.003053525043375213,0.003919925750733769,0.022638781553475335,0.08164982777997103,0.02594205756430341,0.02239694845288174,0.03131385906196382,0.31507600116924883,0.8827590830418001,0.013413624802661468,0.02051589889659395,1.0,1
2003-01-28,NEOG,1.343446969985962,1.3781219720840454,1.3158849477767944,1.3461140394210815,113597,0.0019852435523730616,-0.003947594977619762,-0.013681257754731835,0.014065414270292509,0.005846134715409902,0.007318467768252066,0.023941330856510193,0.08272757859466287,0.019878359252890904,0.019939940004236992,0.031293486595551825,0.05208709584803617,0.9078688574376483,0.001985243552372966,0.04623458524659399,0.48570914147586014,1
2003-01-29,NEOG,1.334555983543396,1.3567839860916138,1.3265539407730105,1.3567839860916138,210322,0.00792648048981115,0.030384845926104243,-0.002614062006111584,0.034576482381657,0.007793090082048517,0.015573204108385827,0.030280744292502305,0.0896577577666387,0.01416008691968212,0.02012444107671643,0.03116791557438674,0.8514749509229997,1.589457925335788,0.01665572881341398,0.022280661939182173,1.0,1
2003-01-30,NEOG,1.32744300365448,1.3594510555267334,1.32744300365448,1.3594510555267334,15746,0.0019657288576957477,0.005921083736681432,0.012582718126034731,0.02274267791920459,0.008575191518612729,0.01628448581703282,0.031122508651118954,0.09018053355496022,0.008517728626370423,0.01960085917062859,0.03105241632670565,-0.9251338423940434,0.12074130221327103,0.02411256210935953,0.023544835793923868,1.0,0
2003-01-31,NEOG,1.3425580263137815,1.3594510555267334,1.334555983543396,1.336333990097046,23619,-0.017004705933109543,0.001999712181600888,0.0176032943892932,0.09309071945962022,-0.00896750585770979,-0.002720584393509365,0.009232720634157192,0.06990304566935344,0.010156226798131142,0.019012060433946727,0.024885644709499766,0.5,0.19328055672394406,-0.004635953228647223,0.018629378709082673,0.07142002059041827,0
2003-02-03,NEOG,1.3336670398712158,1.343446969985962,1.3336670398712158,1.336333990097046,20245,0.0,-0.005294574365663496,0.024539824594113302,0.11168660185420864,-0.007920857551401697,-0.005097097221011594,0.004142047810361065,0.06757759911183489,0.009414571870215573,0.01878789815611235,0.024402324974953357,-0.1428510944578517,0.1702134457271759,0.001999712181600896,0.007318477407011002,0.2726962457337884,1
2003-02-04,NEOG,1.3407800197601318,1.3736770153045654,1.3336670398712158,1.3736770153045654,26993,0.027944380285356285,0.020475959002209,0.01644753323167003,0.12691524203777438,0.015645661689045142,0.02101519172418306,0.026237248816911477,0.09422376777570052,0.016201451482857374,0.017282372534894615,0.024849679930998667,0.3333168683625587,0.27057274555707084,0.024535714330169486,0.029126188316165993,1.0,0
2003-02-05,NEOG,1.3612289428710938,1.3612289428710938,1.2225279808044434,1.2892110347747805,262059,-0.06148896690322614,-0.04980376538161069,-0.02093219919316658,-0.02027070303302725,-0.03718471223940673,-0.03979883472321039,-0.03590442519612617,0.02490863373168795,0.03310110655984312,0.02540544187430001,0.022905811782139636,8.708405883006705,2.662856184793129,-0.05290653601914578,0.10758592528715118,0.4807685035255468,1
2003-02-06,NEOG,1.2972129583358765,1.332777976989746,1.2803200483322144,1.3194409608840942,105724,0.023448392306535615,-0.029431066664725836,-0.02368424673822611,0.009524116159174811,-0.008684028980606356,-0.01493531444998092,-0.013756971234326943,0.045851064227654205,0.0362418156525704,0.025064363296433825,0.023479014121324412,-0.5965641325045123,1.0520481424171713,0.017135199278870035,0.03975769300233198,0.7457578587839081,0
2003-02-07,NEOG,1.2909890413284302,1.3336670398712158,1.2892110347747805,1.313217043876648,209198,-0.0047170863964053344,-0.017298778891884026,-0.015333659289160084,-0.015333659289160084,-0.009920991499857257,-0.018082807305878572,-0.01765837258865201,0.037947832237526735,0.03567202261270661,0.02479142699631274,0.023039210996423014,0.9787181718436684,1.969300458629233,0.017217808855561713,0.033852747574155864,0.5399947442374294,0
2003-02-10,NEOG,1.3052150011062622,1.314105987548828,1.2936569452285769,1.2972129583358765,44989,-0.012186931029715464,-0.02927489089634583,-0.034414467175111874,-0.02014826975547135,-0.01618354641559744,-0.026684608824843144,-0.028661031410302244,0.023859421212020577,0.03583496353891206,0.024808058129894547,0.023140123257746375,-0.7849453627663745,0.4168863577184996,-0.006130823476288154,0.01576382828189134,0.1738963151236674,0
2003-02-11,NEOG,1.2892110347747805,1.2900999784469604,1.2376430034637451,1.2474230527877808,41615,-0.03838221413696674,-0.09190949627179446,-0.07331547234716052,-0.08599368222730097,-0.03547353399142432,-0.05706022411148225,-0.06182080663659466,-0.016859804662108183,0.032529633248165116,0.027051138658906425,0.02333658887105322,-0.07499611016026142,0.39785351265980107,-0.03241360867990081,0.04205227317707719,0.18643944541531357,0
2003-02-12,NEOG,1.2545360326766968,1.2545360326766968,1.226973056793213,1.232308030128479,38240,-0.012116998018853575,-0.04413785106659607,-0.09174338526923753,-0.09411762437760485,-0.038701606369586056,-0.05963770629610023,-0.06870490613421845,-0.030145335878696996,0.022103222348895515,0.02653945759637543,0.023401268841142006,-0.0811005647002283,0.36836013753781494,-0.017718106111939868,0.022366953074719642,0.1935557814155656,0
2003-02-13,NEOG,1.2331969738006592,1.2331969738006592,1.1700700521469116,1.1851849555969238,98975,-0.03823968795094368,-0.10175218843987677,-0.12818857966334685,-0.11721882230219272,-0.055681592771684045,-0.08340795547764557,-0.09895921406562075,-0.06800182353460717,0.01597636320202995,0.027672164874966525,0.024526648147439753,1.5882583682008367,0.9680951633388548,-0.038932967906793035,0.053263350463264525,0.2394367261074088,1
2003-02-14,NEOG,1.1825180053710938,1.2669830322265625,1.093606948852539,1.2447559833526611,130467,0.050263064405617675,-0.05213232712993743,-0.06852928042168127,-0.05213232712993743,0.002721967076154099,-0.030470624771638564,-0.05120100045343821,-0.022864707746555062,0.036207193630657344,0.0340951851217369,0.02721547619027358,0.31818135892902255,1.2712302872927639,0.05263173812058453,0.13928519781607906,0.8717986446495561,1
2003-02-18,NEOG,1.2616490125656128,1.2696510553359983,1.2572029829025269,1.2572029829025269,30367,0.009999549884741832,-0.030843027874680073,-0.059214992495081664,-0.036128293430139236,0.01931933266883806,-0.01470294435210553,-0.039989308801519886,-0.014400801121799815,0.037237335458487376,0.03445330646122676,0.02732923558610975,-0.7672438241087784,0.2985037948229984,-0.0035239829927380213,0.009901402241929438,0.0,0
2003-02-19,NEOG,1.2669830322265625,1.2669830322265625,1.1842960119247437,1.2198610305786133,29243,-0.029702405126101117,-0.022095168233079332,-0.11197390872253099,-0.09736807007565462,-0.006516662333357734,-0.032303157665705774,-0.06380038972331471,-0.04474082041390185,0.0354940656603601,0.03301968079619341,0.02651329143771437,-0.037013863733658225,0.29478800928628096,-0.037192291016824634,0.06778396737749556,0.4301160995287106,0
2003-02-20,NEOG,1.225195050239563,1.2527580261230469,1.2118589878082275,1.2180819511413574,57361,-0.0014584279624146879,-0.011544255688765048,-0.0551725681170957,-0.0749498841244367,-0.005661494834476857,-0.02823121017160166,-0.06161197112820916,-0.047327937292479805,0.03520049712138972,0.027951806954745043,0.026058298775371944,0.9615292548644121,0.580869415520467,-0.00580568710003745,0.03357659004510858,0.15215427035786946,0
2003-02-21,NEOG,1.2118589878082275,1.2127480506896973,1.164736032485962,1.1682920455932615,200200,-0.04087566152789812,-0.014253395576688033,-0.11455526982393749,-0.13552636128648943,-0.043668188319324557,-0.056576679723347796,-0.09357433445557553,-0.08626903807479698,0.03589506016673537,0.027999876421871257,0.026332174954330222,2.490176252157389,2.1654515296340744,-0.035950504681870096,0.041095904388662285,0.07406506204779627,0
2003-02-24,NEOG,1.160290002822876,1.181628942489624,1.146952986717224,1.146952986717224,136091,-0.018265175181605864,-0.07857202370862426,-0.1266082083953225,-0.1400005005537377,-0.04585825838743476,-0.06120399599402628,-0.10363786807354958,-0.10307076215825402,0.020610077131944765,0.027949942805899776,0.02642043853598121,-0.3202247752247752,1.430260469652511,-0.011494554010811415,0.030233109965255554,0.0,1
2003-02-25,NEOG,1.162068009376526,1.167402982711792,1.142508029937744,1.167402982711792,31492,0.01782984676041477,-0.07142840210529255,-0.10006836178279521,-0.13103902960606584,-0.014116172393816052,-0.034203709391284476,-0.08133632626866993,-0.08762421186463223,0.023217809009334782,0.02962038329428945,0.02682504303689472,-0.7685960129619152,0.3448262646978473,0.004590930386361996,0.021325072098256004,1.0,0
2003-02-26,NEOG,1.1505099534988403,1.155845046043396,1.142508029937744,1.1433969736099243,87728,-0.020563600965027073,-0.06268259666629405,-0.08339278238074532,-0.15059427349731758,-0.021755528761472166,-0.045852458876145266,-0.09299288893002186,-0.10634868843332199,0.022051724456521506,0.028233101226875626,0.026916541261397964,1.7857233583132226,0.9743907003710833,-0.0061824583675131025,0.011664379400572095,0.06665236550203112,0
2003-02-27,NEOG,1.1122779846191406,1.142508029937744,1.1122779846191406,1.1131670475006104,151837,-0.026438696976669673,-0.08613123570416636,-0.09668117038517321,-0.17955469779148303,-0.030209164174144234,-0.06175067472777412,-0.10835744653936145,-0.12939486504336672,0.021704600803256226,0.02880496267501246,0.026957886196075715,0.7307701076053255,1.7430600239124459,0.0007993171615045082,0.02715679141462074,0.02940990898622985,0
2003-02-28,NEOG,1.1211689710617063,1.1211689710617063,1.093606948852539,1.1113890409469604,151837,-0.0015972504375170171,-0.04870614745768087,-0.0622653150476381,-0.18247219241273738,-0.02206212757121257,-0.05738623824170349,-0.10084870203296525,-0.12999897705201624,0.017993428125163434,0.02705490997973067,0.026889818473727352,0.0,1.6167664033051514,-0.008722976078694572,0.024799616690194284,0.6451664525728079,0
2003-03-03,NEOG,1.1122779846191406,1.15139901638031,1.0900499820709229,1.1016089916229248,181080,-0.008799843226546922,-0.03953431014123898,-0.11500004309614176,-0.1756484533159821,-0.02287047683377148,-0.05419823308309465,-0.10021763839794906,-0.13634444276726274,0.01736813527621309,0.01847407756409139,0.026834681871892155,0.19259469035873988,1.7790082333656394,-0.009592020289666195,0.055690389944081604,0.18841387940532378,0
2003-03-04,NEOG,1.0802700519561768,1.15406596660614,1.0758249759674072,1.0758249759674072,209198,-0.02340577814051037,-0.07844592492958669,-0.14427105996548706,-0.19494304272745488,-0.029982064177286046,-0.06172419527467236,-0.11182844503694765,-0.1544252930809242,0.01053316418583592,0.017019600721832746,0.02691949113554614,0.15527943450408666,1.8806901083924352,-0.004114782207208549,0.0727265051347005,0.0,0
2003-03-05,NEOG,1.074046015739441,1.0802700519561768,1.066933035850525,1.0713789463043213,556736,-0.004132670055450149,-0.0629860223245372,-0.12172049155784814,-0.220064881069019,-0.021280178765724536,-0.053342760815667516,-0.10432229630982308,-0.15548829965706648,0.011347841585357154,0.016533859717800973,0.025426514496554278,1.6612873928049026,4.042466754549115,-0.0024831984812898823,0.012448458271144264,0.33335120978914723,0
2003-03-06,NEOG,1.076714038848877,1.1042759418487549,1.0527080297470093,1.0642659664154053,214821,-0.00663908873088459,-0.043929687996965505,-0.12627720538985465,-0.1744827357909422,-0.019013494167017277,-0.04667101665619569,-0.10182344566154883,-0.1585474825722153,0.008538088524889317,0.016218170951092507,0.022615035430159962,-0.6141420709276928,1.587035160695612,-0.011561168503737545,0.048453970839106554,0.2241303980970126,1
2003-03-07,NEOG,1.069601058959961,1.069601058959961,1.0615990161895752,1.066933035850525,125969,0.0025060177805955597,-0.04000039901289354,-0.08675828113788642,-0.19137493265661232,-0.008428742838235198,-0.035525148022886956,-0.08987514967156718,-0.15386924038437227,0.009554031122948295,0.013611699393903144,0.021475068683889806,-0.4136094702100819,0.9237146573861827,-0.0024944095624122873,0.007500042178379798,0.6665822483091499,0
2003-03-10,NEOG,1.0598210096359253,1.1007200479507446,1.0224779844284058,1.0660439729690552,116971,-0.000833288361683393,-0.03228461180357123,-0.0705425720889783,-0.18821951181651742,-0.0026620215214553204,-0.029228682626644128,-0.08094459733472308,-0.1517272292043542,0.010057943424371824,0.013400864180124884,0.021546091261218245,-0.07143027252736789,0.8877523179305536,0.005871711615971479,0.0733947806153115,0.5568103214482694,0
2003-03-11,NEOG,1.0624879598617554,1.066933035850525,1.0624879598617554,1.063377022743225,30367,-0.0025017262828308517,-0.01157061185811259,-0.08910886943848828,-0.180260252636257,-0.0028345524304000764,-0.02239653415645787,-0.07390909910464974,-0.15020600622808547,0.0034450719744675497,0.010382620990746326,0.02160670189785669,-0.7403886433389473,0.2317565285746176,0.0008367745471538389,0.0041801504957314555,0.2000107273117357,1
2003-03-12,NEOG,1.0704900026321411,1.083827018737793,1.0607099533081057,1.0704900026321411,86603,0.006689047945164894,-0.0008297191906249113,-0.06376348080369831,-0.14183884910594202,0.004002921070454482,-0.009216453343465493,-0.060475854647409816,-0.14099387412471498,0.005048084058878501,0.010653437664537023,0.0207891556668391,1.8518786840978696,0.6497865570121059,0.0,0.021594844765337927,0.4230662128712816,0
2003-03-13,NEOG,1.079380989074707,1.1104999780654907,1.063377022743225,1.066933035850525,115846,-0.0033227463805082236,0.0025060177805955597,-0.041533758795586406,-0.1341993967699069,0.0001665066228847373,-0.008264789737464084,-0.056752380188204436,-0.14047532645039787,0.004114898294541064,0.008036574859322205,0.020777450497183984,0.33766728635266685,0.8446082278690968,-0.011532492558399665,0.04416674124698061,0.07546243827410345,0
2003-03-14,NEOG,1.074934959411621,1.074934959411621,1.0598210096359253,1.0607099533081057,186703,-0.0058326833393610444,-0.0058326833393610444,-0.04559977269136428,-0.10502580352627389,-0.004505673901912716,-0.009382745946789294,-0.05706578047316796,-0.14177575414940805,0.004744100669899412,0.007995447742168753,0.019430879940337892,0.6116482226404019,1.3190284278910331,-0.013233364473792569,0.014248899737915096,0.05881610600624571,1
2003-03-17,NEOG,1.063377022743225,1.1362839937210083,1.0624879598617554,1.1309490203857422,190077,0.06621891956286197,0.06088402454536568,0.026633795644308123,-0.09142913509874284,0.048639417621997014,0.053328610219235656,0.010485869148704627,-0.08358700521232952,0.03053962901425782,0.023603992775896875,0.0219932055591836,0.018071482515010562,1.3151719392346102,0.06354472233018503,0.06525142382994656,0.9277065032323931,1
2003-03-18,NEOG,1.1149450540542605,1.2136369943618774,1.1149450540542605,1.201189041137695,98975,0.06210715026570823,0.12959845421424676,0.11652830894500998,-0.044554413667959425,0.08601280982226044,0.10583611105547568,0.07593666986077934,-0.026657183371170522,0.035930194153580536,0.028088999130988963,0.026444282728525902,-0.47928997195873246,0.6689454857585071,0.07735267919242003,0.08216187205149808,0.873870620180505,1
2003-03-19,NEOG,1.1869629621505735,1.2127480506896973,1.1869629621505735,1.2109689712524414,115846,0.008141874242778124,0.13122866002941458,0.13029005790120318,-0.007289403549479823,0.06773263375074112,0.10069476322271001,0.08512895548583861,-0.0186050776565764,0.03574877310738315,0.027597456192756626,0.025697440483960342,0.17045718615812078,0.7607088987956285,0.02022473309392327,0.021292939085347164,0.9310035552309057,0
2003-03-20,NEOG,1.2074129581451416,1.2180819511413574,1.2002999782562256,1.2002999782562256,55111,-0.008810294276311192,0.12500029329336937,0.12781956403153782,-0.014598338698369129,0.03400739994621309,0.07767229114460607,0.07642624569806448,-0.025425639206763197,0.03691852694844573,0.027774078052037642,0.02577099484344655,-0.5242736046130207,0.3621568410981085,-0.005891091230164662,0.014814607354209211,0.0,1
2003-03-21,NEOG,1.1700700521469116,1.3283319473266602,1.1700700521469116,1.2794309854507446,321670,0.06592602568357875,0.2062024886826972,0.1991670915230619,0.09512941586540258,0.06214959309705213,0.12721304009224943,0.14170113127623496,0.03928933552602327,0.03618517584484834,0.03215057362184892,0.0279236608015277,4.836765799931048,2.032696800399879,0.09346528705966903,0.12369709423911814,0.6910124081328898,0
2003-03-24,NEOG,1.2892110347747805,1.2892110347747805,1.1914089918136597,1.2002999782562256,96726,-0.061848593706397614,0.06132102917143811,0.1259385247620246,0.04651192521124159,-0.014886121187590603,0.04513432138044955,0.06854515866238683,-0.02287210824408131,0.053184173913181476,0.040888358166933446,0.03132164427094564,-0.6993005253831566,0.6189289520420606,-0.06896547897923266,0.08148133361062448,0.09090798283324557,1
2003-03-25,NEOG,1.2171930074691772,1.243867039680481,1.2091909646987915,1.239421010017395,73107,0.03259271221349502,0.03182843629965926,0.16555180665839853,0.06169080289508111,0.010877577198854975,0.06290519680152849,0.09984623599292378,0.01036461757522697,0.04774531617940579,0.04094687838259075,0.03186534577012815,-0.24418460393275854,0.46164950328491217,0.018261690965868164,0.027977640125047405,0.8717839413649427,0
2003-03-26,NEOG,1.2447559833526611,1.2447559833526611,1.2163039445877075,1.2225279808044434,19120,-0.013629774770975156,0.009545256589066131,0.1420265278503008,0.06920694126440385,-0.004776965910651159,0.03492417543669187,0.08105998674937502,-0.0010896026982686877,0.04862269874541137,0.041962059918727396,0.0316268963741318,-0.7384655368159,0.12341057251662041,-0.017857317293907066,0.023273118662062612,0.21875536822346894,1
2003-03-27,NEOG,1.234086036682129,1.2803200483322144,1.234086036682129,1.2723180055618286,73107,0.04072710444191441,0.06000002383589931,0.19250033770636543,0.1429713163164139,0.023751547500725816,0.05866686544610734,0.11722681786648734,0.04109066207691242,0.050658128536579534,0.04223474309685727,0.031810297954002933,2.8235878661087868,0.48417315977177827,0.03097998660003261,0.036338408674543195,0.8269230273386637,0
2003-03-28,NEOG,1.2803200483322144,1.2803200483322144,1.2403099536895752,1.2723180055618286,88853,0.0,-0.005559486967098959,0.1994966216671834,0.14479984837510051,0.024924748581758645,0.040348998900013595,0.10938830844294084,0.04228876895913494,0.041021547265514366,0.04189940216860273,0.03178910600072859,0.21538293186698954,0.6009903662163506,-0.00625003317007295,0.03144661512903101,0.7999994041039362,0
2003-03-31,NEOG,1.2714289426803589,1.2714289426803589,1.2047460079193115,1.2314189672470093,482504,-0.0321452955440642,0.02592600979297921,0.08883684856723151,0.11783670668196367,-0.012970356119849022,-0.0012978913772861323,0.06768430216198017,0.010137862292994116,0.030774705934362944,0.04115922788797141,0.03282160311125793,4.430362508862953,2.9616825900543535,-0.03146851081508551,0.054151297433825775,0.39999678213441026,0
2003-04-01,NEOG,1.2065240144729614,1.2358649969100952,1.2002999782562256,1.2287520170211792,77606,-0.002165753733509912,-0.008608045942408271,0.02294640971530848,0.1421486249808026,-0.013420651275361706,-0.005683534275084101,0.058355423435211044,0.009201434764471116,0.026795852110294043,0.03678358493724954,0.032153807920968745,-0.8391598826123721,0.4964054961144561,0.018423174575540876,0.028944016499023673,0.8000006703738339,1
2003-04-02,NEOG,1.234974980354309,1.255424976348877,1.234086036682129,1.2447559833526611,193452,0.013024569733997016,0.018181999019434514,0.027900807454443344,0.16182606317437642,-0.004125578391463982,0.004520576848017092,0.06419402671816714,0.02414074528012496,0.026413819245521348,0.036893452753335235,0.03206563397636218,1.4927454062830194,1.4000840982632476,0.007920000934388098,0.017143070571368647,0.500022345869366,1
2003-04-03,NEOG,1.250978946685791,1.262537956237793,1.2243059873580933,1.255424976348877,161960,0.008571152208868726,-0.013277363944473985,0.04592601773827898,0.17961582533482834,0.007132566391738873,0.008643426067743605,0.0646158952024484,0.033962613153975016,0.017669031325649287,0.036664734050803165,0.03187973942521368,-0.16278973595517232,1.1950240779348131,0.0035540403576453223,0.0304534078897242,0.8139520381150749,0
2003-04-04,NEOG,1.2492010593414309,1.260759949684143,1.232308030128479,1.243867039680481,104599,-0.00920639375999166,-0.022361521063898104,-0.027796689446077827,0.1658342162860389,0.002436441201065439,0.002221110469557758,0.04696021025870324,0.026262165899746708,0.01781684523636347,0.02988847333171107,0.03210763890688177,-0.3541676957273401,0.7779182159175042,-0.004269944874816215,0.022873762747964335,0.40626466447677145,1
2003-04-07,NEOG,1.2545360326766968,1.2714289426803589,1.2429770231246948,1.2714289426803589,103474,0.02215823887974233,0.032490952711892174,0.05925932326306316,0.19266087977523383,0.01808321812959419,0.018590944413627124,0.06098824211154467,0.05008076160639287,0.012387730074524756,0.022122118767043186,0.032179264162257075,-0.010755360949913473,0.7734332546251346,0.01346546417452765,0.02237790772300907,1.0,0
2003-04-08,NEOG,1.2580920457839966,1.2794309854507446,1.2580920457839966,1.2669830322265625,84354,-0.003496782481940186,0.031113694769808298,0.022237820713383538,0.19147113876702826,0.008349466142012084,0.01279280535083339,0.04837195547728771,0.04773218573916703,0.012631770920678936,0.02015697986556474,0.032199290774082776,-0.18478071786149175,0.6180475240255956,0.007067039706959901,0.016842324738357038,0.41665549373198363,1
2003-04-09,NEOG,1.2678730487823486,1.2892110347747805,1.2678730487823486,1.2812089920043943,128218,0.01122821649223793,0.029285264854521653,0.047999728530825125,0.19684349116211575,0.013789076905557907,0.019382935457044687,0.05098082219332874,0.06063490416405174,0.012413157024235228,0.019484285227556034,0.03219602771564566,0.5199990516158095,0.9253247924806626,0.010518358470395258,0.016654570897952827,0.6249860332074291,0
2003-04-10,NEOG,1.2812089920043943,1.2847659587860107,1.2776529788970947,1.2776529788970947,61860,-0.002775513697992671,0.01770556024212855,0.004193113130478876,0.1975006265305026,0.007431455806521435,0.016122308105165673,0.03908330416998272,0.059078654486337374,0.012821967803073457,0.014907744021814164,0.032184776759849015,-0.5175404389399305,0.4553012120021109,-0.002775513697992674,0.00556722365650189,0.0,1
2003-04-11,NEOG,1.2767640352249146,1.2812089920043943,1.2767640352249146,1.2803200483322144,82104,0.0020874756128397287,0.029306193900834776,0.006289341764720291,0.20704066586647585,0.003764154247276138,0.0175958350296655,0.032036106657295095,0.06268356185926278,0.010848984045069645,0.014914279018556999,0.032034055483663774,0.32725509214355,0.6284937209187503,0.002785176437612748,0.003471754414273135,0.8000107275994714,1
2003-04-14,NEOG,1.2767640352249146,1.2829869985580444,1.2767640352249146,1.2812089920043943,139465,0.000694313639263866,0.007692171379564128,0.040433050068001464,0.1328618433812354,0.0029230974153477223,0.014288520424471502,0.02653590775098837,0.06439541557812622,0.00589213470682779,0.009506872462985266,0.02920012932110231,0.6986383123842932,1.0886725828818502,0.003481423862864946,0.004857102449300121,0.7142829776636553,0
2003-04-15,NEOG,1.2767640352249146,1.2892110347747805,1.2767640352249146,1.2812089920043943,34866,0.0,0.01122821649223793,0.042691262562795096,0.0666172834801333,0.0006943509087148175,0.010093766722902868,0.023255660291909005,0.06537121950337983,0.005323842255372231,0.009374245313570114,0.02613455685887836,-0.7500017925644427,0.27915109755716766,0.003481423862864946,0.009715042297972924,0.35711070460572414,0
2003-04-16,NEOG,1.2803200483322144,1.2812089920043943,1.2367539405822754,1.2803200483322144,78730,-0.0006938319023106487,-0.0006938319023106487,0.028571113901187273,0.057269078503346504,0.00013891926732581073,0.006570669111903906,0.019721664608823446,0.06628754187198549,0.0017979125475084858,0.008937611475685274,0.02612759405009386,1.2580737681408825,0.6398508504660516,0.0,0.03472182715566118,0.9800035396711373,1
2003-04-17,NEOG,1.2723180055618286,1.2838770151138306,1.2669830322265625,1.2838770151138306,28118,0.0027781856468229726,0.004871460654448212,0.022663272836661363,0.06963012444524419,0.0019432036685203828,0.007114333902946661,0.019162580558583667,0.06934489418327511,0.0014407875041195983,0.008710933739177723,0.025977349186224026,-0.6428553283373555,0.23105370696246713,0.009085000370562028,0.013158567906732265,1.0,1
2003-04-21,NEOG,1.2714289426803589,1.2892110347747805,1.2714289426803589,1.2847659587860107,71982,0.0006923900511619507,0.0034724992860868387,0.03288045892432012,0.004169801572678544,0.0019416702387663768,0.004588685760734255,0.019652327764119914,0.07070375592424438,0.001299186828965646,0.007772884678918948,0.02145336695657066,1.5599971548474287,0.6591139567943485,0.010489784885292503,0.013840724820592305,0.7500251396086172,1
2003-04-22,NEOG,1.2847659587860107,1.3558950424194336,1.2225279808044434,1.3558950424194336,277806,0.05536345600301673,0.05829341729657722,0.06643399163228714,0.12963014828114372,0.04523668239602821,0.05324989012202596,0.06950029480653888,0.1291783825462538,0.024483335231599446,0.017608851700988838,0.019462391670109276,2.8593815120446777,2.349027707020507,0.05536345600301668,0.09836090364119376,1.0,1
2003-04-23,NEOG,1.3425580263137815,1.3781219720840454,1.3354450464248655,1.3727879524230957,299175,0.012458862577975571,0.07147854954985156,0.08350934267098631,0.10760422917457957,0.043525258777641324,0.05767927526313979,0.07715935958173088,0.14180939133678272,0.02362291852111972,0.01731395559243868,0.01852860050874373,0.07692058486857745,2.30902543960626,0.022516662607362695,0.031087776946068946,0.8750139664804476,0
2003-04-24,NEOG,1.3781219720840454,1.3825680017471311,1.3603399991989136,1.3692309856414795,249688,-0.0025910533198792995,0.06944430607415963,0.06870229149686091,0.1199997113689808,0.026940139423161466,0.04783263355379009,0.06822020608616378,0.13654795774609602,0.02393354447150846,0.017593171048448118,0.018094888744100417,-0.16541154842483496,1.7696313964848769,-0.006451523611600684,0.01623393187950959,0.39999034655855215,0
2003-04-25,NEOG,1.3692309856414795,1.3692309856414795,1.3381119966506958,1.3381119966506958,89978,-0.022727347918002683,0.04224312835139954,0.047320374743532456,0.0517119075586876,-0.004498272369608053,0.019302117890413764,0.041269980327980085,0.10876970604353792,0.02902962550357034,0.019793658502755485,0.01719571494419038,-0.6396382685591618,0.6339175254826701,-0.02272734791800272,0.023255892682133298,0.0,0
2003-04-28,NEOG,1.3336670398712158,1.350559949874878,1.3336670398712158,1.3336670398712158,37116,-0.0033218122179651255,0.03806224842025885,0.04166691883681195,0.04821831809437982,-0.014972291564066978,0.01180452937226322,0.035339742644139624,0.10237400536863038,0.02935799883349999,0.01994951355689471,0.017238776096669094,-0.5874991664629132,0.2663456587688438,0.0,0.012666512329264249,0.0,1
2003-04-29,NEOG,1.3336670398712158,1.4003499746322632,1.3336670398712158,1.397683024406433,143964,0.04799997497231323,0.030819481360765177,0.09090947154516948,0.13501826882781232,0.025975866785124254,0.051083266296373116,0.0780785080617451,0.15237460122057475,0.0264150346551485,0.024170766489794798,0.0180578849766834,2.8787584869059164,1.175929083546558,0.04799997497231312,0.04770962628623626,0.9600055061255647,1
2003-04-30,NEOG,1.4030170440673828,1.4670330286026,1.4030170440673828,1.4421379566192627,262059,0.03180616165221628,0.050517637537361715,0.125607114545069,0.17366070341466266,0.04793879979821407,0.07154617453959805,0.1032884503450407,0.1854122544935,0.02883712674120287,0.024936036668337967,0.018782680720337012,0.8203092439776611,1.9905976829190482,0.027883419319317277,0.04438963986863434,0.6111116283833484,1
2003-05-01,NEOG,1.4572529792785645,1.5025980472564695,1.4545860290527344,1.4910390377044678,356536,0.03390874004858846,0.08896092283941526,0.16458305846787513,0.1978564936787537,0.06462651147653253,0.0908022949216464,0.13005358690386884,0.22016849165319732,0.029393636116833974,0.025349039951682594,0.01962643658932982,0.3605180512785289,2.5502816113577285,0.023184758519162286,0.0322003763748883,0.7592475804088883,0
2003-05-02,NEOG,1.4981520175933838,1.4981520175933838,1.394126057624817,1.4759249687194824,200200,-0.010136601794312639,0.10299061096061735,0.1495843849098153,0.17563772947379186,0.03349547274618264,0.06478536315605264,0.10932933742782833,0.2027245883893369,0.02534238366535107,0.026384777595302094,0.020100407275829017,-0.4384858751991384,1.4126984799025646,-0.014836310743422869,0.07048187555145176,0.7863317110400363,0
2003-05-05,NEOG,1.5043760538101196,1.5043760538101196,1.418131947517395,1.4368040561676023,237316,-0.026506030713621898,0.07733340722459925,0.11833913900182558,0.1551106431252347,-0.008223653001370491,0.025315875290180104,0.07215153775839954,0.1657436243480663,0.03194810778461229,0.02920019217925199,0.021234177150104786,0.1853946053946054,1.5996985516390412,-0.044916959075078554,0.06002496020422167,0.2165030104994252,1
2003-05-06,NEOG,1.4625879526138306,1.4625879526138306,1.3959050178527832,1.4581420421600342,164209,0.01485100623208635,0.04325660160269651,0.0754092289902859,0.14685295671031096,-0.0018260901980120558,0.0330055897475915,0.08054663330204512,0.1771121060670047,0.026464393494617454,0.024960246112270098,0.021029596703847256,-0.3080576109491142,1.0846954035744105,-0.0030397559653427882,0.04573143962179836,0.933327612683396,0
2003-05-07,NEOG,1.4323580265045166,1.4545860290527344,1.4288020133972168,1.4430270195007324,42739,-0.01036594667890578,0.0006164894817370925,0.05116527061128284,0.13894739139860057,-0.012293333292427093,0.01723572987866229,0.06241580560325497,0.15974928021797344,0.023887836503270983,0.025501669352274034,0.02126620976432374,-0.7397280295233513,0.2862501921383838,0.007448551827682433,0.01786800614754843,0.5516986296303146,1
2003-05-08,NEOG,1.4412490129470823,1.4528080224990845,1.4101300239562988,1.4528080224990845,87728,0.006778114939064883,-0.02564051928797384,0.06103939929350166,0.13393523739341795,-0.00036687826802228753,0.018132230856617804,0.06290271806956874,0.1618319117372695,0.016205285102988264,0.025351549561932415,0.021240015745761457,1.0526451250614195,0.5956466491650877,0.008020133542618137,0.029376213430713307,1.0,0
2003-05-09,NEOG,1.4412490129470823,1.4688119888305664,1.4394710063934326,1.4394710063934326,22494,-0.009180164136697089,-0.024699062011043438,0.07574777746290229,0.126652565421969,-0.004549926349199651,0.0016704741536563163,0.046947729943561806,0.14518935926314883,0.016136111457447085,0.023955837515966107,0.021434847441201617,-0.7435938354915193,0.15479619430108596,-0.0012336567363983775,0.020383170141541833,0.0,0
2003-05-12,NEOG,1.4314689636230469,1.4368040561676023,1.4119089841842651,1.413686990737915,149588,-0.017912146573982768,-0.016089226175591165,0.05999994636924244,0.1041668781016345,-0.019244835296853377,-0.021718926665295072,0.023231990301939346,0.11929282923680644,0.013499594221335131,0.025110310384270734,0.022092957096674186,5.6501289232684275,1.006053958006656,-0.012422185417227402,0.017610031178360405,0.07142002059041891,0
2003-05-13,NEOG,1.413686990737915,1.413686990737915,1.3790110349655151,1.408352017402649,74231,-0.003773800968827845,-0.03414621025783493,0.007633342331496706,0.09923675699414591,-0.016149140303785354,-0.026129774690263407,0.01470153965700661,0.10967879526412032,0.009156184132395093,0.02041540313639525,0.02216334059058019,-0.5037636708826911,0.5104377720238072,-0.0037738009688278794,0.024621653779678593,0.8461477638775727,0
2003-05-14,NEOG,1.3674529790878296,1.3790110349655151,1.3656749725341797,1.3781219720840454,80980,-0.021464836166710133,-0.044978400639471894,-0.04438963986863431,0.07564182009684073,-0.028457082250601066,-0.0427965043091701,-0.010533323097326111,0.08071147139938269,0.011303007330290694,0.01831002661467726,0.02292342262988725,0.09091888833506223,0.5481553233104439,0.0078020913035947,0.009676982662984597,0.9333339292578059,1
2003-05-15,NEOG,1.3852349519729614,1.387012958526611,1.3781219720840454,1.3861240148544312,31492,0.005806483702081033,-0.045900082193891745,-0.07036369953905353,0.0826386860535695,-0.013541023511260335,-0.03017128599961183,-0.00855377825016412,0.08164715344417578,0.010964844664692748,0.013233238721647621,0.022900959900640012,-0.611113855272907,0.21663349268538648,0.0006418137805456416,0.006414279203942236,0.9000174302455208,0
2003-05-16,NEOG,1.3701200485229492,1.4003499746322632,1.3701200485229492,1.3825680017471311,53987,-0.0025654364755187675,-0.03953049724069879,-0.06325319304906685,0.07686950188492192,-0.008037619406812833,-0.026299201414495703,-0.014575337972080481,0.0735392651620836,0.011375028179839413,0.013262500492702391,0.022949825056124654,0.714308395783056,0.3681013804398371,0.009085301129343635,0.02186505551344516,0.4117758402441692,0
2003-05-19,NEOG,1.3772330284118652,1.3861240148544312,1.3772330284118652,1.3825680017471311,105724,0.0,-0.02201264437931938,-0.03774770414076878,0.07612440405374277,-0.003588203161380524,-0.022565714086434433,-0.01799802522942407,0.06830276779338523,0.010228620268001231,0.011310073430372882,0.022955528801811835,0.9583233000537166,0.7126635906181644,0.00387368965542297,0.006430776953705357,0.6000429052196632,1
2003-05-20,NEOG,1.3790110349655151,1.4563640356063845,1.3790110349655151,1.4376929998397827,155211,0.03987145516386237,0.02083355728864289,-0.014024039996788695,0.06032764695001047,0.03177660772067163,0.017877544759693383,0.018198010473576484,0.10455363429720352,0.022344152228566675,0.017150077574080876,0.02133232092021354,0.4680772577655026,1.091338640810149,0.04255365866288013,0.05380355934785078,0.7586255786858647,1
2003-05-21,NEOG,1.4634770154953003,1.489261031150818,1.4359149932861328,1.4439170360565186,274431,0.0043291830852827395,0.04774255494452029,0.0006167705412016833,0.051813598384130355,0.026548923070873122,0.022219710278583302,0.020036768875553165,0.10288660570457571,0.01731060929175454,0.01691304138483895,0.0212227150277709,0.7681156619054061,1.9465462459982035,-0.013365416218827218,0.036945362186721356,0.15000256983814428,0
2003-05-22,NEOG,1.4492510557174685,1.4492510557174685,1.4252450466156006,1.427912950515747,43864,-0.011083798543218393,0.030148049679165734,-0.01713583047298539,0.042857608022049964,0.00917440158812295,0.012674415177706113,0.006644358415537101,0.0847396396636827,0.019692823373357524,0.017082184926909327,0.02141905818551758,-0.8401638298880229,0.3356279078308715,-0.014723539525839944,0.01681195558398513,0.11113483664966602,0
2003-05-23,NEOG,1.422577977180481,1.4243559837341309,1.4047960042953491,1.422577977180481,111347,-0.00373620348028858,0.028938884295593326,-0.011735581430901365,0.06312325182137535,-0.000250057936064685,0.01010101095600521,-9.371516853752877e-05,0.07487878758940872,0.01982826399775056,0.016899443948893287,0.020657845011330066,1.538459784789349,0.8450692466955271,0.0,0.013749671197321076,0.909099773892163,1
2003-05-27,NEOG,1.4243559837341309,1.4670330286026,1.4243559837341309,1.4670330286026,82104,0.031249641239510906,0.0610928552872132,0.03773539561033923,0.09999946369242396,0.01889548811917491,0.037735535621775014,0.026342493058591123,0.10170364633360317,0.02228574958443493,0.018522819785298923,0.02150662617482493,-0.2626294377037549,0.6126697818524262,0.029962344635633797,0.029090718502173468,1.0,0
2003-05-28,NEOG,1.4394710063934326,1.4661439657211304,1.4394710063934326,1.4474730491638184,35991,-0.013333019132782065,0.006802599251109598,0.02777787888096217,0.035623259271200025,0.003946669933371916,0.02107376488346076,0.010897603417403335,0.08187136566280688,0.018019660089972103,0.019195205689506077,0.019312414292488443,-0.5616413329435838,0.27984267353904063,0.005559016287820002,0.018427258001871807,0.30000581008183275,1
2003-05-29,NEOG,1.4616990089416504,1.4759249687194824,1.4412490129470823,1.4670330286026,302549,0.013513190763780436,0.016009224885394913,0.06451610112862527,0.017262614765162887,0.014260879512661525,0.02842152382462181,0.023668159550811797,0.0921507515312291,0.018831811149819015,0.017359716044300998,0.018225439957230395,7.406240449001139,2.3159686778649538,0.003649191542389994,0.02363679283037695,0.7435704389737471,1
2003-05-30,NEOG,1.4510289430618286,1.5025980472564695,1.4510289430618286,1.480370044708252,107973,0.009091149173618751,0.036736899244143695,0.06799249478678027,-0.00715540822636096,0.016111373830044518,0.030959663287784423,0.03335912797120798,0.0976766795718249,0.017050662147221556,0.01737819502250837,0.016644064016492523,-0.6431222711031932,0.9134161083988465,0.020220893447177167,0.03483527944852736,0.568966673062211,0
2003-06-02,NEOG,1.488371968269348,1.5025980472564695,1.4670330286026,1.4777029752731323,156336,-0.001801623482353909,0.03875007133310748,0.06881033945945547,0.0012046727247880806,0.006662852092645264,0.022328932099349504,0.031433397184933855,0.0912100377269285,0.01675539619158973,0.01733440559163816,0.016486519611548865,0.4479175349392903,1.3475533703918556,-0.007168230270166476,0.024067772244483518,0.3000124019159303,0
2003-06-03,NEOG,1.4599210023880005,1.4670330286026,1.4599210023880005,1.4670330286026,11247,-0.007220630159833097,0.0,0.0610928552872132,0.02103903611994795,-0.0006058880579584571,0.009050585683769641,0.02290664407616729,0.08033752753466579,0.011162388379033062,0.017793891746014985,0.01536915489307348,-0.9280587964384402,0.10740966228557103,0.004871514419592862,0.004847897815480038,1.0,1
2003-06-04,NEOG,1.4625879526138306,1.5114890336990356,1.4625879526138306,1.510599970817566,164209,0.02969731516983276,0.04361181141867543,0.05071108434548122,0.035975870073551075,0.020298001200540955,0.033832353918037836,0.05136144639594904,0.10735984078330053,0.014387041696041146,0.015830099758118797,0.016390209511116877,13.600248955276962,1.56820780957156,0.032826756242543755,0.03237195950608874,0.981819156923737,0
2003-06-05,NEOG,1.4599210023880005,1.510599970817566,1.4599210023880005,1.4937069416046145,205824,-0.011182993207532355,0.01818221708847423,0.03448252517615358,0.03512056352307025,0.005265792495617288,0.018799406106710458,0.037773825045551324,0.09090918652002238,0.016400876586836283,0.016649634261500533,0.01642336271665955,0.2534270350589798,1.8236219216678258,0.02314230644079382,0.033928320889453426,0.6666658825854026,1
2003-06-06,NEOG,1.5114890336990356,1.5114890336990356,1.50348699092865,1.5070430040359497,215946,0.008928165264472154,0.018017764830518646,0.05541658088584578,0.03733114127740822,0.010612686158844965,0.02237748767843181,0.04507030199336851,0.09609381790033805,0.01638768094012243,0.015884479646592405,0.016464276130566332,0.04917793843283591,1.8104671167137842,-0.002941489857988094,0.005309764053816514,0.4443881655394333,0
2003-06-09,NEOG,1.5114890336990356,1.5114890336990356,1.4670330286026,1.5025980472564695,160835,-0.00294945583342765,0.016847142084650546,0.0562500413752971,0.04385433300334429,0.004278749538064643,0.01385824118188582,0.03971219534263132,0.08921238217104331,0.016491449459568694,0.01583541017724644,0.0163004906278051,-0.2552073203486057,1.2745114742484653,-0.0058822698969951594,0.029586092686334775,0.8000048267207209,0
2003-06-10,NEOG,1.480370044708252,1.5114890336990356,1.480370044708252,1.5025980472564695,57361,0.0,0.024242820686693367,0.024242820686693367,0.06289302872635538,-0.00047305965845622597,0.011431107132374826,0.03652377653718467,0.08558810735147068,0.015615853904863404,0.013049445327388665,0.015610545201880991,-0.6433549911399882,0.4717881990852272,0.015015166395506332,0.020710122076627573,0.7142906395448989,0
2003-06-11,NEOG,1.4679230451583862,1.491929054260254,1.4679230451583862,1.471479058265686,101225,-0.02071012207662748,-0.025897599170948582,0.016584771036487034,0.04482333967856911,-0.01605229146543169,-0.011113692170272855,0.012851941714661487,0.059430552008979676,0.011270188907774219,0.01420013616617174,0.016444087907873554,0.7647007548682903,0.8234240448769155,0.00242247924305604,0.01631420370342316,0.14813012409560178,0
2003-06-12,NEOG,1.471479058265686,1.471479058265686,1.406574010848999,1.4581420421600342,88853,-0.009063680540157382,-0.023809824038425353,-0.006060522339456087,0.05806457751702454,-0.020310780387310105,-0.01949078167432481,0.0009152744487895431,0.04637193117561348,0.011025307185316462,0.013911532893384274,0.015717715671018696,-0.12222277105458135,0.7204757817628072,-0.009063680540157413,0.044512156936740696,0.794514962449239,1
2003-06-13,NEOG,1.4670330286026,1.4670330286026,1.4590309858322144,1.4661439657211304,26993,0.00548775313359906,-0.027138600693735526,-0.00960981278834594,0.05772928685252077,-0.009490839166608374,-0.013165969167088799,0.003651609042206401,0.04878177511536811,0.010018977437360063,0.013679622442010826,0.015714819745390296,-0.6962060932101336,0.21927611991827817,-0.0006060278563166297,0.005457883371262178,0.8888955099365372,1
2003-06-16,NEOG,1.4270230531692505,1.4981520175933838,1.4270230531692505,1.4981520175933838,146213,0.021831452177010435,-0.002958894876246898,0.013838398286009967,0.083600962629101,0.012741805472047413,0.006992040310931181,0.021521475914551783,0.0679695568770141,0.015941943030793257,0.015432178713600975,0.016205348857307244,4.416700626088245,1.1448668016581083,0.04984429947796865,0.04747780171093328,1.0,1
2003-06-17,NEOG,1.4848159551620483,1.5248260498046875,1.4848159551620483,1.5230469703674316,122594,0.01661710726394694,0.013609044114158753,0.03818178641702885,0.10160727605642483,0.026732069386218114,0.019885454745834148,0.033546234722054,0.08141176469632266,0.017704520017046838,0.015775831220084056,0.016406336675335764,-0.1615383037076047,0.953628516288321,0.02574798248393747,0.026269770677516804,0.955534235718606,1
2003-06-18,NEOG,1.5230469703674316,1.5559450387954712,1.5221580266952517,1.5443860292434692,141715,0.014010768736101076,0.04954672685842554,0.02236598641506493,0.07421127418411055,0.030983059702186164,0.03184036481924463,0.04424671621752494,0.09232912781464489,0.012076739665227014,0.013543880879097477,0.014408922263367438,0.15597011272982364,1.1081830302508984,0.014010768736101157,0.021877310115768375,0.6578860090464508,1
2003-06-19,NEOG,1.5257149934768677,1.5559450387954712,1.5248260498046875,1.5514990091323853,73107,0.004605700747241537,0.06402460410102151,0.03869036550482097,0.07450703218356902,0.022980590031928642,0.03260559233082149,0.04525449565400042,0.09296121985777435,0.0073790243892239175,0.012691314413051881,0.014409706858827151,-0.48412659210387043,0.6205273892897551,0.016899627889714715,0.02005736955525725,0.8571280813652818,0
2003-06-20,NEOG,1.4981520175933838,1.5114890336990356,1.4981520175933838,1.49993097782135,5624,-0.03323755349342605,0.02304481203085773,-0.004719192614645484,0.05043586675195488,-0.015407625557676347,-0.0012429362251911347,0.008067273081625984,0.05338774749415124,0.022144073265068603,0.017074029528035238,0.0163293841043232,-0.9230716620843421,0.048523627227414816,0.0011874363930197231,0.008891753222554196,0.13338517505519357,0
2003-06-23,NEOG,1.5114890336990356,1.5114890336990356,1.4545860290527344,1.4563640356063845,103474,-0.029045964687152814,-0.027893018529673075,-0.03076938089630943,0.023749881530477968,-0.038732415976492955,-0.02725813689073806,-0.02232300870809401,0.020230160918345442,0.023956760707042835,0.019358549130550143,0.01776321367536777,17.39864864864865,0.8958116989506847,-0.03647065699030901,0.039071965013616004,0.031246268359674322,0
2003-06-24,NEOG,1.4359149932861328,1.4359149932861328,1.2589809894561768,1.3959050178527832,357661,-0.041513671221926396,-0.0834786812149173,-0.0710057021560041,-0.048484259974411636,-0.06291012736970167,-0.060948264462027855,-0.06066735069643972,-0.023704371483924236,0.02468881850108588,0.022800728263935262,0.01873633246259658,2.4565301428378143,2.7664218615245986,-0.027863749330860894,0.12675217981673315,0.7738706265201485,1
2003-06-25,NEOG,1.3781219720840454,1.435024976730347,1.3781219720840454,1.4190210103988647,131592,0.016559860628367895,-0.08117466518783234,-0.0356498772932925,-0.01965635130919352,-0.031083394863935996,-0.04201702245877134,-0.04419714521327934,-0.009446555527831246,0.025503098823902826,0.023368171711424527,0.019001476291747955,-0.6320761838724378,0.9815423757827736,0.029677371918662862,0.040100184725458676,0.7187500654673714,1
2003-06-26,NEOG,1.423467040061951,1.469701051712036,1.422577977180481,1.4528080224990845,89978,0.02381008586386102,-0.06361008679502145,-0.0036580933178829156,-0.009696445701066092,0.005538605667487848,-0.018854054480525375,-0.020970370220533226,0.011714833554977454,0.030448046199196104,0.024750377645241652,0.019542057381865943,-0.3162350294850751,0.7289327435635704,0.020612337069537356,0.03243585787094912,0.6415125842088384,1
2003-06-27,NEOG,1.4750349521636963,1.4865939617156982,1.435024976730347,1.4670330286026,16871,0.00979138735691043,-0.02193297538699701,0.0006063953487900342,-0.009009244785333603,0.02002939812259153,-0.009306758049463907,-0.010939845423227103,0.018971106052496654,0.0292440389515212,0.02489508456465939,0.019560395099512427,-0.812498610771522,0.14191275616594146,-0.005424904372169857,0.03515189091173536,0.6206841550467861,1
2003-06-30,NEOG,1.4047960042953491,1.5114890336990356,1.4047960042953491,1.510599970817566,123719,0.02969731516983276,0.037240644430359904,0.008308871915533977,0.02226225168041851,0.04245924351198667,0.01925736812172473,0.01730445349548673,0.045937587292629124,0.028496791053625348,0.025758760067268807,0.0206673060335835,6.333234544484618,1.0551542595630523,0.07531624961824152,0.07062957200107861,0.9916670949691957,0
2003-07-01,NEOG,1.422577977180481,1.49993097782135,1.422577977180481,1.4661439657211304,39365,-0.02942936975721977,0.050317856136365524,-0.03736129335037741,-0.0006060278563165822,0.0020659710993809065,-0.006925870367746251,-0.012604616060556484,0.012612904990241407,0.02332603872542503,0.026778047713634245,0.021719377063767743,-0.6818192840226642,0.33175189694411544,0.030624675230103218,0.052759485050175595,0.5632100652813138,1
2003-07-02,NEOG,1.4403599500656128,1.5070430040359497,1.4403599500656128,1.4937069416046145,91102,0.018799638049137313,0.05263201225241665,-0.032815038908167504,-0.011182993207532355,0.01058723789630721,0.015228522636499457,0.006530617130205265,0.029689508673651163,0.023502288570660185,0.02716552144621928,0.021067195649005194,1.3142893433252891,0.7921733943406496,0.03703726387044542,0.04464266189906211,0.8000082234195872,0
2003-07-03,NEOG,1.4937069416046145,1.4937069416046145,1.4670330286026,1.4670330286026,22494,-0.017857527644184246,0.00979138735691043,-0.0544415304377277,-0.017857527644184246,-0.009366146764339334,0.0028563526751307798,-0.010554309009687091,0.00998945971923335,0.02495997262084737,0.027394845284707425,0.021299424895957143,-0.7530899431406555,0.21253617621964527,-0.017857527644184298,0.018182217088474287,0.0,1
2003-07-07,NEOG,1.4581420421600342,1.5043760538101196,1.4581420421600342,1.469701051712036,21370,0.0018186523802925514,0.0018186523802925514,-0.020154211464598948,-0.02477829247334673,-0.007921997388598074,0.006760673163010251,-0.007505031426850885,0.01042846603265683,0.02460593880933916,0.02559849526070266,0.02118961421230646,-0.04996888059037963,0.22235563791720295,0.007927217800317087,0.03145810612044405,0.2500109581553122,1
2003-07-08,NEOG,1.4670330286026,1.5239369869232178,1.4670330286026,1.5114890336990356,256436,0.028432980937396435,0.0005885495158512999,0.037851111909460666,0.005917075733460342,0.020163290313445627,0.03149084663650812,0.020408226498293523,0.03668654477959279,0.024235948439339676,0.025235793024330863,0.022179522031775027,10.99981282171268,2.5418052907525075,0.030303343026149475,0.037647615729872554,0.7812462684222103,1
2003-07-09,NEOG,1.4679230451583862,1.5586119890213013,1.4679230451583862,1.5559450387954712,230567,0.029412059303956184,0.06124983301361664,0.1146496494359377,0.03550316841979506,0.037590663489925194,0.05035746094020784,0.048532408754707435,0.06393361135218009,0.02009052106223108,0.020551530465532767,0.02309855040510045,-0.10087897175123617,2.104718814141609,0.05996362951546111,0.05828544171015291,0.9705923333955523,1
2003-07-10,NEOG,1.566614031791687,1.6404099464416504,1.490149974822998,1.6404099464416504,376781,0.054285277140359245,0.09821404771637487,0.1560152629315592,0.11480346065887592,0.07292379327148125,0.09107025423735603,0.09919563389611834,0.11797845087533296,0.027820319426985946,0.024706862114718838,0.02520857844439368,0.6341497265436944,3.0551763646514165,0.04710535789441725,0.09159903714592425,1.0,1
2003-07-11,NEOG,1.6181819438934326,1.6893110275268557,1.5559450387954712,1.67775297164917,707448,0.02276444695335056,0.1436368090821294,0.15483460007547367,0.15061010734167768,0.06791172188197062,0.0994582661106395,0.11600688604366577,0.1397681952855813,0.018733731817676152,0.02466703106342201,0.0252287762261613,0.8776106013838278,4.586218163147822,0.03681355361833183,0.07949083743853579,0.9133358063204171,1
2003-07-14,NEOG,1.6893110275268557,1.724876046180725,1.647523045539856,1.7159849405288696,280055,0.022787603136902312,0.16757413933258114,0.1696975508202463,0.17040684997455458,0.059043132020065336,0.1064612375357009,0.13203144399102168,0.16218877796430795,0.013087628234286549,0.0247178037109521,0.025457389932684517,-0.6041334486775,1.6778973843721374,0.015789817604555886,0.04507790180083329,0.8850580381085063,0
2003-07-15,NEOG,1.7079830169677734,1.7115390300750732,1.6884219646453855,1.6893110275268557,249688,-0.015544374762282542,0.1176468964466384,0.11830468698643481,0.12759653739314647,0.020188797914389957,0.07685316486917558,0.10745184192277536,0.14082582725375223,0.025026571353489145,0.026051045023020844,0.02577447815217866,-0.10843227223224006,1.450982249456001,-0.01093218682821953,0.013684315708002576,0.03845915841586042,1
2003-07-16,NEOG,1.64129900932312,1.7115390300750732,1.64129900932312,1.6946460008621216,393652,0.0031580764278063,0.08914258447973533,0.1558523859071379,0.11266824584752766,0.006548399912076783,0.06474499392444559,0.10473544396809183,0.14045698116010882,0.026011779824236057,0.02209332106191704,0.025667459739680654,0.5765755663067509,2.1205705067930363,0.03250290851086437,0.04144819668309485,0.7594956688209424,0
2003-07-17,NEOG,1.6955349445343018,1.6982020139694214,1.6421879529953003,1.6893110275268557,231692,-0.0031481343788329896,0.029810280772364584,0.13095211682695496,0.09383987911000413,-0.0024153556211792817,0.04850709928069121,0.09607991289103544,0.13334036462876908,0.01672419814789756,0.022733360064567443,0.025660597108234838,-0.4114293843293061,1.218573446699114,-0.0036707689378560923,0.033157932471514995,0.8412722397207837,1
2003-07-18,NEOG,1.7062040567398071,1.7115390300750732,1.6199610233306885,1.7070930004119873,411647,0.010526168713386186,0.01748769291940344,0.16363637841068424,0.1002862330969918,0.004604215178821577,0.0439886022007016,0.10205456989163526,0.14122652574788874,0.014390673090751293,0.020129326864684514,0.025692278756281817,0.7766992386444072,1.9880489208966643,0.000521006657245182,0.0536455873946431,0.9514509015740447,0
2003-07-21,NEOG,1.6208499670028689,1.7070930004119873,1.6208499670028689,1.6955349445343018,202449,-0.006770607034822462,-0.011917351668753629,0.15365974771481228,0.13040864520117212,0.00020985649295435444,0.02279427032973586,0.08772526803387476,0.1298330167099933,0.00987933158636547,0.02094240768603203,0.024254909101041482,-0.5081975576161128,0.9333660055310681,0.046077662369660086,0.05086479266448034,0.865982730189271,1
2003-07-22,NEOG,1.6982020139694214,1.7159849405288696,1.6857550144195557,1.7159849405288696,313797,0.012061087894702505,0.01578981760455589,0.1352943370878288,0.17826649009111728,0.00909781272766479,0.022516753399338247,0.09175269066718635,0.13926168797186075,0.008244682906608503,0.02037218908456127,0.022788107463189086,0.5500051864914126,1.3798236025085062,0.010471620227255512,0.01761666165904524,1.0,0
2003-07-23,NEOG,1.7044260501861572,1.7044260501861572,1.6208499670028689,1.6208499670028689,124844,-0.05544044780292767,-0.043546577764152716,0.04171415222843833,0.16114631459388384,-0.03850192799220643,-0.0378930189866871,0.023898638042946507,0.07314853943597244,0.027476251324779034,0.028717068629903704,0.024541559552853916,-0.6021504348352598,0.578577872051909,-0.04903473704486046,0.051563121130717475,0.0,0
2003-07-24,NEOG,1.6199610233306885,1.6324080228805542,1.578171968460083,1.587062954902649,80980,-0.020845243414290726,-0.06052649332071047,-0.0325205243084028,0.11842104047250879,-0.046983705079093094,-0.05495581505945493,-0.0027378913479246644,0.04829774803193521,0.02774426794280686,0.023609217539780028,0.025252684447236596,-0.3513504854057864,0.37974787423489453,-0.020307938249279685,0.034173851927504696,0.16393129141802118,0
2003-07-25,NEOG,1.578171968460083,1.578171968460083,1.5559450387954712,1.5568339824676514,130467,-0.019047116147230425,-0.08802040539564782,-0.07207198629644485,0.07160337660417371,-0.047955489613507866,-0.06623274802641414,-0.02491974993158861,0.025908650062876622,0.024701957956146867,0.022190247992355618,0.0254716957582489,0.611101506544826,0.6060587760926682,-0.013520697629202218,0.014277006999411165,0.039993993124272605,1
2003-07-28,NEOG,1.5603899955749512,1.564836025238037,1.5114890336990356,1.5639469623565674,87728,0.004568875017515683,-0.07760853446395732,-0.08860099793500742,0.0660611805354383,-0.027961836745154487,-0.05333380919179301,-0.02342859424474451,0.02818623731585011,0.026450316511675964,0.020101861623140864,0.02543348690370604,-0.32758475323261826,0.40092489490505756,0.0022795370335001335,0.03411048636752861,0.9833343389041959,1
2003-07-29,NEOG,1.564836025238037,1.5986219644546509,1.5514990091323853,1.5986219644546509,164209,0.0221714693226136,-0.06839394292006273,-0.053684053199471005,0.0582695586770372,0.008299655582037935,-0.027003602300504217,-0.0045123380495908786,0.04800545386817431,0.02933608500301754,0.022178519129205897,0.025078873479745592,0.8717969177457596,0.743570359432264,0.021590721757236114,0.029477234999921328,1.0,1
2003-07-30,NEOG,1.5986219644546509,1.715095043182373,1.5790610313415527,1.647523045539856,196826,0.03058952158328876,0.016456229188386073,-0.027806961039823497,0.12371164364443121,0.03565837483520462,0.005644204635025867,0.02017781757841655,0.07632437333723222,0.02337023204017617,0.024870701602955424,0.024562729709000593,0.19863101291646612,0.8605859956381748,0.030589521583288797,0.08256880667562684,0.5032713015801797,0
2003-07-31,NEOG,1.569280982017517,1.668861985206604,1.569280982017517,1.6448559761047363,109098,-0.0016188358896344068,0.03641507794228138,-0.02631549235027575,0.10119055504806718,0.026523181912881496,0.006748068680622638,0.013782101928859786,0.07168116994248343,0.01965154096000721,0.024871203715116547,0.024432673425419413,-0.445713472813551,0.4751419136854703,0.04815899443964308,0.06054086475395223,0.75892983266814,1
2003-08-01,NEOG,1.6244059801101685,1.661749005317688,1.6003999710083008,1.661749005317688,66358,0.010270217853940444,0.06738998764899873,-0.0265621117791216,0.13272773885708733,0.02366086523972744,0.019918187696347706,0.01808483434464216,0.07962305589527906,0.013091605052327739,0.024856572963634076,0.02384315499906391,-0.3917578690718436,0.28626696795490686,0.02298872674981589,0.036918351756532984,1.0,0
2003-08-04,NEOG,1.5346059799194336,1.6066240072250366,1.5346059799194336,1.569280982017517,84354,-0.05564499993938199,0.003410614163610992,-0.07446261306720625,0.06775522830951353,-0.03393560850092562,-0.029313321445519704,-0.041490358051953564,0.017678047813280848,0.03400406000455053,0.030068630985200906,0.02760519380571365,0.27119563579372485,0.3590237740355764,0.02259537793532117,0.04589237245009774,0.48147669958998957,0
2003-08-05,NEOG,1.561279058456421,1.5675029754638672,1.5203800201416016,1.5266040563583374,168708,-0.02719520987523405,-0.04504999286737654,-0.11036278914671871,0.010000087544341119,-0.05180026170913211,-0.04451860117206218,-0.06798745462185976,-0.011331848515638792,0.033539463293701756,0.029822571082626436,0.027778461887443,1.0,0.7317079517746221,-0.0222093557908638,0.03086783054584294,0.1320807698534769,1
2003-08-06,NEOG,1.5203800201416016,1.5941760540008545,1.5114890336990356,1.5941760540008545,26993,0.0442629491000488,-0.032380118556411985,-0.016456744020137415,0.024570929083060467,-0.0032245692838603793,-0.0005576224625980148,-0.027868335389763348,0.03073208723747508,0.037829024842227055,0.030061308630918878,0.028762710452966647,-0.8400016596723332,0.12247905632185316,0.048537887160855935,0.05186818613559135,1.0,0
2003-08-07,NEOG,1.5203800201416016,1.5941760540008545,1.5203800201416016,1.5817290544509888,84354,-0.007807794828323944,-0.038378388485563075,-0.0033608625512825396,-0.03577208984738922,-0.0031378026140716905,-0.008029348414620949,-0.03372970257372519,0.020911943497712342,0.03775161207165258,0.029392258566073633,0.02599569974514318,2.1250324158115066,0.40994841990238,0.0403511184681797,0.04665529387071113,0.8313324050232132,1
2003-08-08,NEOG,1.5941760540008545,1.5941760540008545,1.5559450387954712,1.587062954902649,19120,0.0033721960386645655,-0.044944242587803385,0.01941695310830971,-0.054054451566475814,0.00972936785980425,-0.006567567696437983,-0.027778094226571882,0.022769934544040707,0.03707245025319931,0.02861817275614496,0.025398003451512163,-0.7733361784859046,0.11158385757417744,-0.004461928204450218,0.024089161105602396,0.8139442790103054,0
2003-08-11,NEOG,1.5461640357971191,1.6172930002212524,1.5461640357971191,1.5559450387954712,69733,-0.019607234868062595,-0.008498123264643609,-0.005116492920603122,-0.09326416447691777,-0.008385930870037622,-0.025557946693872503,-0.04214531466407269,0.0017404749493363037,0.028043870721147647,0.029414992728050867,0.024944603932108473,2.6471234309623433,0.4335689684169817,0.006325980149518541,0.04571431679823184,0.13751083089062183,0
2003-08-12,NEOG,1.5141559839248655,1.576393961906433,1.5141559839248655,1.5559450387954712,64109,0.0,0.01921977235349792,-0.026696071121316223,-0.07894697101849368,-0.012080591836116173,-0.02294654779905977,-0.03819704710752857,0.0007322692108106634,0.02415685759111235,0.02836486348667403,0.02482703171545899,-0.0806504811208466,0.4230056368640218,0.02759891009530186,0.04000011339073319,0.6714397900745094,0
2003-08-13,NEOG,1.4679230451583862,1.585284948348999,1.4679230451583862,1.5203800201416016,42739,-0.022857503168236648,-0.046291018908513504,-0.07717222878457064,-0.10283326466522524,-0.025530114187562104,-0.03759578419559917,-0.05509209195716154,-0.022812537706069204,0.011611569204721022,0.02644127216290579,0.025122650992327175,-0.33333853281130577,0.31892336593656084,0.03573550749559581,0.07719247927217711,0.4469676577928153,1
2003-08-14,NEOG,1.5123779773712158,1.5888420343399048,1.5123779773712158,1.5310490131378174,31492,0.007017319916649667,-0.03204091191886349,-0.06918962183937272,-0.09368435522541596,-0.012275136796683165,-0.023809803769837087,-0.043758624528661944,-0.01621390117837969,0.013799996565980365,0.026799934341429497,0.025266808271120517,-0.2631554318070146,0.25396722990477844,0.012345482442858081,0.049942265931760904,0.24418055367173505,0
2003-08-15,NEOG,1.5203800201416016,1.5203800201416016,1.5203800201416016,1.5203800201416016,1125,-0.0069684202822156704,-0.04201656560318223,-0.08507240547380979,-0.10937481450941733,-0.010645787778676589,-0.021795135461257883,-0.044852911264222375,-0.02340409315162037,0.012697343234245524,0.026124471319172282,0.025017188013218755,-0.9642766416867776,0.010872280661401907,0.0,0.0,0.5,1
2003-08-18,NEOG,1.5123779773712158,1.576393961906433,1.5123779773712158,1.5337170362472534,83229,0.008772159544960134,-0.01428585328786769,-0.022662573610330528,-0.09543767222768362,0.0009285491850373498,-0.01095105776549668,-0.03155164706644249,-0.015174712267573756,0.01282393798955758,0.020571378574484593,0.0252154322144171,72.98133333333334,0.8535156540425574,0.014109606986693042,0.041739110293678154,0.3333395406001806,0
2003-08-19,NEOG,1.5417189598083496,1.578171968460083,1.5239369869232178,1.5239369869232178,31492,-0.006376697326102465,-0.020571454051508398,-0.001747060361860897,-0.11191703905423689,-0.0012816291103634615,-0.01708887119837682,-0.031856982463165116,-0.021722733890711894,0.012791998429979532,0.018719752270172585,0.024905632173934492,-0.6216222710833964,0.37761142666661873,-0.011533861455100937,0.035588729719306836,0.0,1
2003-08-20,NEOG,1.5328279733657837,1.559501051902771,1.5328279733657837,1.5559450387954712,28118,0.021003527145093237,0.023392190230543397,-0.023981676998243717,-0.04004376069884741,0.014963689278991948,0.0060364438847701676,-0.009480434977610464,-0.0018590996214287799,0.011689762238298294,0.013253107015166445,0.022618058280173475,-0.10713832084338881,0.3579102258609804,0.015081317559025914,0.01714268683785654,0.8666815642458101,0
2003-08-21,NEOG,1.5337170362472534,1.578171968460083,1.5203800201416016,1.5203800201416016,89978,-0.022857503168236648,-0.0069684202822156704,-0.03878605766060306,-0.04201656560318223,-0.006853480590651019,-0.013044098853362256,-0.030062519197268094,-0.025285644880263556,0.01674458450044962,0.014716081637899057,0.0227115334008676,2.2000142257628563,1.1387962511786258,-0.008695877916493176,0.03801151524807525,0.0,0
2003-08-22,NEOG,1.5203800201416016,1.5559450387954712,1.494596004486084,1.510599970817566,160835,-0.006432634732416953,-0.006432634732416953,-0.04817892311636329,-0.02969745789901279,-0.011979626111949065,-0.014501203141938307,-0.034878444091191375,-0.03220657835863644,0.016700780811656987,0.014506549159617351,0.02238299046404099,0.7874924981662184,1.997208490262623,-0.006432634732416948,0.04061236296475229,0.26086745311707565,0
2003-08-25,NEOG,1.494596004486084,1.5639469623565674,1.494596004486084,1.4981520175933838,47238,-0.008240403458663503,-0.02318877460009916,-0.03714335645610445,-0.04206980565635243,-0.015541296910703717,-0.018923104519712162,-0.04081540379903784,-0.04057507637119074,0.01587956950539878,0.01363948229846034,0.022390477079525888,-0.7062952715515902,0.6017165698155796,0.0023792470317238255,0.046291001885034384,0.051275616321563265,1
2003-08-26,NEOG,1.489261031150818,1.5559450387954712,1.489261031150818,1.5559450387954712,156336,0.0385762062350159,0.021003527145093237,0.0,-0.026696071121316223,0.018152428597921617,0.01892312013274447,-0.0024508645519133727,-0.004301138338329731,0.024818274295947036,0.019144575172087275,0.023587474673154918,2.3095389305220375,2.0014402442654275,0.04477657458956232,0.04285755986360306,1.0,0
2003-08-27,NEOG,1.5559450387954712,1.587062954902649,1.5301599502563477,1.5559450387954712,122594,0.0,0.0,0.023392190230543397,-0.05558526601027103,0.018152428597921617,0.01655555832908315,0.0004861921744400573,-0.004720201362649999,0.02301984738398743,0.017373164566986322,0.022386549380391176,-0.21583000716405687,1.6477654950964482,0.0,0.036571346177081236,0.45314107224036687,0
2003-08-28,NEOG,1.547052979469299,1.5719490051269531,1.547052979469299,1.554165959358215,104599,-0.0011434076351651834,0.02222203578646531,0.015098763019363082,-0.055135536523561623,0.012511292935755636,0.013861970725740152,0.0022645549148212897,-0.005982580464567046,0.0193333440491811,0.017326356039356058,0.022387917044732863,-0.14678532391471033,1.4101613477280817,0.004597761022609614,0.016018897793858976,0.28570744530580133,1
2003-08-29,NEOG,1.5372730493545532,1.5861740112304688,1.5372730493545532,1.564836025238037,74231,0.006865461063262579,0.03590365117716621,0.029240061371166304,-0.05831986645969034,0.01230890203595633,0.017870681315857728,0.012308933262748943,0.0006710904817217067,0.018333276265218332,0.01711423154771932,0.022297721382364903,-0.29032782340175334,0.9954692877790122,0.017929785404783235,0.031249895252428696,0.5636489513933074,1
2003-09-02,NEOG,1.5559450387954712,1.5861740112304688,1.5390510559082031,1.571058988571167,141715,0.003976751067054085,0.048664601536832164,0.024347354460691806,0.001133007137679165,0.006837250291680257,0.019442312602026918,0.016276187280798365,0.0037374209286667555,0.01647941777618094,0.017001858728715284,0.018521355712881653,0.9091080545863588,1.8300706768995145,0.00971367843905091,0.029994389558295708,0.6792428964623978,1
2003-09-03,NEOG,1.5559450387954712,1.6003999710083008,1.5559450387954712,1.596843957901001,212572,0.01641247688177816,0.02628558084364707,0.047841197899514354,0.04601055607713933,0.01802531225056269,0.03129498366105541,0.03061443034452841,0.018383209032170646,0.007022572179169369,0.01720046218098574,0.017671666682260993,0.4999964717919769,2.6694930685758274,0.026285580843646975,0.02783924627880619,0.9200085810439377,1
2003-09-04,NEOG,1.582617998123169,1.6226279735565186,1.578171968460083,1.6181819438934326,121470,0.013362599324031388,0.039999423852491445,0.039999423852491445,0.015058493591301403,0.02350674286627707,0.04089193504429029,0.043577680747810335,0.029073896521972693,0.007080739584455063,0.016559232952347448,0.014961878172868922,-0.42857008448902023,1.4400036987005351,0.022471591889160272,0.027472810003967795,0.8999903465585481,1
2003-09-05,NEOG,1.5132670402526855,1.627073049545288,1.5132670402526855,1.6261839866638184,97851,0.0049450822267440575,0.04633869817567149,0.06959047417129471,0.028105276366855225,0.01928206196811013,0.03896820419528558,0.04723707947122815,0.03144501454111233,0.005480544651712551,0.013610674528952142,0.014844621736147121,-0.19444307236354652,1.1507983177464576,0.07461799101385168,0.06998347679347165,0.9921879091710888,0
2003-09-08,NEOG,1.5923980474472046,1.6332969665527344,1.5915089845657349,1.6128480434417725,154086,-0.008200759158504045,0.030681820605728882,0.06768706116740342,0.01624704833508339,0.00487510613557189,0.023760036104745468,0.037787307414537355,0.02091374157932444,0.00961049243039212,0.013812134723965386,0.014992257121924946,0.5747003096544747,1.6789155464707426,0.012842263922234485,0.02590943527316134,0.5106506191822401,0
2003-09-09,NEOG,1.578171968460083,1.6164040565490725,1.5559450387954712,1.6003999710083008,127093,-0.007718068967556224,0.018675926652390373,0.06824938471809228,0.028571017037493984,-0.006512920981048221,0.009307955972098651,0.02830688151761541,0.011326740958053328,0.011494621910091287,0.013750393756636975,0.014358109445966414,-0.17518139220954532,1.3428376112445335,0.014084651731526425,0.037777442419915985,0.7352903481496206,1
2003-09-10,NEOG,1.5835069417953491,1.6181819438934326,1.5835069417953491,1.6155149936676023,57361,0.009444528201146163,0.011692461041180158,0.03828538501478618,0.03828538501478618,0.0005507195161699135,0.015027101349631249,0.03603601227474265,0.019526393019533232,0.009887204699626485,0.008223808182925148,0.014460886961022126,-0.5486690848433824,0.6082324136841425,0.02021339536154044,0.021463745142570923,0.9230872367855544,0
2003-09-11,NEOG,1.6137369871139526,1.6448559761047363,1.589730978012085,1.6012890338897705,75356,-0.008805835806906082,-0.01043943795529989,0.02914241439363585,0.05321630952545231,-0.006180412173279362,0.0032307745151156793,0.02425555836466275,0.008827793889437097,0.008611824263809444,0.009100027799276721,0.013500126910484404,0.3137148933944667,0.7854611102627671,-0.007713743518046493,0.03442538912462574,0.20966995514919273,1
2003-09-12,NEOG,1.5986219644546509,1.6448559761047363,1.5986219644546509,1.6030670404434204,47238,0.0011103595391088739,-0.014215455575739222,0.03146451689457841,0.04703835519805155,-0.0022138200680499676,0.0012770851760347927,0.02303649403886629,0.008558203908744321,0.007978710475384324,0.009015897673434957,0.013464849073413446,-0.3731355167471734,0.4883699652161237,0.0027805673183565393,0.028840972014056738,0.09614298716735553,1
2003-09-15,NEOG,1.6359649896621704,1.6359649896621704,1.6075129508972168,1.6217390298843384,113597,0.011647665986416422,0.005512600197345785,0.03636355741340069,0.06666689143500881,0.008292091150967067,0.009352220193331649,0.03161599108663376,0.01832324061408725,0.009444072959284877,0.009355920008080347,0.01342753711054858,1.4047800499597782,1.1098936047042753,-0.008695760525272437,0.017544153677415533,0.5000020949164756,1
2003-09-16,NEOG,1.6359649896621704,1.670639991760254,1.6217390298843384,1.6448559761047363,112472,0.014254418124256762,0.02777805917381193,0.04697276682187823,0.07246378388638175,0.01704252577984484,0.019059366402411366,0.042635496642581705,0.030571930311013934,0.0094063043964387,0.009945694139100132,0.013599615067502045,-0.009903430548341974,1.0834242030755714,0.00543470459254872,0.02972963140014257,0.4727298877894547,0
2003-09-17,NEOG,1.6244059801101685,1.654636025428772,1.6164040565490725,1.6181819438934326,70857,-0.016216636957158914,0.0016508359478457635,0.013362599324031388,0.061843079982258686,0.00021963976190607297,0.0012100704770536532,0.022672749175054727,0.012505847199051016,0.013036674412323306,0.01095716944146519,0.014146212151024363,-0.37000320079664273,0.6698534739839392,-0.0038315767689513927,0.02362649578681574,0.04650263631345852,1
2003-09-18,NEOG,1.6181819438934326,1.6448559761047363,1.6181819438934326,1.6208499670028689,74231,0.0016487781979674931,0.012215741630092758,0.0016487781979674931,0.04171415222843833,-0.0005480688182139776,0.0026953215427695937,0.02226229150453016,0.013352171943607225,0.01198763636444838,0.010128940734195397,0.013504383668024233,0.047617031485950534,0.6867803729454922,0.0016487781979675601,0.016456817567530296,0.10002323939256635,0
2003-09-19,NEOG,1.5399409532546997,1.6119589805603027,1.5381619930267334,1.6030670404434204,786178,-0.010971358806473042,0.0,-0.014215455575739222,0.05438575830147885,-0.011513414565031754,-0.006885387352186505,0.008417221741658213,0.0027025177753586403,0.0134619716458362,0.01054439174931586,0.012576441828228873,9.590966038447549,5.50176877508389,0.04099253744457039,0.046034872947769256,0.8795080881473991,1
2003-09-22,NEOG,1.5559450387954712,1.6795309782028198,1.5559450387954712,1.645745038986206,77606,0.02662271599756716,0.014802633876043414,0.020396835075815467,0.08946449806661727,0.011807300022960297,0.0174803971088499,0.030882073564379928,0.02980953113821603,0.01768456674687241,0.013404260539113512,0.013451132456553971,-0.9012869858988677,0.559386826810001,0.05771412096937125,0.07509421962680118,0.7266198778062224,1
2003-09-23,NEOG,1.6315189599990845,1.7159849405288696,1.6315189599990845,1.7159849405288696,146213,0.04267969817848094,0.04324327810911277,0.07222255162110924,0.14540108105011296,0.0458439315299525,0.05337867731587601,0.0675961944611962,0.07376149110851803,0.025166200875322602,0.017991432421360816,0.01558647461891981,0.8840424709429684,1.017609623420479,0.05177137538740742,0.049223031353499286,1.0,0
2003-09-24,NEOG,1.7044260501861572,1.7230969667434692,1.6893110275268557,1.7159849405288696,334041,0.0,0.0604400494051478,0.06219066195924117,0.10285704041146126,0.033522658868139946,0.04692181578155809,0.06230757760795865,0.0734031687141772,0.021988057783384696,0.018104636228384468,0.013741102838240421,1.2846190147250929,2.189455787106147,0.006781690728940655,0.01968894855580764,0.7894974542811461,0
2003-09-25,NEOG,1.6964240074157717,1.7159849405288696,1.6946460008621216,1.7070930004119873,39365,-0.005181828760188245,0.05320852340737692,0.06607424661193306,0.09714222408108109,0.017595641547899134,0.03481700278032204,0.05188162544938544,0.0676747191202992,0.02298140361911403,0.017804743866574727,0.013888319562150937,-0.8821551845432147,0.2652510063568601,0.006289107528293052,0.012500162358815917,0.5832998145292843,0
2003-09-26,NEOG,1.6893110275268557,1.6973129510879517,1.645745038986206,1.6955349445343018,94476,-0.006770607034822462,0.057681869664854446,0.057681869664854446,0.09096131872201352,-0.000314626703330689,0.022081608893118353,0.040229074254517314,0.06036336064672302,0.022052290745817212,0.01824178939342466,0.01406952922500748,1.4,0.6387810179076534,0.0036842931266232574,0.030413948275132323,0.9655210676332634,1
2003-09-29,NEOG,1.6973129510879517,1.7115390300750732,1.6626379489898682,1.7115390300750732,79855,0.009438959422430004,0.03997824057206145,0.0553726577063014,0.09374976193733797,0.0013524583669687778,0.026174096124724572,0.04534350548230468,0.0703125676519861,0.02037570848873924,0.01817598557293545,0.014104456899464454,-0.15475888056225917,0.5388993846404059,0.008381529745591632,0.02857140867132906,1.0,0
2003-09-30,NEOG,1.6626379489898682,1.6937570571899414,1.6626379489898682,1.6830869913101196,50612,-0.01662365757659967,-0.019171467325704405,0.023242773690083318,0.07130731790079947,-0.011488453616747326,0.0068075380497828455,0.02446126397875565,0.05268394701077011,0.009551000418339907,0.019130784558469092,0.014881909439033473,-0.36620123974704155,0.3523862239906981,0.012299155286738904,0.018489304688790946,0.6571217333343549,1
2003-10-01,NEOG,1.6804200410842896,1.7053149938583374,1.6510790586471558,1.7053149938583374,61860,0.013206686679287705,-0.0062179722085694555,0.053846262649092536,0.0679283880060002,0.002823383052141922,0.014814691431464383,0.03457565440862393,0.06672879036974055,0.012303606658242225,0.01817761199189728,0.014752828361797454,0.22223978503121788,0.45454912856039603,0.01481472022791659,0.03180405696690138,1.0,1
2003-10-02,NEOG,1.7115390300750732,1.7115390300750732,1.6670830249786377,1.7070930004119873,8998,0.0010426264708005561,0.0,0.05320852340737692,0.054945030658684724,0.0038689532568499164,0.01068569209157063,0.03286866771510035,0.06669007920230818,0.012111641307938273,0.01819253352261405,0.014570754597821254,-0.8545425153572583,0.06896747307562891,-0.002597679389695788,0.026041935082451045,0.8999903465585481,1
2003-10-03,NEOG,1.6893110275268557,1.7106499671936035,1.6830869913101196,1.7106499671936035,55111,0.0020836397201311474,0.008914604035750617,0.06711068472870907,0.051941220195551585,0.004175530953074836,0.0063814950445537965,0.03238275923759005,0.06726430252272723,0.011495075367502374,0.017340068421619368,0.014562398099265635,5.124805512336074,0.4294465141903354,0.012631741176749402,0.016112574993177687,1.0,0
2003-10-06,NEOG,1.7115390300750732,1.7115390300750732,1.6901999711990356,1.7079830169677734,35991,-0.001559027432248672,-0.0020776698893882894,0.037817509096005786,0.05898570166783079,0.003028744128428649,0.001146837054205553,0.02782266218264833,0.06359444821514185,0.010699736602452811,0.015969239450708557,0.01437684844299798,-0.3469361833390793,0.2939827511495762,-0.002077669889388282,0.012493718417599598,0.8333566101505544,0
2003-10-07,NEOG,1.6857550144195557,1.702648043632507,1.684865951538086,1.6919790506362915,165334,-0.009370096875959688,0.005283184631621696,-0.013989569095623544,0.05722262014932,-0.007406385960756552,-0.0068365026619668446,0.015393943006065303,0.051951064282669296,0.008127641214702412,0.008751803159741329,0.014446047183401605,3.593759550998861,1.3297184439783298,0.003692135668289214,0.010509640818386002,0.40001474857039926,1
2003-10-08,NEOG,1.6901999711990356,1.7106499671936035,1.6786420345306396,1.6973129510879517,48363,0.0031524624667511603,-0.0046924133073390495,-0.010881208220372418,0.050632744196727364,-0.003341535027129235,-0.002612440632606029,0.01610097754013306,0.053973885531384415,0.00503166697286678,0.00886284059380681,0.014363935080422524,-0.7074830343426035,0.3903777372572096,0.004208365879849137,0.01885800296430147,0.5833215395043613,0
2003-10-09,NEOG,1.6982020139694214,1.7097610235214231,1.6857550144195557,1.6937570571899414,55111,-0.0020950137072429653,-0.0078120777361441185,-0.0078120777361441185,0.05774599172489947,-0.003869441006988491,-0.003921397734787701,0.011173494355734805,0.05116222357227711,0.004918517004828433,0.008756372929837388,0.01416117440962513,0.13952815168620636,0.44851107361153103,-0.0026174487740067056,0.014173230452361959,0.3333349886034682,0
2003-10-10,NEOG,1.6893110275268557,1.715095043182373,1.6893110275268557,1.6893110275268557,115846,-0.0026249512255682728,-0.012474170681308516,-0.003670768937856117,0.053799363911555265,-0.0039842687215041845,-0.0061722934348185194,0.0059295639089575174,0.04782480019815553,0.004478102746331105,0.008534965580337717,0.014210634028902233,1.102048592839905,0.9171863377666196,0.0,0.015263036371262577,0.0,1
2003-10-13,NEOG,1.6884219646453855,1.7328779697418213,1.6884219646453855,1.702648043632507,17996,0.007894944085682587,-0.0031235517462799844,-0.005194731926257079,0.0498902796672156,0.004511156508903173,0.0021981303987615546,0.01143484198508798,0.055561761287584555,0.006509508014313216,0.008350479283367206,0.014110950616009097,-0.8446558361963297,0.14808378138633935,0.008425665671856765,0.026109920522148135,0.32000353959519745,0
2003-10-14,NEOG,1.7079830169677734,1.7079830169677734,1.6715290546417236,1.6715290546417236,16871,-0.01827681834020889,-0.012086435696043285,-0.006867105935742024,0.016216057165170827,-0.011462794309701584,-0.015449059589611068,-0.007836999030080078,0.03495735251200709,0.009861949362695034,0.008713844419766612,0.014556325244057857,-0.06251389197599466,0.14451061387673642,-0.02134328149864597,0.021808751828046067,0.0,1
2003-10-15,NEOG,1.6813089847564695,1.7204300165176392,1.6804200410842896,1.684865951538086,34866,0.007978860349047823,-0.007333355667785035,-0.011991357839401084,0.04120921500595176,-0.0021062713526662728,-0.006396696320053378,-0.001895985073127401,0.04117462396704262,0.010737394109963671,0.007909548280092629,0.014055361549367618,1.066623199573232,0.3033245118150926,0.0021155937509794755,0.023746681685166214,0.11112004957870023,0
2003-10-16,NEOG,1.7204300165176392,1.7204300165176392,1.6821980476379397,1.6821980476379397,34866,-0.001583451726655638,-0.006824479049657217,-0.014583243424956649,0.037849327133288035,-0.002320356543370138,-0.0065114674519031026,-0.005283943983147419,0.03839632771171471,0.010731844726801693,0.007871154414047765,0.01407955150441102,0.0,0.30860889226614574,-0.02222233308686724,0.022727388688497736,0.0,1
2003-10-17,NEOG,1.684865951538086,1.7239869832992554,1.684865951538086,1.7239869832992554,32617,0.02484186432150115,0.020526685262432176,0.007796461205638483,0.075430371784319,0.018275566147896088,0.01736728999193341,0.015795073742094757,0.06232629138906686,0.01575333658837672,0.011470347431268974,0.014616557725060994,-0.06450410141685314,0.43316126581841413,0.023219076701892216,0.022692185115169558,1.0,1
2003-10-20,NEOG,1.715095043182373,1.733767032623291,1.715095043182373,1.7275429964065552,104599,0.0020626681881870113,0.014621314644062355,0.011452092464892871,0.049702691171858104,0.01738395873963707,0.018290386173628166,0.015443286505070975,0.06267772002342538,0.015624064770569629,0.011443472723794647,0.013588707371650995,2.2068859797038356,1.36463945319966,0.0072578795406491575,0.010808407941080128,0.6666645385361867,1
2003-10-21,NEOG,1.742658019065857,1.7559950351715088,1.726654052734375,1.7506599426269531,148463,0.013381401370896828,0.047340420296906105,0.034681807655120744,0.020207055014944686,0.02147745805081376,0.02835953364060411,0.027983730898868703,0.07432425943391101,0.010377556431257531,0.011370346493950058,0.01018345837990797,0.41935391351733764,1.9340676805791404,0.004591792235510202,0.016759955330391676,0.8181692601470767,0
2003-10-22,NEOG,1.7515490055084229,1.7586619853973389,1.733767032623291,1.733767032623291,128218,-0.00964945252492233,0.02902372205964765,0.021477525115196183,0.010362615471987136,0.005880627640974916,0.01626024980385102,0.017533016748130785,0.06164061555904126,0.01348367784534437,0.012107275869866062,0.010460634382285703,-0.1363639425311357,1.9289343156178118,-0.01015214123567742,0.014358880002684288,0.0,1
2003-10-23,NEOG,1.726654052734375,1.743546962738037,1.726654052734375,1.7373230457305908,56236,0.002051032832202093,0.03276962434361108,0.025721509679155652,0.017708493509906997,0.0015375069137919352,0.01575075864068651,0.01871631962633611,0.060999189238173275,0.013077257726915306,0.012014755935551076,0.010376094765282937,-0.5614032351151944,0.8354224093043916,0.00617899861255943,0.009723528416419635,0.6315663194738477,1
2003-10-24,NEOG,1.742658019065857,1.7559950351715088,1.740880012512207,1.7462140321731567,57361,0.005117635700749634,0.012892817108957955,0.03368414917033169,0.029889733504003146,0.004089826056438434,0.01756365267179921,0.02241060205992596,0.06363369787442959,0.008264623600622228,0.011888907120411647,0.010251560224085386,0.020004979016999824,0.8762929908476643,0.00204056852715485,0.008655882028671577,0.3528952474091834,1
2003-10-27,NEOG,1.7515490055084229,1.7782219648361206,1.7506599426269531,1.7657749652862549,146213,0.011201910391680059,0.022130834925223608,0.0370757314700636,0.031688401057849536,0.010892907126049928,0.025191075009177354,0.03222462846006349,0.07234272021196221,0.009087755734741925,0.012072956990648233,0.01033047848417886,1.5489967050783635,2.125912010771105,0.008121930778466947,0.015609023092418416,0.5484003512004394,1
2003-10-28,NEOG,1.7782219648361206,1.7960050106048584,1.7737770080566406,1.7862240076065063,418395,0.011580774856515319,0.020314661981805315,0.06861678691511974,0.06127848223466126,0.018452658446562437,0.030203382610652873,0.04104031462624476,0.08144458211769638,0.008669956295336515,0.00943418588984252,0.00961013361490011,1.8615444591110228,4.799993116562411,0.004500024703678207,0.012444129321720806,0.5599693235082751,0
2003-10-29,NEOG,1.8004499673843384,1.821789026260376,1.7737770080566406,1.7782219648361206,204699,-0.004479865199610855,0.025640660697975548,0.05540857016714695,0.04275278833550189,0.00877625734797553,0.020095707784240642,0.03417940961880555,0.07329510931534478,0.0067138647521336236,0.010048907824652667,0.009435777520720478,-0.510751801527265,2.1705438686342684,-0.012345804077249766,0.027000014145118323,0.09258008610715225,1
2003-10-30,NEOG,1.7826679944992063,1.7977830171585083,1.7782219648361206,1.7977830171585083,154086,0.01100034343810985,0.034800650101600716,0.0687106786759546,0.05312541069797261,0.012924755612182882,0.024523848593023208,0.04280567437998598,0.0819431424054738,0.006890315712809558,0.009855990331898724,0.00963556010309802,-0.24725572670115636,1.5171604368164895,0.008478877001181674,0.010880652523520318,1.0,0
2003-10-31,NEOG,1.7986719608306885,1.8048959970474243,1.7826679944992063,1.7826679944992063,75356,-0.008407590079025251,0.020875998963702402,0.03403796650926627,0.04209980340031305,0.00029941884569301705,0.012524065900846813,0.03188289163474281,0.06947028284523572,0.009798424158933798,0.00858645312927952,0.009947697828936133,-0.5109484313954544,0.7346475995217128,-0.008897657093676478,0.012468952500862263,0.0,0
2003-11-03,NEOG,1.7951149940490725,1.7951149940490725,1.7782219648361206,1.7826679944992063,213697,0.0,0.00956692078269028,0.03190947965249835,0.0437270024288785,-0.001593380293239598,0.009363745054158365,0.029657246684019724,0.06599044454857106,0.009042749093110846,0.008646338044840657,0.009923505350777214,1.8358325813472054,1.9172588465870835,-0.006933817382802111,0.009476262133543007,0.26318723581422243,1
2003-11-04,NEOG,1.7737770080566406,1.7880029678344729,1.7737770080566406,1.7880029678344729,398150,0.002992690367319417,0.0009959334441766998,0.021330827477256786,0.056752426788068355,0.0011950374426109688,0.010248391070199663,0.029882684188019416,0.0654871436230248,0.00742421803557296,0.007873997312139796,0.009543359813128826,0.8631520330187135,3.2343504836903523,0.008020151187672846,0.007956340136874563,1.0,1
2003-11-05,NEOG,1.7782219648361206,1.831568956375122,1.7782219648361206,1.8137869834899905,355411,0.014420566475203067,0.02000032580699096,0.046153808072832314,0.0686226027600747,0.011603682810605252,0.020204150419662985,0.04124140526968357,0.07754078149783364,0.009063056478865066,0.007541345562138209,0.009891107947725016,-0.10734396584201933,2.5670183026207116,0.020000325806990855,0.029411938681109112,0.6666733704724214,1
2003-11-06,NEOG,1.8004499673843384,1.8635770082473757,1.8004499673843384,1.831568956375122,32617,0.009803782388445814,0.018793112903032316,0.05424777555109128,0.08136461991415711,0.01768588523164739,0.024773615966932585,0.047306692421904904,0.08455298461766261,0.008845218732138302,0.0076538211601153315,0.009902911434545575,-0.9082273761926333,0.23751139151004366,0.017284006528652838,0.0344661011223802,0.4929581454372391,0
2003-11-07,NEOG,1.831568956375122,1.8413490056991575,1.8137869834899905,1.8137869834899905,184454,-0.009708601373286108,0.017456413132904247,0.038696832159079264,0.07368445119627687,0.004332429467142445,0.011002154659525469,0.0334609074018424,0.07073135520974172,0.009300147090269228,0.009013290657686246,0.010270860544503971,4.655149155348438,1.3104283896075941,-0.009708601373286054,0.01519584298489875,0.0,1
2003-11-10,NEOG,1.7791110277175903,1.8671330213546753,1.7791110277175903,1.822677969932556,247438,0.004901891194222685,0.022443873764945943,0.03222551331000223,0.07049602925803233,0.00480339962580685,0.012745785605164879,0.03498764171537527,0.07271437196672907,0.009094833567511059,0.008654610811158273,0.01022686879542464,0.34146182788120605,1.6254151184403405,0.02448804011453818,0.0482926743446304,0.49495518579813447,1
2003-11-11,NEOG,1.8600209951400757,1.8662439584732056,1.81556499004364,1.8662439584732056,38240,0.023902186375940992,0.04375887067653683,0.044798385043499644,0.11648909319929057,0.020021167708480885,0.032362536075870627,0.053899797197928735,0.0945515183658388,0.012433276211305714,0.010630280356846438,0.009850202569342013,-0.8454562355014186,0.24944699610108603,0.0033456414467306806,0.027155596780083707,1.0,0
2003-11-12,NEOG,1.8653550148010256,1.889361023902893,1.8137869834899905,1.8582420349121096,246313,-0.004287715721605023,0.024509521695089687,0.04500004592135576,0.10290200429046092,0.010735932303327703,0.023405928874512316,0.04426883825816602,0.0865268861932766,0.013066685102374145,0.010612519348627416,0.010071749015673462,5.441239539748954,1.5030867182782601,-0.0038132043672527106,0.04066964313207837,0.5882317682002538,1
2003-11-13,NEOG,1.8609100580215456,1.9329279661178589,1.8502399921417236,1.8635770082473757,194576,0.002870978718075623,0.017475755832639273,0.03659729258810018,0.1078225960754855,0.01012052721142003,0.022638543910515292,0.041956641918990394,0.08652828934099571,0.012783968989239154,0.0103644632205423,0.009968221591624424,-0.21004575479166754,1.1321974467718645,0.0014331430013686348,0.0443705699363077,0.1612932989445515,1
2003-11-14,NEOG,1.801339030265808,1.9115890264511108,1.7986719608306885,1.9115890264511108,98975,0.02576336689670189,0.053921460376198604,0.07231914879815937,0.10881871207219596,0.025274275239058442,0.04161619403409864,0.06322479648979236,0.11082407666287719,0.013423129374541076,0.0115167978318116,0.010065541375665597,-0.49132986596496997,0.5650069059571051,0.06120446752826651,0.059069739393751555,1.0,0
2003-11-17,NEOG,1.9089219570159912,1.9115890264511108,1.8617990016937256,1.9115890264511108,77606,0.0,0.04878045271038456,0.07231914879815937,0.10653629485771865,0.01558817555203847,0.03435004161022368,0.0578105884916516,0.10698067656514829,0.014107648262903054,0.0115167978318116,0.010110126780186844,-0.2159030058095479,0.44646000694951016,0.0013971600176304571,0.02604640645474988,1.0,1
2003-11-18,NEOG,1.9284820556640625,1.9471529722213743,1.835124969482422,1.9275929927825928,84354,0.00837207480793789,0.03287299821164735,0.07807035416567754,0.10106648689873077,0.01745825307731025,0.03519075936431417,0.06147028638058207,0.11203437036918033,0.011687247407849054,0.011430713074689954,0.009955630241742341,0.08695203979073773,0.49439762981718116,-0.00046101693238912844,0.05811807946927284,0.8254009804641416,1
2003-11-19,NEOG,1.9382619857788088,1.9382619857788088,1.929370999336243,1.9338170289993288,30367,0.0032289161872036676,0.04067015634526516,0.06617648411964172,0.1153845889394669,0.012664219880454746,0.0318817217365043,0.0590642633299243,0.11154279673419132,0.010352954488511697,0.011235350946036915,0.009365962111846787,-0.6400052161130474,0.18323485824897784,-0.0022932693372170543,0.004597635820368507,0.5000603354651865,0
2003-11-20,NEOG,1.9355950355529783,1.9355950355529783,1.8929179906845093,1.908033013343811,97851,-0.013333224016989886,0.023855201528937275,0.041747845038834885,0.09826034831733454,-0.0054683720776135215,0.013986236158960566,0.0400816532544096,0.0928685864714122,0.014199862620927392,0.012755387263179102,0.010255072930998288,2.2222807653044425,0.5831130169935334,-0.014239560291749297,0.02236703692756231,0.35417219504973635,0
2003-11-21,NEOG,1.907142996788025,1.9249260425567627,1.907142996788025,1.907142996788025,58485,-0.000466457629171968,-0.002325829245494293,0.051470219021201746,0.09215878560693547,-0.005471330477949181,0.008509815629949024,0.03505656192825461,0.0885669758135572,0.008024075236826881,0.011947200181585004,0.010320260166267612,-0.40230554618757086,0.34840673246789144,0.0,0.009324442791488457,0.0,0
2003-11-24,NEOG,1.881358981132507,1.9462640285491943,1.881358981132507,1.8929179906845093,197951,-0.0074588041523226956,-0.009767285492983113,0.0385367146093023,0.07200409332887037,-0.010963375837239496,-0.0027167094905145976,0.02380395665218019,0.07711315627613238,0.008594915647465624,0.012591475706424474,0.010520987073360891,2.3846456356330683,1.1613363484707193,0.006143968093236564,0.03428835677831797,0.1780910732226093,0
2003-11-25,NEOG,1.8671330213546753,1.9329279661178589,1.8671330213546753,1.8778029680252075,110222,-0.007985038302602776,-0.02583015446923287,0.006193729120740787,0.05126958322624642,-0.013729315580750369,-0.011282170159824155,0.01311978015154136,0.06568718481323915,0.0065662199217895465,0.010871921966481195,0.01064241459228879,-0.44318543477931405,0.710915207710923,0.005714615160515333,0.03503825794480285,0.16216970329463262,1
2003-11-26,NEOG,1.8786920309066772,1.907142996788025,1.8786920309066772,1.889361023902893,43864,0.006155095116204157,-0.022988733902834624,0.016746467040422708,0.06250010474761791,-0.0030028600014656995,-0.00682384217239102,0.01630862420139624,0.0689563636789403,0.00756070642822777,0.010844259732178983,0.010537511047932973,-0.6020395202409683,0.2983932383972452,0.005678947278584478,0.015058512122037902,0.37499581000905036,0
2003-11-28,NEOG,1.889361023902893,1.889361023902893,1.869801044464111,1.869801044464111,58485,-0.010352695536386403,-0.02003737284015794,0.0033398331215670485,0.040059354559612625,-0.009327175883758304,-0.017427368216635538,0.00384268180615301,0.05491806477114862,0.00677883004317954,0.011475480994142116,0.010772779223329297,0.33332573408717847,0.4112273468119246,-0.010352695536386422,0.010460995032970415,0.0,1
2003-12-01,NEOG,1.898252010345459,1.9382619857788088,1.8902499675750732,1.9382619857788088,101225,0.036614024533459855,0.016317071684291085,0.013953291716272576,0.08728153069428535,0.023570077954605494,0.017122916982302398,0.0362692187063723,0.08942238757096808,0.019668700921402733,0.014305119851000216,0.01296070144856529,0.730785671539711,0.7053316382612017,0.021077272783221496,0.02477065461532228,1.0,1
2003-12-02,NEOG,1.9418189525604248,2.036065101623535,1.9160350561141968,2.0138370990753174,307048,0.03899117552271547,0.06387973963260918,0.05348852248541691,0.129675915700193,0.050069680216909974,0.05114175754430616,0.0700620252550256,0.12723596189668615,0.02379726161460183,0.018543637428922864,0.015048690426425345,2.033321807853791,2.0721061184384566,0.0370879820798595,0.059602658807135854,0.8148130124095602,0
2003-12-03,NEOG,2.0449559688568115,2.0618491172790527,1.977383017539978,2.004945993423462,208073,-0.004415007378669289,0.06770839516350557,0.04012932238833544,0.12133258696529903,0.03175342145512647,0.042292686876727534,0.059232609371181945,0.11864052536156303,0.023064327806274782,0.018753807830337508,0.015222491458795865,-0.3223437377869258,1.5004065179886463,-0.0195652014237335,0.04212886532412184,0.3263199788865477,0
2003-12-04,NEOG,2.0200610160827637,2.0431768894195557,1.998721957206726,1.998721957206726,66358,-0.0031043410830773333,0.05788249673846013,0.03356311752047336,0.1019606907537145,0.017102492671964335,0.03556290786670059,0.050811022788739585,0.11166058500106664,0.024138054126619842,0.018892834078733264,0.015207614287699737,-0.6810830814185407,0.5341754605148235,-0.010563571449647398,0.02224167901520264,0.0,1
2003-12-05,NEOG,2.0227279663085938,2.044066905975342,2.009391069412231,2.010279893875122,118095,0.005782663579955161,0.07513037273506962,0.053587584604799066,0.0975725958217204,0.008564332540390794,0.036062637460256786,0.0519456920314823,0.1143307918938815,0.021401842655243253,0.017947832718301596,0.015166935037699437,0.7796648482473854,0.9190343893726799,-0.006154101115331374,0.017249258010668265,0.025632387016053346,1
2003-12-08,NEOG,2.0431768894195557,2.0449559688568115,2.0138370990753174,2.044066905975342,61860,0.01680711835359916,0.05458752272542755,0.07179530293109715,0.12696084191885593,0.014742341581135023,0.046093773897912665,0.06321988217079778,0.12869826070348966,0.01789432804251492,0.01815311018038002,0.014992285205375475,-0.4761844277911851,0.5055189496058243,0.0004356042594231657,0.015223997654149946,0.971430103737301,0
2003-12-09,NEOG,2.0138370990753174,2.0449559688568115,1.998721957206726,2.0431768894195557,50612,-0.00043541459097273805,0.014569098144884718,0.07937950797367099,0.12097524802758142,0.011354383847597686,0.037658887829796,0.05669718658900179,0.12408983742985641,0.008694832940922938,0.01765616527748675,0.015062061391600818,-0.18182993857096674,0.44977250106640126,0.014569098144884744,0.02262849187924205,0.9615201153055778,0
2003-12-10,NEOG,1.999611020088196,2.02895188331604,1.999611020088196,2.0280630588531494,49488,-0.007397220791147463,0.011530019015731696,0.08001909326299717,0.08670843897189617,0.0015810056174429318,0.022182625685773564,0.044509804879830216,0.11155535100344423,0.009398221177878833,0.017598637302167847,0.014707631456747167,-0.02220817197502567,0.4375968251947115,0.01422878673858202,0.014467431424166859,0.9697069422944876,1
2003-12-11,NEOG,1.998721957206726,2.0529580116271973,1.998721957206726,2.0449559688568115,175456,0.008329578279096861,0.02313178753221834,0.08235320988706674,0.10047880224253625,0.005332766285276727,0.02267685432656052,0.048170373092322354,0.11665676126650919,0.009132488548547193,0.017588599641422075,0.014591496504503301,2.5454251535725834,1.601642391819808,0.023131787532218274,0.026521869050701707,0.8524589803611267,0
2003-12-12,NEOG,2.0582919120788574,2.0582919120788574,2.0138370990753174,2.0138370990753174,25869,-0.015217378885126087,0.001769507425823269,0.07703282391335242,0.08062993381167316,-0.010311912366308532,-8.81751657288112e-05,0.028260246125048512,0.09599262111516495,0.012624057731502188,0.01821136996107793,0.015268640259763974,-0.852561325916469,0.25584449749881816,-0.02159791463138047,0.022074681722743173,0.0,1
2003-12-15,NEOG,2.0760750770568848,2.1961050033569336,2.0618491172790527,2.133867025375366,328418,0.05960259961203529,0.04393208418839678,0.10091775055783381,0.11627917708698998,0.03950107499626534,0.04931798774820011,0.08339923191372595,0.15599148975862395,0.029603408224140766,0.023081260412445768,0.019181484732238283,11.695426958908346,2.917083946392194,0.02783711868474877,0.06291670684318487,0.5364227238017439,1
2003-12-16,NEOG,2.178322076797486,2.180100917816162,2.1063039302825928,2.178322076797486,242939,0.020833093577749873,0.0661446339168037,0.08167739972497978,0.13953472564213665,0.04736638260382374,0.06258385731461884,0.09853137334811621,0.17409121485849652,0.029440511046359745,0.021173257482174475,0.019420642300575604,-0.26027501537674547,2.010235744842823,0.0,0.03387790461273927,0.9758954792312201,1
2003-12-17,NEOG,2.2138869762420654,2.222778081893921,2.1845459938049316,2.1898810863494873,311547,0.005306382226541562,0.07978944579161373,0.09223943863457751,0.13607026719279913,0.036790759037193754,0.05867192711536057,0.09710477141496601,0.17402010581682442,0.02771279724304094,0.020754936541406827,0.01941907751343547,0.28240834118852876,2.3564440534858577,-0.010843322242821366,0.01745852244092478,0.13954489046315408,0
2003-12-18,NEOG,2.222778081893921,2.222778081893921,2.1160850524902344,2.1667640209198,110222,-0.010556310830659554,0.05956512214347698,0.08407475742544879,0.12045968590989786,0.014148970020357234,0.03905518749794413,0.07922590883573528,0.15580894987728613,0.030159609673565492,0.021364673078752262,0.019785260567726327,-0.6462106841022381,0.8092455841777813,-0.025200023983678228,0.049240724127584005,0.474997932974751,1
2003-12-19,NEOG,2.13031005859375,2.2165539264678955,2.13031005859375,2.2138869762420654,147338,0.02174807910196974,0.09933766602005889,0.10128295218356853,0.16029804555752847,0.01715689415729391,0.05138708492670557,0.09436123233512062,0.17442864660988655,0.026075975501566935,0.021748286596506624,0.019545408669949152,0.33673858213423813,1.0624487345662876,0.03923227856487981,0.038955858541857034,0.9690766393997783,1
2003-12-22,NEOG,2.222778081893921,2.3019089698791504,2.2129979133605957,2.235224962234497,402649,0.009638245412442625,0.04749965000340217,0.09351849281466773,0.1720279842670538,0.017484004483817144,0.05197061093160127,0.09602151417385774,0.17891982460853126,0.013212298337245373,0.021613118743218734,0.019455251133153238,1.7328252046315273,2.5829717174639533,0.005599695463062508,0.039777229594676944,0.2499919553791698,0
2003-12-23,NEOG,2.2894608974456787,2.2894608974456787,2.16943097114563,2.225445032119751,460010,-0.004375367258322549,0.021632685002919372,0.08920820494987858,0.17566901633968546,0.00870467987580675,0.03845979948683755,0.08240165663401244,0.1673241126739966,0.012548938949075926,0.0218426755572386,0.01933695536710418,0.1424590648430768,2.7221314536043493,-0.027961108834551135,0.05393524646426317,0.46666746119711905,1
2003-12-24,NEOG,2.236114978790283,2.270790100097656,2.2085518836975098,2.270790100097656,548863,0.02037573039254692,0.03694676128877994,0.1196841686874206,0.20928028060672066,0.02176358811396545,0.04775194379356446,0.09400105322646116,0.1836678654304526,0.01449421707072938,0.02131490516140214,0.019118646545465648,0.1931544966413774,2.8748180857051047,0.015506859726028718,0.027408176738778926,1.0,1
2003-12-26,NEOG,2.267232894897461,2.6139869689941406,2.261009931564331,2.4343860149383545,1162959,0.07204360932948539,0.12351229364836325,0.190434440649226,0.28847053799680467,0.06961472497625186,0.10340920755848045,0.15761861962010357,0.2591050885385523,0.028886638022163676,0.02853795043800755,0.023619628413065138,1.118851152291191,4.710706643059645,0.07372560640641786,0.14499632977835192,0.49118232912955345,0
2003-12-29,NEOG,2.5757548809051514,2.5784220695495605,2.276124954223633,2.30279803276062,1024619,-0.05405386876619345,0.04016061229533752,0.14348773980675178,0.23157382951436256,0.003953913042393631,0.03027175252370388,0.08388612908833794,0.1834482125669075,0.045438490861013925,0.0353751315279158,0.027583546325664208,-0.11895518242689551,3.471138523163982,-0.10597159309220096,0.13127382906590837,0.08823464460859703,0
2003-12-30,NEOG,2.288572072982788,2.3330280780792236,2.178322076797486,2.178322076797486,339665,-0.05405422194751097,-0.025457341609198436,0.020833093577749873,0.12385327307661087,-0.04557857219382977,-0.027353300790433605,0.01953752743459867,0.11427438484426605,0.05335672812215961,0.037320491109153114,0.0304263989544498,-0.6684962898404188,1.1060245310715182,-0.048174142071745654,0.07102071953895023,0.0,1
2003-12-31,NEOG,2.178322076797486,2.2094409465789795,2.1534268856048584,2.2023279666900635,256436,0.011020358352090254,-0.010387614655064437,0.011020358352090254,0.09359787229130623,-0.033101834910170484,-0.01768731824629709,0.026246377880921067,0.12110850140389541,0.05377318382203626,0.03691728908339878,0.029472179434409038,-0.2450326056555724,0.8419502925071034,0.011020358352090217,0.025434023370418394,0.8730143866519111,1
2004-01-02,NEOG,2.3883750438690186,2.3883750438690186,2.256119966506958,2.326137065887451,359010,0.05621737591765852,0.024373439794111773,0.06222072074475116,0.1601993637322634,0.0163155053259519,0.031268214152207235,0.07588787992375597,0.17723684540122667,0.059416850720872945,0.04077714258617378,0.031512073708983845,0.39999844015660835,1.1502282851198726,-0.026058712236728843,0.05685609816444911,0.5294095378192163,0
2004-01-05,NEOG,2.350588083267212,2.350588083267212,2.16943097114563,2.2650110721588135,214146,-0.026277898506087083,-0.06957604165493447,0.04534275550565381,0.13322969410124186,0.004475472605897722,-0.00018621510629482965,0.041203846062815935,0.14017065991583288,0.04720771021122651,0.04181065606118934,0.032353777158093434,-0.4035096515417398,0.6702324386979377,-0.03640663871206657,0.07998067397918664,0.5276088799043994,1
2004-01-06,NEOG,2.2839040756225586,2.3105781078338623,2.2405600547790527,2.300575017929077,226743,0.015701444556898814,-0.000965353799993518,0.03915648929565463,0.14440532631223157,0.02044839060096752,0.011641204687556679,0.05054272054217719,0.15154299795407639,0.04224749851773519,0.041588332979737984,0.032413861659854125,0.05882435347846804,0.6977943325041095,0.00729931807752228,0.030435022770019537,0.8571355604967362,0
2004-01-07,NEOG,2.3350279331207275,2.3350279331207275,2.1961050033569336,2.2894608974456787,258235,-0.004831018504844575,0.0510203802422029,0.02426419538414759,0.12005183918050144,0.005603935499396702,0.004358613454532168,0.03964253782476198,0.13978128819276578,0.03043422619421464,0.04164614218264523,0.032439632978180116,0.13888852136559904,0.771400628268748,-0.019514556990395063,0.06067931971181007,0.6719977346250547,0
2004-01-08,NEOG,2.2627880573272705,2.277235984802246,2.23389196395874,2.243894100189209,128668,-0.019902850189452037,0.01887372549766808,0.008290057855028232,0.09823780398508464,-0.017996170345601827,-0.01642702869252569,0.014328113946794131,0.1118036283241543,0.03327723649986983,0.04224417042369508,0.03293686378540255,-0.5017406625747866,0.37992818841093234,-0.008349857193597899,0.019316428899140765,0.23076161453922173,1
2004-01-09,NEOG,2.222778081893921,2.300575017929077,2.218332052230835,2.300575017929077,212347,0.02526006808212955,-0.010989054915653385,0.013116543810077541,0.1343705551394594,0.009066962407490789,0.007103246308181195,0.03358395285003888,0.1341073095337095,0.022217082463117113,0.04251245747838057,0.03308824192479099,0.6503481829203843,0.612291651017951,0.034999866459394485,0.03574887367605832,1.0,0
2004-01-12,NEOG,2.3339169025421143,2.3339169025421143,2.2827930450439453,2.2839040756225586,119670,-0.007246424122924422,0.008341241107372666,-0.06181515108630231,0.11684755584215623,9.732257677685947e-05,0.006435261911515099,0.020615871929541296,0.12030359968531955,0.01830605628485388,0.034695962130210804,0.03323433001861983,-0.43644129655705044,0.3478600589243023,-0.021428709336258473,0.02238441537183795,0.02173213511232156,0
2004-01-13,NEOG,2.332804918289185,2.3339169025421143,2.222778081893921,2.250562906265259,262734,-0.014598322982637302,-0.021738961465746054,-0.022683329476680725,0.11754963065217017,-0.010166997699974374,-0.005968928313247171,0.000425020958271792,0.0990670301456529,0.017551772176107275,0.030603026017396576,0.033213750703037614,1.1954875908749059,0.738305332223911,-0.035254560456019726,0.04938267681334217,0.2500010726161107,1
2004-01-14,NEOG,2.220555067062378,2.332804918289185,2.220555067062378,2.281682014465332,329318,0.013827255445045372,-0.003397692002088948,0.04744933670222151,0.06927094675169077,0.0042068096448332265,0.0031959898945652042,0.01093687010834351,0.10885965022243002,0.019297627856105296,0.024701516162354605,0.030823471297912464,0.2534274208895688,0.9252951412156977,0.02752777821620083,0.049196097666181875,0.5445615003929377,1
2004-01-15,NEOG,2.320580005645752,2.322803020477295,2.222778081893921,2.3127999305725098,102574,0.013638147607728524,0.030708147223833082,0.05016144986274562,0.06173460536778386,0.01176564384104119,0.011962457542784948,0.021680455816369237,0.11822057910851416,0.016508792929724143,0.024787107453253656,0.030655788501184698,-0.6885259840033038,0.29400295481940963,-0.0033526424662429217,0.043248418188344497,0.8999940410216073,0
2004-01-16,NEOG,2.322803020477295,2.356144905090332,2.3094658851623535,2.3094658851623535,378805,-0.001441562396333529,0.0038646282620593553,-0.007166895265794393,0.05460789609001693,0.009521827588264592,0.011241295667649467,0.01752003141699848,0.11100638423321027,0.01266292716306757,0.017114131083893584,0.03067134252840515,2.692992376235693,1.0753851200516225,-0.005741827954141743,0.020212041332966918,0.0,1
2004-01-20,NEOG,2.3072431087493896,2.3605899810791016,2.267232894897461,2.3339169025421143,149363,0.010587303989572305,0.021897954232566796,0.030421851455951554,0.07714401753420175,0.015768639486217165,0.018873504100621743,0.024520268019790313,0.11717820662926405,0.012324359431747504,0.01477606319951369,0.030539729071837572,-0.6056995023824923,0.4216820870020858,0.011560894338170884,0.04000017570460868,0.7142897274547461,1
2004-01-21,NEOG,2.251673936843872,2.5161850452423096,2.251673936843872,2.4328300952911377,181755,0.04238076884454922,0.08098737809926226,0.057487835141804444,0.09889534623881957,0.042281599827025014,0.055957462958676984,0.06283280645365995,0.15786028970653285,0.016120997640483962,0.019084676658885188,0.03149842957936814,0.21686763120719332,0.5106503849298925,0.08045399268652047,0.1087256808070616,0.6848716469570234,0
2004-01-22,NEOG,2.3550329208374023,2.4172708988189697,2.3550329208374023,2.3905980587005615,170057,-0.01735922153886471,0.04773497952156669,0.044175098761337406,0.06951116737294405,0.014718603450840325,0.0330917900900763,0.04085031478889136,0.13154802819399877,0.022025941333190437,0.02023429685046411,0.031874260575340964,-0.0643613655745372,0.49392264888482784,0.01510175825929131,0.026034480265326405,0.5714378746959337,1
2004-01-23,NEOG,2.3494760990142822,2.409491062164306,2.3494760990142822,2.395042896270752,103474,0.0018592994142254682,0.035559913596972414,0.06736003988280803,0.0762085163655819,0.009556739185573319,0.02829592933621731,0.03894967306692619,0.12754246155579352,0.02211060395723859,0.018403876998925216,0.03182006915842721,-0.39153342702740845,0.3169459682689529,0.01939445022470634,0.025057990920944018,0.7592572729331339,0
2004-01-26,NEOG,2.387263059616089,2.418381929397583,2.3339169025421143,2.350588083267212,67483,-0.018561176116202005,0.017805934423650305,0.021739376003115707,0.03514106529094185,-0.012604882953728315,0.007047137232839594,0.017903772582734782,0.10159024704009197,0.02493011563116183,0.018705710972501444,0.03196635291636375,-0.3478265071418907,0.22315581803821094,-0.015362771271120365,0.03593357230760149,0.197373769307199,1
2004-01-27,NEOG,2.4394989013671875,2.4394989013671875,2.350588083267212,2.368370056152344,89978,0.0075649038688292425,0.014761945282929068,0.036983155917685195,-0.02711811453931723,-0.008006657664859612,0.011006800507637625,0.027072198070056498,0.1046419648447938,0.024759898135538062,0.01844970672968851,0.027490890306157076,0.33334321236459563,0.36171478649589556,-0.029157154026583088,0.03754093152335331,0.19999785476203105,0
2004-01-28,NEOG,2.3361399173736572,2.373927116394043,2.2783470153808594,2.3405849933624268,84579,-0.011731723561417162,-0.037916787574790334,0.03999980931284286,0.01640915098251461,-0.01200986999334548,-0.00467892280601133,0.014191904463161301,0.08684650442614181,0.011746309972976652,0.018152129778714887,0.024678215214764185,-0.06000355642490385,0.4192226099369523,0.0019027439048970958,0.04083598813298191,0.6511604122806143,0
2004-01-29,NEOG,2.2850160598754883,2.3105781078338623,2.200550079345703,2.220555067062378,266333,-0.05128201993964632,-0.07112989614431986,-0.02679030075857347,0.019387853942600675,-0.049024312091069784,-0.05326005150017748,-0.038697489643455346,0.028160660638118135,0.0230842790496961,0.02474548664541901,0.02435781601660735,2.148925856300027,1.3445362454779606,-0.028210301863971523,0.049549786051339736,0.1818171968684113,0
2004-01-30,NEOG,2.220555067062378,2.251673936843872,2.220555067062378,2.220555067062378,198850,0.0,-0.07285373864495859,-0.039884497699417376,0.008276287931678228,-0.034596115747593754,-0.049521929690864525,-0.039076608061860474,0.02522733447952304,0.022769098851054735,0.02412939217982994,0.02424936008468489,-0.253378289584843,1.0186669371500172,0.0,0.014014004985997483,0.0,1
2004-02-02,NEOG,2.220555067062378,2.3405849933624268,2.220555067062378,2.277235984802246,341015,0.025525562766093746,-0.03120584971357876,-0.013955564603562731,-0.021022441799468328,-0.0035985088538757126,-0.02391387601614748,-0.013504713558678706,0.04801322979356485,0.02871054045207415,0.025866457343422977,0.021348027775581323,0.7149358813175761,1.7550378564570843,0.025525562766093714,0.052708602490519736,0.47222321538528766,1
2004-02-03,NEOG,2.332804918289185,2.332804918289185,2.2149980068206787,2.2905728816986084,28793,0.005856616084309874,-0.03284840316725046,-0.018571364214508,0.011285511957975336,0.009107042436370442,-0.01636988278693897,-0.008276274016724322,0.05070088338627376,0.028518511693489894,0.025671451085015694,0.0205265363581991,-0.9155667639253405,0.1556052868940389,-0.018103544046687122,0.05143119977092579,0.641514779870393,0
2004-02-04,NEOG,2.2394490242004395,2.3272480964660645,2.223889112472534,2.249450922012329,91777,-0.017952696469445972,-0.03893645033551063,-0.07537689279401305,-0.022222312038652325,-0.0009872932451742214,-0.0263615195304591,-0.025001327399672434,0.02861612463558736,0.028945795317164867,0.02082560803204742,0.020616653632257342,2.1874761226687043,0.5147613107604223,0.004466231516683293,0.04594853925555606,0.24731095984259052,0
2004-02-05,NEOG,2.2094409465789795,2.2605650424957275,2.2094409465789795,2.2394490242004395,71082,-0.004446372985520419,0.008508664080579154,-0.06322645245611924,-0.021844388476360055,-0.0070955827252835975,-0.024307462964022527,-0.02828333654525681,0.02093977540400993,0.015904280861243007,0.020552345428693254,0.020612992643423506,-0.22549222572104122,0.4207709872715622,0.013581751378294772,0.022828872353993907,0.5869654432681994,1
2004-02-06,NEOG,2.2394490242004395,2.3617019653320312,2.2394490242004395,2.3361399173736572,150262,0.04317619741656764,0.052052233257241065,-0.024593705185327108,0.04110970173533146,0.025265924581340558,0.020437990518182486,0.011647070864360145,0.06073343838899818,0.024228027239479942,0.025849105854212,0.022308612893669026,1.1139247629498326,0.8838293901417219,0.043176197416567565,0.05233117255623601,0.7909085235760561,1
2004-02-09,NEOG,2.305021047592163,2.372814893722534,2.2394490242004395,2.3550329208374023,85479,0.008087273935623251,0.03416287839923271,0.0018909470365442438,0.023671431048289282,0.02654767193828902,0.028490867697581083,0.018627445313643826,0.06469773325598169,0.022720297645161442,0.025341921171965213,0.021698620463463523,-0.4311336199438315,0.5222673437647497,0.02169692693152712,0.05663015083231724,0.8666677392885299,0
2004-02-10,NEOG,2.37726092338562,2.37726092338562,2.2316689491271973,2.338361978530884,75581,-0.007078857437199049,0.02086338191380177,-0.012670350033985645,0.023844216352860936,0.015051969583342272,0.022550393975037605,0.010226942487565024,0.05288636236695152,0.023594733519617064,0.025310091511463795,0.021695140599122528,-0.11579452263128953,0.4680964124644039,-0.01636292611891238,0.06226237665303364,0.7328221898709095,1
2004-02-11,NEOG,2.343919038772583,2.3550329208374023,2.3394739627838135,2.3550329208374023,86378,0.007129324911873791,0.04693678701405979,0.006172784802067843,0.0464195043299227,0.013003064732684014,0.029190247204901498,0.015138342079331521,0.05577931946221076,0.02006852016546905,0.02512229612805531,0.021393636597424943,0.14285336261758919,0.5658683968481488,0.004741581036279834,0.0066066838879077815,1.0,0
2004-02-12,NEOG,2.3194689750671387,2.3550329208374023,2.3172459602355957,2.3339169025421143,116071,-0.008966336779606343,0.042183535914778414,0.05105112553218749,0.022893149766542997,-0.0041729053638442344,0.014934086847685398,0.004904953879205566,0.04261416996694981,0.020929983485386855,0.01787412894735087,0.021364943170928467,0.3437565120748338,0.8174909294644589,0.00622898069785882,0.016190362459198478,0.441182408984794,0
2004-02-13,NEOG,2.3294711112976074,2.3316938877105713,2.3127999305725098,2.3127999305725098,48588,-0.00904786796248136,-0.009990834293601258,0.041541353726554764,0.0,-0.011213627906734044,0.0017327587397116002,-0.004187293458336892,0.030428387267847135,0.008790501981515552,0.018384548445031325,0.021280218648455945,-0.5813941466860801,0.3488383363194138,-0.007156637678074123,0.008169300287632108,0.0,0
2004-02-17,NEOG,2.3394739627838135,2.3394739627838135,2.249450922012329,2.2905728816986084,242039,-0.009610450337742438,-0.027371183888110218,0.005856616084309874,-0.008180680903375648,-0.015288885528858497,-0.008467108211713585,-0.013356200322121425,0.017934736970889174,0.007132499518129947,0.017180114996873306,0.02139178970715281,3.98145632666502,1.8274424797569742,-0.020902596850026982,0.03930153958023219,0.45679372007288443,1
2004-02-18,NEOG,2.299463987350464,2.3494760990142822,2.295017957687378,2.326137065887451,65684,0.015526327266421447,-0.005227981277352578,0.015526327266421447,-0.0033333820266647773,0.0010522589235775386,0.0053799871271722,0.00213066596610313,0.030739991734156043,0.011635890379791486,0.017763890213392555,0.021550713685669628,-0.7286222468279906,0.5121044354992753,0.011599693965079712,0.023411406888066512,0.5714316985823986,1
2004-02-19,NEOG,2.3194689750671387,2.3617019653320312,2.3194689750671387,2.3372509479522705,65684,0.004777827681697433,-0.007550626034904417,0.03903175885313237,-0.03928722664351503,0.007376897549444688,0.0063645611851151085,0.008996033126830194,0.032672317243025044,0.01126716908666993,0.01637210721802903,0.019172695476601137,0.0,0.5363739069331986,0.007666398247304482,0.01806951465861809,0.421044609287674,0
2004-02-20,NEOG,2.3116888999938965,2.350588083267212,2.3116888999938965,2.3339169025421143,75581,-0.0014264815736099168,0.0,0.042183535914778414,-0.02371003186928755,0.005939892967410069,0.0008579491977601807,0.008790942894733235,0.028564766055934356,0.010489809012214218,0.01622713819688315,0.0188211249621563,0.1506759637050119,0.6419556370187254,0.00961548180132563,0.016666910133324043,0.5714259446538568,1
2004-02-23,NEOG,2.3339169025421143,2.3572559356689453,2.322803020477295,2.3572559356689453,93577,0.009999941772310006,0.01922172536793143,0.00903885000134208,-0.015777153996132443,0.012120594560994619,0.009951936552240555,0.019711525247226244,0.03598243005799809,0.00979852270252657,0.009297974660448335,0.018974302209580473,0.23810216853442,0.7981613893468736,0.009999941772309914,0.014615687109033961,1.0,1
2004-02-24,NEOG,2.3617019653320312,2.389486074447632,2.3316938877105713,2.389486074447632,109773,0.013672736290953669,0.04318273107104664,0.014629584709999977,0.016548195516397524,0.01731800349680543,0.022251772299125068,0.03278485635532421,0.04682158971070334,0.006905892358267168,0.009921921253011305,0.01873793987550682,0.17307671756948828,0.9197169457216778,0.011764443407106376,0.02418603203218924,1.0,1
2004-02-25,NEOG,2.3650360107421875,2.4450559616088867,2.356144905090332,2.4450559616088867,154761,0.02325599958731739,0.0511229099374102,0.045627659044060964,0.0323791905987556,0.030541602433512467,0.0412723704253129,0.055054799371640456,0.06742447149498426,0.009314375973975818,0.011517386246455177,0.019346389875763238,0.4098275532234703,1.2623828096482423,0.033834559179328365,0.03636360799695143,1.0,0
2004-02-26,NEOG,2.399488925933838,2.4450559616088867,2.367258071899414,2.440609931945801,193452,-0.0018183754208064284,0.044222458903733,0.0363379256193026,0.0427350166163718,0.019782586328653505,0.03560473095168834,0.0508684712403282,0.06152794611123972,0.010623913725221203,0.011640020247106241,0.019107693354573574,0.2500048461821778,1.5108952029866134,0.017137401872342185,0.031876412814335925,0.9428515390367384,0
2004-02-27,NEOG,2.4450559616088867,2.4450559616088867,2.3828179836273193,2.3905980587005615,49488,-0.020491547047572167,0.024285850150324473,0.024285850150324473,0.07657679566719211,-0.005823474519445945,0.011949740763253083,0.025580083380114478,0.037458669922546275,0.01680608102865254,0.013455502315987898,0.015457766145038639,-0.7441846039327585,0.42226787234178714,-0.022272661142893026,0.026034480265326405,0.12500526729108008,1
2004-03-01,NEOG,2.367258071899414,2.4417219161987305,2.367258071899414,2.438386917114258,111572,0.01999033599135136,0.03441755314629802,0.05430084326864382,0.09809792753307156,0.007253523498757003,0.026720757120996145,0.041216632098704374,0.05581460056263629,0.018104212994858312,0.013818795374348538,0.015840117244899206,1.254526349822179,0.9888342697562789,0.03004693322590392,0.03053815773726413,0.9552131760607574,0
2004-03-02,NEOG,2.4217169284820557,2.5339670181274414,2.3416969776153564,2.3550329208374023,541665,-0.03418407295897974,-0.014418645908281347,0.0281414486540994,0.03416287839923271,-0.02440156603430355,-0.011060908996779825,0.00395603066040134,0.018266227274127484,0.024985574764240893,0.018255054060013414,0.017290359741260895,3.8548470942530386,4.408642539516141,-0.027535839081924075,0.08164218801821148,0.06936048479798224,1
2004-03-03,NEOG,2.392819881439209,2.4783968925476074,2.3139119148254395,2.4450559616088867,73782,0.038225809913295716,0.0,0.0511229099374102,0.0674429882343317,0.012891474254178244,0.021640311960828135,0.03891210741844192,0.05465220471172786,0.029376835048044343,0.02117338700313126,0.019107334568068773,-0.863786657805101,0.5897191197134128,0.02183034359370974,0.06727247977340124,0.7973010581243658,0
2004-03-04,NEOG,2.381706953048706,2.4150478839874268,2.3139119148254395,2.3450310230255127,45889,-0.04090905899657038,-0.039161894602340985,0.0033287290267476344,0.04249041402853937,-0.020790678604136883,-0.02047245866688762,-0.005608036065475596,0.010364294390849255,0.034797809111497345,0.025716334307900383,0.021050814784713615,-0.37804613591390857,0.37362989885962644,-0.015399010351061998,0.043127774502319235,0.3076957531324037,0
2004-03-05,NEOG,2.3150229454040527,2.397265911102295,2.3150229454040527,2.325026035308838,27893,-0.008530798748608737,-0.027429129356595472,-0.003809418931579045,0.03821342222288471,-0.02379828688660194,-0.028467808622544423,-0.015876600007755426,0.000970507205828275,0.034082955601847154,0.025877133532330548,0.021139264495125144,-0.39216369936150275,0.23117032619357128,0.004320946332149319,0.03537292247452949,0.1216285164312716,1
2004-03-08,NEOG,2.3116888999938965,2.397265911102295,2.3116888999938965,2.3416969776153564,27893,0.007170217474276264,-0.039653239123071726,-0.006600453441714893,0.0023787360510267863,-0.008750372912447221,-0.020865132389913,-0.008936778166987415,0.00713956084843228,0.032152863492613044,0.02576992273651406,0.018867032723734457,0.0,0.2435187246543829,0.012981019038305367,0.03654486977881524,0.35065582722268035,0
2004-03-09,NEOG,2.3116888999938965,2.3372509479522705,2.2961299419403076,2.2961299419403076,109773,-0.019458980436252493,-0.025011530996411735,-0.039069544495631714,-0.025011530996411735,-0.023167839808511115,-0.0361557282722263,-0.02700906489943615,-0.012673553791237567,0.029694804655049135,0.025894568909961557,0.019268929475029777,2.935503531351952,0.9483120558553235,-0.006730558793456138,0.017908832275064644,0.0,0
2004-03-10,NEOG,2.292794942855835,2.320580005645752,2.1872129440307617,2.201662063598633,141265,-0.041142217875459686,-0.09954532813641481,-0.09954532813641481,-0.058459689383991376,-0.04354956500357798,-0.06627057825310084,-0.06433004514311362,-0.05139581061535913,0.020931971831953628,0.02645447423804661,0.021231712695774112,0.28688293113971564,1.186697961364377,-0.03974750534981983,0.06057562775869463,0.10834099059319034,0
2004-03-11,NEOG,2.200550079345703,2.2350029945373535,2.200550079345703,2.201662063598633,135866,0.0,-0.0611373401968508,-0.0979049807261353,-0.06512471901421824,-0.031485235667618926,-0.0567114540193057,-0.06127072280961935,-0.050568375955939576,0.01889224795619947,0.02652399539300774,0.0211159078612917,-0.038218950199978785,1.1181024862815063,0.0005053210392104858,0.015648593742555044,0.03227547645080481,1
2004-03-12,NEOG,2.3139119148254395,2.3139119148254395,2.194993019104004,2.2194440364837646,160160,0.00807661320015085,-0.04541110388514358,-0.07159464619904765,-0.049047532897878776,-0.014508549469209066,-0.042068375588863026,-0.051373935838236275,-0.04323951225517118,0.02107471220436943,0.02679749583016263,0.021212431111372228,0.1788085319358781,1.2945438967662672,-0.04082604775765694,0.05358048852172779,0.2056108680746298,1
2004-03-15,NEOG,2.2061069011688232,2.27278995513916,2.2061069011688232,2.222778081893921,28793,0.0015021984584204784,-0.050783212712062986,-0.08842273295802539,-0.0389233186531206,-0.0024938597728041976,-0.03161773511169987,-0.048117642565206606,-0.04197118123643876,0.02011321396723518,0.025319649611079215,0.02116682496072209,-0.8202235264735265,0.23460537197658266,0.007556832679443165,0.029999870213548052,0.2500062569496834,0
2004-03-16,NEOG,2.1872129440307617,2.3339169025421143,2.1872129440307617,2.1905479431152344,80080,-0.014499935482189419,-0.045982588744891695,-0.06984402479761531,-0.04366808818115364,-0.007552896132350557,-0.03877104628773279,-0.059906445290993954,-0.05475774549971765,0.01965993522367035,0.02386088305498773,0.021290040995963214,1.7812315493349078,0.6985860349964734,0.001524771099025533,0.06697135252046622,0.022732850008369616,0
2004-03-17,NEOG,2.178322076797486,2.178322076797486,1.9549330472946167,2.020504951477051,613647,-0.07762577950992533,-0.082281979199605,-0.1736365207168814,-0.13139041498992576,-0.06931521701839259,-0.09655638325677196,-0.12715763058619645,-0.12628926534774154,0.035145055856098506,0.027354861071173193,0.026742256628347876,6.662924575424576,4.320554081294264,-0.07244893994392866,0.1105609908748627,0.29353233830845715,1
2004-03-18,NEOG,1.9727150201797483,2.181657075881958,1.9727150201797483,2.1705429553985596,215946,0.07425767692963414,-0.014134370898505999,-0.07440757325326641,-0.07132652687541674,0.00266974266462314,-0.021837116022038305,-0.0589538389340467,-0.06035283271874988,0.05432301165853994,0.038758082756272176,0.03225293893420767,-0.6480940997022718,1.4440414383039506,0.10028206466476122,0.09626257576821064,0.9468076426928689,0
2004-03-19,NEOG,2.000499963760376,2.148314952850342,2.000499963760376,2.1405351161956787,104374,-0.013825038167637027,-0.035553462484731235,-0.07935004439150417,-0.0828571857617566,-0.003930556034775902,-0.027272857089706233,-0.06805707173980159,-0.07214709332955407,0.054224770209096274,0.03881704942904952,0.03233616916250825,-0.516666203587934,0.6912988893742286,0.07000007746667294,0.06905515726958679,0.9473677419146715,0
2004-03-22,NEOG,2.000499963760376,2.1605401039123535,2.000499963760376,2.1383121013641357,83679,-0.0010385322878952996,-0.03800018599149391,-0.08685362717525291,-0.09288080729455339,0.0029189630367931953,-0.01921823454512119,-0.06456648782409008,-0.07226151370768258,0.05414829394106411,0.038556987704720075,0.03218176568781812,-0.19827734876501812,0.5560526435575568,0.06888884783817331,0.07484414461756073,0.861109828277396,0
2004-03-23,NEOG,2.0660719871520996,2.2116639614105225,2.0660719871520996,2.1383121013641357,26993,0.0,-0.02384601620579585,-0.06873210339429237,-0.10511631591808246,0.007857433329394314,-0.012066936042275858,-0.059398851106552616,-0.07095341280516106,0.05400392503518175,0.03842627582914211,0.03192252253391123,-0.677422053322817,0.18444323500301166,0.03496495507478074,0.06808733587839796,0.4961819810466432,0
2004-03-24,NEOG,2.0682950019836426,2.083853960037231,2.0682950019836426,2.0682950019836426,98975,-0.03274409724185057,0.023652528280940777,-0.06057562775869463,-0.15409093515280092,-0.02951598599666379,-0.03849132350346644,-0.08259593222266184,-0.09968743120892576,0.04073249353527095,0.03766761133668904,0.03176441206447972,2.6666913644278147,0.6894365915118671,0.0,0.007522601001629976,0.0,0
2004-03-25,NEOG,2.069406032562256,2.072740077972412,1.8804700374603271,1.9171459674835205,224944,-0.07307905030721407,-0.11674359509209054,-0.12922786871754,-0.21448079744760495,-0.07852560209249847,-0.09681136765832019,-0.13965092411372906,-0.16305203035618993,0.030380408765739015,0.04315238494956836,0.0348944265644786,1.2727355392775954,1.5499072063477954,-0.07357669915082495,0.10028972429494348,0.19075218336414781,0
2004-03-26,NEOG,1.9204800128936768,1.9204800128936768,1.872689962387085,1.9082549810409544,210547,-0.004637615806706963,-0.10851498459298825,-0.14021036364396144,-0.20176669846447992,-0.06185107632343743,-0.087624160044677,-0.13427115433491804,-0.16420840747142995,0.03142010081884294,0.04265012653422208,0.03485744720955508,-0.06400259620172133,1.3744461011000948,-0.0063656126440505695,0.025043849475777234,0.744192949722115,1
2004-03-29,NEOG,2.0216169357299805,2.077186107635498,2.009391069412231,2.077186107635498,254636,0.08852649581576966,-0.02858609540190249,-0.06550000445135351,-0.14813104800702748,0.027374721892097366,0.0001070721299682896,-0.04984622252937146,-0.08833710946505488,0.05952929745359629,0.05366020481325675,0.04087485665034399,0.20940217623618484,1.588100286890358,0.027487488318578144,0.03263792203022168,1.0,1
2004-03-30,NEOG,2.178322076797486,2.178322076797486,2.0371758937835693,2.10052490234375,43189,0.011235774504008589,-0.017671507819779664,-0.041096128963724166,-0.10806983471091114,0.042816018945829315,0.015746659208299433,-0.033544872549336184,-0.07639993693817984,0.05994689841400252,0.05379580020239908,0.040556998815729814,-0.8303892615341114,0.3189352529461024,-0.0357142661695424,0.06719567230858658,0.44881843212107764,0
2004-03-31,NEOG,2.0127251148223877,2.106081962585449,2.0127251148223877,2.051624059677124,57586,-0.023280296563998215,-0.008060234294687163,0.015401649066647538,-0.16090916040746894,0.020227709592476183,-0.009390913153593276,-0.047422517845015166,-0.09565660476290307,0.05887891277733327,0.04782050380333766,0.03942903686104084,0.3333487693625692,0.4278102675652867,0.0193265064207086,0.045503876464459886,0.41666943332814055,0
2004-04-01,NEOG,2.10052490234375,2.10052490234375,2.0371758937835693,2.0371758937835693,89078,-0.007042306715699387,0.06260865282866401,-0.06144410147851742,-0.13127976825003995,0.0010922633992360394,-0.00999191503467824,-0.047322148173333516,-0.09888213382824218,0.04397839155105103,0.040646007036506226,0.03866107888310741,0.546869030667176,0.6513175620960934,-0.030158656290861542,0.03109648447809038,0.0,1
2004-04-02,NEOG,2.083853960037231,2.1394240856170654,2.0116140842437744,2.1394240856170654,157461,0.05019114556848314,0.12114162251525107,-0.0005190433785491333,-0.07982790165492426,0.02798262507459219,0.03975386414268855,0.004854716713585874,-0.05154646584886541,0.04530892354302231,0.04409912804182502,0.040661347100104085,0.7676755203304968,1.0992483118868646,0.026666996174166444,0.059740376969920524,1.0,0
2004-04-05,NEOG,2.0227279663085938,2.1449809074401855,2.0227279663085938,2.082742929458618,71982,-0.026493651510938743,0.0026751680086314344,-0.025987400001181937,-0.11058392722547794,0.00021349259458006207,0.014948002408109716,-0.015782193353591347,-0.07411068663182732,0.03136328242420649,0.04494445251246718,0.04089811208337066,-0.5428582315621011,0.4948961386385715,0.029670308686911357,0.058698046409102374,0.4909081335345947,0
2004-04-06,NEOG,2.136090040206909,2.136090040206909,2.057180881500244,2.06162691116333,74681,-0.010138561987953487,-0.01851822424814764,-0.03586248712331763,-0.10212968634467379,-0.006214388091411829,0.008426348286368662,-0.020332586147855932,-0.08113715772833593,0.031061299314987436,0.045015328768227135,0.04077825751138812,0.037495484982356775,0.5197221041086586,-0.03485954601256712,0.038275188531633184,0.056343645477370995,0
2004-04-07,NEOG,2.0627379417419434,2.0627379417419434,2.05607008934021,2.05607008934021,41390,-0.002695357628982653,0.0021670781457816535,-0.005910623306495499,-0.06612821134795399,-0.009317634268179317,0.006310022501992118,-0.019581674339191127,-0.0810556377707396,0.029059394876117035,0.04377626890712939,0.03986022405938401,-0.4457760340648893,0.2984130898011432,-0.0032325252116623803,0.003243008317811336,0.0,0
2004-04-08,NEOG,2.0227279663085938,2.051624059677124,2.0227279663085938,2.0393989086151123,51287,-0.008108274524069037,0.0010912238056255408,0.06376819668669431,-0.07370030018062812,-0.017560821269292915,-0.007786297447894248,-0.0237543880311524,-0.08604609390843979,0.02913479807731272,0.035771996286031414,0.03987291866817884,0.23911572843682039,0.3813970851794508,0.00824181134794039,0.014168926562853094,0.5769272023696566,0
2004-04-12,NEOG,2.0505130290985107,2.0505130290985107,1.9693809747695925,1.9693809747695925,82779,-0.034332632791819306,-0.07948078737200348,0.03203240360221349,-0.11266923499920445,-0.03548899388229788,-0.04469261186042384,-0.051595106008198235,-0.11543314184140456,0.013409194038874687,0.037986821681613714,0.04037341646405409,0.614034745647045,0.633824735925502,-0.03956670997822784,0.04119672900689531,0.0,0
2004-04-13,NEOG,1.9515990018844604,1.9693809747695925,1.9282599687576296,1.937150955200195,61185,-0.016365558509149336,-0.06990395799651938,-0.06741579481999704,-0.12850006441054918,-0.03754839399165347,-0.05390005888118498,-0.060655899532703214,-0.1276887772206462,0.01220544675717374,0.023832601232344854,0.0404151726270135,-0.2608632624216287,0.4627446501885655,-0.007403184091770057,0.021227569230769232,0.2162151976529688,1
2004-04-14,NEOG,1.9271479845046997,1.943819046020508,1.9171459674835205,1.9382619857788088,31492,0.0005735384615386252,-0.05983862779270244,-0.07724874691268335,-0.11517025141099779,-0.0250449094728331,-0.04579547549991207,-0.05433269112315387,-0.12451575781391586,0.01394137737260921,0.023170183387222064,0.04039052472741555,-0.4852986843180518,0.24263334066554668,0.005767072048162166,0.013761338112541105,0.7916603351955325,0
2004-04-15,NEOG,1.9716039896011353,2.000499963760376,1.88713800907135,1.88713800907135,94476,-0.026376195314441353,-0.08216260775578421,-0.0801735824016706,-0.0660067387155896,-0.03434954703711693,-0.06337935053834645,-0.07627048926511258,-0.14448978463703885,0.01393374674179836,0.023419802423501564,0.037050140458115194,2.0,0.9098753780072039,-0.0428412505631382,0.06007083432377617,0.0,1
2004-04-16,NEOG,1.889361023902893,1.9782719612121584,1.88269305229187,1.9660470485687256,43189,0.041814132892276534,-0.03596739202738786,-0.03491541669616893,-0.09421417176804225,0.013637508373432012,-0.0207583996856622,-0.03280482140673829,-0.10642127029545208,0.030209195089293425,0.028256598359901287,0.03409235680869393,-0.5428574452771073,0.4536843139139556,0.04058833843593353,0.04861476178297442,0.8720961268387334,0
2004-04-19,NEOG,1.9460419416427612,2.033842086791992,1.943819046020508,1.943819046020508,52187,-0.011305936225890156,-0.012979676901811787,-0.09142882933382501,-0.09190041718389996,0.004825907035183271,-0.022304320360988707,-0.0390903000461154,-0.11414344536022004,0.026518478591489196,0.02114412022063721,0.03406030568891926,0.20834008659612402,0.5636548622481822,-0.001142265012221025,0.04631245946261521,0.0,1
2004-04-20,NEOG,1.8849159479141235,1.984941005706787,1.8849159479141235,1.9560450315475464,24294,0.0062896726688979054,0.009753538461538591,-0.06083223047791364,-0.08523875897270194,0.00917461380000962,-0.00984506431495311,-0.028670550979302066,-0.10547268602905022,0.02543452167765635,0.020726835794541525,0.0341361729175617,-0.534481767489988,0.27108529523514086,0.03773594451897729,0.05113637783355512,0.7111126472014884,1
2004-04-21,NEOG,1.9949430227279663,2.000499963760376,1.982717990875244,1.9838290214538576,21595,0.014204166805060536,0.023509224248000615,-0.03773616326417317,-0.07224533771834596,0.018719239131342436,0.008189662491944168,-0.011080479276161806,-0.08967599629132077,0.025942154461290407,0.021606018629103562,0.034368518576306344,-0.11109739030213217,0.24169634008281138,-0.0055710870673944994,0.008963460405524495,0.06248072617086742,0
2004-04-22,NEOG,2.000499963760376,2.000499963760376,1.9504879713058472,1.9549330472946167,61185,-0.014565758362615533,0.035924790819420904,-0.049189491433167976,-0.05480937418516396,-0.0030605771162086756,-0.0013625638478393096,-0.0227235555428105,-0.0997677305823762,0.022716761924863552,0.02187337595141966,0.03378109296147541,1.8332947441537395,0.6995917475958502,-0.022777764204557304,0.025582457938259914,0.08888020193978514,1
2004-04-23,NEOG,1.9971660375595093,1.9971660375595093,1.9493759870529177,1.979383945465088,40490,0.012507281619853039,0.0067836102427312195,-0.029427770553618005,0.032463870272362305,0.008037233085539048,0.014237064211952474,-0.012037404758342932,-0.08534386208513856,0.013486754581712137,0.02249150713686334,0.02948851001965192,-0.3382364958731715,0.5175403221940948,-0.008903662369579794,0.024143901245679014,0.6279122556698545,0
2004-04-26,NEOG,1.9449310302734375,1.993831992149353,1.9449310302734375,1.9560450315475464,32392,-0.011790998896910598,0.0062896726688979054,-0.006771642151974344,0.025043849475777424,-0.005087458650801313,0.0029635554283728577,-0.024849497105874436,-0.09296098616745535,0.013602480361489448,0.01996255872362646,0.029616360563512023,-0.19999999999999996,0.46723027015175755,0.005714342103198575,0.024999916201942956,0.2272757190811558,1
2004-04-27,NEOG,1.9727150201797483,1.9949430227279663,1.9727150201797483,1.9838290214538576,53087,0.014204166805060536,0.014204166805060536,0.024096246153846312,-0.04494401625279043,0.006200539219595194,0.01478101851950109,-0.008691448884042474,-0.07726202841972102,0.014737246226438155,0.019600666752139208,0.02176210985546904,0.6388923190911335,0.895979341859317,0.005633860522386378,0.011204595914182216,0.500000000000015,1
2004-04-28,NEOG,1.989385962486267,2.028285026550293,1.967157959938049,2.0171709060668945,136766,0.016806833780767194,0.016806833780767194,0.04071117365301857,-0.03968246040970502,0.019662871448205995,0.027688114124092264,0.010072863557865902,-0.05936135323297099,0.015272078229961482,0.020084539679888807,0.021976040314433884,1.576261608303351,2.1393387361936895,0.013966592760060879,0.030303365187548836,0.8181800452833727,0
2004-04-29,NEOG,2.004945993423462,2.004945993423462,1.979383945465088,1.9804949760437012,8098,-0.018181865459632518,0.013075603169356187,0.04947013229747377,-0.03466964783236981,-0.001457004261864007,0.004226467291453739,-0.006522912147098889,-0.07347720999440419,0.016382706793416937,0.018827216008708042,0.021742021696648402,-0.9407893774768583,0.13177185797017968,-0.012195349630346115,0.012906898662998666,0.043464067527864574,0
2004-04-30,NEOG,1.9782719612121584,1.999389052391052,1.8693560361862185,1.877135992050171,97176,-0.05218846058372917,-0.05165645283178866,-0.04522325983159026,-0.0785596875663801,-0.0437096415709527,-0.043872045710453174,-0.05457597606520481,-0.11803409635306651,0.028081133278083672,0.021657493743743775,0.024510630620157813,11.0,1.570912194711896,-0.05112339008233119,0.06927202757580395,0.05983061910751264,1
2004-05-03,NEOG,1.8804700374603271,1.8949179649353027,1.8282350301742551,1.8949179649353027,120570,0.009472927353393779,-0.03125033709672942,-0.025157218818962712,-0.11428595308687517,-0.028600772894234985,-0.03240462916230054,-0.03970722789294907,-0.10599129436821055,0.029366395166784034,0.02191676224335512,0.021266568231722623,0.2407384539392443,2.008996076817398,0.007683146866029445,0.035190407181201803,1.0,1
2004-05-04,NEOG,1.9149229526519775,2.0171709060668945,1.866021990776062,1.9471529722213743,61185,0.027565840977108014,-0.018487505140743044,-0.004545937942511014,-0.06510162887576754,0.0019442520403707884,-0.005280394480831362,-0.009834071901640568,-0.0777784971481963,0.03213908816627171,0.02379787237077515,0.021927664713966268,-0.4925354565812391,1.0287481168621544,0.016830974596007315,0.07762559873166873,0.5367619164795491,1
2004-05-05,NEOG,1.9171459674835205,2.143868923187256,1.9171459674835205,2.143868923187256,96276,0.10102747640903731,0.06280975832999625,0.0806722252788259,0.03989180175064666,0.08896911524915202,0.08633201189874044,0.08792494975642746,0.017759144035761,0.057432201549009666,0.03997519937839335,0.03188591124106187,0.5735229222848737,1.5898947980305491,0.11826066431516213,0.10575411269391878,1.0,0
2004-05-06,NEOG,1.9904979467391968,2.148314952850342,1.9904979467391968,2.071629047393799,57586,-0.033696031978512564,0.04601580536808525,0.059693092947952886,0.007567328630602166,0.042622336692671306,0.04355620907178284,0.05085134451056906,-0.013035980166796564,0.059938789335734745,0.04162462255909262,0.03288588297215413,-0.4018654701067763,0.9384214879063306,0.04075919836416299,0.07618014736262065,0.5140833846351403,0
2004-05-07,NEOG,2.10052490234375,2.10052490234375,1.9493759870529177,1.9493759870529177,28793,-0.05901300741784876,0.03848415634705704,-0.015160251491844523,-0.044141889643025345,-0.025988447249414223,-0.016540572255349273,-0.008899629313253006,-0.06691222253565267,0.061771080068434764,0.046365978721045004,0.03548515689594459,-0.5,0.4779710508208409,-0.07195768787229395,0.07753707663104051,0.0,0
2004-05-10,NEOG,1.9015870094299316,1.9338170289993288,1.8126749992370603,1.9271479845046997,66583,-0.011402624581326903,0.017008662203747305,-0.014773201320413598,-0.021444804639607074,-0.040186070596247396,-0.026335128797367904,-0.019147728465339648,-0.07344101000669377,0.062439037810031545,0.046355705550143726,0.03473675761325437,1.3124717813357414,1.1203553745777612,0.01344191717129519,0.06286078222135259,0.9449485491722683,1
2004-05-11,NEOG,1.9515990018844604,2.000499963760376,1.9515990018844604,1.9727150201797483,34191,0.023644803638035006,0.013127909477606226,-0.005602297957091329,0.018358953846153936,-0.019986797685107305,-0.0027530404482532388,0.0031364477620021798,-0.047266521831830687,0.062106878453533756,0.0467835127676265,0.03492782063805959,-0.4864905456347717,0.5886824418845895,0.010819855039328405,0.024788659981642865,0.4318119211820213,1
2004-05-12,NEOG,1.9660470485687256,1.999389052391052,1.9660470485687256,1.999389052391052,6298,0.01352148279829768,-0.06739211956177238,-0.008815243974797271,0.03153705074996971,0.007730461995645328,0.01164058930700142,0.01512266426176938,-0.031055631974122283,0.03388785912481687,0.04666691303336188,0.03502999211553978,-0.8157994793951625,0.1108395949726201,0.01695890433883527,0.016676096021658728,1.0,0
2004-05-13,NEOG,1.9738270044326784,1.9738270044326784,1.9449310302734375,1.9527100324630735,19795,-0.023346641751466723,-0.05740362401286592,-0.014029292634779478,0.03474680870001179,-0.0038553832120506795,-0.01058685634190847,-0.010224620683097204,-0.049139708603688735,0.03263014960524526,0.046919316304182605,0.03490658406450735,2.1430612892981897,0.3728798872789469,-0.01069849177368734,0.014797882777706975,0.26920712715090384,0
2004-05-14,NEOG,1.9449310302734375,1.9449310302734375,1.8904730081558228,1.8904730081558228,17996,-0.03187212810534257,-0.030216325269372457,0.007104981291784496,-0.03843958895486277,-0.029773876244136372,-0.0427684267176094,-0.0399320301747501,-0.0753523404937678,0.023766071599255527,0.04482268546559676,0.034399066523521274,-0.09088153574134883,0.3472311327171183,-0.027999975973419737,0.02880655893137514,0.0,0
2004-05-17,NEOG,1.889361023902893,1.909366011619568,1.889361023902893,1.889361023902893,31492,-0.0005882042473668303,-0.01960771093119673,-0.0029325496592668143,-0.028015993684753937,-0.026569022795644857,-0.0430622180014499,-0.03916809564599035,-0.07194106242187005,0.02363078714342406,0.04473892638237914,0.03432011459786239,0.7499444320960214,0.6200140178451894,0.0,0.0105882292815326,0.0,1
2004-05-18,NEOG,1.8760249614715576,1.9404850006103516,1.8760249614715576,1.9393739700317385,18895,0.02647082558394942,-0.01690109813477869,-0.003995064743558041,-0.00852284136966841,0.002643154951476982,-0.017344121653315687,-0.013315824248150171,-0.04359443895104688,0.02446813534503931,0.04466683097800671,0.03483452091097813,-0.40000635081925573,0.3739921559623494,0.03376767892815765,0.033237549918100136,0.9827640412035616,0
2004-05-19,NEOG,1.9560450315475464,1.9560450315475464,1.912700057029724,1.912700057029724,7198,-0.013753878011252274,-0.043357742335168536,-0.10782789174156082,-0.035854382436650956,-0.002203301814725152,-0.019373341754862005,-0.025122620979618645,-0.053168012241199276,0.022802236213905414,0.027345980136947712,0.03480134136817454,-0.6190526594337127,0.1445306068357877,-0.022159497260413087,0.022661668440128506,0.0,1
2004-05-20,NEOG,1.861577033996582,1.943819046020508,1.861577033996582,1.9415969848632812,47688,0.015107924385401095,-0.005691089519202497,-0.06276802436908469,-0.006821748933955041,0.014047089306905637,0.0021226870226467385,-0.010057804960656285,-0.03638225412463882,0.023075984173298727,0.027200695397739113,0.034836692566611274,5.625173659349819,0.9706937525125819,0.04298503333751707,0.042357921167516195,0.9729814348829362,0
2004-05-21,NEOG,1.9271479845046997,1.9282599687576296,1.900475025177002,1.9171459674835205,10797,-0.012593250592363492,0.014109145813045787,-0.01653350599548664,-0.03144310537839767,-0.001504989375048195,-0.008848516241140527,-0.020971036351779746,-0.04582262624949384,0.017565400354229956,0.020242819816854263,0.03482304769455887,-0.7735908404630095,0.22662253295860263,-0.005190061739731855,0.01449286807154213,0.5999991419144698,1
2004-05-24,NEOG,1.902698040008545,1.9449310302734375,1.891584038734436,1.9449310302734375,19795,0.014492930252143488,0.029412063479404393,0.009227649309613506,-0.0056818739317652245,0.007136385665449583,0.004592579371104519,-0.006500103100968084,-0.029341434770588523,0.01809729496829652,0.02048746061447186,0.034891471606203844,0.8333796424932851,0.4210515120737239,0.02219637029988369,0.027428731769219304,1.0,0
2004-05-25,NEOG,1.900475025177002,1.9393739700317385,1.900475025177002,1.9182569980621336,8998,-0.013714641699944408,-0.010888550787994444,-0.027605620457359703,-0.033053263503358465,-0.00449898363847697,-0.006390165722005524,-0.018481792179176997,-0.03973489300355598,0.015429345198375981,0.019292726395720803,0.03486371700092632,-0.5454407678706744,0.2008087697059506,0.009356593824996715,0.020278276004744484,0.4571325250989779,1
2004-05-26,NEOG,1.9215919971466064,1.9360400438308716,1.9015870094299316,1.9227030277252195,66583,0.002317744529318766,0.005229764415351834,-0.0383547286978112,-0.046831866381550014,-0.0032265475034478444,-0.00011554389776041405,-0.013823464706319361,-0.03492126625413092,0.014000461575830545,0.018562194991710888,0.03462147098310618,6.399755501222494,1.6121928394066294,0.0005781823510208416,0.01791906181252644,0.6128928456505353,0
2004-05-27,NEOG,1.9227030277252195,1.9393739700317385,1.8560199737548828,1.8804700374603271,186253,-0.02196542557841541,-0.031482819493180436,-0.036994737468330374,-0.050505020105219844,-0.018902983276355274,-0.018390745302765237,-0.03300471843817462,-0.05479087680636701,0.014548184278846736,0.018404626890007846,0.03472566635818685,1.797305618551282,3.7096722793851105,-0.021965425578415444,0.04432614964151708,0.29332803221857295,0
2004-05-28,NEOG,1.844905972480774,1.8860269784927368,1.7593289613723757,1.7593289613723757,193452,-0.0644206361573082,-0.08231872209412316,-0.06937102313424692,-0.06275892166402319,-0.06673731518521946,-0.07529635126756352,-0.09255050589362646,-0.11201099714418394,0.030201659197236663,0.025477288386086858,0.035748325254361724,0.038651726415144916,3.5159538505158014,-0.04638556782019959,0.07201496701420154,0.0,1
2004-06-01,NEOG,1.8460170030593872,1.8471280336380005,1.761551022529602,1.7848910093307495,117871,0.014529430549721667,-0.08228570496928522,-0.05529383386788489,-0.05806423161348295,-0.03682364281479069,-0.05668122132687384,-0.07674599612847811,-0.09586308362916438,0.030211074028193428,0.026325502995930176,0.03585619837778193,-0.39069640014060336,2.147550616046824,-0.033112367669059464,0.047945230639312705,0.27273664385851515,1
2004-06-02,NEOG,1.7571059465408323,1.9082549810409544,1.7571059465408323,1.9082549810409544,42289,0.06911568889377762,-0.005214117311331812,-0.016045893918167242,-0.019976854276653855,0.030859739669518736,0.010178290919454453,-0.011940652022325488,-0.031114847821894227,0.049055879381445656,0.03429974337225108,0.038768271488465254,-0.6412264254990625,0.7839796668424747,0.08602158270403965,0.07920798635498395,1.0,0
2004-06-03,NEOG,1.7948930263519287,1.9082549810409544,1.7948930263519287,1.9082549810409544,26093,0.0,-0.007514445276220805,-0.002323979639375584,-0.10990128155597223,0.03247142534796191,0.010416052157343998,-0.00587667031595417,-0.0288460821759017,0.049038450562247676,0.03400997441259727,0.030588704277555695,-0.3829837546406867,0.5173866748095962,0.06315805623214814,0.059406083471710176,1.0,1
2004-06-04,NEOG,1.889361023902893,1.932705044746399,1.889361023902893,1.932705044746399,8998,0.01281278652400375,0.02777763338182071,-0.004579704329067291,-0.06706026970522183,0.039822761669428164,0.023844349789762073,0.010517567589159378,-0.015043560264840713,0.04768907457008481,0.03390642988918727,0.030084717140785228,-0.6551565553979994,0.18744700840990855,0.02294110034829087,0.022426609254902252,1.0,1
2004-06-07,NEOG,1.9449310302734375,1.989385962486267,1.9449310302734375,1.982717990875244,35991,0.0258771747219233,0.12697399656776653,0.034202937337001194,0.017103936871989855,0.041691003957691264,0.04670266280032581,0.03576408793797048,0.009769456307253522,0.026592781351344436,0.03448902162254559,0.027661874520198318,2.9998888641920427,0.7441876814411076,0.019428432172473465,0.02242120786587787,0.8500060335465136,0
2004-06-08,NEOG,1.982717990875244,1.989385962486267,1.9471529722213743,1.9604899883270264,12597,-0.011210874491740186,0.09838078520106297,0.007999747966076498,0.017301216144486098,0.011351852448364234,0.03411880852063063,0.023261122356060933,-0.0020818852654366942,0.031106059263966517,0.0345699370243605,0.027657305196255477,-0.6499958322914061,0.2758658447118596,-0.01121087449174015,0.02154205862633968,0.3157961589269419,1
2004-06-09,NEOG,1.9471529722213743,1.999389052391052,1.891584038734436,1.999389052391052,12597,0.01984150100007387,0.047757806087519894,0.04229467397271569,0.01352148279829768,0.02181090203931551,0.05014313601193248,0.04283822439599895,0.01852497653694808,0.015044242535123282,0.034575490752395806,0.02750768204660594,0.0,0.2825465752134183,0.02682690107808281,0.05391897766354822,1.0,0
2004-06-10,NEOG,1.999389052391052,1.999389052391052,1.9515990018844604,1.9549330472946167,8998,-0.022234794695545013,0.024461126378509057,0.016762869306722328,-0.022234794695545013,-0.005652956054698168,0.02505817610022593,0.02083444999257067,-0.0026422941060946924,0.02074663365091,0.03561866315663644,0.02781342424851386,-0.28570294514566963,0.20121291268996483,-0.02223479469554501,0.02444587581796064,0.06976442533151106,1
2004-06-14,NEOG,1.993831992149353,2.000499963760376,1.909366011619568,1.993831992149353,77381,0.019897839932967232,0.03162766484679769,0.060283839907455894,0.02105891760816636,0.007865235257869158,0.0392770833601819,0.04003021044946851,0.017803149270637218,0.021635124780412764,0.0349114874674875,0.027645259534170293,7.599799955545677,1.6257161525355004,0.0,0.04570793953534941,0.9268332882050314,0
2004-06-15,NEOG,1.948264956474304,1.9582669734954832,1.9360400438308716,1.9582669734954832,26093,-0.01783752030958774,-0.012332070164434827,0.11307607416859922,0.03586084807727263,-0.007659558880091578,0.01026296911509159,0.019675713614478334,0.0004540527364523755,0.020622827405684427,0.02650422375274482,0.026924838746605867,-0.6627983613548545,0.5435707597137259,0.005133807384843304,0.011350306145916759,1.0,0
2004-06-16,NEOG,1.889361023902893,1.9538220167160032,1.889361023902893,1.9182569980621336,35091,-0.02043131808628329,-0.021542058626339733,0.0747194019322166,0.01529404586718397,-0.02375579856927904,-0.017140407684253314,-0.0019084806520530493,-0.01776686247156358,0.021985108680975387,0.02824701122091014,0.027390956302030315,0.34484344460200056,0.7282874214711028,0.015294045867183963,0.03360393986740571,0.44827069671448827,1
2004-06-17,NEOG,1.9182569980621336,1.959378957748413,1.889361023902893,1.9304829835891724,36891,0.0063734867326901146,-0.034463562116375246,0.01164833985450553,-0.004584462089289865,-0.010594453898902683,-0.0120013955164981,0.004685230322171904,-0.00996286981949115,0.018922058497791043,0.018265272391774334,0.026773481503013844,0.05129520389843556,0.7516090190637434,0.006373486732690022,0.036269645700446426,0.58730610042002,0
2004-06-18,NEOG,1.970492959022522,1.970492959022522,1.88269305229187,1.88269305229187,32392,-0.024755427374164696,-0.036952669608157684,-0.013395447150956974,-0.015688296043893324,-0.0278892802894805,-0.035197540073453236,-0.019420515699093803,-0.03269636579374176,0.01946045178421605,0.020052516731814445,0.027183201246316686,-0.12195386408609143,0.6434337655733536,-0.04455733085907898,0.04663527420137345,0.0,0
2004-06-21,NEOG,1.857131004333496,1.857131004333496,1.7993390560150146,1.8282350301742551,76481,-0.028925597856390373,-0.08305462176709488,-0.05405378066152455,-0.0583859346572938,-0.039584204478467395,-0.05806221629764253,-0.04496494254980106,-0.05847191986487613,0.013793978414919883,0.02113409756776276,0.027637081762683202,1.3611076809088662,1.4769789917548648,-0.015559470006054522,0.03161078710595164,0.49999999999999617,0
2004-06-22,NEOG,1.8282350301742551,1.8515739440917969,1.8115639686584473,1.822677969932556,105274,-0.0030395765041049128,-0.06923928422328574,-0.08071749067654377,-0.04927532861515227,-0.028666197495927376,-0.053117758452865614,-0.04551272953992848,-0.05923379292652831,0.015123683371954542,0.018156666471259804,0.02753840938033468,0.3764725879630235,1.8630620873218549,-0.003039576504104922,0.021951203719673032,0.2777807572669686,0
2004-06-23,NEOG,1.7782219648361206,1.8215670585632324,1.7782219648361206,1.8171210289001465,137666,-0.0030487782943988684,-0.05272284645079195,-0.07312914642794122,-0.06571441320226257,-0.021075368300009303,-0.0489209312335321,-0.04522757270462633,-0.06062550518649594,0.01531708620453213,0.018191312558252452,0.02725789564296576,0.3076923076923077,2.2062053431560695,0.021875257888635282,0.023853718622885243,0.8974271530919542,0
2004-06-24,NEOG,1.9338170289993288,1.9338170289993288,1.8060070276260376,1.8115639686584473,120570,-0.00305816737207798,-0.06160065431378714,-0.09394123845380986,-0.05561977853409106,-0.011402301683652147,-0.042415724911901646,-0.04547189066095799,-0.06228067586373441,0.01311437870647291,0.015641446676650024,0.02714217841832817,-0.12418462074876879,1.7736607625549716,-0.06321852507635768,0.07055229822656545,0.04347813921212362,0
2004-06-25,NEOG,1.8326799869537351,1.833791971206665,1.8004499673843384,1.8071180582046509,70182,-0.002454183529102094,-0.04014196259725866,-0.07561127952413682,-0.06011587221419157,-0.005626429232789193,-0.03724337959445794,-0.044906088836973175,-0.06331028643136724,0.011641772140107537,0.015123138992066925,0.027118487073455984,-0.4179149042050261,1.029695707033657,-0.013947840829305431,0.0184503738817438,0.1999907040934167,1
2004-06-28,NEOG,1.874912977218628,1.889361023902893,1.8071180582046509,1.8860269784927368,19795,0.04366561439072836,0.031610787105951665,-0.054069256627988116,0.002955080868990878,0.031234801057018986,0.010600259713200937,-0.0033476818973566646,-0.02239789488087595,0.02082644763953823,0.020763232071724817,0.02860089150048282,-0.7179476218973526,0.3308258864780037,0.005927742465464261,0.043606463023115716,0.9594610264616527,1
2004-06-29,NEOG,1.8971409797668457,1.943819046020508,1.889361023902893,1.9171459674835205,58485,0.01649975814007343,0.05182923100478365,-0.02099867207511663,0.0897029546924748,0.037531630736221684,0.029543425433939206,0.008889928841084834,-0.005763671318747352,0.020438925891048846,0.021301157793564306,0.024333720749676463,1.954533973225562,1.101687332526478,0.010544808177162128,0.02840577767226432,0.5102084596575925,0
2004-06-30,NEOG,1.9171459674835205,1.943819046020508,1.907142996788025,1.912700057029724,86378,-0.0023190255354590406,0.05259915361137435,-0.0028968699387117436,0.07160607960420884,0.024526638339690755,0.027462501430260477,0.0031766559575188277,-0.007749064308123087,0.020321858633428884,0.020298454302154437,0.024262717685414627,0.47692570744635376,1.6768487403930339,-0.0023190255354590393,0.01917501340457856,0.1515174168971623,1
2004-07-01,NEOG,1.912700057029724,1.999389052391052,1.912700057029724,1.999389052391052,137666,0.04532283827917549,0.10368117658671383,0.035693693955161754,0.047757806087519894,0.04983682048941843,0.07006916786980734,0.046143282292417515,0.03675632330767617,0.02353606885927349,0.0248961184010596,0.02128958471818281,0.5937623005857973,2.4460496846623947,0.045322838279175603,0.04335774233516859,1.0,0
2004-07-02,NEOG,2.006057024002075,2.006057024002075,1.9582669734954832,1.9904979467391968,60285,-0.004446911240822526,0.10147642966765069,0.05726100402616985,0.043098520121969575,0.025420959461747338,0.059199405440333856,0.039255109054708054,0.03207457999761889,0.02402614716003226,0.023070334630690133,0.02134076486788753,-0.5620923103743845,1.039565929276408,-0.007756049342923526,0.02400909309395719,0.6744285243906104,0
2004-07-06,NEOG,1.9749380350112915,2.05607008934021,1.9360400438308716,1.9816069602966309,99875,-0.0044667147017815045,0.05067795047146095,0.08389070748073202,0.025302316917503953,0.010885737839708951,0.0459320488258389,0.03329394546498515,0.027180470087586846,0.021561757939554782,0.020080169885603714,0.02124344001438444,0.6567139421083188,1.5971209446320744,0.0033767769758412834,0.060572075045280845,0.3796292525958774,0
2004-07-07,NEOG,1.9771610498428345,1.9771610498428345,1.9493759870529177,1.9749380350112915,43189,-0.0033654127276284695,0.030144844736903265,0.08353645986315916,-0.003923884233540509,0.0015780419115337,0.03410140392394218,0.030025415177284957,0.023770770892611887,0.02191909990954976,0.02010080637786444,0.020466744661344793,-0.5675694618272842,0.6866917987798576,-0.0011243468667965501,0.014068827627676892,0.9199924488797735,1
2004-07-08,NEOG,1.9115890264511108,2.15942907333374,1.9115890264511108,1.987162947654724,253737,0.006190023396537958,0.03893077241846021,0.09357765170848253,0.01360525148636893,0.0002234635289302281,0.03132005436242801,0.035680916594576624,0.02977571085029674,0.021422360096655536,0.019733624027156907,0.020334500761557583,4.875037625321262,3.3853582259413777,0.03953460715555424,0.1247205455270455,0.3049302247727666,1
2004-07-09,NEOG,1.998276948928833,2.0293960571289062,1.9627130031585691,2.018281936645508,77381,0.015660008670909997,0.009449328649600242,0.11411022274865923,0.009449328649600242,0.013958505582133735,0.036352052742489316,0.051382056483514044,0.04552867037078845,0.008892188157857623,0.01932986525247753,0.020149836041649175,-0.6950346224634169,0.9896470798882218,0.010011118692730947,0.03303951383579636,0.8333291620335449,1
2004-07-12,NEOG,2.082742929458618,2.082742929458618,2.0349531173706055,2.0349531173706055,66583,0.00826008518552479,0.02233369328726731,0.12607646641100234,0.040932383943647954,0.01778769669167954,0.03282941303130437,0.057861724453665095,0.0539706489813788,0.008423138450623674,0.01878886459136987,0.01946834816567819,-0.13954329874258542,0.8213051107225569,-0.02294561244792464,0.023484478182850058,0.0,1
2004-07-13,NEOG,2.092745065689087,2.120529890060425,2.036065101623535,2.120529890060425,112472,0.04205343698551367,0.07010619792282036,0.12433698682035632,0.06354492174362769,0.04605265370845181,0.0636043483526498,0.09873014268641707,0.09670288656541305,0.017211638348419225,0.018492501310756047,0.021091869844393468,0.6891999459321447,1.3579589564898225,0.013276736295727003,0.03983192542241544,1.0,1
2004-07-14,NEOG,1.9582669734954832,2.16943097114563,1.9582669734954832,2.143868923187256,190752,0.01100622690405273,0.08553731063010206,0.11826066431516202,0.09477867533070605,0.040228624441930795,0.06321984043552101,0.10550731183589271,0.10572276164843425,0.014645539955847869,0.01842342410694692,0.020550094707066688,0.6959954477558858,2.0948579053287903,0.09477867533070601,0.09849669229600685,0.8789469405635859,0
2004-07-15,NEOG,1.95715594291687,2.1449809074401855,1.95715594291687,2.1405351161956787,76481,-0.0015550423608085007,0.07718147559160493,0.1191169824712428,0.11587504612682009,0.023379484296498738,0.04970571648950496,0.0974984419449893,0.10121329055524916,0.016338100336021896,0.0183617422555302,0.019751333588722417,-0.5990553178996813,0.8212570502030835,0.09369676133497444,0.08774673356311595,0.9763301366472242,1
2004-07-16,NEOG,1.9560450315475464,2.200550079345703,1.9560450315475464,2.151648998260498,17096,0.005192104525980401,0.06607950018947961,0.07615323575337163,0.11456511999920949,0.015739827114647265,0.04733571754343289,0.09697709614956228,0.10460671503042217,0.016906775572845315,0.014009517256475888,0.019750916474768176,-0.7764673579058852,0.18554977913324722,0.09999972575181332,0.11363612187481648,0.7999997074679056,1
2004-07-19,NEOG,2.099414110183716,2.179434061050415,2.099414110183716,2.161652088165283,44989,0.004649034258316309,0.062261370895063894,0.08598559054354649,0.14817021581602297,0.008399277010066208,0.04351122970055593,0.09429534048694099,0.10953947946165662,0.01723338153822686,0.013434548627838359,0.018420348488290585,1.6315512400561536,0.4849684989842815,0.029645403295932432,0.03701796015408598,0.7777807572669742,1
2004-07-20,NEOG,2.161652088165283,2.222778081893921,2.1349780559539795,2.222778081893921,27893,0.028277443009119274,0.04821822711048074,0.1217048216065959,0.2158054326757215,0.027115905651801643,0.060670476347629246,0.11411312768861523,0.13914686744022886,0.011392584272458477,0.013941107382370043,0.016912993728522032,-0.3800040009780169,0.30876452678263555,0.028277443009119378,0.03950013123448261,1.0,0
2004-07-21,NEOG,2.178322076797486,2.222778081893921,2.1449809074401855,2.15942907333374,202449,-0.028499924970559642,0.007257976445383951,0.0934161148612409,0.1847562262540785,-0.003589685819431873,0.021449032151232533,0.07330294082576733,0.10430370870820153,0.020309140531486625,0.018474925187783393,0.018795648848608962,6.258057577169899,2.1266500133408686,-0.008673191014765835,0.03602673290567104,0.18571581802300957,0
2004-07-22,NEOG,2.128309965133667,2.1394240856170654,2.10052490234375,2.10052490234375,133167,-0.02727765950610883,-0.018691687676228308,0.05704713587922794,0.1559631245999833,-0.027177448268726683,-0.011713123951971705,0.036724076228479986,0.07227946468545003,0.024197797463731484,0.02179787338171435,0.020311000300252166,-0.3422195219536772,1.402182239361912,-0.013054988815114611,0.018518791769577218,0.0,1
2004-07-23,NEOG,2.1149730682373047,2.118307113647461,2.078296899795532,2.118307113647461,30592,0.00846560366119431,-0.015495968273632199,0.04955956607737377,0.16932504195044906,-0.0159026852133864,-0.00801509535061808,0.03764587530878715,0.0797519690718396,0.02453477958434769,0.021552772880868883,0.020159604711904127,-0.770273416086568,0.3381364582659785,0.0015764008819908824,0.018887824902328043,1.0,1
2004-07-26,NEOG,2.080519914627075,2.1572060585021973,2.078296899795532,2.1572060585021973,76481,0.0183632225016499,-0.002056773931118361,0.060076539399372964,0.19372724361204963,0.0025826760960196357,0.0044504657345511775,0.04771677751989882,0.09781346402813372,0.026290276090879392,0.021952686475754244,0.02012649093033719,1.5000326882845187,0.8424195895240854,0.03685912513308855,0.036579332973621495,1.0,0
2004-07-27,NEOG,2.0860769748687744,2.1383121013641357,2.0860769748687744,2.1383121013641357,44089,-0.008758531464156949,-0.03800018599149391,0.008385739520608393,0.13376538392521753,0.0016658820848990067,-0.005170749332546456,0.03221642177545119,0.08614641571958923,0.020961481044888246,0.01826933157555763,0.01875249132871842,-0.42353002706554566,0.4792178430903676,0.02503988449354665,0.024428205060448353,1.0,0
2004-07-28,NEOG,2.143868923187256,2.143868923187256,2.0871880054473877,2.120529890060425,16196,-0.008316003679896267,-0.018013642473221902,-0.010886408620604193,0.10608682177907913,-0.0030306515368363663,-0.012371359997903517,0.018632118727089943,0.07460253442280815,0.017588342702689608,0.018112958290390228,0.018874001340056304,-0.6326521354532877,0.18018068130681056,-0.01088640862060414,0.026729600938684733,0.5882382632909475,0
2004-07-29,NEOG,2.09496808052063,2.1216421127319336,2.09496808052063,2.1138620376586914,21595,-0.003144427453245391,0.006349429754467506,-0.012460939479653432,0.10517173348201636,-0.007410349680913424,-0.014252303704856277,0.010546570701872619,0.06879162977771974,0.011788676148575492,0.018125865302340057,0.01889225148013063,0.33335391454680163,0.24922560601234417,0.009018732702297833,0.012618624932045143,0.7083277469408915,0
2004-07-30,NEOG,2.118307113647461,2.118307113647461,2.097191095352173,2.097191095352173,13497,-0.007886485498828089,-0.009968346024637031,-0.025309845124530828,0.04891596402619092,-0.01328167519505454,-0.019536491058848617,0.00023860440521324285,0.058673103702123586,0.011577754714138884,0.01809283239575668,0.016542131438454104,-0.3749942116230609,0.1677897611820992,-0.009968346024637066,0.010068714454341205,0.0,0
2004-08-02,NEOG,2.0960800647735596,2.104970932006836,2.0682950019836426,2.078296899795532,62084,-0.009009286563592012,-0.03657933297362148,-0.03856087148626197,0.04410903975066427,-0.014856339825186691,-0.024568549389908583,-0.010843878037437202,0.04738411048020613,0.0024299386184300827,0.018015873112108876,0.016674193747504444,3.599837000814996,0.7709434632353946,-0.008484010356707872,0.017647108084894718,0.27271013456411713,1
2004-08-03,NEOG,2.110527992248535,2.1449809074401855,2.110527992248535,2.1116390228271484,146663,0.016043002823560526,-0.012473894021350351,-0.05000006971999482,0.06561950232101155,0.0034858244927441426,-0.003722899573680549,0.0019247913747861439,0.06236651007431176,0.010600261766078568,0.015886692285943093,0.016866235581190173,1.3623316796598157,1.7698110156595988,0.0005264230480210786,0.01631572196725339,0.03224779593926896,1
2004-08-04,NEOG,2.1127500534057617,2.1838788986206055,2.072740077972412,2.167207956314087,53987,0.026315545832516607,0.02201245380810546,0.0036022868620260162,0.09735491336653301,0.025344225634703836,0.02211954819354368,0.023621855052476135,0.08758675944164471,0.01583915616680958,0.016328743963289746,0.017539634275701852,-0.6318976156222087,0.6472547392853546,0.025775837904033577,0.05128202871551582,0.8499989273838893,0
2004-08-05,NEOG,2.097191095352173,2.178322076797486,2.0916340351104736,2.0916340351104736,56686,-0.03487155950283005,-0.010515351594486022,-0.004232688326311185,0.05257298480683126,-0.008325345330409423,-0.01310953186719682,-0.014504853069463686,0.04811764145574932,0.023935175020047883,0.01786716932686376,0.019645343557325178,0.04999351695778609,0.7706441225912274,-0.002649763416416778,0.04144512865628215,0.0,1
2004-08-06,NEOG,2.0627379417419434,2.1894359588623047,2.06162691116333,2.1861019134521484,39590,0.0451646305022404,0.04239519150020277,0.03200423553691101,0.08314991764013224,0.027798126970548374,0.028174144440747107,0.025948576794449747,0.09252278342886293,0.031248967980829264,0.022918116867967693,0.021669473243603934,-0.30159122181843845,0.5524152644658428,0.05980593521541885,0.058464359283756796,0.9739138545339228,1
2004-08-09,NEOG,2.167207956314087,2.2061069011688232,2.167207956314087,2.200550079345703,318520,0.006609099879858249,0.058823731855731864,0.02009266600780868,0.08137630324823797,0.022832978779568264,0.03286388549099881,0.02873175412043403,0.09669770579482945,0.029778637594238596,0.022359462952613776,0.021656427701843853,7.045466026774438,3.7800269272921576,0.015384828638375503,0.017676918703119122,0.8571472351275482,0
2004-08-10,NEOG,2.178322076797486,2.200550079345703,2.176100015640259,2.200550079345703,58485,0.0,0.04210523463405069,0.029106124378130982,0.03773594027622895,0.014448247881158642,0.029855430117062143,0.026811180071307287,0.09320993578120534,0.030076998922318483,0.022051288523567802,0.01973827245121998,-0.81638515634811,0.7170390095703283,0.010204185499004068,0.011110887198129185,1.0,0
2004-08-11,NEOG,2.1683199405670166,2.1683199405670166,2.033842086791992,2.072740077972412,48588,-0.05808093284170712,-0.04358966940225828,-0.02253673117838062,-0.03317779573440416,-0.0360761797788639,-0.027785118161035124,-0.031219287531747072,0.026518717633538563,0.03979260730398422,0.02932672305886715,0.023728333174874147,-0.1692228776609387,0.6525698260995697,-0.044080147401868344,0.0648792654728676,0.2892520224593602,0
2004-08-12,NEOG,1.9104779958724976,2.073852062225342,1.9104779958724976,2.018281936645508,84579,-0.02627350235837389,-0.03506927944069893,-0.045215865231700736,-0.05711337255118176,-0.05495430689279588,-0.04906540969485336,-0.05396973788471917,-0.0027568752402564135,0.03851920063512803,0.03033183051173397,0.024371000535541486,0.7407384539392443,1.1298093941729572,0.05642773222508496,0.0809470983149067,0.6598595675532897,1
2004-08-13,NEOG,2.0527350902557373,2.073852062225342,1.9860520362854004,2.05607008934021,30592,0.01872293063153907,-0.05948113549134626,-0.019607658120948446,-0.044421236455183366,-0.025392200794149042,-0.029380591922559592,-0.03409361248312205,0.014432632943256573,0.030664275499132785,0.031129100364217725,0.024784512712903283,-0.638302651958524,0.4049984047362784,0.0016246612143494706,0.04270283702639549,0.7974718948568946,0
2004-08-16,NEOG,1.9860520362854004,2.0149478912353516,1.979383945465088,2.000499963760376,56686,-0.02702734983011512,-0.09090914015681417,-0.037433023184901826,-0.07455044467478866,-0.03340138967460835,-0.052132725514149374,-0.05662853481958258,-0.013882400790719581,0.02927278939782212,0.032115433324911985,0.02534469462254692,0.8529680962343096,0.7446832967796645,0.007274697344787689,0.017777528825051053,0.5937479050185699,1
2004-08-17,NEOG,2.06162691116333,2.077186107635498,2.028285026550293,2.0505130290985107,49488,0.025000283051304972,-0.06818161134138034,-0.028947179450586114,-0.07749988817985443,0.0053402125354185025,-0.025613716444032306,-0.02910044638987925,0.009598235655952983,0.03483602716120092,0.03283300124294577,0.02513778090666698,-0.12698020675299015,0.6410304569777218,-0.005390830903806945,0.023848217685651082,0.4545503300732304,1
2004-08-18,NEOG,2.051624059677124,2.0882999897003174,2.0227279663085938,2.0882999897003174,49488,0.018428051938991663,0.007506928578872474,-0.03640996535836527,-0.03293883763619654,0.022306874150077906,-0.003922745081159469,-0.009540775969271323,0.027135257063765204,0.026078075004549815,0.03215304064944929,0.02489231566091785,0.0,0.7115185402712909,0.01787653534778943,0.03139971446398062,1.0,0
2004-08-19,NEOG,2.0860769748687744,2.123863935470581,2.05607008934021,2.057180881500244,80980,-0.014901646484487663,0.019273295840614102,-0.016471884197662656,-0.020634852172017992,0.0032519137898678607,-0.017150774470120218,-0.023296313843327546,0.010867760809199958,0.02337682642033692,0.03054984039214531,0.024362747238496876,0.6363562883931457,1.2096804310513523,-0.013851882608669316,0.032954732731587,0.016384852364004672,0
2004-08-20,NEOG,2.1016368865966797,2.1216421127319336,2.05607008934021,2.057180881500244,45889,0.0,0.0005402501431215345,-0.058973020040186785,-0.028856170926964908,0.00314323037752727,-0.011059497357424602,-0.021876990146822452,0.010293953526437312,0.02189003400183969,0.025914761267449123,0.02426741829527606,-0.43332921709063965,0.6777470658997478,-0.0211530380818668,0.03187469997480426,0.016940031778466997,1
2004-08-23,NEOG,2.0127251148223877,2.161652088165283,2.0127251148223877,2.1171960830688477,165559,0.02917351707295479,0.05833347734189198,-0.03787870908243063,-0.018547127325022283,0.020790919947376026,0.021886117912755226,0.007616715489787582,0.03811327061584182,0.018519568518866162,0.028008465309113224,0.024839298629797515,2.607814508923707,2.2942668618754594,0.051905234091382105,0.07034160630366737,0.7014912470283121,0
2004-08-24,NEOG,2.051624059677124,2.156095027923584,2.0227279663085938,2.0760750770568848,127768,-0.019422389045968047,0.01246617192655064,-0.05656540310404068,-0.0291056783841549,-0.001496501340723244,0.00809519535931843,-0.010488147903833858,0.017130298824270355,0.02094467045457739,0.02840965669508554,0.025135414897739385,-0.22826303613817434,1.6735388887433527,0.011917883914662582,0.06423999935689029,0.40000214522455135,1
2004-08-25,NEOG,2.0549581050872803,2.133867025375366,2.0449559688568115,2.1116390228271484,118770,0.017130375564587075,0.01117609215244042,0.018766918856891968,-0.0041927573268127905,0.01333328939900902,0.02343114190865558,0.006675857265432017,0.03300169726909401,0.02070705637174317,0.02220203208885904,0.025397523444852604,-0.07042451944148764,1.4577531430002197,0.027582517424344647,0.04210523463405073,0.7499973184597233,1
2004-08-26,NEOG,2.11941909790039,2.1505379676818848,2.10052490234375,2.1349780559539795,55786,0.011052567637997113,0.037817371896339935,0.057819533133426804,0.009989307683805126,0.016940077017983442,0.028923281852662044,0.017290178554920613,0.042209145258048336,0.01841285937208872,0.019925997556807414,0.02550030674054085,-0.5303022648817042,0.6706317602190318,0.007341142706981761,0.023425564116998504,0.6888830624016781,0
2004-08-27,NEOG,2.099414110183716,2.099414110183716,2.048290014266968,2.079408884048462,23394,-0.026027982700125407,0.010805079294732511,0.011351166883489583,-0.008479061036984259,-0.011621755834449389,0.0010165599849297432,-0.008767897136754224,0.0136087657132319,0.023942834040998177,0.021655283179650535,0.02614049073226736,-0.5806474742767003,0.2795680163864095,-0.009528956692352271,0.02458587933759935,0.6086928135055695,1
2004-08-30,NEOG,2.09496808052063,2.167207956314087,2.0882999897003174,2.1127500534057617,110672,0.01603396504317467,-0.0020999612169324555,0.056111018084892716,0.016577589859090747,0.004650486564452271,0.011600478864077968,0.006299138472541392,0.02755630148688877,0.020779063060155978,0.019568379408979816,0.026290570231101967,3.730785671539711,1.285262198273109,0.008487944542196918,0.03734846272353399,0.30985545255677355,1
2004-08-31,NEOG,2.149425983428955,2.1549830436706543,2.108304977416992,2.1505379676818848,26093,0.01788565297405098,0.035867147314615044,0.04878044526610448,0.01842120951272097,0.015428370028532336,0.024785640246900352,0.023349450350770306,0.04266595211838656,0.0187734818031562,0.018904619905974807,0.026348659923909137,-0.7642312418678618,0.32583666333666333,0.0005173400998697111,0.021705297444237867,0.9047716337559122,0
2004-09-01,NEOG,2.1394240856170654,2.1394240856170654,2.1394240856170654,2.1394240856170654,6298,-0.005167954359252325,0.01315805518346469,0.024481202973182237,-0.012820122137367607,0.007537028808541915,0.017011958176388443,0.018734269589861425,0.0341013413310458,0.018475324755798835,0.018501657390914854,0.025704652798272474,-0.7586325834515004,0.08105998348682775,0.0,0.0,0.5,1
2004-09-02,NEOG,2.156095027923584,2.23389196395874,2.1449809074401855,2.228334903717041,262734,0.04155829538318545,0.04372731021881471,0.08319833406772625,0.06535601654586154,0.04026146303796722,0.050728409917630175,0.05762890925724915,0.07281213849297904,0.025573724222499643,0.021019104097065464,0.025978813237920916,40.7170530327088,2.9856831892106577,0.03350495913115076,0.03990022162747776,0.9374986592298663,0
2004-09-03,NEOG,2.194993019104004,2.222778081893921,2.194993019104004,2.202773094177246,41390,-0.011471260220874191,0.05932657644926609,0.07077268410681792,0.007625985148501879,0.016618825543429642,0.031593219248925865,0.04508310659428604,0.05652582160440469,0.021035538975811736,0.02181559024220424,0.02422491711223207,-0.8424642414000472,0.4698713047584829,0.003544464609011838,0.01261367449210421,0.28000926728391357,1
2004-09-07,NEOG,2.200550079345703,2.247227907180786,2.200550079345703,2.223889112472534,114271,0.009586106871881439,0.05260397882258516,0.0503935512902689,0.010605999538883637,0.015942169914726294,0.0363041824899047,0.054517553149305086,0.06240633835661187,0.02090585724716996,0.020447368521640086,0.024272487752613665,1.7608359507127327,1.4673549447515586,0.010605999538883717,0.020989278455159258,0.5000025538739714,0
2004-09-08,NEOG,2.2216670513153076,2.2450060844421387,2.1294209957122803,2.220555067062378,141265,-0.0014991958868171285,0.032557946166356766,0.06959285413238181,0.00909090318118233,0.00797088165865395,0.027830602939839084,0.05243745845059745,0.057433765389203556,0.020986015658964043,0.018774591315154656,0.02427743514578131,0.23622791434397183,1.7224393247535497,-0.0005005179566719291,0.05205234062615187,0.7884587220683211,1
2004-09-09,NEOG,2.172765016555786,2.2216670513153076,2.156095027923584,2.2216670513153076,28793,0.0005007686003486445,0.03844163775248943,0.05210551012684417,0.07185028886428357,0.0010016948933692248,0.023134607834745337,0.049261416944936395,0.054903785280059576,0.02033424953437476,0.01850306484374164,0.019957370552525517,-0.7961773970905744,0.3553605534111491,0.022506821670499735,0.0295147841135343,1.0,0
2004-09-10,NEOG,2.16943097114563,2.2116639614105225,2.16943097114563,2.1872129440307617,8998,-0.01550822264936047,-0.01845411998783697,0.024466241201454464,0.08370040097867903,-0.01085668350986234,0.004850390228806506,0.02888482603836203,0.03584374752791473,0.009985425599855265,0.019458493276526927,0.01923970720210672,-0.6874934880005557,0.11648544838094547,0.008196606908281372,0.019309043675949735,0.421044609287674,0
2004-09-13,NEOG,2.1638739109039307,2.222778081893921,2.122752904891968,2.147202968597412,35991,-0.018292674950805776,-0.02522734898420842,0.03260257521693366,0.04432381937254215,-0.024045420464068195,-0.01659392689814325,0.007903342954631076,0.015473664430813572,0.011644499307864488,0.018314613257358014,0.019547283649757143,2.9998888641920427,0.4643062400947422,-0.007704211517368164,0.04658394127840218,0.24443909461881363,1
2004-09-14,NEOG,2.167207956314087,2.204996109008789,2.167207956314087,2.1961050033569336,71982,0.022774761154258805,-0.012493477736715941,0.03945329444758672,0.0977780770507366,0.0007092103038870548,0.0019777545633716744,0.026147183469657397,0.036584936981299235,0.016335521136000918,0.018945978477580703,0.018764195198389465,1.0,0.9195399362165139,0.013333767513475628,0.017206897045878834,0.7647118205621628,1
2004-09-15,NEOG,2.1861019134521484,2.228334903717041,2.098301887512207,2.2116639614105225,53987,0.0070847969608947015,-0.004004001424570691,0.02842358267895495,0.07859054296419665,0.008616303736672428,0.0062701897091906,0.029541055802901894,0.04166665263013758,0.016895963155420423,0.018367788501179337,0.018169405214536867,-0.24999305381901027,0.6876851783444197,0.011692980917805483,0.058794201322475516,0.8717945427009267,1
2004-09-16,NEOG,2.2350029945373535,2.250562906265259,2.1405351161956787,2.2172210216522217,36891,0.0025126150892087473,-0.0020012133053212144,0.03636349453021959,0.06173491959381039,0.011560773492682154,0.005240379616563224,0.029040085982733412,0.04190607357518944,0.01695520572062876,0.01814959872141054,0.017847414986185948,-0.316668827680738,0.47371736058364916,-0.007956129333425216,0.04962418676131346,0.6969685150274112,0
2004-09-17,NEOG,2.228334903717041,2.228334903717041,2.1316440105438232,2.2072179317474365,45889,-0.004511543868247814,0.009146337475402833,-0.00947657012165437,0.07293332909927419,0.005162278063660136,0.0016641849778227687,0.02084325261576158,0.03506480548693948,0.015098544324738054,0.01242253268792222,0.017440895130782997,0.24390772817218287,0.6028428423168377,-0.009476570121654376,0.04380668160695323,0.7816033002014543,0
2004-09-20,NEOG,2.156095027923584,2.226111888885498,2.1349780559539795,2.1349780559539795,49488,-0.03272892755826118,-0.0056934126965267895,-0.03077713197172882,0.037817371896339935,-0.026651840776742295,-0.028129125446591546,-0.014341119990644796,9.365965837581871e-05,0.020383780254594024,0.015796494064367637,0.019245423236952792,0.0784283815293425,0.648589565398596,-0.009794082216283891,0.042686074771291695,0.0,1
2004-09-21,NEOG,2.1405351161956787,2.176100015640259,2.1405351161956787,2.1505379676818848,6298,0.00728808976959372,-0.020749024115602754,-0.03298327438147186,0.015748132579533447,-0.015467404694185087,-0.017766322511387964,-0.007921103286418324,0.006292743171214109,0.01672046354548473,0.015608516813463919,0.018215676966885034,-0.8727368250889105,0.09215969469357414,0.004673061147431153,0.016537675678851796,0.2812562847757592,0
2004-09-22,NEOG,2.172765016555786,2.172765016555786,2.11941909790039,2.1416471004486084,42289,-0.004134252622779777,-0.03165800147923903,-0.0355352442207878,0.03158461084397812,-0.013211558460898429,-0.01828900748963014,-0.013514640730379536,0.0019344665996811872,0.015561768227341661,0.015598140546591015,0.01762754353250719,5.714671324229914,0.6601060346731664,-0.014321804645264904,0.02490882771686411,0.4166767225775359,0
2004-09-23,NEOG,2.083853960037231,2.1116390228271484,2.083853960037231,2.0860769748687744,36891,-0.025947377403211624,-0.05914793586330047,-0.06103078153238983,-0.012105311410730901,-0.027057906996708098,-0.03778133403950251,-0.038545321580556534,-0.02353509120953748,0.016689779108662175,0.017021453393681423,0.018263648254918375,-0.12764548700607725,0.6151575787893947,0.0010667805298139488,0.013319289328556664,0.08000755112024055,0
2004-09-24,NEOG,2.0582919120788574,2.059403896331787,2.0216169357299805,2.028285026550293,35091,-0.027703650926935164,-0.08106716723503771,-0.0726622974293415,-0.04997382952304519,-0.03795465912082267,-0.05752936331669609,-0.06287702744174152,-0.04958798849164605,0.017297632041559846,0.018165200126227705,0.01901932629285351,-0.04879238838741151,0.5954161558659715,-0.014578537355402496,0.0186300052049759,0.17646539213830525,0
2004-09-27,NEOG,2.0227279663085938,2.0227279663085938,1.967157959938049,1.9749380350112915,81880,-0.026301526087649574,-0.07496096762979454,-0.08022759660147394,-0.05024064763721359,-0.04881718987216453,-0.07491289376630234,-0.08531727909001838,-0.07305018905036338,0.01599319109551403,0.018863607390348387,0.01903731055202837,1.3333618306688324,1.3236436411192773,-0.023626474787174254,0.02813759489432636,0.14000493398118996,1
2004-09-28,NEOG,2.10052490234375,2.10052490234375,1.9282599687576296,2.047178030014038,51287,0.03657836029388828,-0.048062363567224375,-0.06781414054211798,-0.031036337349049536,-0.004109214096638904,-0.03433832982046874,-0.05041777492553091,-0.03811025486756128,0.027550802744237077,0.02167490526492043,0.0205764913045436,-0.37363214460185634,0.8708904522476536,-0.025396924487868663,0.08414750991878274,0.6903207680218783,1
2004-09-29,NEOG,1.9627130031585691,2.222778081893921,1.9627130031585691,2.1038589477539062,89078,0.027687341749891514,-0.017644434830923705,-0.048743848766185094,-0.021705740902726256,0.02724106874455891,-0.002529384041527416,-0.02306873991407937,-0.010372165771073392,0.03235691120460011,0.02399489190825799,0.021167612288260244,0.736853393647513,1.4358260174356519,0.07191369515980826,0.12361336248943827,0.5427331700269166,1
2004-09-30,NEOG,2.1038589477539062,2.2172210216522217,2.009391069412231,2.1705429553985596,157461,0.03169604488734645,0.04049034697537879,-0.021052509333904235,0.014545442388304464,0.05113044602732514,0.031368987429481104,0.00716843234311608,0.020888381962151138,0.032466892343793845,0.026605762062081872,0.022347147097958868,0.7676755203304968,2.2624454543756474,0.03169604488734647,0.09575021389144935,0.7754026031831984,0
2004-10-01,NEOG,2.1149730682373047,2.2161099910736084,2.106081962585449,2.1383121013641357,27893,-0.014849212707013892,0.05424635757479157,-0.031218408201653447,-0.04039913488889846,0.024603221668948277,0.019391634762742808,-0.005710548310401297,0.0053716289007964164,0.029243053305169388,0.026921453244354115,0.020430815921691582,-0.8228577234997873,0.4821136742911021,0.011035144360624248,0.05145555151559345,0.2929266226210262,1
2004-10-04,NEOG,2.2327799797058105,2.2327799797058105,2.1249759197235107,2.1449809074401855,74681,0.0031187243769492667,0.08610035829702456,0.004685224496013163,-0.02623610524834674,0.01131853213960304,0.022083442341095907,-0.0012677032432940757,0.008254210838847071,0.02191146487069767,0.024802874227988676,0.020329873505201237,1.677410102893199,1.254716886031969,-0.03932276044377348,0.05025875037319231,0.1855680363054916,1
2004-10-05,NEOG,2.177211046218872,2.177211046218872,2.1116390228271484,2.172765016555786,26993,0.012953079917507493,0.06134639230223016,0.010335576124638424,-0.02298859940004294,0.01242865218777673,0.034227201255430426,0.012874483005167007,0.021164841788640608,0.01893818282246737,0.02503259850356272,0.0204369624324346,-0.6385559914837777,0.4893910577758116,-0.002042075650317541,0.030179068096220913,0.9321962411236633,1
2004-10-06,NEOG,2.1638739109039307,2.194993019104004,2.1416471004486084,2.194993019104004,105274,0.010230283707095555,0.04331757670702818,0.02490882771686387,-0.011511557780096271,0.014172689869837564,0.0421613372670452,0.023846495334102116,0.031062315859080734,0.016844434858156683,0.025097550935847514,0.020588535520130208,2.9000481606342383,1.9730212203704312,0.014381202177844842,0.024303457091253672,1.0,0
2004-10-07,NEOG,2.1894359588623047,2.194993019104004,2.128309965133667,2.133867025375366,106173,-0.02784792170026551,-0.01689712241445085,0.022909054211481372,-0.03951988480360302,-0.010717090497504987,0.010845675719059353,-0.0026231730647466363,0.002223796528177975,0.01749581219556213,0.02534495629010406,0.02148136432582811,0.008539620419096838,1.8553361030654907,-0.025380479050784263,0.031249863828139324,0.0833354189832278,1
2004-10-08,NEOG,2.171653985977173,2.171653985977173,2.1394240856170654,2.1405351161956787,39590,0.003124885825132262,0.0010396119584810126,0.05534236469531151,-0.02134123609796379,-0.007830202926765912,0.008641045000545675,0.0015861147948711516,0.005103799175159173,0.016332026811889347,0.0230239710341646,0.02125822030056715,-0.627118005519294,0.6738109806170842,-0.014329570908825823,0.01505693605129396,0.034472045094761136,0
2004-10-11,NEOG,2.1327550411224365,2.133867025375366,2.0505130290985107,2.1116390228271484,16196,-0.013499471767548732,-0.01554414050837738,0.06921786172145672,-0.01656291756782291,-0.018189300570275305,-0.011343491399943898,-0.011111971112678582,-0.00859908702300629,0.017282311809801696,0.021345370720345043,0.021077636778375722,-0.5909067946451124,0.28037447892863576,-0.00990081743479319,0.03947360101598129,0.7333300916444515,0
2004-10-12,NEOG,2.083853960037231,2.122752904891968,2.083853960037231,2.0894110202789307,10797,-0.010526421565395183,-0.03836309754700773,0.02062985712317511,-0.048583279449257666,-0.02093540598543295,-0.02368100444217406,-0.019070808698766373,-0.0191373539548837,0.014884844959733143,0.019158469595703057,0.020437572652260698,-0.33335391454680163,0.1973628289951715,0.002666722499882083,0.018617181816885563,0.14285889405102745,0
2004-10-13,NEOG,2.084965944290161,2.09496808052063,2.0405099391937256,2.067183017730713,121470,-0.010638405910796012,-0.058227976244527246,-0.017432694364966306,-0.06532680651343825,-0.019608011638974285,-0.0324092677722158,-0.026203682151343267,-0.029166950396621386,0.011024036343805263,0.01723183686962091,0.020393934853119303,10.250347318699639,2.0914076152925682,-0.008529120875162565,0.02634413153542965,0.4897904681849624,0
2004-10-14,NEOG,2.067183017730713,2.072740077972412,2.057180881500244,2.0582919120788574,71082,-0.004301073284558976,-0.03541697415902212,-0.05171565162555858,-0.07167941672090672,-0.016776489981147155,-0.03148220053484474,-0.026748813034120092,-0.032352644244945085,0.006662826252677624,0.012648229156065248,0.020350788477424137,-0.41481847369720914,1.188860019351046,-0.004301073284558926,0.007559275912644146,0.07140668096843396,0
2004-10-15,NEOG,2.0605149269104004,2.0605149269104004,2.033842086791992,2.0349531173706055,55786,-0.011338913868966238,-0.049325048688162454,-0.048336715640150185,-0.07804612852182224,-0.018019871470680314,-0.03778440543283539,-0.033849564157979274,-0.042814593405919796,0.0034344913174137507,0.012397631508616176,0.020425497819699247,-0.2151880926254185,0.9253726886832357,-0.012405544461705545,0.013107348710260506,0.04165400361120546,0
2004-10-18,NEOG,2.0216169357299805,2.028285026550293,2.020504951477051,2.0216169357299805,191652,-0.006553557193424098,-0.04263138070665251,-0.05751285304325959,-0.05309708917516043,-0.015905371593711918,-0.03848161832643589,-0.03759138040687965,-0.047613856329068796,0.003082647436825644,0.012078088209606557,0.019284906675640333,2.4354856057075254,2.8437926137839034,0.0,0.003848441777340424,0.1429271880362834,0
2004-10-19,NEOG,2.042732954025269,2.042732954025269,1.987162947654724,2.0138370990753174,69283,-0.00384832384274314,-0.036169963913334935,-0.07314546960646362,-0.06356589405111523,-0.012426250675529155,-0.034886651831153026,-0.03816534313238116,-0.049607001829468124,0.003497001791486065,0.010195252081022448,0.019146224774484882,-0.6384958153319558,0.9821476035317791,-0.014145684042063077,0.027594092092186044,0.4800098679623713,0
2004-10-20,NEOG,2.0416219234466553,2.0416219234466553,2.0016119480133057,2.0138370990753174,210547,0.0,-0.025806093702316235,-0.08253143333578083,-0.059678366873103794,-0.007231984857859076,-0.026434413586267774,-0.035220657589975425,-0.04792915363714068,0.004159120329207148,0.008605570891785288,0.01915684318416795,2.0389417317379444,2.666662444865921,-0.013609191815706847,0.01986753320401177,0.30555257606635916,1
2004-10-21,NEOG,2.0016119480133057,2.0293960571289062,2.0016119480133057,2.0293960571289062,1800,0.007726026132269137,-0.014038754551955912,-0.04895851850378663,-0.02717105764682226,0.0032965357920410185,-0.013932461999074806,-0.026444931013332142,-0.040180066054601164,0.007189200356422597,0.006927783179743716,0.018492720374063798,-0.9914508399549744,0.023315850763011216,0.013880866939856962,0.013690826400297748,1.0,0
2004-10-22,NEOG,2.0016119480133057,2.048290014266968,2.0016119480133057,2.02606201171875,53987,-0.0016428756715300974,-0.004369194344557625,-0.05347873230894662,-0.0010960071205198263,0.002529588350255849,-0.010046168885127377,-0.02799253161130756,-0.041827445703135346,0.0053948804851952055,0.0064555660622784335,0.017414744726907988,28.99277777777778,0.6908523203511399,0.012215186729731594,0.023038814203946597,0.5238019838391631,0
2004-10-25,NEOG,2.0016119480133057,2.0894110202789307,2.0016119480133057,2.0116140842437744,64784,-0.0071310391248682325,-0.004947946027467398,-0.047368388963307084,0.018570734160919145,-0.0036331700418288097,-0.012278259227793749,-0.03577225407139594,-0.048260018447261084,0.005551064228713672,0.005861379123752061,0.01638277642119418,0.19999259080889842,0.8381862242158501,0.004997040630376104,0.04364608149909195,0.11392075078206465,1
2004-10-26,NEOG,2.0016119480133057,2.0894110202789307,2.0016119480133057,2.0894110202789307,44089,0.03867388712602016,0.03752732593828667,0.0,0.02062985712317511,0.027210040739693204,0.025920779886746754,0.0005054915248911283,-0.012283516014997192,0.01820555294858127,0.01463187894437043,0.016626861476217128,-0.31944615954556677,0.5730994608141342,0.04386418274169962,0.042020967350839405,1.0,0
2004-10-27,NEOG,2.031619071960449,2.10052490234375,2.031619071960449,2.057180881500244,39590,-0.015425466059992288,0.021522983385711125,-0.004838534442610065,-0.02218688011546399,0.0070729125456368835,0.010591789945600054,-0.013825643658961901,-0.027580805577626273,0.020906243445964014,0.015093081966483216,0.01577860027296372,-0.10204359364013704,0.531720577411747,0.012581989356463645,0.033495270640980145,0.3709672954756204,0
2004-10-28,NEOG,2.1127500534057617,2.1127500534057617,2.0016119480133057,2.0149478912353516,42289,-0.02052954635379134,-0.007119441196705267,-0.021058247661153495,-0.07168485828682314,-0.012204510048152144,-0.008043048373715132,-0.030455469177368272,-0.04688317881714371,0.023458979514702924,0.016378743048448326,0.014337841011436297,0.0681737812578933,0.6155801204696512,-0.04629140205806772,0.0551568136704111,0.11999433655048729,1
2004-10-29,NEOG,2.09496808052063,2.09496808052063,2.0760750770568848,2.0760750770568848,7198,0.030336856892143604,0.024684864060852574,0.02020781674784411,-0.0291056783841549,0.012795736299170276,0.01998491942886504,0.00045549460400606616,-0.018144114795442416,0.02734883677215545,0.01885535849792102,0.015944568713526223,-0.829790252784412,0.10638007006778441,-0.009018277480891228,0.00910034693472092,0.0,1
2004-11-01,NEOG,2.0649609565734863,2.10052490234375,2.0649609565734863,2.10052490234375,49488,0.011776946583996528,0.04419874507559918,0.03903210604301588,-0.02072559477906455,0.015910477409337966,0.028011847974701513,0.013323238869183192,-0.006987966693516388,0.026514639222158277,0.01880501672305086,0.016188134730307082,5.8752431230897475,0.7452630437598076,0.017222575398847764,0.016930980313816648,1.0,0
2004-11-02,NEOG,2.1094160079956055,2.1116390228271484,2.0682950019836426,2.0882999897003174,26993,-0.005819932260642147,-0.0005317434280905919,0.036975627601254724,-0.03887444165009646,0.01010650248482127,0.018317866558926182,0.009482442196151976,-0.0124974343743156,0.020930105590143255,0.018906433329296625,0.01588257816767697,-0.4545546395085678,0.4065002695645103,-0.010010362211744473,0.020755648641135112,0.461539730910131,0
2004-11-03,NEOG,2.0660719871520996,2.072740077972412,2.002722978591919,2.023838996887207,19795,-0.030867688134385785,-0.016207560994209613,0.00496658732550026,-0.07797474558104145,-0.017905423111547258,-0.013596343135000357,-0.017614027005292205,-0.04250633306626806,0.02460460879733769,0.021880963871765753,0.01686408259368247,-0.26666172711443703,0.3186089688545448,-0.02044119978757714,0.03459618056979034,0.30158373428949886,1
2004-11-04,NEOG,2.108304977416992,2.108304977416992,2.004945993423462,2.0371758937835693,20695,0.006589900143675109,0.011031552053978988,0.0038335723711169223,-0.04531263215653658,-0.013561548081268672,-0.007472391420572914,-0.008814157516481335,-0.035516988538709764,0.02269502518123492,0.021843402515677617,0.016029460835385933,0.045466026774438006,0.35770120584801285,-0.03373756851846323,0.05073640636968542,0.31182485658068043,1
2004-11-05,NEOG,2.108304977416992,2.108304977416992,2.05607008934021,2.0960800647735596,11697,0.02891462203619044,0.00963596545122769,0.03455869200933881,-0.0207681953385227,0.012998406943201066,0.017754270651348023,0.020949741154964334,-0.007263683912323984,0.022262179137887254,0.02356493970368327,0.0174539478657504,-0.4347910123218168,0.20716991758898637,-0.005798455524404288,0.024920273301881332,0.7659626909612075,0
2004-11-08,NEOG,2.053847074508667,2.1116390228271484,2.0227279663085938,2.0371758937835693,41390,-0.028102061548089585,-0.030158656290861563,0.01270711402351532,-0.035263190459458804,-0.009403423669527951,-0.012072894974373184,-0.005938361113128826,-0.03477548859688853,0.02492172586549922,0.02548598622129324,0.01829373885691871,2.5385141489270753,0.7170750130802521,-0.008117050647057464,0.043644270870211194,0.16249865922986162,1
2004-11-09,NEOG,2.018281936645508,2.1627631187438965,2.018281936645508,2.1405351161956787,97176,0.0507365234035555,0.025013229302777162,0.02446818525438954,0.02446818525438954,0.035595212603464925,0.03548385835530297,0.043195664050829044,0.0139296856719213,0.03552278239549195,0.027633082373887372,0.02156344579752601,1.3478134815172749,1.5663556553843474,0.060572894861935,0.06749769298584159,0.8461529576005201,0
2004-11-10,NEOG,2.0327301025390625,2.1327550411224365,2.0327301025390625,2.0882999897003174,52187,-0.02440283558075773,0.03185085024661327,0.015127064654314237,0.01021533738835867,0.004061150697880842,0.008696637356574633,0.0172153025794438,-0.010229486934036289,0.03395318712434543,0.028424075379194044,0.02217966940732909,-0.4629641063637112,0.8909371510907309,0.027337562961183632,0.04789778244347363,0.5555603227382697,1
2004-11-11,NEOG,2.153872013092041,2.1894359588623047,2.153872013092041,2.1894359588623047,39590,0.04842980877306857,0.07474075534830149,0.08659681393545893,0.06371498911978568,0.03749720491847577,0.04870892282831323,0.06308332830529809,0.037213195514200464,0.03872522665890297,0.030664522422751885,0.02455577989445308,-0.2413819533600322,0.6945516554153626,0.01651163372479548,0.01624342818811825,1.0,0
2004-11-12,NEOG,2.073852062225342,2.177211046218872,2.031619071960449,2.15942907333374,72882,-0.0137053040565559,0.03022260915735764,0.04014979862627155,0.061168955147218096,0.017171122323590794,0.03022284352270528,0.04535441555643237,0.023666186609190135,0.03960896198403289,0.03038257016062564,0.02463598461168836,0.8409194240969942,1.2597224814883954,0.04126476168052691,0.06742151249897597,0.8778643330052683,0
2004-11-15,NEOG,2.178322076797486,2.178322076797486,2.1394240856170654,2.1449809074401855,19795,-0.006690734172273172,0.05291885398093643,0.02116423616155738,0.061022426914750794,0.00020736340652664813,0.02116409707375557,0.035268962625679065,0.0173745499131842,0.035904654107947666,0.03044251865567658,0.024638878860427503,-0.7283965862627261,0.4018249082724777,-0.01530589517153386,0.018134423036352862,0.14285626723873573,1
2004-11-16,NEOG,2.031619071960449,2.167207956314087,2.031619071960449,2.167207956314087,34191,0.010362352782163908,0.012460828096954257,0.03778574295022308,0.0761585221114418,0.008064288964894688,0.027884426802839733,0.04213961716558836,0.028469934492821307,0.028468236598091907,0.030380667841658774,0.0246282766533588,0.7272543571608991,0.7196870431704876,0.06673932442600997,0.06256385500920854,1.0,1
2004-11-17,NEOG,2.156095027923584,2.178322076797486,2.156095027923584,2.177211046218872,29693,0.004615657614047475,0.04257580661642102,0.0757827325037026,0.08112570138794761,0.004409404012558352,0.02517140712441356,0.042853386031819395,0.033642226201226345,0.02416985545726844,0.027802092348729393,0.024610820994671392,-0.1315550875961511,0.7719394937534854,0.009793639900753241,0.010208954668176598,0.9500144807834451,0
2004-11-18,NEOG,2.1127500534057617,2.177211046218872,2.1127500534057617,2.161652088165283,34191,-0.007146279218365081,-0.0126899672879488,0.061102330319906306,0.06517014289634848,-0.00020541460006001715,0.011914272559766386,0.032131650834322324,0.0268406736479075,0.009756803751375725,0.02819815986094199,0.024722856710778757,0.1514835146330784,0.8529624547835849,0.023146152419066895,0.029820244046682855,0.758629872507573,1
2004-11-19,NEOG,2.1038589477539062,2.256119966506958,2.1038589477539062,2.256119966506958,201550,0.04370170336793433,0.044776137529697335,0.07635199839119111,0.11354931559722847,0.034236910273335475,0.04828312197410595,0.07135333688528206,0.07101421817511963,0.02080975253771865,0.029854818583163648,0.02626259327206307,4.894826123833758,4.246452247691104,0.0723722561893261,0.06748799754154482,1.0,0
2004-11-22,NEOG,2.1316440105438232,2.277235984802246,2.1316440105438232,2.252784967422486,152062,-0.001478201130250878,0.05025875037319261,0.10583723982639226,0.11988923972431564,0.02260094002275947,0.03635132348967242,0.06367883878878233,0.06836009033559692,0.019941606219427272,0.02738431608967161,0.026147221019998876,-0.2455370875713222,2.934027694032363,0.056829825373964374,0.06462755050474316,0.8320579310480382,1
2004-11-23,NEOG,2.252784967422486,2.2894608974456787,2.2327799797058105,2.27390193939209,97176,0.00937371843073187,0.04923107760247625,0.062305365694462767,0.08829805017900694,0.022284395156756506,0.039687008015579964,0.06899348759753564,0.07757946412681915,0.019942153382926545,0.02346518371947035,0.025016471386035247,-0.3609448777472347,1.783654605057873,0.009373718430731958,0.02492672034706183,0.725499186075369,0
2004-11-24,NEOG,2.27390193939209,2.3339169025421143,2.27390193939209,2.27390193939209,35091,0.0,0.04441043661850763,0.08887705339614893,0.10534856698347173,0.013473340483252064,0.03093825663674127,0.06357544089637872,0.07694419720105111,0.02034565445351159,0.02106265096263724,0.02460311057936732,-0.6388923190911335,0.6467618135723956,0.0,0.026392942505721665,0.0,1
2004-11-26,NEOG,2.1683199405670166,2.300575017929077,2.1683199405670166,2.300575017929077,20695,0.011730091819226907,0.06426701619764619,0.050761502576455175,0.1417541009056118,0.012819197016972636,0.03780197421238246,0.06891112379089,0.08871725826598569,0.018271671418928142,0.015958803126787314,0.0238667201158372,-0.41024764184548745,0.3891738400710837,0.060994263294685096,0.05748783514180442,1.0,1
2004-11-29,NEOG,2.300575017929077,2.3883750438690186,2.222778081893921,2.3450310230255127,292427,0.01932386675069342,0.039408833678384214,0.08594954656474996,0.12955020217761537,0.024371437907213005,0.04907284820764395,0.08280104019553478,0.10830984478613134,0.008626213276554754,0.015030718302489447,0.023420840113464778,13.130321333655472,4.336221903906095,0.01932386675069339,0.07061610714277362,0.7382559418570499,1
2004-11-30,NEOG,2.3294711112976074,2.418381929397583,2.3294711112976074,2.405045986175537,93577,0.025592396245826432,0.06758790606067477,0.12124354013281757,0.14497380321080922,0.036795762162251056,0.06354753827845602,0.10275954055648641,0.1337798441814553,0.009773870891490058,0.014900680276564507,0.023789627670174094,-0.6799987689235263,1.3436737401577914,0.03244293286634986,0.036968448258804416,0.8500076424102821,1
2004-12-01,NEOG,2.4217169284820557,2.471729040145874,2.346142053604126,2.456170082092285,116071,0.021257013882734377,0.0801565536062312,0.13333382471964295,0.1761576852972926,0.04245293920671563,0.07245123634333563,0.11678222725212767,0.15455365141521096,0.010050513596154779,0.015194901003930474,0.023788653419272998,0.24037958045246155,1.5664831898381233,0.01422674681959006,0.051131225584657776,0.876110109159943,1
2004-12-02,NEOG,2.456170082092285,2.5039589405059814,2.4417219161987305,2.463948965072632,171857,0.0031670783049846385,0.0835774939931444,0.1316996436113682,0.2174629349777042,0.029152153098764916,0.06254471608101181,0.10922079225804746,0.15471139045482857,0.00885134417224045,0.015287128259807336,0.021979435580151103,0.4806196207493689,2.103521863312756,0.0031670783049845834,0.025259055763525672,0.3571354691408629,1
2004-12-03,NEOG,2.467283010482788,2.489511013031006,2.467283010482788,2.4750630855560303,58485,0.004510694272058746,0.07584541528405508,0.14498679001427872,0.21494815106966025,0.0189420648147444,0.05310437617123135,0.10334909262342797,0.15570634029302471,0.010244809144871334,0.014009184556342306,0.02200188455972475,-0.6596879964156246,0.6996721464448437,0.0031532965777281517,0.008980782218415329,0.3500123349529663,1
2004-12-06,NEOG,2.493957042694092,2.4984021186828613,2.4628379344940186,2.4984021186828613,58485,0.009429672020496271,0.06540258706661906,0.10738886042084772,0.1919402129101231,0.015723731187890545,0.05218804752522052,0.10385451718306381,0.16150488119918605,0.010099888535809847,0.009238891921513998,0.021547408166306667,0.0,0.6806236111280826,0.0017823386340158238,0.01423477186594444,1.0,1
2004-12-07,NEOG,2.499514102935791,2.500624895095825,2.4650609493255615,2.500624895095825,87278,0.0008896792058981084,0.03974099018051458,0.1100149065522682,0.22749582042791094,0.008787598118775726,0.04224557365053259,0.09363974668415553,0.1568836011551739,0.008120501299539066,0.00892889133891343,0.01982378829961846,0.49231426861588434,0.9892890682073089,0.00044440323770508224,0.014222023399035562,1.0,0
2004-12-08,NEOG,2.5039589405059814,2.5039589405059814,2.4617269039154053,2.4772861003875732,132267,-0.009333184978692177,0.008597131953215653,0.08944280202771471,0.15732093421125182,-0.0023273383881228784,0.02383908981911977,0.07551269630096864,0.14154321007972429,0.0069314963385295235,0.010932335955900561,0.01785734006449391,0.5154678154861476,1.4700008335417187,-0.010652267370254223,0.01704770255804081,0.36842164688879603,0
2004-12-09,NEOG,2.456170082092285,2.4783968925476074,2.4072680473327637,2.4617269039154053,118770,-0.006280742652103766,-0.0009018292134801431,0.0826002921539919,0.17881861612644867,-0.008415992615903891,0.009571689039985915,0.060163823732840585,0.1306444480332736,0.007689112142967969,0.011642298726042173,0.016567533769139133,-0.10204359364013704,1.2728996271969897,0.0022623929277676676,0.028893881405655717,0.7656367317387107,0
2004-12-10,NEOG,2.4061570167541504,2.4450559616088867,2.400599956512451,2.426162004470825,27893,-0.014447134403094752,-0.019757508958289538,0.05458938985384543,0.10812193188401387,-0.018876430502563303,-0.010112059098446055,0.03954849459549366,0.1116995372960777,0.009314491088510542,0.013510588078288227,0.014392129399605913,-0.7651511324408521,0.30082461729604043,0.008314082405004917,0.018323592989468125,0.5749965140350313,0
2004-12-13,NEOG,2.426162004470825,2.442832946777344,2.4117140769958496,2.4117140769958496,101675,-0.005955054711248242,-0.0346973936016004,0.02843589415900505,0.11682949293288458,-0.017832893224756532,-0.018676788531450675,0.027802771431228814,0.10231741849875406,0.005584725719167541,0.012972353165226637,0.013952701496431066,2.645179794213602,1.079794331969187,-0.005955054711248292,0.012903216877291603,0.0,0
2004-12-14,NEOG,2.381706953048706,2.3839290142059326,2.323914051055908,2.3294711112976074,81880,-0.034101457748543784,-0.06844440529000617,-0.031423463548032826,0.08601018462098664,-0.03791433867054579,-0.049217559546527075,-0.011134249564258786,0.06293415819739118,0.011729801886475377,0.014945606255583138,0.01636453560870353,-0.19468895992131796,0.8418178247830428,-0.021932102807288738,0.025763342957532413,0.09259457891872351,0
2004-12-15,NEOG,2.322803020477295,2.3428080081939697,2.2872378826141357,2.3194689750671387,53087,-0.0042937369697180205,-0.0637056516385992,-0.05565620557868611,0.07025676438176798,-0.029392553912415163,-0.047988212484123854,-0.01855198082061149,0.05695513016734688,0.012429231530206995,0.012265194528060385,0.01640501775448702,-0.3516487542745481,0.5405430172944848,-0.0014353543459191657,0.023958124112535485,0.5800075511202258,1
2004-12-16,NEOG,2.3617019653320312,2.3617019653320312,2.3094658851623535,2.3394739627838135,200650,0.008624813667143627,-0.049661455516104236,-0.05051849857821589,0.07452787677462003,-0.010901163025116765,-0.034846318067946,-0.013473873600935741,0.06466925112825837,0.015783361636603897,0.012810031012882138,0.016443459871965174,2.779644734115697,1.8794782796849145,-0.00941185758173883,0.022328130597153724,0.5744703186760021,0
2004-12-17,NEOG,2.3839290142059326,2.3839290142059326,2.3161349296569824,2.3294711112976074,57586,-0.00427568404065648,-0.03985343641316619,-0.05882354074450391,0.07763461291995499,-0.007011636057560236,-0.033165798057164395,-0.021155448445518414,0.05823304084049683,0.01572783553182212,0.012371753600218516,0.016355838576962035,-0.7130027410914528,0.5335589156114117,-0.0228437602729814,0.029102779691131783,0.19671600744155948,0
2004-12-20,NEOG,2.332804918289185,2.338361978530884,2.297240972518921,2.300575017929077,114271,-0.012404572535108183,-0.046083016277457256,-0.07918144932492976,0.019704205486442694,-0.009948399956217175,-0.03725414055177558,-0.034199655544981875,0.04358867201788947,0.015782550135666824,0.011224655160924833,0.013772314748036571,0.984353836001806,1.1033837481406452,-0.013815943248158269,0.017874229569344383,0.0810788872525714,0
2004-12-21,NEOG,2.300575017929077,2.356144905090332,2.267232894897461,2.27278995513916,84579,-0.012077442627768997,-0.02433219964976241,-0.09111120200534284,0.008880114172442832,-0.01711062338597304,-0.039725964900796995,-0.04626453964865575,0.029479661320499426,0.008536848434409166,0.01080447666121752,0.01407597085670442,-0.2598384542009784,0.8441860465116279,-0.012077442627768968,0.03912020553937511,0.0625006703778786,1
2004-12-22,NEOG,2.2661221027374268,2.353921890258789,2.2661221027374268,2.320580005645752,126868,0.021027042291581033,0.00047900212960638733,-0.06325716465179554,0.020527739321134053,0.003460205472046135,-0.012999338086528027,-0.027163081376980012,0.04892990531219108,0.014442848829833743,0.014482023073069134,0.01468888236109013,0.4999940883670888,1.2477845991034142,0.024031318896074145,0.037835277089242225,0.6202509646743188,0
2004-12-23,NEOG,2.356144905090332,2.379483938217163,2.318356990814209,2.318356990814209,67483,-0.0009579565566084636,-0.009026376145035986,-0.058239568683741805,0.019550118082050538,0.004333118741376342,-0.007895104597655363,-0.028999819668002757,0.04555097190742519,0.01365627421477469,0.014585095841100213,0.014694284708127902,-0.46808493867641954,0.6533087046513745,-0.01603802643652526,0.026366494739658825,0.0,1
2004-12-27,NEOG,2.320580005645752,2.499514102935791,2.3172459602355957,2.4450559616088867,748613,0.05465032835610928,0.04961849483803804,0.007787590895927288,0.06280210058521285,0.04871788961634403,0.04547844509412013,0.02097653507487426,0.09885729217172756,0.028393183018633233,0.023637187358677786,0.018872865254885133,10.093356845427737,5.359098461523042,0.05364001915913113,0.07454559141470934,0.70121963981122,1
2004-12-28,NEOG,2.5317440032958984,2.556195020675659,2.4683949947357178,2.4728400707244873,788203,0.011363383722848619,0.07487912867561208,0.025345456292554802,0.05450207116410688,0.04518972163491833,0.054602226377088864,0.029830235942772124,0.10698703458844878,0.025540874928928543,0.023703411250370166,0.018597232723410153,0.05288446767555466,4.792122272218504,-0.023266148747554363,0.035505743771863885,0.05062727420843969,0
2004-12-29,NEOG,2.467283010482788,2.467283010482788,2.4339420795440674,2.4528350830078125,90877,-0.008089883350528959,0.07921767141813518,0.05295793157163753,0.019870346391284155,0.021191868157274536,0.04059588240889937,0.020483542291814396,0.0938086986898435,0.02453419215444889,0.02040749758397303,0.017939889236949117,-0.884703559869729,0.5529685008083659,-0.005855804710521827,0.013592813952186329,0.5666609459246864,1
2004-12-30,NEOG,2.489511013031006,2.489511013031006,2.456170082092285,2.469506025314331,51287,0.006796601378546763,0.06417620564956006,0.06468594831834285,0.0054295683019986996,0.01553929616031111,0.04104195426034785,0.027134418690776818,0.09678555689576712,0.02457240299655006,0.020124164609441178,0.01736854405693092,-0.4356437822551361,0.31834577141449005,-0.008035709668268758,0.013501052678936835,0.39998712833054445,1
2004-12-31,NEOG,2.493957042694092,2.517296075820923,2.4450559616088867,2.517296075820923,78280,0.019352068801091082,0.0858103759666653,0.07600944309100721,0.021651061570067354,0.01852693078930323,0.053292528455135685,0.04585130064463905,0.11303309748768119,0.023389583335002684,0.020533788233574355,0.017873376600450942,0.5263127108234056,0.5004287974142381,0.009358233813690357,0.028697504002773173,1.0,0
2005-01-03,NEOG,2.450613021850586,2.512850046157837,2.4239389896392822,2.4239389896392822,102574,-0.037086255795792944,-0.00863660067547456,0.040553359036529235,-0.020655673875586422,-0.0175676056980427,0.01023664384564493,0.008135248109375241,0.0680285408476092,0.022242480683733287,0.02480784226927676,0.019788132536001878,0.3103474706182934,0.6466229969936387,-0.010884636608664046,0.03668040198148138,0.0,1
2005-01-04,NEOG,2.4172708988189697,2.4628379344940186,2.356144905090332,2.428385019302368,52187,0.0018342168190246255,-0.01797732572697064,0.05555567646228843,-0.02802475184315234,-0.012206034026310188,0.006727004943608839,0.011457101711355024,0.06620739810092537,0.021247209853377465,0.024145023579099176,0.01965271329366907,-0.49122584670579295,0.3296394412672425,0.0045977968331263885,0.043935796241379194,0.6770837290476265,0
2005-01-05,NEOG,2.356144905090332,2.422827959060669,2.267232894897461,2.2905728816986084,143064,-0.05675053029414201,-0.0661529193027639,0.007824271890694456,-0.08399980893142611,-0.0557997839634269,-0.051104831427324054,-0.04175178423673761,0.0032420266693181134,0.03222082618832465,0.030965255577289692,0.023225801566935492,1.7413723724299155,0.8880187852992494,-0.02783021674518345,0.06792844943131614,0.15000467352014135,1
2005-01-06,NEOG,2.2850160598754883,2.4239389896392822,2.279458999633789,2.320580005645752,272632,0.013100270324029717,-0.0603059956695684,0.0,-0.06325716465179554,-0.0315399469431497,-0.03867404820985624,-0.026005861586194296,0.014330766886290716,0.03330259402928734,0.030499663607804463,0.023500871597338786,0.9056645976625846,1.6216227469242004,0.015563980662876203,0.06226029253634307,0.2846138486748197,0
2005-01-07,NEOG,2.3150229454040527,2.3150229454040527,2.271678924560547,2.275012969970703,118770,-0.019636054591605778,-0.09624736167405656,-0.018696007998441733,-0.07584672924024649,-0.030960116722330212,-0.055855415576463695,-0.04137500683334913,-0.0074767474382880315,0.02834875529819878,0.031158324169196047,0.023787040847584023,-0.5643578156636051,0.7064472756396435,-0.017282755452934166,0.019052208236010202,0.07692053817973796,0
2005-01-10,NEOG,2.3339169025421143,2.3339169025421143,2.184990882873535,2.2216670513153076,274431,-0.023448621770311262,-0.08344761942794432,-0.09136351633710071,-0.08428742712922022,-0.037090376935422255,-0.06936660811391615,-0.05980268204857496,-0.032495151281546245,0.026876524099363693,0.02464154519379948,0.024085051625515982,1.3106087395807022,1.5208158942775514,-0.04809505047268115,0.06703345561181613,0.2462710580957702,0
2005-01-11,NEOG,2.2149980068206787,2.222778081893921,2.178322076797486,2.2194440364837646,31492,-0.0010006066526605517,-0.08604112657498952,-0.1024716629436061,-0.0797233977054137,-0.020309979513173627,-0.06032361268490338,-0.05690658607339243,-0.0346686556307725,0.026406194288416365,0.02378735792404059,0.024090623830107336,-0.8852462003199347,0.1779805324608753,0.0020072386744345626,0.02003024377531328,0.925003485964968,1
2005-01-12,NEOG,2.2172210216522217,2.2216670513153076,2.19388198852539,2.2216670513153076,27893,0.0010016088691584546,-0.030082356660139364,-0.0942452402503281,-0.04627834166282008,-0.013326604410649067,-0.05008534641887352,-0.053794765420589724,-0.034718982653986624,0.015241662626426183,0.024061562068518887,0.023027322729127865,-0.11428299250603324,0.16008255216112593,0.0020052261906541276,0.012506402691378832,1.0,0
2005-01-13,NEOG,2.167207956314087,2.2116639614105225,2.167207956314087,2.184990882873535,117871,-0.0165084000413378,-0.05842898001462615,-0.11521135786845527,-0.057977965490877525,-0.017785800147298192,-0.05426204483596046,-0.06674252809399725,-0.05145121262898713,0.01117699811667572,0.02341877783842862,0.023249100524499265,3.2258272684903027,0.6641347460327344,0.008205454630063667,0.020346082651827985,0.4000117986506634,1
2005-01-14,NEOG,2.167207956314087,2.2127749919891357,2.167207956314087,2.197216033935547,93577,0.005595058156917299,-0.034196260444246174,-0.12715232227142514,-0.06080765638399732,-0.005333179352210771,-0.03560978233548017,-0.05866104094990443,-0.047577736473338204,0.012445271295149444,0.0217204987254666,0.023181030465855793,-0.20610667594234378,0.5436512247649845,0.013846422782840219,0.020738532293263563,0.6585479431985852,0
2005-01-18,NEOG,2.1894359588623047,2.1894359588623047,2.1572060585021973,2.178322076797486,65684,-0.008599043902032255,-0.019510112684148595,-0.10132965965382978,-0.06488555868629153,-0.010001208601995288,-0.03348309502397454,-0.06372419169060607,-0.05692165169312167,0.008712650572165494,0.02005716230104058,0.02321490539305531,-0.29807538177116166,0.38070662915474135,-0.0050761393681475805,0.014795746094393446,0.6551685875338571,0
2005-01-19,NEOG,2.1838788986206055,2.184990882873535,2.122752904891968,2.122752904891968,63884,-0.02551008067053795,-0.0435654740567295,-0.1258581781641046,-0.07729463792803426,-0.02670204387879978,-0.04519101464498465,-0.08410855478879996,-0.0811918585839377,0.012668620281267499,0.020061631479154646,0.023672063280174384,-0.027403933986967943,0.37576071634753805,-0.027989644374166543,0.029319464285333,0.0,1
2005-01-20,NEOG,2.167207956314087,2.176100015640259,2.1649858951568604,2.167207956314087,24294,0.020942169632494734,-0.024512716686768576,-0.05385767306082767,-0.04645479824756116,-0.0013317438600044288,-0.01975594342034565,-0.06279308565610217,-0.06300475730116308,0.01837894209030848,0.01592991537652223,0.024205940215095065,-0.6197169870390082,0.14547462188215202,0.0,0.00512831288341196,0.1999313540415308,0
2005-01-21,NEOG,2.2161099910736084,2.2161099910736084,2.1505379676818848,2.1638739109039307,67483,-0.0015384058555353297,-0.009664558390208522,-0.06752884811580306,-0.06752884811580306,-0.0009237218472006797,-0.014277220963035882,-0.06105339202336953,-0.06463500338165973,0.017178140806593436,0.014662484857426291,0.023589458588659847,1.777764056968799,0.4114090835794535,-0.023571068394656548,0.03030307036898086,0.20337855280715852,1
2005-01-24,NEOG,2.136090040206909,2.172765016555786,2.136090040206909,2.172765016555786,3599,0.00410888342756599,-0.011128180844359292,-0.044943899118181196,-0.0627996356192283,0.0054515171927296425,-0.005595298701670467,-0.054207841103245114,-0.06147702961482933,0.017029935333392063,0.014283202918851108,0.023642230604489944,-0.9466680497310433,0.02237700496938628,0.01716920900269002,0.016879403004662338,1.0,0
2005-01-25,NEOG,2.122752904891968,2.1883249282836914,2.1116390228271484,2.1116390228271484,98975,-0.028132813839912174,-0.03061211869475844,-0.04952498549367179,-0.13636372500952676,-0.01676659464534167,-0.02867949116454094,-0.0740966103743031,-0.08726688678007272,0.02072725955317779,0.015031057850752632,0.019987319650820432,26.500694637399278,0.7711164964393077,-0.005235598565997672,0.03631582132531002,0.0,1
2005-01-26,NEOG,2.133867025375366,2.1394240856170654,2.097191095352173,2.1149730682373047,34191,0.001578889845335718,-0.0036649751540721587,-0.047070782830808344,-0.14471902438168416,-0.014500184383220116,-0.02244825907468367,-0.06530124429656603,-0.08547431804741423,0.017677120235675015,0.015128452527406468,0.019627858527676664,-0.6545491285678202,0.37716658990813795,-0.008854327337823643,0.019968571183788683,0.421044609287674,0
2005-01-27,NEOG,2.1116390228271484,2.156095027923584,2.1016368865966797,2.1116390228271484,30592,-0.001576400881990847,-0.025640794334037098,-0.04952498549367179,-0.13910273158775477,-0.010931721709875787,-0.019000346096811085,-0.05968522894518111,-0.08665261872862356,0.01308645869006487,0.01504209855551695,0.019673279175951554,-0.10526161855459037,0.3490723202263858,0.0,0.025789512666797337,0.18366650030208306,0
2005-01-28,NEOG,2.10052490234375,2.122752904891968,2.083853960037231,2.097191095352173,248338,-0.006842044174591999,-0.03081640534401653,-0.04018313678540142,-0.1507649409013967,-0.011524261021350953,-0.021722095160037043,-0.05831268469976955,-0.09235203041089063,0.012938495758554356,0.014519308497684853,0.019394285605909157,7.11774320083682,2.5473033027303673,-0.0015871304300450386,0.018548116545481073,0.34286624906530383,1
2005-01-31,NEOG,2.083853960037231,2.147202968597412,2.083853960037231,2.147202968597412,143964,0.02384707495472216,-0.011764754938338617,-0.022762015462154506,-0.1470200946079887,0.014492564247265225,0.0039491468337029805,-0.027777986185952924,-0.07046583916942813,0.01862240093323382,0.016823521961242364,0.01975017776554428,-0.4202900885084039,1.4285721373657587,0.030399927142230873,0.02950303696793122,1.0,0
2005-02-01,NEOG,2.083853960037231,2.1605401039123535,2.083853960037231,2.1038589477539062,17996,-0.020186270919613558,-0.003684377390803184,-0.03418370948755811,-0.13204954549330827,-0.005254947789723442,-0.012880077806880065,-0.0404502635908318,-0.08877370962443976,0.016015142265211044,0.01769197745307901,0.018765092180245583,-0.8749965269095051,0.18639848320771943,0.009599995057387721,0.0364502306378444,0.2608683486452498,1
2005-02-02,NEOG,2.1116390228271484,2.19943904876709,2.1116390228271484,2.1394240856170654,109773,0.016904715927428926,0.011560911931677298,0.007853566322617134,-0.11899304739094296,0.00922741682849801,0.00302233665838546,-0.017756743491919195,-0.07243203776747409,0.01790060236833489,0.016848070059693517,0.019424681331861,5.099855523449656,1.104076785400877,0.013158055183464652,0.04103909389924326,0.31645848042144137,0
2005-02-03,NEOG,2.092745065689087,2.1449809074401855,2.083853960037231,2.108304977416992,106173,-0.014545553828846258,-0.001578889845335607,-0.027179200189572428,-0.07957306477253534,-0.005139418627596795,-0.008830025440136096,-0.02797697106380874,-0.08477742394179165,0.01949480366878042,0.015868931236637924,0.0155404068846278,-0.032794949577765076,1.0880543878598818,0.007435168278741967,0.02899340847634138,0.4000039003841922,1
2005-02-04,NEOG,2.13053297996521,2.1394240856170654,2.106081962585449,2.1171960830688477,81880,0.00421718192912901,0.009538943666607347,-0.021571417631993106,-0.0876435727628827,-0.0028265527202939907,-0.0024610337078480866,-0.019279710253750314,-0.07966562017321777,0.019172479349594606,0.016016938105786777,0.015147246047903243,-0.22880581692143953,0.9300001135808639,-0.00625988755948762,0.01574824519006631,0.3333357168906019,0
2005-02-07,NEOG,2.1827681064605713,2.1827681064605713,2.108304977416992,2.1116390228271484,116971,-0.002624726300099911,-0.01656291756782291,-0.028132813839912174,-0.07181231461096182,-0.0021008614025242716,-0.002205637935106786,-0.018138590865955123,-0.08078451120983929,0.01480531246829946,0.015869519807357575,0.014722248623696532,0.4285661944308745,1.329925454546488,-0.03258664235696615,0.03526319045945875,0.04477444680312883,0
2005-02-08,NEOG,2.173877000808716,2.173877000808716,2.098301887512207,2.10052490234375,79180,-0.005263267236138902,-0.0015847285834992286,-0.005263267236138902,-0.05452758949629155,-0.00704017514207114,-0.006935772902925807,-0.02054785158493521,-0.08402726358815354,0.011719367148668705,0.01323153639951251,0.013975519912798806,-0.3230800796778689,1.0126549900563369,-0.03374252473239181,0.03597915607293332,0.02941464107134407,0
2005-02-09,NEOG,2.1094160079956055,2.1094160079956055,2.072740077972412,2.072740077972412,34191,-0.013227562472759025,-0.03116913943942068,-0.019968571183788697,-0.06609941773696337,-0.013958041852711897,-0.01811110628720929,-0.030186539984652316,-0.09399180717083697,0.007764876339417875,0.013795800615088675,0.014163134608552267,-0.5681864107097752,0.436524782174887,-0.017386769553362453,0.01769441832719824,0.0,0
2005-02-10,NEOG,2.084965944290161,2.0871880054473877,2.05607008934021,2.071629047393799,41390,-0.0005360202132532743,-0.017395932000372705,-0.01894735558532279,-0.067533973568488,-0.011035601089405859,-0.0167738765335125,-0.02729211574590236,-0.09183033625623539,0.006458326008708486,0.013802682045339047,0.01414261121604223,0.2105524845719633,0.5239220610554643,-0.00639669771723918,0.015020988504831717,0.5,1
2005-02-11,NEOG,2.10052490234375,2.10052490234375,2.0449559688568115,2.079408884048462,61185,0.003755419757436984,-0.017847755964867318,-0.008479061036984259,-0.04832148255292479,-0.0037272643511317084,-0.012247816178338424,-0.021213034550982755,-0.08539855311002086,0.0063224914215284965,0.013781548578960029,0.013877063344423266,0.47825561729886457,0.8033111887193761,-0.010052734091239286,0.026723427947826065,0.6200031749709318,0
2005-02-14,NEOG,2.057180881500244,2.09496808052063,2.046066999435425,2.067183017730713,100775,-0.005879491239811463,-0.021052843130790477,-0.03726706419326975,-0.05918080616402799,-0.005347728054740519,-0.014308610065268365,-0.02398083802352831,-0.08759141139890228,0.006367044215731635,0.010756719277993064,0.013766681447919928,0.647054016507314,1.3168744176808114,0.004862059685862175,0.02365590306507409,0.431810868526518,0
2005-02-15,NEOG,2.10052490234375,2.10052490234375,2.06162691116333,2.0660719871520996,50387,-0.0005374611580512001,-0.016402050341420837,-0.017960786126916095,-0.05153052931934354,-0.0025753590338242764,-0.013060123225264458,-0.021913539525502474,-0.08477748406276306,0.006524172423236028,0.009082799700511296,0.013710646213871023,-0.500004961548003,0.6650778995275276,-0.016402050341420893,0.01882702607765251,0.1142752068648483,1
2005-02-16,NEOG,2.057180881500244,2.072740077972412,2.05607008934021,2.067183017730713,22494,0.0005377501778844884,-0.0026810212726408045,-0.03376659558617445,-0.02617821746148241,-0.0015032508862782277,-0.009109957065554047,-0.02009866016617373,-0.08077350689876124,0.0034685026365151358,0.006430377965098532,0.012607888504130006,-0.5535753269692579,0.30524530967254726,0.004862059685862175,0.008064108736004385,0.6666428295599194,0
2005-02-17,NEOG,2.05607008934021,2.067183017730713,2.043843984603882,2.0582919120788574,206048,-0.004301073284558976,-0.006437993969876099,-0.023721931064930035,-0.05025638814120548,-0.004515247779604052,-0.011000878541150352,-0.021788073337606798,-0.0811123585800412,0.003856588896577011,0.00514731866452387,0.01148266200289187,8.160131590646394,2.489126200104495,0.0010806162446341705,0.011339029702185843,0.6190456732488175,0
2005-02-18,NEOG,2.042732954025269,2.067183017730713,2.033842086791992,2.046066999435425,31492,-0.0059393483362063515,-0.016034309013878367,-0.033595888544400765,-0.05444259523388473,-0.007225948985377569,-0.013503321946818638,-0.024868219481136104,-0.08303946980277628,0.0030394527671050438,0.004680506743830859,0.011505167959668937,-0.8471618263705545,0.388887585407207,0.0016321494219721504,0.016295131561146595,0.3666638062956766,0
2005-02-22,NEOG,2.108304977416992,2.110527992248535,1.9560450315475464,1.9560450315475464,207848,-0.04399756601945015,-0.05376301238444292,-0.07368399124926495,-0.09974386708037986,-0.04055793825535734,-0.04977835075047852,-0.06293233509626434,-0.11939214284898773,0.018720265456965608,0.013635834513640298,0.01460954346784255,5.600025403277023,2.2792312715513345,-0.07221912745090056,0.07897720052935994,0.0,0
2005-02-23,NEOG,2.000499963760376,2.053847074508667,1.9227030277252195,1.9360400438308716,179055,-0.010227263377902696,-0.06293679219786807,-0.07830655010533194,-0.08315766904192634,-0.038100258017601515,-0.05192092614194601,-0.06859836389187102,-0.12453488877151733,0.017868281425567217,0.013634143784368792,0.013642859472057992,-0.1385291174319695,1.880905897980118,-0.03222190507233898,0.06773829250140447,0.10169745735904366,0
2005-02-24,NEOG,1.9449310302734375,1.961601972579956,1.9082549810409544,1.9182569980621336,151162,-0.00918526753896598,-0.07204297751636213,-0.07453085003373716,-0.09301114663323895,-0.03261984351670687,-0.05346874063373216,-0.0727659893353868,-0.12868780966956508,0.016535168466875274,0.013522563042738576,0.013613424509587331,-0.15577895060177038,1.4959913780732685,-0.013714641699944411,0.027810137845395076,0.18748980462875364,1
2005-02-25,NEOG,1.961601972579956,1.961601972579956,1.9060319662094116,1.9449310302734375,111572,0.013905348573340692,-0.055075220934491464,-0.06115864096410173,-0.0789472020319626,-0.00782392519545218,-0.034269437746262406,-0.0560692776893432,-0.11347499271279003,0.020848122681949813,0.015049394921269884,0.01423133550219883,-0.2619044468847991,1.061643086122194,-0.008498636593738966,0.028571710515992877,0.7000010726046058,0
2005-02-28,NEOG,1.943819046020508,1.943819046020508,1.889361023902893,1.943819046020508,63884,-0.000571734542572977,-0.049972925345616814,-0.06520595303217613,-0.0731321288134259,0.002062366256473854,-0.028279432128704787,-0.05308473347668462,-0.11093723375652546,0.02131259394638888,0.014791764086601619,0.014234642487847334,-0.42741906571541244,0.6663537461797624,0.0,0.028015993684753934,1.0,1
2005-03-01,NEOG,1.943819046020508,2.0582919120788574,1.900475025177002,1.9949430227279663,65684,0.026300790092638637,0.01988604073682576,-0.03494610510202878,-0.0709108305531565,0.024309428259769547,0.0008921057329894433,-0.024562598616887428,-0.08466939991797728,0.015752764706532474,0.01810099605110566,0.01449273024564373,0.028176069125289693,0.7142903748491143,0.02630079009263854,0.07910846831407256,0.5985924536055063,1
2005-03-02,NEOG,2.0116140842437744,2.0116140842437744,1.9727150201797483,2.000499963760376,62984,0.0027855136558290194,0.03329472452540627,-0.031737530831202565,-0.04912828595466301,0.020408138446586066,0.006992954455885317,-0.019367549479509888,-0.07934044088116934,0.013753517637326185,0.018189701830898783,0.014008748273822194,-0.04110590098045186,0.6685745342142361,-0.005524976470611939,0.0194446712165427,0.7142830875029513,0
2005-03-03,NEOG,2.003834009170532,2.010503053665161,1.989385962486267,1.9949430227279663,74681,-0.0027777761225069586,0.03997692944339715,-0.03494610510202878,-0.06753268968991111,0.009674836676231596,0.007860686953250711,-0.018616265292613392,-0.07930780299050792,0.012109834911318364,0.018146815689632667,0.013250443048489428,0.18571383208433878,0.8077830826441453,-0.004436987495908313,0.010585310426569313,0.2631546264882044,0
2005-03-04,NEOG,1.9949430227279663,1.9949430227279663,1.9949430227279663,1.9949430227279663,0,0.0,0.025714018479872536,-0.03077740770351145,-0.053769239224541576,0.004589219066656254,0.011096636036356954,-0.01587218258315702,-0.07694052504202124,0.011990173713862892,0.018174058516926106,0.013003707200617515,-1.0,0.0,0.0,0.0,0.5,1
2005-03-07,NEOG,2.002722978591919,2.0660719871520996,2.002722978591919,2.051624059677124,53987,0.028412358800929516,0.055460416378428024,0.002715971785494986,-0.030971162244300854,0.022035293454628787,0.039531494069565916,0.01372878541837929,-0.04834563976745406,0.015129389746239914,0.020631015597258898,0.01469451029297562,inf,0.62959701918984,0.024417296654571072,0.030877493496615685,0.7719312771682881,0
2005-03-08,NEOG,2.0327301025390625,2.0549581050872803,2.000499963760376,2.0016119480133057,66583,-0.02437684010767993,0.003342915165677196,0.02329543324966732,-0.052105058499314016,-0.003540782078452153,0.011854813472251658,-0.008286969267735823,-0.06880768514033939,0.018799587818613583,0.016440029592210886,0.015563855718902486,0.23331542778817127,0.7999966357920486,-0.015308552024141064,0.027207142413871267,0.020419063630075215,1
2005-03-09,NEOG,2.033842086791992,2.042732954025269,2.0116140842437744,2.0349531173706055,10797,0.016657159441115788,0.01722227154929179,0.05109040686163335,-0.031216856748510824,0.009594135258975312,0.023591224924219358,0.009872590462510898,-0.04967042648570594,0.020140014425782095,0.016338731021246992,0.016124902428101107,-0.8378414910712945,0.1352838837763963,0.000546271800464964,0.015292180205951751,0.7499961692281654,0
2005-03-10,NEOG,2.110527992248535,2.110527992248535,2.006057024002075,2.006057024002075,35091,-0.014199881619812116,0.00557108706739462,0.04577073146540811,-0.032171450091111886,-0.005838333564543985,0.004619565313104639,-0.00281752501167621,-0.0590627112251516,0.02163422510523413,0.016893914414725868,0.016163667146770082,2.2500694637399277,0.4394342492231227,-0.04949992069764384,0.05207776598396033,0.0,1
2005-03-11,NEOG,2.000499963760376,2.053847074508667,2.000499963760376,2.0371758937835693,20695,0.015512455233905653,0.021169963540037307,0.04742834685359676,-0.016630947347244907,0.005375101919637818,0.01551246126855566,0.013519108705374462,-0.040725982518368294,0.02249655591092204,0.016999443174674066,0.01660677847957398,-0.41024764184548745,0.26255959766658804,0.01833338199829454,0.02618679658986709,0.687496089455384,0
2005-03-14,NEOG,2.000499963760376,2.048290014266968,2.000499963760376,2.0249509811401367,35091,-0.006000911693848754,-0.013000958148826292,0.04173841967734937,-0.026189126787945383,0.0019798553592624583,0.005352465008712063,0.008803668671327819,-0.042473645457609524,0.018160281901710595,0.017273634637627527,0.016612111184392625,0.6956269630345495,0.452696557462701,0.01222245329802442,0.023600596237487358,0.5116340560549926,1
2005-03-15,NEOG,2.0505130290985107,2.0505130290985107,2.0227279663085938,2.0271730422973633,15296,0.0010973407148726633,0.012770254648723611,0.016155859692335683,-0.01935482978051517,0.0005483694833559271,0.0048477583401756045,0.010918173203692264,-0.03695899582375312,0.013442507630357103,0.015436764691134105,0.016581770883140955,-0.5641047562052948,0.2088432044379181,-0.01138251084969144,0.013706310319926421,0.15998077896669785,1
2005-03-16,NEOG,2.05607008934021,2.05607008934021,2.000499963760376,2.0416219234466553,17096,0.0071276012692618185,0.0032771300818303928,0.02055584125529375,-0.011834081221509862,0.0070169577655318964,0.009951257064642735,0.01874466482474666,-0.026558781916326046,0.011486831478054025,0.015531128096504816,0.01667756518523557,0.1176778242677825,0.23884767453232184,-0.007027078487480494,0.02721861718942594,0.7400012013145814,0
2005-03-17,NEOG,2.0271730422973633,2.0271730422973633,1.99160897731781,2.006057024002075,49488,-0.017419924343553106,0.0,0.00557108706739462,-0.0295697058288239,-0.01052520145141867,-0.008187304492952309,0.0025271204450205533,-0.03964842777136728,0.012570678054289318,0.016693515570371256,0.01709898090041314,1.8947122133832477,0.6785991961791772,-0.010416485349152845,0.01772834199329143,0.4062540852000952,0
2005-03-18,NEOG,2.0405099391937256,2.0405099391937256,1.989385962486267,1.996055006980896,42289,-0.004985908626478186,-0.020185241209732308,0.0005574015098481766,-0.030237161567186366,-0.011448550803313182,-0.013186644503447892,-0.0009176704270586295,-0.041734471581427526,0.009149724240945853,0.01679029045572048,0.017105864995005316,-0.14546960879405113,0.6532254638836864,-0.02178618754015736,0.025612508938210737,0.13044846907724916,0
2005-03-21,NEOG,2.0227279663085938,2.0227279663085938,1.984941005706787,1.9904979467391968,71082,-0.002784021593725705,-0.01701425601005979,-0.02979401252856584,-0.027158960440474944,-0.01082504981979983,-0.01295112799288935,-0.002311657410236887,-0.04136408523454742,0.009089953656817494,0.013547320001762824,0.017076264086284623,0.6808626356735794,1.0654056423842053,-0.015933936795374224,0.018983672233226192,0.14705975140387406,1
2005-03-22,NEOG,1.9782719612121584,2.0216169357299805,1.9782719612121584,2.0016119480133057,90877,0.005583528127881543,-0.012609231550893996,0.0,0.02329543324966732,-0.002768487586409074,-0.007439912852443837,0.0021145836923613607,-0.033466213741786606,0.00983486902623463,0.011425880792921592,0.013832569461321274,0.27848119073745825,1.492975979838902,0.011798168936714844,0.021655033864503046,0.5384704238677218,0
2005-03-23,NEOG,2.000499963760376,2.0216169357299805,1.9904979467391968,1.9904979467391968,176356,-0.005552525445873813,-0.02504086389371807,-0.021845795980228733,0.028128500276558555,-0.0032279462208585703,-0.010770426124730788,-0.004806358613293544,-0.03668228327444297,0.008238273253259253,0.009897298692514283,0.013667061095113332,0.9406010321643541,2.903708338307147,-0.004999758661518907,0.01563377095754474,0.0,0
2005-03-24,NEOG,1.9360400438308716,2.031619071960449,1.833791971206665,1.878247022628784,736016,-0.05639338854596687,-0.0637120479847132,-0.0637120479847132,-0.020857463558724754,-0.04724348340880451,-0.06058943937784269,-0.05998850666563172,-0.087995136084578,0.024760047782064677,0.019719402260853332,0.018740317181748747,3.173467304769897,8.180005101278153,-0.02985114971471959,0.10532539030830274,0.22471669075031192,0
2005-03-28,NEOG,1.833791971206665,1.85379695892334,1.7837790250778198,1.7982269525527954,85479,-0.04260359213240916,-0.09910952039709697,-0.11729421203143298,-0.07542893574998233,-0.06915223067645072,-0.089733012980498,-0.09672037034018045,-0.12324449011925545,0.027360669547639757,0.02106769997951689,0.0205643050167255,-0.8838625790743679,0.9639821907056053,-0.019394249299972268,0.038937206310984004,0.20634609851315924,0
2005-03-29,NEOG,1.7837790250778198,1.7837790250778198,1.5959550142288208,1.6715290546417236,562359,-0.07045712318526265,-0.16024577800745943,-0.17453357132596903,-0.1400799070964096,-0.10518798426752504,-0.1384544930914651,-0.1545812112137288,-0.18091706411608313,0.032713358984542196,0.027759911906118092,0.02537728483079278,5.5789141192573615,4.950493654956951,-0.06292818160657491,0.11236658455168601,0.4023662367303003,0
2005-03-30,NEOG,1.6926449537277222,1.7415460348129272,1.638187050819397,1.6559699773788452,332017,-0.00930829004717082,-0.17268180826834412,-0.18311365491415543,-0.16991615373836366,-0.07945115067984897,-0.12982523173655097,-0.155208882085803,-0.18421404650377335,0.028646829862838327,0.027125694672491325,0.024120966152718668,-0.4095995618457249,2.616095094915265,-0.021667258847230444,0.06241597698355148,0.17205012929075772,0
2005-03-31,NEOG,1.6559699773788452,1.6670830249786377,1.6392990350723269,1.6437439918518066,98075,-0.007382975352240639,-0.17420462827175343,-0.19488325777926274,-0.17833340583419388,-0.04960812661212817,-0.11780514637699559,-0.15374509216106932,-0.18594935361372825,0.028154126832770965,0.025892431098039216,0.02396649720474545,-0.7046084989624025,0.762234514864836,-0.007382975352240682,0.016902869330040846,0.159982666077421,1
2005-04-01,NEOG,1.6337419748306274,1.7671079635620115,1.6337419748306274,1.752660036087036,333817,0.06626095351535044,-0.06686393484387221,-0.12631594460336593,-0.12144857466135683,0.02829928287515988,-0.04638106931272543,-0.09200849806812529,-0.128816075012376,0.05124626013798293,0.03794293625131584,0.029351469447551418,2.4036910527657405,2.357056033011226,0.07278876535490672,0.07609347277018713,0.8916670763482619,0
2005-04-04,NEOG,1.9015870094299316,1.9015870094299316,1.6448559761047363,1.6448559761047363,140365,-0.061508825307035275,-0.08529011103427786,-0.17594656943215237,-0.17548724080575828,-0.017264107488081736,-0.08760234265382139,-0.14005971564123118,-0.178133750321529,0.0545925352104353,0.04076117607798745,0.03180509938720075,-0.5795151235557207,0.9443107907009287,-0.13500882791693006,0.15608116276123615,0.0,1
2005-04-05,NEOG,1.6448559761047363,1.8093409538269043,1.6448559761047363,1.7115390300750732,125069,0.04054036033492259,0.023936153142085415,-0.14014529234813322,-0.16576381428065912,0.01771081339899317,-0.035691917812301535,-0.09717135063569778,-0.1409317853682523,0.04948463641144015,0.044717552717959165,0.032662345928076826,-0.10897303458839458,0.8217578676043993,0.04054036033492264,0.09610355056580461,0.40540513117843163,0
2005-04-06,NEOG,1.7582169771194458,1.7582169771194458,1.697090983390808,1.697090983390808,60285,-0.008441552561983534,0.02483197556338035,-0.15213786314812372,-0.15213786314812372,0.00420891862153048,-0.02714064093935958,-0.09754440276053877,-0.1440966513666345,0.04942030544594538,0.044249722891463235,0.03244857560586771,-0.5179860716884279,0.39691997735083817,-0.03476589893289664,0.03601810057732275,0.0,0
2005-04-07,NEOG,1.722653031349182,1.732655048370361,1.584841012954712,1.608180046081543,2046988,-0.052390200749060645,-0.021635939627191014,-0.19207148707887955,-0.2097213285387639,-0.044379768284199206,-0.05745165487571084,-0.13500902927513095,-0.1847978028143759,0.05609159821617463,0.045541596714488736,0.03337905513940515,32.95517956373891,8.06880639106821,-0.06645156231953668,0.09191385987894185,0.15789456705652008,0
2005-04-08,NEOG,1.6404099464416504,1.6559699773788452,1.584841012954712,1.584841012954712,176356,-0.014512699112079197,-0.09575104109008747,-0.15621268456127924,-0.2099721024914033,-0.03908345459884876,-0.05487786086715795,-0.1377953616621339,-0.19228746938921212,0.040614751553474576,0.04372982269332716,0.033380625165906175,-0.9138460997328758,0.6763288729488394,-0.03387502837780133,0.04488082012183885,0.0,1
2005-04-11,NEOG,1.699313998222351,1.699313998222351,1.6070679426193235,1.6204049587249756,128668,0.022440071577880083,-0.014865141833064532,-0.09888740326986012,-0.20458269525492023,-0.014598688837239615,-0.02331202406107288,-0.10833880606692985,-0.17000644987057964,0.03585775790387362,0.04416502672734899,0.033706545274895694,-0.27040758465830483,0.48343540164517873,-0.04643582032509711,0.05692777913714352,0.14458088227692578,1
2005-04-12,NEOG,1.584841012954712,1.6726399660110474,1.584841012954712,1.6292959451675415,96276,0.00548689165303573,-0.04805212353464372,-0.025266153380285927,-0.195389932723124,0.0008190335038524232,-0.015446792165833457,-0.0935791816658147,-0.16143290705771154,0.027886334089816,0.03870600289574363,0.033890629705121876,-0.25174868654210836,0.35762057287787685,0.028050089472350073,0.05388766437229857,0.5063264499783439,1
2005-04-13,NEOG,1.612625002861023,1.699313998222351,1.5837290287017822,1.6437439918518066,197951,0.008867662579728153,-0.03143437332535559,-0.007382975352240639,-0.1891447066655062,0.016354981918926963,-0.005981732247281511,-0.07568296047090685,-0.1495896000945009,0.02909616885796645,0.038745246739562283,0.034071738228633505,1.0560783580539281,0.711170238277651,0.019297101890132076,0.070318109202853,0.5192280916710758,1
2005-04-14,NEOG,1.6670830249786377,1.742658019065857,1.6670830249786377,1.6937570571899414,75581,0.030426310657897027,0.053213576002832275,0.030426310657897027,-0.17038652566458057,0.03631188936467487,0.021174105886254936,-0.03815191147660747,-0.11998045540655794,0.017270244575454737,0.03978258567539776,0.0350673002584345,-0.6181832877833403,0.2687136225480384,0.016000422181520035,0.044619736795431165,0.35294785707187576,1
2005-04-15,NEOG,1.752660036087036,1.7704429626464844,1.6893110275268557,1.7093160152435305,50387,0.009186062421137509,0.07854100270711228,-0.024730421160440552,-0.1479225192544864,0.030140609470020733,0.033254808905412825,-0.021068187050968308,-0.10790943538574845,0.010663447604444591,0.03339375454316022,0.035223672859693654,-0.33333774361281276,0.17911260576013371,-0.024730421160440597,0.04746456149483255,0.24657353096752269,0
2005-04-18,NEOG,1.6748629808425903,1.7304329872131348,1.6748629808425903,1.703758955001831,57586,-0.003251043219710148,0.05144022537578685,0.035810417296586516,-0.14643687220883406,0.016578154313548123,0.02624162413244208,-0.01601482674660956,-0.10703900356846863,0.012399946016656926,0.02615351535517439,0.035232004974074,0.142874154047671,0.2041481213629491,0.017252739173149394,0.032616119907927184,0.5199922772468385,1
2005-04-19,NEOG,1.763774037361145,1.7737770080566406,1.722653031349182,1.739323973655701,94476,0.020874442684195138,0.06753102701476688,0.01623389422758814,-0.12618650197301895,0.024348917597089438,0.04591340813177525,0.011864492986330645,-0.08477377669176592,0.012856500058893956,0.02371227744972854,0.03578409077685006,0.6406070920015281,0.3335437487555128,-0.013862356054421156,0.029393015609396014,0.3260885279310988,0
2005-04-20,NEOG,1.7671079635620115,1.8104530572891235,1.6670830249786377,1.6670830249786377,71982,-0.04153392339279238,0.014198703230262621,-0.017681997433168894,-0.16712975927561968,-0.0208879253398045,0.004284730904447277,-0.020632243331698587,-0.11866340006638898,0.027983088381628128,0.02734231122701035,0.03651743405549215,-0.23809221389559254,0.2549800401658564,-0.05660375067392633,0.08600053516370189,0.0,0
2005-04-21,NEOG,1.6926449537277222,1.722653031349182,1.6526349782943726,1.6570810079574585,78280,-0.005999711394882312,-0.02165366578211103,0.030407641230884908,-0.16750428671777173,-0.022551349830375766,-0.004672815454890394,-0.01687979528789002,-0.11982427774127805,0.023483294290424186,0.020918194423207956,0.03651569528131579,0.08749409574615874,0.2821911195954299,-0.02101087159001714,0.042253850426488555,0.06349833320280464,0
2005-04-22,NEOG,1.71487295627594,1.71487295627594,1.6137369871139526,1.6226279735565186,72882,-0.020791400200408594,-0.05071504678709826,0.02384274529301722,-0.136094478517795,-0.03298440912487827,-0.027574154008503035,-0.029964716647451352,-0.13398338893460635,0.02305171426354483,0.021592239026105145,0.03488883457165592,-0.0689575881451201,0.2983983840746106,-0.05379114667464513,0.06232850093192639,0.08791122007567274,0
2005-04-25,NEOG,1.601511001586914,1.6281850337982178,1.5681699514389038,1.603734016418457,170957,-0.011644047462493368,-0.05870838611866114,-0.010288133356266771,-0.10815816983403159,-0.03271228244018845,-0.03793595347994066,-0.03565356443084769,-0.13977097617218284,0.022727937435976904,0.020782220820921297,0.0338845881653668,1.345668340605362,0.6879063214171537,0.0013880734065143576,0.03742209228269835,0.5925854565462227,1
2005-04-26,NEOG,1.6226279735565186,1.6392990350723269,1.60595703125,1.6115139722824097,90877,0.004851150991563635,-0.07348257329234698,-0.010913899919700154,-0.03590430103063791,-0.012799512602603594,-0.03223650011317831,-0.029223712262253506,-0.131237123951262,0.0174923014025414,0.0207616854550845,0.030233846424152565,-0.4684218838655334,0.4039987774721458,-0.006849383503323271,0.020689863318469486,0.16666487899232263,1
2005-04-27,NEOG,1.6115139722824097,1.6215159893035889,1.601511001586914,1.612625002861023,21595,0.0006894327928412824,-0.03266665265115554,-0.01893177352741271,-0.026174976062326327,-0.00548338073156552,-0.029756109554438005,-0.027284497561250606,-0.12635642550970086,0.010142251567821307,0.020493454932508027,0.030178662449986442,-0.7623711170043025,0.10311683096360398,0.0006894327928412021,0.012405232264899249,0.5555615145339483,0
2005-04-28,NEOG,1.5915089845657349,1.6659719944000244,1.5226030349731443,1.5514990091323853,110672,-0.03790465459743686,-0.06371565319864181,-0.0839896415213005,-0.056118825788376014,-0.0305554773026301,-0.05847432586349903,-0.06154410983705871,-0.15475900685161847,0.01723979747799863,0.019969327925034107,0.031275960262714286,4.124890020838157,0.5268778043584342,-0.0251396478570725,0.09240673605525121,0.20154972369718732,1
2005-04-29,NEOG,1.5492759943008425,1.5981769561767578,1.5492759943008425,1.592620015144348,58485,0.026504049161435228,-0.018493430965816793,-0.06827058253622964,-0.09131264343768064,-0.0011153975191165056,-0.02662696138834959,-0.031985872067815134,-0.12784701941631668,0.023651330828413572,0.022294184003217837,0.027745274431915722,-0.4715465519733989,0.29795823337285054,0.02797695246227946,0.030704726432490014,0.8863633593443324,0
2005-05-02,NEOG,1.5437190532684326,1.5837290287017822,1.5381619930267334,1.559278964996338,77381,-0.020934717528956925,-0.0277197159672391,-0.0848007222977959,-0.05202705425374543,-0.016542608381828843,-0.038514053621744905,-0.04977970012157425,-0.1414127691998888,0.02478864273255029,0.02267762517511757,0.024662270094857167,0.32309139095494577,0.4006540445187269,0.010079497104710289,0.029223145247236657,0.46342650244346545,0
2005-05-03,NEOG,1.5615010261535645,1.562613010406494,1.4837039709091189,1.489261031150818,388703,-0.04490404566298001,-0.07586216640644017,-0.14377019249570966,-0.12987024836617678,-0.04599177511797226,-0.06730706446029938,-0.08625987504231432,-0.17490743106569162,0.02925046990788096,0.022721716133372444,0.024233466916537737,4.023235678008813,1.8839958045428813,-0.046263174850864286,0.05298536512192126,0.07042362037474906,0
2005-05-04,NEOG,1.448140025138855,1.5359400510787964,1.4103529453277588,1.4270230531692505,1095926,-0.04179118145156435,-0.11509306215796511,-0.14400000972504856,-0.15913579935588285,-0.06359409789894085,-0.0926438006415425,-0.11713154923094857,-0.20472724550062674,0.029608747245091376,0.02275500759719284,0.02547868132025455,1.819443122383928,4.246122004049198,-0.014582134049902868,0.0880063608447834,0.13273741553164164,0
2005-05-05,NEOG,1.443693995475769,1.4670330286026,1.4003499746322632,1.422577977180481,1197601,-0.003114929348126183,-0.08309449841285965,-0.14151573136791262,-0.1154112497249895,-0.05044496195222886,-0.08177891873421314,-0.114799330711701,-0.20264118227459932,0.029555044642240146,0.022902308381531174,0.023280069513395025,0.09277542461808563,5.553934474201541,-0.01462638090998592,0.04687479705154813,0.3333381005330921,0
2005-05-06,NEOG,1.422577977180481,1.4314689636230469,1.3892359733581543,1.3892359733581543,810697,-0.02343773371805591,-0.12770405988383848,-0.14383580463413903,-0.12342249979502973,-0.04682029392345935,-0.08958491538583319,-0.13025334823461798,-0.2166841251718732,0.017023324193338574,0.022993004257494704,0.023538908523019587,-0.3230658625034548,3.277554329797898,-0.02343773371805586,0.030400155966883124,0.0,1
2005-05-09,NEOG,1.443693995475769,1.450363039970398,1.3847910165786743,1.409240961074829,331117,0.014399992586081156,-0.09622268195086003,-0.12127513250481525,-0.13031557112507364,-0.012768650979211012,-0.06455189887797459,-0.11185831654997279,-0.2005751048185122,0.025372646321412055,0.024837600803885255,0.023086570411601275,-0.5915650360122215,1.2860380952232993,-0.023864499339131734,0.04653002942925517,0.37287158808707443,1
2005-05-10,NEOG,1.4381370544433594,1.4381370544433594,1.407017946243286,1.422577977180481,127768,0.009463971367593249,-0.04477593422209414,-0.11724130125557397,-0.12687564134691542,0.005973129549206012,-0.04370548650788771,-0.09757460426528142,-0.18820866077980156,0.023488122420315765,0.025236605651233694,0.023213852744962304,-0.6141303527152033,0.4932266646901776,-0.01081891132337221,0.021875151098395933,0.5000153229699016,1
2005-05-11,NEOG,1.4448059797286987,1.539273977279663,1.424800992012024,1.5281599760055542,160160,0.07421877782357811,0.07087266222622723,-0.05237735165064161,-0.07031752901863875,0.06539606261221585,0.03313562871209947,-0.027030702216592185,-0.12328792429791388,0.03654132330920523,0.03723666087033653,0.02929422741921303,0.2535220086406611,0.6228134594748356,0.057692172822061155,0.07490903247371995,0.9029115799843586,1
2005-05-12,NEOG,1.582617998123169,1.6559699773788452,1.517045974731445,1.6392990350723269,368008,0.07272737201067003,0.15234388649920083,0.056590449251424424,-0.032152203816032565,0.10935639576841633,0.10173314156901105,0.04554340735729429,-0.05561299323751782,0.042720685393837526,0.042372289379975926,0.033128604116183666,1.2977522477522476,1.3540807353087274,0.03581473041275667,0.08474597963834628,0.8799995537932312,1
2005-05-13,NEOG,1.742658019065857,1.7437690496444702,1.6670830249786377,1.6770859956741333,206048,0.0230506819032803,0.20720023655892583,0.05303586525762061,-0.018855506695059754,0.09237003852905075,0.12076652613392258,0.07074442178423103,-0.030292872662743067,0.03205291124348487,0.04220318339043536,0.03349860048724467,-0.44009912827982,0.7370437943475829,-0.03762759111330012,0.045725755783326584,0.1304405951290944,1
2005-05-16,NEOG,1.7348779439926147,1.7348779439926147,1.6515239477157593,1.6893110275268557,69283,0.007289448414843136,0.19873823866034734,0.0833924303793987,-0.00848003024873889,0.06160060216285656,0.11921056895412192,0.0790472337869543,-0.01975969425542009,0.03352835770320243,0.041134357205342566,0.03353471771891245,-0.6637531060723715,0.24731130211544095,-0.026265200167852863,0.049342006841028775,0.4533325515142527,0
2005-05-17,NEOG,1.6693060398101809,1.6837539672851562,1.6670830249786377,1.6815309524536133,125069,-0.004605472258493726,0.18203077752291064,0.12910424518005392,-0.03322728949720544,0.023403374161934016,0.10004332730020297,0.07606387196350205,-0.02006533701762036,0.03687697692107591,0.037061944764932575,0.033186160966704535,0.8051903064243753,0.44401952537068046,0.007323350153829496,0.00991414536984471,0.8666533186505155,0
2005-05-18,NEOG,1.729321002960205,1.729321002960205,1.647078037261963,1.647078037261963,94476,-0.020489016358205214,0.07781780907994174,0.15420562660427684,-0.011999994851444873,-0.011868399477763964,0.062213102565000136,0.05469147983490203,-0.03616046858805472,0.035702915240070354,0.03406532450789336,0.03215675329314667,-0.24460897584533337,0.3340744361945797,-0.04755795225840714,0.04993264668561766,0.0,1
2005-05-19,NEOG,1.6292959451675415,1.6637489795684814,1.6281850337982178,1.6504130363464355,40490,0.002024797252482724,0.006779727820445114,0.16015646440521936,-0.004023926156296986,-0.011186240856181745,0.048951358371926657,0.057052685108956246,-0.029842681851412273,0.01596095319715166,0.033800215877630026,0.032129594537164116,-0.5714255472289258,0.14413882038626286,0.012960868921037276,0.02154851239480788,0.6250150838662966,0
2005-05-20,NEOG,1.6504130363464355,1.6726399660110474,1.6448559761047363,1.6504130363464355,44989,0.0,-0.01590434801584284,0.18800050387188483,0.01712349549170966,-0.008015740290931706,0.03182349651923188,0.05611297099052797,-0.025769284249411297,0.010588234208883709,0.031539984850995885,0.03174599957180238,0.11111385527290696,0.1609537373830609,0.0,0.016834567647270416,0.20000943926476708,0
2005-05-23,NEOG,1.6893110275268557,1.7115390300750732,1.6137369871139526,1.6137369871139526,120570,-0.022222345815732125,-0.044736605149344855,0.14511075939997808,0.006237300321056294,-0.02116747204891189,-0.0038418335364417125,0.032313272302351516,-0.04263302376701577,0.011496400492505401,0.034009205212610694,0.03205992358833139,1.6799884416190625,0.43527743656716755,-0.044736605149344896,0.06060593748677237,0.0,1
2005-05-24,NEOG,1.6170710325241089,1.6893110275268557,1.6170710325241089,1.6715290546417236,45889,0.03581256920381293,-0.005948090219389246,0.1749999518161094,0.037241428489952044,0.015118735457234165,0.016216219193526844,0.06723440705757423,-0.004171316945242736,0.023428194525620692,0.03462134494278222,0.033000035099125906,-0.6193995189516464,0.1670231469863021,0.03367695111859771,0.0432179116493017,0.7538486418159922,0
2005-05-25,NEOG,1.6237390041351318,1.6837539672851562,1.6237390041351318,1.6315189599990845,52187,-0.02393622445959509,-0.009446472426250851,0.06763623286594611,0.01171627446216017,-0.007303372465366208,-0.014302061507234787,0.04106090935262315,-0.023403737265491317,0.024184534961552165,0.030153364930552387,0.033520128921139404,0.137244219747652,0.1888944730802663,0.004791383248255806,0.036784716954841944,0.12963360228189147,0
2005-05-26,NEOG,1.6415209770202637,1.6415209770202637,1.567057967185974,1.5859520435333252,44989,-0.027929136947194788,-0.039057491302788905,-0.03254256264272615,0.022206288368953775,-0.027399209107053617,-0.038733582924321525,0.010873811929235448,-0.045472176891478436,0.026628720681141367,0.021246707265101923,0.03297892709220627,-0.13792706995995174,0.1647998218261501,-0.03385210074367055,0.04695161504908714,0.25373774696185714,1
2005-05-27,NEOG,1.5426080226898191,1.619294047355652,1.5426080226898191,1.6070679426193235,39590,0.013314336440435115,-0.026263179442078455,-0.041749828712072,0.009071798255446462,-0.009182128907147317,-0.021783518823649702,0.023861488964858506,-0.028095462447140403,0.02820467838094566,0.020107728228532816,0.03258435685229778,-0.1200071128498077,0.14552629774886366,0.041786324835201324,0.04771797298180446,0.840569324207311,1
2005-05-31,NEOG,1.6392990350723269,1.6392990350723269,1.5770610570907593,1.6092909574508667,28793,0.0013832737077188462,-0.002755114184398333,-0.04736846487833446,0.03207379409151856,-0.007267311823380333,-0.01563574324424739,0.023646967267387513,-0.02217673996049286,0.026525164195026492,0.019821567835896208,0.032175136223819865,-0.27272038393533715,0.10679197003608627,-0.018305432370449855,0.03867416124685942,0.517849412936465,0
2005-06-01,NEOG,1.6437439918518066,1.6504130363464355,1.564836025238037,1.5948430299758911,86378,-0.008977821821518961,-0.04587776949068312,-0.051552974598077506,0.0708955627097052,-0.0067829122134588,-0.019272894461367235,0.01106174231067175,-0.026273701794985272,0.017225584421687094,0.019868284440268884,0.030367076700057494,1.9999652693362968,0.3394008834529005,-0.029749743341008203,0.05365857924569046,0.35064329016872087,1
2005-06-02,NEOG,1.5559450387954712,1.6826430559158323,1.5559450387954712,1.60595703125,129568,0.006968711694640417,-0.015667564628914166,-0.024966033837911406,0.12538968987456656,0.00333297281575845,-0.009934931748995332,0.012365583220527115,-0.014727922396612577,0.016139474249299585,0.019397265834972605,0.028402998225660257,0.5000115770219269,0.6284110998212757,0.03214251866714097,0.07889253239966541,0.39473382134321966,0
2005-06-03,NEOG,1.6070679426193235,1.6159600019454956,1.578171968460083,1.582617998123169,71982,-0.01453278803397684,-0.0021022359558415804,-0.04107761919606889,0.11249999895252416,-0.01083617321372153,-0.0202283498830666,-0.0073541280153979925,-0.02416282662810238,0.01138936869110111,0.019686280107956346,0.028715166142940278,-0.44444615954556677,0.4801919647130753,-0.015214007975483697,0.023876913778451612,0.1176570795832032,1
2005-06-06,NEOG,1.6292959451675415,1.6448559761047363,1.614848017692566,1.6304080486297607,111572,0.030196832440466448,0.014523409615399219,-0.012121200739519389,0.17360051128580345,0.016068963803934116,0.010609264235867654,0.014944235706569846,0.008386330718998724,0.017384610659118633,0.0224868019513416,0.028350346984927846,0.549998610763802,0.9706445531522111,0.0006825668875674271,0.01840518294631207,0.5185301420200615,1
2005-06-07,NEOG,1.67597496509552,1.6770859956741333,1.6404099464416504,1.6404099464416504,169158,0.006134597912648587,0.019337080623429648,0.016528690573920812,0.16403794081496792,0.01835229024690114,0.015130605164305299,0.01387543079832484,0.016556852570945017,0.017403469621689757,0.021267006935218723,0.02831862709163979,0.5161330799842254,1.5831596837948363,-0.021220495171204806,0.02235785592012532,0.0,0
2005-06-08,NEOG,1.6392990350723269,1.6826430559158323,1.6392990350723269,1.6404099464416504,49488,0.0,0.02857141148646347,-0.018617150634419155,0.15312480071771373,0.012623364011388298,0.017089250192294014,0.007095977267813825,0.016949077888703167,0.016153441741005643,0.017612534739569703,0.02837180303363976,-0.7074451104884192,0.48077245351041703,0.0006776746313856607,0.026422676195987798,0.02563009494053354,0
2005-06-09,NEOG,1.6670830249786377,1.6670830249786377,1.6226279735565186,1.6281850337982178,17096,-0.007452352181813282,0.01384096966213133,-0.002043449253491092,0.0654545724028961,0.002326289522711665,0.009718262321631668,-0.0034690217334342925,0.009718260828710936,0.01713956135617949,0.016001831129275577,0.0237712720872241,-0.6545425153572584,0.17849023529159966,-0.023332965783703766,0.02730343941217463,0.1250040223535595,0
2005-06-10,NEOG,1.612625002861023,1.614848017692566,1.592620015144348,1.5948430299758911,58485,-0.020478018855477842,0.007724562634331189,0.0056060878251764645,-0.027118911281781122,-0.019674922365818113,-0.01150379854519455,-0.022546209889441643,-0.010358533177382683,0.018776669238372883,0.014680375493473903,0.017878194820793888,2.4209756668226485,0.728285909968246,-0.011026725279332841,0.013937423389281145,0.10000965344146087,0
2005-06-13,NEOG,1.5837290287017822,1.6115139722824097,1.550387978553772,1.5615010261535645,62984,-0.020906135083921473,-0.0422636667759998,-0.028354069705037177,-0.06892012086363375,-0.03196933605634092,-0.029428273974994115,-0.03957917166946185,-0.028743920462520577,0.012092311524825141,0.015373811950347002,0.01743351929063205,0.07692570744635385,0.8610041037951219,-0.01403523086675917,0.039145663502513965,0.18180559401827748,0
2005-06-14,NEOG,1.6115139722824097,1.6115139722824097,1.5348279476165771,1.550387978553772,162859,-0.007116900606314203,-0.054877726194694554,-0.03660182058712225,-0.0822365134124925,-0.02800977586702633,-0.03279461090310144,-0.042322889752908835,-0.034521637906120436,0.00917124341067334,0.015353859890754058,0.017264528757215847,1.5857201829035947,2.092480335497863,-0.03793078730931765,0.049462473733424155,0.20290569246481752,0
2005-06-15,NEOG,1.5226030349731443,1.5403850078582764,1.5070430040359497,1.5259369611740112,107973,-0.01577090232766709,-0.06978315726258066,-0.043205549077090954,-0.09253114910110127,-0.029407647427786215,-0.04393850383338065,-0.052874881148643825,-0.047546399575225405,0.00675369576628803,0.01576226781826096,0.017459774230462,-0.33701545508691566,1.4026875979203852,0.0021896227212798935,0.021850184293769448,0.5666713146199583,1
2005-06-16,NEOG,1.559278964996338,1.589285969734192,1.5281599760055542,1.5859520435333252,73782,0.03932998799186316,-0.02593869209470112,-0.012456739082927992,-0.03711177755138495,0.014214677718249498,-0.005089602196101239,-0.013753554812950973,-0.008711091005199793,0.02538806298225755,0.020837012879239544,0.01960440513905945,-0.31666249895807286,0.9715687552590099,0.017106033709016238,0.038542145065405486,0.9454581267722647,0
2005-06-17,NEOG,1.567057967185974,1.567057967185974,1.5281599760055542,1.5559450387954712,35991,-0.018920499431371085,-0.024389855584099673,-0.016853693916870194,-0.0572390034921747,2.758153726546458e-07,-0.022277814011869592,-0.02956335468867546,-0.02683130966733565,0.025159018648903964,0.021195361036084912,0.01995089709163988,-0.5121980970968529,0.47534112603453826,-0.007091587307684999,0.024999592023206955,0.7143058535090449,1
2005-06-20,NEOG,1.592620015144348,1.592620015144348,1.5615010261535645,1.578171968460083,39590,0.014285163749626184,0.010676228851148384,-0.03203865450344068,-0.04377150828029963,0.01211660825487508,-0.005045050147475627,-0.013478048827943222,-0.012847083993114024,0.024394622632647602,0.0190391611362636,0.020307252378164026,0.09999722152760415,0.5247447850256209,-0.00907187310650206,0.019718376458775992,0.5357160642801088,1
2005-06-21,NEOG,1.5837290287017822,1.6137369871139526,1.562613010406494,1.5881750583648682,39590,0.006338402978064428,0.024372660478407804,-0.03184258190465694,-0.01584020751411297,0.013619065035487852,0.004569560166468728,-0.006431269904212276,-0.006189407924363312,0.023823101160571906,0.019050238061979294,0.019811533902403252,0.0,0.5545035379538693,0.0028073171499107055,0.03219039137920618,0.5000011658843604,0
2005-06-22,NEOG,1.5703929662704468,1.578171968460083,1.5303829908370972,1.557055950164795,53987,-0.019594255706365526,0.020393364721201568,-0.05081290591883181,-0.06848406502958748,-0.010173840526244506,-0.00989400119353658,-0.022398972780088372,-0.024780698157440592,0.024703668457453972,0.01969622368805362,0.018263319516967545,0.36365243748421316,0.7518860868971798,-0.008492788997473775,0.030691882085501148,0.5581404050558393,1
2005-06-23,NEOG,1.569280982017517,1.6215159893035889,1.569280982017517,1.6215159893035889,19795,0.04139866594515862,0.022424351300705858,-0.004095999137807671,-0.006131078424918335,0.02616371339843295,0.031532511857352286,0.0183922004459419,0.015874938127447318,0.02544351908203276,0.024500431984588615,0.020140274510880646,-0.6333376553614759,0.2820503686816514,0.033285949351732284,0.03221368622365898,1.0,0
2005-06-24,NEOG,1.612625002861023,1.6170710325241089,1.5937319993972778,1.608180046081543,29693,-0.008224367388306453,0.03357124190357608,0.00836258857766925,0.014015557808857881,0.011039874883516453,0.02218155133812223,0.00931205467574071,0.008601507447747143,0.02332213804357286,0.02366251565368038,0.01916652927306815,0.5000252589037635,0.42774393274337813,-0.0027563486685336044,0.014512699112079174,0.6190507809706715,1
2005-06-27,NEOG,1.638187050819397,1.638187050819397,1.5659470558166504,1.6115139722824097,26993,0.0020731050661833006,0.021126977597289542,0.032028762896199714,0.0027665474154376923,0.008906200530447595,0.021054817842857173,0.011263374221048878,0.01193385363337583,0.02298462569001186,0.02237045507037043,0.018945908703333562,-0.09093052234533394,0.3924094153255262,-0.01628207140548805,0.0448274084154741,0.6307713125399138,0
2005-06-28,NEOG,1.6392990350723269,1.6392990350723269,1.5526100397109983,1.5559450387954712,40490,-0.034482439769501605,-0.020293744949363424,0.003584302973558273,-0.03314870962793204,-0.021936280383362323,-0.01450063299859514,-0.0219704364216732,-0.0211429786218265,0.028669899670212058,0.02528156714244202,0.020474389587811493,0.5000185233208609,0.5836589897755169,-0.0508473405361201,0.05571468991503615,0.03847084708471084,1
2005-06-29,NEOG,1.601511001586914,1.6292959451675415,1.5526100397109983,1.6092909574508667,75581,0.034285220444992826,0.03354728985849431,0.05462479669718823,0.00905915328557061,0.004997071524730941,0.013934415936037453,0.011102400423090195,0.014076476061749646,0.031243397042971736,0.026592002464301757,0.021878525730816126,0.8666584341812793,1.0980367658755956,0.0048578847452459524,0.047651983068378416,0.7391308403079189,0
2005-06-30,NEOG,1.6115139722824097,1.638187050819397,1.578171968460083,1.589285969734192,130467,-0.01243093278070917,-0.0198764734865422,0.002102160790082408,-0.010380764361318073,-0.003484497501456542,0.001119975957315739,-0.0009433260115571379,0.0024534237043805766,0.025102030722255066,0.024241279215007412,0.022014501639891843,0.7261877985207923,1.8941807084430686,-0.0137932422123129,0.037762292943007286,0.18518680366992887,0
2005-07-01,NEOG,1.6326299905776978,1.6326299905776978,1.5681699514389038,1.569280982017517,53087,-0.012587405978308985,-0.024188251905504332,0.008570960342127343,-0.008427185916922597,-0.011204594735924986,-0.01231124067429131,-0.013105155947650446,-0.009067297731349113,0.025370598193400234,0.023756202913902503,0.021952485146064203,-0.5931001709244483,0.7814605703703867,-0.038801816042693754,0.04107616155261251,0.017235958796441846,1
2005-07-05,NEOG,1.567057967185974,1.6115139722824097,1.567057967185974,1.57150399684906,64784,0.0014165817702607164,-0.024827569677650985,-0.004225123588736168,-0.03612841081728302,-0.004786002731213433,-0.010496828999088955,-0.009873236627902945,-0.00702244321500956,0.025328907998966137,0.023307279817255857,0.02076659141905491,0.22033642888089355,0.9876565795621985,0.0028371826417309025,0.028288827254383166,0.10000965344145638,0
2005-07-06,NEOG,1.6115139722824097,1.6115139722824097,1.5448310375213623,1.5448310375213623,176356,-0.01697288672582331,-0.0071429266439339,-0.02729171486179327,-0.05826525810064509,-0.020298559042323517,-0.024629600713557503,-0.02373904712640179,-0.023148996315293928,0.02103937640906783,0.023744470368062733,0.020953527085142667,1.722215361817733,2.6739424943767243,-0.04137906087565806,0.04316519615506835,0.0,1
2005-07-07,NEOG,1.5837290287017822,1.5948430299758911,1.5615010261535645,1.5770610570907593,17996,0.020863135700011082,-0.020027391697496344,0.012848033446612561,-0.038617718386984023,0.0042463575105242315,-0.005536398762212765,-0.0013722524544289914,-0.00233412247798206,0.015496920568101601,0.023956214498804657,0.021608842797578718,-0.897956406359863,0.27953236267444564,-0.004210298283468879,0.02114185983631694,0.46667953792193584,0
2005-07-08,NEOG,1.5837290287017822,1.6115139722824097,1.5681699514389038,1.5681699514389038,67483,-0.005637768818067879,-0.013286481286196583,-0.03289886637972417,-0.036860111789205674,0.0012773499782448119,-0.007805314967789389,-0.005111858374263192,-0.007400439542322263,0.014850980799736428,0.01945390427245099,0.021587427257959348,2.7498888641920427,1.0087401324099416,-0.009824330413159464,0.027639874621838492,0.0,1
2005-07-11,NEOG,1.5837290287017822,1.608180046081543,1.5770610570907593,1.603734016418457,71082,0.022678705804125787,0.021954662546566972,-0.00276463426711393,0.005574834811611806,0.019499576826955838,0.014981895003924077,0.017164042510409386,0.01443962497862118,0.017114172552634147,0.020958118654375472,0.02176327245562985,0.05333195026895665,1.0526276819370886,0.012631572291803818,0.019404083639929424,0.8571280813652818,0
2005-07-12,NEOG,1.6115139722824097,1.6170710325241089,1.5003750324249268,1.567057967185974,221345,-0.02286915963433267,-0.002829155809976114,-0.027586484424625968,0.0035587175027977924,-0.0032520885935732498,-0.0054316088025069984,-0.006272762697163086,-0.008439101093927417,0.0211642668384068,0.022125172764042234,0.021869069320035815,2.113938831209026,2.933812438532358,-0.027586484424625937,0.07446820892576017,0.5714243393464391,1
2005-07-13,NEOG,1.582617998123169,1.60595703125,1.578171968460083,1.597066044807434,53087,0.019149309246898394,0.03381276399643118,0.026428315259642288,0.03010734532217163,0.009129328225474341,0.01097520875892904,0.011259751751508817,0.010065593958583297,0.0202321579522221,0.01992149564583317,0.022180175326142314,-0.7601617384625811,0.7588453577595572,0.009129206606647414,0.017397566544135733,0.6800084092020697,0
2005-07-14,NEOG,1.5837290287017822,1.647078037261963,1.5837290287017822,1.5837290287017822,133167,-0.008350948383765822,0.00422809984498862,-0.01588396966423944,0.03787316841929522,-0.0001403913077686165,0.004157456196100914,0.000983282265119267,0.00043514126733693346,0.019368792717561402,0.016740294301737357,0.02193295597665185,1.5084672330325692,1.8698686976338614,0.0,0.03999990365277907,0.0,1
2005-07-15,NEOG,1.6248509883880615,1.6526349782943726,1.5948430299758911,1.6137369871139526,30592,0.01894765952277111,0.029057460024175308,0.015384907339143217,0.017519409678192766,0.012976357367038728,0.02160009539658577,0.01905477881452682,0.016992034156514412,0.020359666263090062,0.017386693099623846,0.020540744923405935,-0.770273416086568,0.4429912334305466,-0.00684001262487126,0.035812495332239985,0.32693061382772887,1
2005-07-18,NEOG,1.6415209770202637,1.7093160152435305,1.6415209770202637,1.6893110275268557,363509,0.04683169625309369,0.0533610999282248,0.07648728741682964,0.08571381726608363,0.04914407462951584,0.06137828704077798,0.06230552942296307,0.06105228837052061,0.027086586173559003,0.021614455351262902,0.022354906805612494,10.882485617154812,4.254866639277007,0.029113274320345207,0.04013176799213729,0.7049195893836192,1
2005-07-19,NEOG,1.684865951538086,1.7771110534667969,1.684865951538086,1.7159849405288696,180855,0.01578981760455589,0.09503603342148836,0.09193800586540068,0.08732443283938118,0.04635422506863149,0.06843839775683477,0.07442354228393093,0.07340022634822936,0.019567971422792964,0.021635053008184166,0.022392581454261217,-0.5024744916907147,1.9552536597152663,0.018469712063666363,0.05375635866610859,0.3373511258606786,0
2005-07-20,NEOG,1.7648860216140747,1.7648860216140747,1.6526349782943726,1.6693060398101809,128668,-0.027202395321897277,0.045232941516490044,0.08057515628928269,0.05108440723709795,0.009001639633050727,0.03138080993445012,0.04254866581966272,0.040814804522538994,0.028230113572849554,0.023187920237027614,0.02347217590987274,-0.2885571314036106,1.3271466934018628,-0.05415646145606686,0.0672441365709468,0.14851587141446412,1
2005-07-21,NEOG,1.6670830249786377,1.733767032623291,1.6670830249786377,1.6926449537277222,41390,0.013981207376566607,0.06877181831744328,0.07329069227679952,0.08708036698910959,0.009812788144488938,0.038385284549804964,0.05266771882765846,0.05182437769680315,0.02647024255492562,0.022864262849445625,0.022985296644290734,-0.6783193956539311,0.42970899388503025,0.01533332675462401,0.03939633500681565,0.38332922168234457,0
2005-07-22,NEOG,1.6781970262527466,1.6959799528121948,1.6670830249786377,1.6781970262527466,45889,-0.008535710600830249,0.039944575636253976,0.07016272357016229,0.03495558312286584,-0.006448311854416702,0.02261943071329728,0.041846180593296346,0.04090534684528734,0.027914358238335494,0.023064400378038488,0.02141715039916851,0.10869775308045426,0.47005040680886284,0.0,0.017219031723635696,0.3846084032920113,1
2005-07-25,NEOG,1.6515239477157593,1.6982020139694214,1.6515239477157593,1.6982020139694214,151162,0.011920523873972133,0.005263084356692982,0.05890502825520616,0.05597754312847236,0.004338022525686697,0.028886839861817427,0.05132776620047911,0.05254439599817722,0.01865898817783153,0.02249794818653993,0.021387839917787244,2.294079191091547,1.4576975799705205,0.028263632700102865,0.027486757093495365,1.0,1
2005-07-26,NEOG,1.705981969833374,1.8560199737548828,1.6392990350723269,1.8249009847640991,268133,0.07460771436640123,0.0634714452690135,0.16453955308439783,0.13241400084137434,0.06554215263364488,0.08864307065866016,0.12235155775229183,0.12900364017663862,0.03833290841323018,0.028839449230836138,0.02671813130166263,0.7738122014792077,2.316360728997984,0.06970707606150146,0.11875764246495323,0.8564098643169614,0
2005-07-27,NEOG,1.85379695892334,1.8715790510177612,1.7837790250778198,1.8048959970474243,124169,-0.010962231860081384,0.08122534394751346,0.13013234669643814,0.1599998406400509,0.037434758306661015,0.06352346660196971,0.10161467146683537,0.1150325553789638,0.034584462718866074,0.029989937593568477,0.02529585369976192,-0.5369126515572495,1.0352584331678896,-0.02637881222133235,0.04864547657237362,0.24051213816325423,1
2005-07-28,NEOG,1.8237890005111697,1.861577033996582,1.7915589809417725,1.8504630327224731,185354,0.02524634978945639,0.09323755619699647,0.16842149078958202,0.14986231927483495,0.044673291182381926,0.0735011929128824,0.12117463740599599,0.14080190196057268,0.03477003425877326,0.029241853890673363,0.024873969655831153,0.4927558408298367,1.4777632719771185,0.014625613052731056,0.03783812581859378,0.8412694899498429,0
2005-07-29,NEOG,1.8560199737548828,1.8671330213546753,1.8326799869537351,1.833791971206665,84579,-0.009009129726456067,0.09271554085717049,0.1363635994278498,0.15384644810862258,0.0173880869678422,0.0504202630345421,0.10290442780047007,0.12792759360067898,0.03486243170951618,0.030254249238080174,0.024742575149231654,-0.543689372767785,0.6868838792749545,-0.011976165592253124,0.018787864131758363,0.03227536477598517,0
2005-08-01,NEOG,1.874912977218628,1.9060319662094116,1.7948930263519287,1.831568956375122,72882,-0.001212250280537619,0.07853420341550854,0.08421061990966305,0.16713894921507255,0.0013365784387077719,0.04066678636844594,0.09294687614562475,0.12405529980942476,0.03594678603342308,0.028067564136060163,0.024385528164287518,-0.1382967403256128,0.5871704205710253,-0.023117884067240975,0.06067963724250884,0.33000071865202335,0
2005-08-02,NEOG,1.8126749992370603,1.900475025177002,1.7948930263519287,1.8148980140686035,94476,-0.00910200090937996,-0.005481377224851869,0.05764215710963572,0.15487966795347652,-0.006691162137963932,0.025431633569201827,0.0751908468647328,0.11157994855584484,0.01514884698979218,0.028446733370010517,0.02464777794895235,0.2962871490903103,0.7521453529890844,0.0012263725336747289,0.058175169076515515,0.18947347028179287,1
2005-08-03,NEOG,1.8326799869537351,1.9115890264511108,1.7793339490890503,1.8804700374603271,232142,0.03612986673820062,0.04187168708697464,0.12649807321979023,0.21726583152905077,0.020752816272082086,0.04995341927222353,0.10307057083474057,0.14799030090432183,0.020943600701329956,0.027265476064559632,0.024731867173249704,1.457153139421652,1.8079876633592424,0.02607659321146854,0.07033086128863714,0.7647047689096081,0
2005-08-04,NEOG,1.735990047454834,1.8804700374603271,1.7304329872131348,1.8104530572891235,219545,-0.03723376537589784,-0.021621602121110972,0.06960000873304928,0.1479917338323653,-0.012966349319231713,0.004253947067064634,0.054778816518379736,0.10337474641409257,0.026333183411414173,0.031410870017938644,0.026739349380779976,-0.05426420036012436,1.5854434847476573,0.04289368475554402,0.08287265424702583,0.5333353991174334,1
2005-08-05,NEOG,1.8460170030593872,1.878247022628784,1.8215670585632324,1.8215670585632324,108873,0.006138795606636993,-0.0066664664451489,0.08543098936995341,0.16158778383160532,-0.005581621384343733,0.0024466977937655458,0.053477622186001814,0.10758244150972071,0.02649597620954258,0.030933991276825924,0.02656954318107737,-0.5040971099319046,0.7746489646195043,-0.013244701676980285,0.031116045823895204,0.0,0
2005-08-08,NEOG,1.8093409538269043,1.833791971206665,1.7782219648361206,1.7937819957733154,37791,-0.015253384529160585,-0.020630924361478176,0.05628304584357591,0.11850342850448703,-0.016693053803895325,-0.01800924670575095,0.03173852293079162,0.08793843636273753,0.027250051703142115,0.031796522211814476,0.026807887041201718,-0.6528891460692734,0.2721118314751398,-0.008599240524943846,0.03097924190424696,0.2800077227531615,0
2005-08-09,NEOG,1.761551022529602,1.8026729822158811,1.7537720203399658,1.7837790250778198,207848,-0.005576469559325226,-0.01714641194687394,-0.02253380321979226,0.13829804795352918,-0.018828942268354524,-0.02128201119572544,0.019630090936228854,0.0795575228392289,0.027125965348474407,0.020743916753417108,0.026098937604997343,4.4999338466830725,1.5039048721270603,0.012618426752293655,0.027414248731723892,0.613628108461258,1
2005-08-10,NEOG,1.7782219648361206,1.8193440437316897,1.7782219648361206,1.8115639686584473,41390,0.015576449319116392,-0.03664300277548749,0.0036943799653448295,0.13430748499626155,0.004065419356629052,-0.006400574422277355,0.02920279718309503,0.09369545174592418,0.02040946934010629,0.021174928496856746,0.02602218440606338,-0.8008640929910319,0.3007541743356922,0.018750192316626474,0.02269976639357759,0.8108054047315999,1
2005-08-11,NEOG,1.8060070276260376,1.904921054840088,1.7737770080566406,1.88824999332428,65684,0.04233139209686443,0.04297097664141902,0.02042027316061179,0.19228097679823453,0.03762062926293198,0.03351788158844872,0.06357011354893621,0.13596862545966784,0.022149955014937103,0.023900917908853563,0.02693753513418027,0.5869533703793186,0.48927886787407204,0.04553856349404645,0.0694526928357442,0.872879769042539,1
2005-08-12,NEOG,1.9171459674835205,1.9282599687576296,1.861577033996582,1.9115890264511108,89078,0.012360139393270853,0.04942006799293108,0.0424241443227904,0.1845728527731425,0.040154812076502254,0.04185592067358237,0.06775923634368,0.1457958569251337,0.022148829843128538,0.023734246112894347,0.026851834286638815,0.3561597953839595,0.6493945324389256,-0.002898548742067776,0.034883509916796965,0.7499968715195631,0
2005-08-15,NEOG,1.874912977218628,1.9338170289993288,1.874912977218628,1.891584038734436,24294,-0.010465109100262215,0.05452281447331475,0.03276703405046266,0.1197369862101163,0.018429896959091713,0.027591586911233177,0.05064969191218963,0.1296210307299371,0.02085581788900689,0.024154678273690566,0.02561324044498754,-0.7272727272727273,0.20209616330075425,0.008891645488815741,0.03114006598412125,0.2830206244194249,0
2005-08-16,NEOG,1.9182569980621336,1.929370999336243,1.7982269525527954,1.8382370471954343,51287,-0.028202284670732047,0.030529578693324178,0.01285969401361009,0.07124311162595998,-0.01606201041663344,-0.0026533582681475746,0.017564189648625144,0.09504497554464052,0.026891046488411032,0.02594956490732535,0.026596245937220098,1.1110973903021324,0.4509472732756127,-0.041714927117449424,0.07134229341288253,0.30508510011671275,0
2005-08-17,NEOG,1.863798975944519,1.863798975944519,1.8104530572891235,1.8137869834899905,33292,-0.013300821971109156,0.0012271246668642544,-0.03546084364119706,0.0865515011832334,-0.029380181545924807,-0.012345624517841472,3.0723615817298085e-05,0.07825270878646899,0.027500162486717578,0.023199332366706,0.02591698816052673,-0.3508686411761265,0.30553518674704877,-0.026833361912962726,0.02941134716533812,0.06249636869885868,1
2005-08-18,NEOG,1.833791971206665,1.8515739440917969,1.8060070276260376,1.8515739440917969,89978,0.02083318545439039,-0.019423301661404824,0.022713036738022607,0.09389387302639252,-0.005254380847428718,0.005977837374284296,0.016411374703902002,0.09795956810358956,0.01998808764373844,0.020936075674078788,0.02609399165432796,1.7026913372582002,0.8077578073170227,0.00969683211854778,0.024609828093098383,1.0,1
2005-08-19,NEOG,1.878247022628784,1.889361023902893,1.8204549551010132,1.889361023902893,44089,0.02040808574330577,-0.011628023723009306,0.037217386546907205,0.12582789407132688,0.017476582471106637,0.022740846730803174,0.03117781674800824,0.11690722315431008,0.021847753581707173,0.02168861344879612,0.02611721814928142,-0.5100024450421214,0.39611939735297474,0.005917220227270221,0.03647056752527855,1.0,0
2005-08-22,NEOG,1.8371260166168213,1.8371260166168213,1.722653031349182,1.7982269525527954,197951,-0.048235392917040376,-0.049353919397681745,0.002477980484782316,0.05890049461758262,-0.021765546854385826,-0.026825617788038575,-0.021233079664876107,0.06048269295160683,0.030327583170099624,0.0268206474972958,0.028761316371163834,3.4898047131937675,1.7418862345924804,-0.0211738681572105,0.0636588085308873,0.6601900092578232,1
2005-08-23,NEOG,1.7937819957733154,1.898252010345459,1.7937819957733154,1.874912977218628,114271,0.042645353834213084,0.01995168690520588,0.05109038219396722,0.027405318355392172,0.015897832750945688,0.009695890093716611,0.01911969358767719,0.10163502821590069,0.03561177688552622,0.02976549962998438,0.025263138208509284,-0.4227308778435067,1.0785507885187777,0.04522900867356304,0.05571992718676544,0.7765958660729976,0
2005-08-24,NEOG,1.7971160411834717,1.8393490314483645,1.7960050106048584,1.8071180582046509,57586,-0.03615896835625332,-0.0036767963085210242,-0.002454183529102094,0.0012311297497815676,-0.0201278365861904,-0.026580610338738993,-0.017789939520839758,0.05860731161879185,0.03969638001997185,0.03219608337746708,0.026522380866763284,-0.4960576174182426,0.5611604032372015,0.005565593312823849,0.023985162810319,0.25639170947975093,1
2005-08-25,NEOG,1.8060070276260376,1.8304580450057983,1.7582169771194458,1.8304580450057983,46788,0.012915584953168802,-0.011404296951454396,-0.030606089512934864,-0.01081080106055543,-0.005194177348766142,-0.01092934062737596,-0.004562944272073604,0.06846780675737418,0.03880030723022203,0.029117885458879153,0.02605348227527938,-0.18751085333240713,0.4889477820322036,0.013538716630522278,0.039466115098051154,1.0,0
2005-08-26,NEOG,1.7915589809417725,1.8282350301742551,1.7893359661102295,1.8282350301742551,33292,-0.0012144582267855641,-0.03235273351959422,-0.04360455888973347,-0.003030300666412744,0.000243363565444014,-0.007661076561136967,-0.00562161202699657,0.06416023116057011,0.036879745601404744,0.0286493935289837,0.02597327117445186,-0.28845002992220226,0.3574908847448399,0.020471583477091618,0.02127683991500702,1.0,0
2005-08-29,NEOG,1.822677969932556,1.822677969932556,1.7960050106048584,1.8215670585632324,30592,-0.003647217945707548,0.012979510721548682,-0.03701499840210565,-0.005460836064662522,-0.005943478038949594,-0.00750847013147073,-0.008978766989191976,0.057010507737604924,0.028571850688303806,0.028561482875797975,0.025985791329480312,-0.0811005647002283,0.33613020650494135,-0.000609494045382364,0.014642864341615798,0.9583506518464967,1
2005-08-30,NEOG,1.801561951637268,1.8282350301742551,1.801561951637268,1.8260120153427124,9898,0.0024401828955920024,-0.026081723509353782,-0.006650410985554633,0.00612376077771648,0.0018291622594604848,-0.004423467641573522,-0.006860747642049437,0.05655083945882863,0.018461295650382886,0.02721645567792878,0.025899926144332522,-0.676451359832636,0.11405400453657927,0.013571591963975484,0.01460728533704691,0.9166569832402311,0
2005-08-31,NEOG,1.8215670585632324,1.8282350301742551,1.7715539932250977,1.7948930263519287,63884,-0.017042050506410944,-0.006764932593760653,-0.01041685562309358,-0.04550830877580725,-0.013921299222238035,-0.020380993822474408,-0.02150873244890061,0.03606658244807606,0.010832823584705874,0.02743934531718523,0.02476780252633976,5.454233178419883,0.8151531410714866,-0.014643453330970396,0.031579061323983276,0.41176087070824074,0
2005-09-01,NEOG,1.7893359661102295,1.8060070276260376,1.7793339490890503,1.7848910093307495,25194,-0.005572486423610412,-0.024893788633601033,-0.036014189427231114,-0.0141191442967592,-0.014481991259449222,-0.022281569920505902,-0.026282913349752874,0.027590279867868397,0.007363000896239693,0.026386659102169734,0.023372064700499632,-0.6056289524763634,0.3669759515243325,-0.0024841376151079697,0.01494381359844961,0.20833966480446928,0
2005-09-02,NEOG,1.7982269525527954,1.8326799869537351,1.7837790250778198,1.7848910093307495,85479,0.0,-0.023708122931751507,-0.05529383386788489,-0.020134339309699212,-0.009742187815289089,-0.01665427092777976,-0.025307831400018455,0.025660855691523696,0.007537362326950275,0.02510331221601263,0.023321222360705957,2.3928316265777565,1.2666689388337558,-0.007416162461091996,0.027397169698474125,0.022739516980285857,1
2005-09-06,NEOG,1.7504379749298096,1.801561951637268,1.7504379749298096,1.8004499673843384,29693,0.008717035366446746,-0.01159281569109527,0.0012362259548981402,0.003717269783471311,0.0012359737313452604,-0.0082038787081018,-0.016990374080764748,0.032320458562319014,0.009710448732375044,0.020303698221269362,0.023152396444060905,-0.6526281308859486,0.44266112489266296,0.028571130865996112,0.02839511101868079,0.978249261412259,0
2005-09-07,NEOG,1.7504379749298096,1.8193440437316897,1.7504379749298096,1.7915589809417725,56686,-0.004938202451403084,-0.018867912210574156,-0.044457528050453,0.004361502044017529,0.00012403154673652458,-0.00854918410944191,-0.022052376036155473,0.0251061748500867,0.00936616103704463,0.013819637391044361,0.02314410436682395,0.9090694776546662,0.9523809523809523,0.02349183838611122,0.03846151286945525,0.5967690034704302,1
2005-09-08,NEOG,1.7837790250778198,1.8237890005111697,1.732655048370361,1.8193440437316897,71082,0.015508874162385222,0.013622548542325585,0.006765460325920847,0.004294673115520231,0.012869777350100461,0.006146355829484122,-0.007096345698928771,0.03787598114833371,0.009142331161148553,0.009688416839996309,0.023141788141479706,0.2539604135059803,1.165185091689356,0.019938018192762568,0.050091653887453874,0.9512261163368378,0
2005-09-09,NEOG,1.8215670585632324,1.8215670585632324,1.8060070276260376,1.8060070276260376,7198,-0.007330672915660474,0.011830424482448088,-0.013357868237664716,-0.04355512563961561,0.0030863512943653066,0.00012299955892585625,-0.012158085430729966,0.027960496183836944,0.009566116754239328,0.008942695150255257,0.020976651067825588,-0.8987366703244141,0.12393122660578576,-0.008542112607958476,0.008615708964127451,0.0,0
2005-09-12,NEOG,1.7793339490890503,1.7793339490890503,1.7515490055084229,1.7626630067825315,42289,-0.023999918151193955,-0.01245342288801854,-0.03586629853901979,-0.07790692330195181,-0.018564316824398085,-0.02032244582527454,-0.03192328682136246,0.0013132481920844089,0.0153429654281657,0.011463698380291295,0.021239291738516904,4.875104195609891,0.7586675194178807,-0.009369203748994758,0.015763049132882498,0.4000008580855174,1
2005-09-13,NEOG,1.761551022529602,1.769330978393555,1.761551022529602,1.763774037361145,13497,0.0006303136642331619,-0.02037042444254944,-0.031727089557532895,-0.06756770979036297,-0.013918380701891374,-0.016545987524227767,-0.027901278072252303,-0.0002647327864720642,0.01426536845082669,0.011540725293545311,0.021201788214799854,-0.6808389888623518,0.24450511129266883,0.0012619644864732336,0.004410970849527171,0.2857361751681576,1
2005-09-14,NEOG,1.7826679944992063,1.8048959970474243,1.765997052192688,1.769330978393555,36891,0.003150596910205028,-0.01240707271414132,-0.03104088936595495,-0.03748486567986875,-0.008346957499776236,-0.010319685388563378,-0.02298336066112464,0.0006409628216471975,0.01459098494992393,0.011581135623541922,0.020406019198345535,1.7332740609024229,0.6771289336747336,-0.007481491868819968,0.021985114899222648,0.08570736849847954,0
2005-09-15,NEOG,1.7626630067825315,1.7793339490890503,1.7504379749298096,1.7593289613723757,23394,-0.00565299378314188,-0.03298720908015618,-0.019814030394800786,-0.030024486123960137,-0.007274398832228002,-0.013952812100581554,-0.02704351778233597,-0.0074238187313755725,0.010624631943847164,0.010572443102863757,0.020248424828176268,-0.3658615922582744,0.4333297521977676,-0.0018914820344710075,0.016424429310082086,0.30768945160213146,0
2005-09-16,NEOG,1.7504379749298096,1.761551022529602,1.7504379749298096,1.7504379749298096,15296,-0.005053623647297112,-0.030769012438048193,-0.0193025984336479,-0.054621620424451844,-0.006058130986899083,-0.01703784169255231,-0.02924571439523157,-0.014368128438646509,0.010636449380945087,0.010553939898848976,0.019573444499095007,-0.34615713430794226,0.30438286652405355,0.0,0.006348724010194135,0.0,1
2005-09-19,NEOG,1.7671079635620115,1.8004499673843384,1.705981969833374,1.7815569639205933,675731,0.017777830141071815,0.010718984323923486,-0.0018679266088108548,-0.05705847565311084,0.009446039445630798,0.0006244335292107875,-0.009025501744652704,0.0007493990839490237,0.009491002784909868,0.012267214769376426,0.01941879151098427,43.17697437238494,8.257277484095969,0.008176637000410825,0.05302552736965133,0.8000063095065335,0
2005-09-20,NEOG,1.7826679944992063,1.836014986038208,1.7804449796676636,1.7815569639205933,269033,0.0,0.010082315638376249,-0.010493489853090732,-0.009270236222706507,0.0074159020654300445,0.0016873633451045147,-0.008565846786702483,-0.0012458724758633714,0.00952071265335865,0.011872936859418407,0.0162015254765376,-0.6018637593953807,3.1506862149207095,-0.0006232403240768195,0.03119182125294158,0.020010511525136488,1
2005-09-21,NEOG,1.8171210289001465,1.8171210289001465,1.7948930263519287,1.7948930263519287,29693,0.007485622240215761,0.014447295769151491,0.001860974405879512,-0.04267928796642406,0.012031344346600574,0.00899647208342087,0.001084619694076865,0.0036665367054059587,0.009838711129660154,0.012062484386531179,0.01285322249647719,-0.8896306401073474,0.3658584668764585,-0.01223253828154296,0.012384026358047412,0.0,0
2005-09-22,NEOG,1.7782219648361206,1.801561951637268,1.7515490055084229,1.7571059465408323,63884,-0.02105255257907912,-0.0012635583681913642,-0.03420908618427099,-0.027675066073715726,-0.009026076786638967,-0.008777483556891287,-0.018622049740740294,-0.019218627095810938,0.014497351742781153,0.012458556565093506,0.011065959277619589,1.1514835146330786,0.7840961672764675,-0.011874793312000474,0.02846325016843997,0.11111005174727055,0
2005-09-23,NEOG,1.8004499673843384,1.8004499673843384,1.7504379749298096,1.7504379749298096,38690,-0.0037948603066023656,0.0,-0.030769012438048193,-0.04371587226176232,-0.01278668439271934,-0.009433833708145996,-0.020156646276143456,-0.024755555473435064,0.01440192783898409,0.012384705249403298,0.010551542063509906,-0.3943710475236366,0.4772430670854005,-0.02777749638174358,0.028571130865996112,0.0,0
2005-09-26,NEOG,1.722653031349182,1.7915589809417725,1.7115390300750732,1.7259869575500488,89078,-0.013968514011895361,-0.03119182125294162,-0.02080718157206307,-0.05592720352506353,-0.02043660300903839,-0.02123916900712155,-0.03107074710062192,-0.03957955155163433,0.011318649001545044,0.010804831836035929,0.010870732838156563,1.3023520289480488,1.0622341522863945,0.0019353439956830947,0.046361851412992997,0.18055406581095737,1
2005-09-27,NEOG,1.7682199478149414,1.8393490314483645,1.7682199478149414,1.8260120153427124,178155,0.0579523833335589,0.024952921698494945,0.03528682056953514,0.0024401828955920024,0.031128369832503416,0.031840628672337445,0.024953134304774846,0.0145356514257231,0.03132689171581157,0.02189614207144662,0.01739298589309255,0.9999887738835627,1.952656398565279,0.0326837549814925,0.03895323964780884,0.8124956006127274,1
2005-09-28,NEOG,1.833791971206665,1.9171459674835205,1.833791971206665,1.907142996788025,148463,0.04443069419238488,0.0625385294767351,0.07788933787820462,0.04443069419238488,0.06346035756089438,0.0693584331332803,0.06806057280109337,0.05736616466474539,0.035976169582089955,0.025395846471967506,0.02000749976333074,-0.166663860121804,1.5123745103931625,0.039999643761715074,0.043706212075989445,0.8799941077537384,1
2005-09-29,NEOG,1.961601972579956,2.083853960037231,1.9582669734954832,2.0449559688568115,510172,0.07226147819061746,0.16382052709039074,0.16234997192431289,0.1393191342512088,0.10483982556107749,0.1285574912827802,0.13727681551083315,0.12906999215030587,0.03821474153983917,0.031919763544371926,0.024832383351830262,2.436357880414649,4.234498866615925,0.04249281834032103,0.06141305165213631,0.6902705268153803,0
2005-09-30,NEOG,2.0449559688568115,2.0894110202789307,1.9838290214538576,2.000499963760376,284329,-0.021739345870262272,0.14285681207332912,0.14285681207332912,0.12079670596271863,0.05238537407074596,0.08899497110242922,0.10592269940772499,0.1007826549911471,0.04289907925422528,0.0335158061030107,0.02551112891434845,-0.4426801157256768,2.130816383654716,-0.02173934587026229,0.052777805917381085,0.15789568763647435,1
2005-10-03,NEOG,1.968269944190979,2.028285026550293,1.968269944190979,2.028285026550293,95376,0.0138890593817802,0.17514504827391097,0.13849013398187182,0.1363635179667384,0.034111625373850395,0.08948726680508966,0.11378969099834138,0.1117880549297355,0.03760228061787553,0.033488817319734916,0.025527688466131678,-0.664557607560256,0.7121252281950101,0.030491286287451826,0.029589077261684277,1.0,1
2005-10-04,NEOG,2.0016119480133057,2.106081962585449,2.0016119480133057,2.0682950019836426,113372,0.019726012325495867,0.132684223655263,0.16094800439725354,0.148765608293145,0.02908656052424477,0.09412671346744,0.12746883441104936,0.12913798254518194,0.035158525345252316,0.033181787521928595,0.02569132825979349,0.1886847844321422,0.8208495139392442,0.033314676222093394,0.05051020984528288,0.6382985035795873,1
2005-10-05,NEOG,2.0894110202789307,2.09496808052063,2.036065101623535,2.078296899795532,267233,0.004835817812399501,0.08974361298327449,0.15789457604591273,0.16004938821664094,0.01674619020335422,0.08317864627524368,0.12413558027002736,0.1314678411231021,0.03433834348356683,0.03326354740416325,0.025539511418294726,1.3571340366227993,1.797820008772709,-0.005319260009414125,0.028341946188193686,0.7169721966995395,1
2005-10-06,NEOG,2.106081962585449,2.106081962585449,2.05607008934021,2.082742929458618,88178,0.0021392658881047577,0.018478129200469207,0.1853257531561252,0.14477684230997134,0.01516796727386465,0.06738055431434296,0.11857222631621382,0.13046833182045295,0.015902135706045595,0.031195113434063462,0.025500757731373534,-0.6700332668495284,0.5898288668179288,-0.011081730693035233,0.024012504153952015,0.5333301551736467,0
2005-10-07,NEOG,2.078296899795532,2.1116390228271484,2.078296899795532,2.080519914627075,123269,-0.0010673495994634186,0.03999997616410056,0.18857105731524215,0.15199989966920535,0.00623514502021062,0.04850446986375989,0.10920173952193273,0.12644853530172748,0.008641642271670864,0.030998831664469664,0.02535244238975992,0.39795640635986307,0.7937417076435043,0.0010696329440524686,0.016025861034640994,0.0666728639155773,1
2005-10-10,NEOG,2.10052490234375,2.1271979808807373,2.078296899795532,2.1116390228271484,319420,0.014957370982748408,0.04109580023800885,0.22343857442846105,0.1979822658680621,0.013117250605129247,0.04389872351162637,0.11541621290751419,0.13986775241892802,0.008837584145236955,0.028984404154376423,0.024287370508371976,1.59124354054953,1.888297133385001,0.005291115792532326,0.02315787904872811,0.6818279328737364,0
2005-10-11,NEOG,2.122752904891968,2.122752904891968,2.0249509811401367,2.059403896331787,208748,-0.02473676889406351,-0.004298760884365316,0.12781508502027616,0.1676120935610017,-0.011100316138201508,0.00646362788873475,0.07939657347784164,0.10894342047566256,0.014677649279807954,0.028983222983137887,0.02540318670934269,-0.34647799135933877,1.1667097491759597,-0.029842855668312032,0.04749040434760583,0.35227236714763704,0
2005-10-12,NEOG,2.071629047393799,2.071629047393799,2.004945993423462,2.05607008934021,179955,-0.0016188213480198277,-0.01069472338505073,0.07808910648179257,0.16206075315936475,-0.010589165150981307,-0.0024263027935844243,0.06961169365044213,0.10428007433441443,0.014340854678938413,0.02692616112271543,0.025474154291021126,-0.13793186042501004,0.9671180923447165,-0.0075104942524158586,0.03243228638754013,0.766672983206347,0
2005-10-13,NEOG,2.06162691116333,2.06162691116333,2.020504951477051,2.053847074508667,87278,-0.0010811960365886275,-0.013873942165998465,0.004347822538607549,0.16740366332999512,-0.008902649535839373,-0.003934561039404927,0.06033231258399473,0.10103560992082175,0.01417618175674941,0.01460718422850369,0.02536700445367796,-0.5150009724653386,0.4611353287262773,-0.003773639455585636,0.020021918962061343,0.8108106541124085,1
2005-10-14,NEOG,2.020504951477051,2.083853960037231,2.020504951477051,2.082742929458618,200650,0.014069136552858463,0.0010684900518924678,0.04111120579260019,0.18984103366595062,0.00482565302831453,0.0060664410897906425,0.06610533333512729,0.11327612340891421,0.016100119642942945,0.012821246364412198,0.025206306102827404,1.298975686885584,1.010651251779595,0.030803180133792556,0.030416143857296383,0.9824617526956656,0
2005-10-17,NEOG,2.083853960037231,2.083853960037231,2.046066999435425,2.046066999435425,41390,-0.01760943681740257,-0.03105266699605369,0.008766999042228107,0.1484712758960769,-0.006583329729395388,-0.012498043108401698,0.0402892561858244,0.09105341632378548,0.015262815868742988,0.013969914295322038,0.02579457797852328,-0.7937204086718166,0.2481142656411197,-0.01813320958496107,0.018468095430028843,0.0,1
2005-10-18,NEOG,2.0894110202789307,2.123863935470581,2.002722978591919,2.0871880054473877,52187,0.020097585281082964,0.013491335606915067,0.009134578696764928,0.17155277530627244,0.01065522309648983,0.006430656943705011,0.053014995135461075,0.10950914460746865,0.014809883496176568,0.014025752707920449,0.025888414760646763,0.26086011113795604,0.334583525670616,-0.0010639432883082058,0.05804027071950119,0.6972458285934714,1
2005-10-19,NEOG,2.11941909790039,2.11941909790039,2.0327301025390625,2.10052490234375,37791,0.006389887667787475,0.021621253688781428,0.010695296976291013,0.17027860240396042,0.012753122758152043,0.011777190590397666,0.05163576875943638,0.11285123377084745,0.014648560209318665,0.014081492989093102,0.025891296352420712,-0.2758541399199034,0.24165994696283244,-0.008914799142537585,0.041270158361179504,0.782046204620466,0
2005-10-20,NEOG,2.009391069412231,2.110527992248535,2.009391069412231,2.067183017730713,46788,-0.015873120369025107,0.006493152965264537,-0.00747087482944897,0.17647033282217328,-0.004602476845201267,-0.00353603362567127,0.026971609126119594,0.09222848648171125,0.017282389692430563,0.0150595200638049,0.025607611861368697,0.23807255695800578,0.30083696562827716,0.02876092623193885,0.048924996949389135,0.571422846352775,1
2005-10-21,NEOG,2.0860769748687744,2.0905230045318604,2.083853960037231,2.083853960037231,9898,0.00806457007605399,0.0005334458530135144,0.001602505886493022,0.19047574943110512,0.003317623755256567,0.004338608409479296,0.026750135214211712,0.09876568184727602,0.016367653652348154,0.015306072937418563,0.025445626320590102,-0.7884500299222023,0.06423664629931888,-0.0010656437218397718,0.0032003415894414204,0.0,0
2005-10-24,NEOG,2.1116390228271484,2.1116390228271484,2.05607008934021,2.05607008934021,17996,-0.013332926025451775,0.004888935654377535,-0.026315545832516607,0.19124312054981996,-0.011012170338173768,-0.006391068668849711,0.004888918090129516,0.08246664461855244,0.015278971003508194,0.014897944115439385,0.02541573665504241,0.8181450798141039,0.11954901403285938,-0.02631554583251664,0.027026770038160747,0.0,1
2005-10-25,NEOG,2.0160601139068604,2.0960800647735596,2.0160601139068604,2.082742929458618,26993,0.012972729021590634,-0.0021296960202762394,0.011332907142888482,0.14059650865315998,0.0022462854911054777,0.005364826303401976,0.011578661951786943,0.09430656837309996,0.013259427320966553,0.01335427145886427,0.02271031850736836,0.49994443209602135,0.18879616826240803,0.03307580716059862,0.03842046453975929,0.8333273743549406,0
2005-10-26,NEOG,2.0416219234466553,2.0882999897003174,2.0416219234466553,2.05607008934021,47688,-0.012806592566535047,-0.021163668640127864,0.0,0.07808910648179257,-0.0063377291397457465,-0.007510471407790988,-0.004974881560301498,0.07782502435228443,0.013592899728511599,0.014067009462576724,0.021285515939372245,0.7666802504352981,0.3457266817727555,0.00707680777112903,0.022702565683760827,0.3095279443462627,1
2005-10-27,NEOG,2.1016368865966797,2.1116390228271484,2.0582919120788574,2.0916340351104736,28793,0.017297049334381365,0.011828182202561877,0.018398137364168843,0.022825951739076533,0.008466338512977364,0.00781838641789731,0.01109410526404832,0.09328344086924123,0.014530570008220549,0.015062448042234123,0.014458607677258319,-0.396221271598725,0.25286607310660014,-0.004759552684861911,0.02550499267692084,0.6250033518953851,0
2005-10-28,NEOG,2.106081962585449,2.106081962585449,2.0127251148223877,2.0871880054473877,195251,-0.002125625032129985,0.001599941970068297,0.0021342413054907805,0.04333318833161215,0.0059992912510972215,0.005460794395597656,0.006835330359847843,0.08827901346943752,0.01425631362944763,0.014470881520729045,0.013448660569871995,5.781196818671205,1.7845368956254621,-0.008971140474925816,0.044728528297119326,0.7976157337058537,0
2005-10-31,NEOG,2.0894110202789307,2.151648998260498,2.046066999435425,2.046066999435425,48588,-0.019701630090169342,-0.004865150247866823,0.0,0.008766999042228107,-0.012868669984761657,-0.01434842224575227,-0.01342410029910736,0.06509760436835543,0.015971473921241743,0.014770722823932261,0.013999474584203747,-0.7511510824528428,0.4537825956611032,-0.02074461196137443,0.051602415196670824,0.0,1
2005-11-01,NEOG,2.078296899795532,2.1171960830688477,2.078296899795532,2.1171960830688477,279830,0.03476380961769565,0.016542201691298164,0.014377275809913215,0.02364318486400907,0.018063319800984134,0.018444340091508058,0.019670885138303156,0.09847658757167747,0.022381083271649053,0.01746039248904336,0.015416816905477145,4.7592409648472875,2.4249498683665496,0.018716855747195157,0.01837297149016638,1.0,0
2005-11-02,NEOG,2.1394240856170654,2.1394240856170654,2.10052490234375,2.10052490234375,213247,-0.007874178900299622,0.021621253688781428,0.0,0.010695296976291013,0.005747077231349014,0.010424927157629965,0.011100606739092408,0.08728154100734263,0.021577747805998502,0.017604464956367114,0.015524187375661443,-0.23794089268484442,1.8922170884913427,-0.01818208158673501,0.018518791769577218,0.0,1
2005-11-03,NEOG,2.1127500534057617,2.128309965133667,2.10052490234375,2.108304977416992,287928,0.003703871858201424,0.007970295963193319,0.019892752278616088,0.012273261186880324,0.007863247925592886,0.012165239357193916,0.014221621895057665,0.08791653616779697,0.02038103843242506,0.016690890020571544,0.01553604506575731,0.35020891266934595,2.3468998503477216,-0.002103928943986559,0.013178863156675795,0.28000926728391357,1
2005-11-04,NEOG,2.108304977416992,2.123863935470581,2.1016368865966797,2.123863935470581,39590,0.007379842205111675,0.017571934069893214,0.019199990114775245,0.020833264098447657,0.011753361872505691,0.01768008065738616,0.02064234249050959,0.09263664594076149,0.02037209492705078,0.01666506895378579,0.015599463069687874,-0.8625003473090495,0.3340915583020993,0.007379842205111642,0.010465382693631245,1.0,1
2005-11-07,NEOG,2.1449809074401855,2.147202968597412,2.1038589477539062,2.13053297996521,115171,0.0031400526103624316,0.04128211859782316,0.03621612464042756,0.008947531720059576,0.006827895481292213,0.017246118597941916,0.0233826145857805,0.09266896040622345,0.01589420909948268,0.01576802477034002,0.015269129371545755,1.9090932053548877,1.06356198286052,-0.006735690478577594,0.020344214922321285,0.615402809711878,0
2005-11-08,NEOG,2.1394240856170654,2.1405351161956787,2.083853960037231,2.1038589477539062,495776,-0.012519887024578846,-0.006299433208665994,0.010138561987953487,0.021586368512414023,-0.0045226285982197835,0.0034985775905213854,0.009492165800623583,0.07587363924931836,0.008502593927774336,0.0161538137017716,0.014425077084519611,3.3046947582290684,4.042550762642349,-0.016623697051116104,0.026941519163611653,0.3529389495999849,1
2005-11-09,NEOG,2.0705180168151855,2.1116390228271484,2.0705180168151855,2.1094160079956055,131367,0.002641365405048557,0.004232801830597044,0.025945574001572158,0.025945574001572158,-0.002732306342755183,0.003595541717475254,0.010864852679534161,0.07559774218146549,0.0077134431271859245,0.015394214962050687,0.014413228027283734,-0.7350275124249661,1.09281257798852,0.018786598747038075,0.0194940238701595,0.9459396778644897,0
2005-11-10,NEOG,2.1016368865966797,2.149425983428955,2.1016368865966797,2.1016368865966797,45889,-0.0036878080802646984,-0.0031627733614146836,0.0047823143620235875,0.023268437402743425,-0.005783190386370365,-0.0005811544990472419,0.005985042808125391,0.0682893290976148,0.007742579657572955,0.014588012642624196,0.014448394464274218,-0.650680916820815,0.3884271742428827,0.0,0.022738988422335626,0.0,0
2005-11-11,NEOG,2.10052490234375,2.1116390228271484,2.0894110202789307,2.0894110202789307,35991,-0.005817306688762569,-0.016221809041649715,0.0010650764692692327,0.00320159090495431,-0.008334308746847516,-0.006500107210526224,-2.6666335914253724e-05,0.05879690769021674,0.006485647528644656,0.014710064903432754,0.014201902203522436,-0.2156943929917845,0.3274659805145413,-0.0052910022882464046,0.010638405910796046,0.0,1
2005-11-14,NEOG,2.1294209957122803,2.222778081893921,2.122752904891968,2.16943097114563,233042,0.03829785048995138,0.01825739922648606,0.06029322194446474,0.06029322194446474,0.025856571493484373,0.025533160981530596,0.03521416471268173,0.09507873817220884,0.020039593440207663,0.017211511414232706,0.015901031151991322,5.475007640799089,1.9503022005151887,0.018789133531561936,0.046106641940827246,0.46666317074100677,1
2005-11-15,NEOG,2.16943097114563,2.19388198852539,2.156095027923584,2.172765016555786,107073,0.0015368294518243175,0.03275222841124603,0.0262464747272686,0.0410011033433737,0.020781006085972723,0.02441823342394064,0.03469248553716222,0.09265470318215802,0.018069923498956236,0.013938230966532322,0.015387067682233531,-0.5405420482144849,0.8759638236340804,0.001536829451824232,0.01739118602972776,0.4411571707994247,0
2005-11-16,NEOG,2.1372010707855225,2.167207956314087,2.1372010707855225,2.1627631187438965,35991,-0.00460330396323505,0.02528999047417968,0.02962983982275169,0.02962983982275169,0.011014257961110113,0.016719048294896295,0.02840546367079796,0.0835793674363437,0.018744002285242013,0.013699367752505515,0.015422910462776192,-0.6638648398755989,0.29465919464241125,0.011960525524619339,0.013874328292592693,0.8518727454750592,1
2005-11-17,NEOG,2.1883249282836914,2.2272229194641113,2.1872129440307617,2.2272229194641113,123269,0.029804373933310035,0.05975629456656595,0.05640452558851927,0.07741931912206068,0.029064256047124752,0.04120103952359757,0.05504201866215858,0.11133266821471292,0.020682447651372976,0.01611947141053521,0.016071876380414563,2.4249951376733074,0.978569650916836,0.017775235604946343,0.017964064164253637,1.0,1
2005-11-18,NEOG,2.23389196395874,2.250562906265259,2.222778081893921,2.243894100189209,136766,0.007485187306311092,0.07393618508322763,0.05651499736588961,0.0768000748714266,0.022174989682212133,0.04314127507603674,0.058925271027859674,0.11477971414176644,0.018592667048191888,0.0161207857062935,0.016064412957508118,0.10949224865943585,1.033663248104196,0.004477448503258923,0.01238241339865149,0.7599838679229093,0
2005-11-21,NEOG,2.222778081893921,2.2394490242004395,2.222778081893921,2.2394490242004395,146663,-0.0019809651393061234,0.032274847177015564,0.0511215011733861,0.08918904847211495,0.013683655000335913,0.03583014222010832,0.05227443257333568,0.10732552860796693,0.013819319164502433,0.016289051747437534,0.015620587631888031,0.07236447655118972,1.0570664375658132,0.007500047999534914,0.007444216022050628,1.0,1
2005-11-22,NEOG,2.2450060844421387,2.276124954223633,2.222778081893921,2.275012969970703,161060,0.01588066769368024,0.04705891002286022,0.08135242260395925,0.0923157811713533,0.020336899835789728,0.0440148490197613,0.06417814609039378,0.11925190752762939,0.014032004851007012,0.015319610104347705,0.015717859563996524,0.09816381773180693,1.1073323815655904,0.013366059778862854,0.02344904096542311,0.9791555867407364,0
2005-11-23,NEOG,2.236114978790283,2.2683451175689697,2.223889112472534,2.2594540119171143,72882,-0.006839063451048899,0.04470711208973022,0.07112774500278718,0.09891876917589415,0.004645342857101019,0.029784371157665836,0.051896477820511155,0.10626223906094048,0.014610213025851297,0.015964783800617593,0.015425135331794194,-0.5474854091642867,0.4967815397010463,0.010437313531819033,0.019675552085574543,0.8000021452092115,0
2005-11-25,NEOG,2.222778081893921,2.2594540119171143,2.222778081893921,2.248339891433716,20695,-0.004918940781613146,0.009481301483142746,0.06980416349400964,0.07492030330963972,-0.002170265844815615,0.017912915305617803,0.04291796032787714,0.09557439849016425,0.009547005292398715,0.016060884374743366,0.015280018975836383,-0.7160478581817185,0.1414525768189335,0.011499937734681526,0.01631244909318668,0.6969641812390301,0
2005-11-28,NEOG,2.222778081893921,2.250562906265259,2.222778081893921,2.222778081893921,144864,-0.011369192726236266,-0.009410434428927639,0.06382997903264909,0.06496303931061997,-0.011662354261120715,0.0003001971275516096,0.027828561433626903,0.07815558043027597,0.010479954785565673,0.01663446051079407,0.0156027890483409,5.999951679149553,1.0075105661891683,0.0,0.012500044245381346,0.0,1
2005-11-29,NEOG,2.23389196395874,2.2605650424957275,2.228334903717041,2.2350029945373535,14396,0.005499834978135221,-0.001985323003578232,0.03022544817689976,0.09234105977666518,-0.005833589609294558,0.0028424067836065126,0.028986559736657574,0.0793373954775387,0.010977942812113933,0.012299409212057532,0.014638111440426774,-0.9006240335763198,0.1013271206303735,0.0004973519742847538,0.014420624427556159,0.20688991959048106,0
2005-11-30,NEOG,2.222778081893921,2.250562906265259,2.222778081893921,2.2327799797058105,42289,-0.0009946361758692568,-0.01856384593070537,0.027621469736823556,0.05459291067146954,-0.0030767966441061882,-0.0008456415245761577,0.025235230139410435,0.07358502249434373,0.0063661022884259335,0.012359905844796099,0.012821531359381641,1.9375520978049456,0.32480666864059166,0.004499728467435453,0.012444049402036828,0.35997700320925363,0
2005-12-01,NEOG,2.2450060844421387,2.2450060844421387,2.222778081893921,2.2316689491271973,88178,-0.0004975996688932893,-0.012297246433593867,0.03186009128143463,0.06243394050559359,-0.001094407105014809,-0.00441270446794831,0.021648991573956246,0.06856253519815407,0.006220476430595966,0.012153255705552306,0.012604444374227008,1.0851285204190213,0.7114341960885561,-0.005940801411349204,0.00996025981224102,0.3999849835355193,1
2005-12-02,NEOG,2.2572309970855713,2.2783470153808594,2.256119966506958,2.2783470153808594,40490,0.020916214419669066,0.013346346814141485,0.022954189035127692,0.08065343476644249,0.017066804317921184,0.014098321272763734,0.038974097122650736,0.08549447631858123,0.011847849077826322,0.010152230524893719,0.01321993102418217,-0.5408151693166097,0.36290434615822414,0.009354832678867196,0.00975577852006262,1.0,1
2005-12-05,NEOG,2.2783470153808594,2.332804918289185,2.2783470153808594,2.3116888999938965,95376,0.014634243329900931,0.03999986270524092,0.03021301219115946,0.08843549786144811,0.023823637091960427,0.025843334350614578,0.0496833163217696,0.0955209744107939,0.009619852155271315,0.01078830144508004,0.013416538138438893,1.3555445789083724,0.833987691651204,0.014634243329900964,0.023557626161751014,0.6122506162083544,0
2005-12-06,NEOG,2.3339169025421143,2.3339169025421143,2.2705678939819336,2.3105781078338623,97176,-0.0004805110930096168,0.033814323059621954,0.03176186770262324,0.0845070832330379,0.016526752902318344,0.022124121916104217,0.04490765035321379,0.08896083540643127,0.010339540225266055,0.010721041830503542,0.013457807166535742,0.018872672370407573,0.8564655987287335,-0.009999839618467657,0.02741695177730631,0.6315838994373459,0
2005-12-07,NEOG,2.277235984802246,2.2894608974456787,2.248339891433716,2.2594540119171143,106173,-0.02212610590545072,0.0119465565141883,-0.006839063451048899,0.07395698477282542,-0.008292583018545973,0.00019690824815472052,0.018205640893956307,0.060533489481343905,0.01666366090444466,0.012334878107222044,0.01423313662816705,0.09258458878735487,1.1297223389709676,-0.0078085771539729175,0.018199532185686006,0.2702784187761634,1
2005-12-08,NEOG,2.225001096725464,2.323914051055908,2.225001096725464,2.2627880573272705,231242,0.00147559781813289,0.013944321003455329,0.00147559781813289,0.07270829876625484,-0.009534901335981059,0.0015249827156912997,0.01619633471915791,0.058564261141849316,0.016598478123976933,0.012147720717815603,0.014239952226659039,1.177973684458384,2.336361868244839,0.016982895270217055,0.04371286741157588,0.38202236357807606,0
2005-12-09,NEOG,2.248339891433716,2.248339891433716,2.222778081893921,2.2327799797058105,90877,-0.013261550291592261,-0.02000004185816784,-0.006920622538962751,0.06240045268785677,-0.018755712119468117,-0.011075726975590786,-0.00022409919854074687,0.04269369626472299,0.014176779834988796,0.012807921596580896,0.014653132661603164,-0.6070047828681641,0.8977753936417662,-0.006920622538962766,0.011448422940070847,0.3912828548510456,0
2005-12-12,NEOG,2.2650110721588135,2.2650110721588135,2.222778081893921,2.222778081893921,84579,-0.0044795716115331174,-0.038461411524799205,0.0,0.06382997903264909,-0.015457298251268457,-0.01550568407498696,-0.0076656784221332,0.035872353786727054,0.009819616207464386,0.012342317750592972,0.014613130140241973,-0.06930246376971072,0.815973905505863,-0.018645820669052945,0.019000092995746974,0.0,1
2005-12-13,NEOG,2.2061069011688232,2.228334903717041,2.194993019104004,2.228334903717041,115171,0.002499944492157846,-0.03559421074664437,-0.0029834818282615805,0.027151789273251348,-0.005752252295474585,-0.012752931838320056,-0.006491212701501335,0.03652929694659704,0.010443710239921447,0.01223160026302546,0.012056469000810009,0.361697348041476,1.1780934017317832,0.010075668833836246,0.014962690104355579,1.0,1
2005-12-14,NEOG,2.2616770267486572,2.27278995513916,2.222778081893921,2.2450060844421387,38690,0.007481452046229187,-0.006394433079306983,0.005475731978723308,0.03324844948068395,0.0029792930060920262,-0.005905359894865074,-0.0006676922688491946,0.04257008323637711,0.007944124593995999,0.012464302414451324,0.01213281976522417,-0.6640647385192453,0.41010649095015067,-0.0073710534746353135,0.022276943297312578,0.4444545086167854,0
2005-12-15,NEOG,2.23389196395874,2.2427830696105957,2.194993019104004,2.2094409465789795,316721,-0.015841889298040313,-0.023575831848477558,-0.009960259812241024,0.021582496682388763,-0.008182122602915504,-0.02068979947534842,-0.01751970120092642,0.02480553557043774,0.009971400838605359,0.013516711022336843,0.012687983609924574,7.186120444559318,2.922377589147598,-0.01094547891046172,0.021629928865303336,0.30232082456122844,1
2005-12-16,NEOG,2.2450060844421387,2.2450060844421387,2.2127749919891357,2.23389196395874,239340,0.011066608237535913,0.0004980267930725368,-0.01951197562180329,0.0029943318364527016,0.002693834423377957,-0.00789729728144328,-0.006794246636824261,0.03469585828484684,0.010672606408737927,0.012025461165138137,0.011045869899878293,-0.24431913261198346,2.096138250187859,-0.004950597043108072,0.014428223465151532,0.6551739442401868,0
2005-12-19,NEOG,2.27278995513916,2.27278995513916,2.2127749919891357,2.2294459342956543,252837,-0.001990261720269837,0.002999783224446828,-0.03557700419743304,-0.006438880467815489,9.95717345898837e-05,-0.006242115525233215,-0.008452512526393889,0.031213886805263564,0.010458846975593544,0.010542977130968868,0.010919778171645467,0.05639257959388311,2.107239282926734,-0.01907084319230545,0.026919227879363156,0.2777797641039087,1
2005-12-20,NEOG,2.23389196395874,2.3116888999938965,2.23389196395874,2.2550079822540283,122369,0.011465650530094518,0.011969959494191995,-0.02405031251331735,0.006947672345051004,0.00915142709170675,0.007647903280348365,0.002569342653763045,0.04165589201751325,0.011566671983737106,0.011559217720201947,0.01121851663453272,-0.5160162476219857,1.0303000961941227,0.009452569164476633,0.03449962778286645,0.2714248063155872,1
2005-12-21,NEOG,2.3083550930023193,2.3083550930023193,2.2394490242004395,2.2850160598754883,107073,0.013307304389878372,0.017821767036899416,0.011313373860920128,0.004396937528190925,0.018931699286479434,0.01989202185919824,0.01568498315409648,0.05332204209882914,0.012460823908781494,0.010179133788911244,0.011045109963816363,-0.12499897849945651,0.922479277751788,-0.01011067716469721,0.030155616851828434,0.6612920526066302,1
2005-12-22,NEOG,2.3127999305725098,2.3572559356689453,2.300575017929077,2.3572559356689453,98075,0.03161460309272113,0.06690153421789224,0.0417484430482884,0.04328564477789376,0.037468191161426724,0.04771783166082367,0.045522872734787584,0.08361347880961979,0.012014106513284838,0.014017199874495087,0.012927609106706723,-0.08403612488675949,0.8358863058257205,0.019221725367931382,0.024045296432261682,1.0,1
2005-12-23,NEOG,2.387263059616089,2.428385019302368,2.328360080718994,2.376149892807007,362609,0.008015233667319155,0.0636816511914784,0.06421139315307123,0.056846387799395215,0.03285036416483849,0.049428272268685826,0.050924239736920306,0.08907175073351996,0.012218520309096512,0.01261966345928234,0.012876150748777062,2.6972622992607698,2.6974567839242707,-0.004655191544273806,0.04209538248667133,0.47777896957345634,0
2005-12-27,NEOG,2.3883750438690186,2.3883750438690186,2.263899087905884,2.27390193939209,164659,-0.043030935769009404,0.01994038268099141,0.022999982730893542,0.022999982730893542,-0.015399411393301513,0.002007969155492561,0.004566270164815199,0.04038491203528269,0.027984740394524345,0.020008600210494307,0.01622645143304127,-0.5459048175858845,1.2159493708276718,-0.04792928345603939,0.054741127489610415,0.08035970809630523,1
2005-12-28,NEOG,2.251673936843872,2.3705930709838867,2.2450060844421387,2.323914051055908,70182,0.021993961479793933,0.030556906824340313,0.04289263125548737,0.03978118004130882,0.00028687226577761777,0.019751156789919937,0.024648293765991713,0.0605706146848711,0.029037403013872008,0.020940967410361718,0.016859876856703235,-0.5737736777218372,0.5078097583811909,0.032082848688693225,0.05404114944986264,0.6283132415757,1
2005-12-29,NEOG,2.3550329208374023,2.3583669662475586,2.3061320781707764,2.3372509479522705,62984,0.005738980273518601,0.02285974658735168,0.04108891470245335,0.04678963856538387,0.0015239331864929074,0.021468812889423563,0.02816073175547528,0.06422817441242358,0.028782160510010805,0.02091979240041087,0.016862303358616396,-0.10256191046137186,0.4523411188088485,-0.007550626034904397,0.022348857371326192,0.5957487596364948,0
2005-12-30,NEOG,2.369481086730957,2.369481086730957,2.3339169025421143,2.3339169025421143,98975,-0.0014264815736099168,-0.009900933018632041,0.05633821359012514,0.045816810533168884,0.002099656347468163,0.014492785164073298,0.024390274275128934,0.06045615466422949,0.024593903262605604,0.019852122465508583,0.016872053386591195,0.5714308395783056,0.7080774846741198,-0.015009271180935538,0.015237982187843141,0.0,0
2006-01-03,NEOG,2.3494760990142822,2.3494760990142822,2.223889112472534,2.2661221027374268,229443,-0.029047649353258875,-0.046305071242623286,0.014427796553585726,-0.0053656938828473555,-0.01772809291835935,-0.016353894421757373,-0.005098938529219126,0.027794319364061588,0.026434423426610523,0.02251586077363058,0.017663233552120988,1.3181914624905278,1.5375378071944492,-0.035477694926041796,0.05541933790330259,0.3362847650688182,1
2006-01-04,NEOG,2.256119966506958,2.401711940765381,2.256119966506958,2.3828179836273193,335616,0.0514958486786421,0.04789830306593923,0.0687937962398355,0.030769314864820485,0.023193698062564036,0.027459631891688582,0.04450344968390411,0.07779859048834267,0.02974428552355277,0.02737893484310996,0.0209087541816485,0.46274238046050664,2.081474427334981,0.056157482315322874,0.061100753502284263,0.8702266575180503,1
2006-01-05,NEOG,2.440609931945801,2.5395240783691406,2.440609931945801,2.5117390155792236,830492,0.05410443971706558,0.08082268121661995,0.11384927918018972,0.08706085592317292,0.06143150163956206,0.07119154236130099,0.09618273736656445,0.131448254586399,0.03588180390191777,0.03120266252444007,0.023947609616027935,1.474530415713196,4.196410051572633,0.029143978602395704,0.039380742111269705,0.719099200725036,0
2006-01-06,NEOG,2.4906229972839355,2.5072929859161377,2.428385019302368,2.500624895095825,398600,-0.004424870742725462,0.06990004530180682,0.09435768921120213,0.10673856688682104,0.04234216111142398,0.05673481508945976,0.08561905263025682,0.1222168020092497,0.0368943041098663,0.03157604980399449,0.023229950818910234,-0.5200435404555372,1.875529051173335,0.004015821673050027,0.03155529914483465,0.9154953408829963,1
2006-01-09,NEOG,2.450613021850586,2.5728650093078613,2.450613021850586,2.5495259761810303,366208,0.019555544368573097,0.09238078416762541,0.08156519519274097,0.12671885814725625,0.04396096816199759,0.06871640462636681,0.10000228209475803,0.1391172023226194,0.035859836842405145,0.030859931601302324,0.023422733405121087,-0.0812644254892122,1.6700855090639608,0.04036253518956249,0.0479508695339509,0.8090907672565439,0
2006-01-10,NEOG,2.5328550338745117,2.5495259761810303,2.5117390155792236,2.528409957885742,215946,-0.008282331104905283,0.11574303733743085,0.06407847650506038,0.13240443790564793,0.01354368357487557,0.053143282023798914,0.08397859123577021,0.12529065612115317,0.029668037154477345,0.031303648066520605,0.023230191634564527,-0.41031872596994057,0.9575111255364899,-0.0017549666006624518,0.014944950079774293,0.441182408984794,0
2006-01-11,NEOG,2.500624895095825,2.528409957885742,2.4583919048309326,2.502847909927368,157461,-0.010109930107912168,0.05037309904692333,0.10068418807738255,0.12599990539533001,-0.0062659635676149085,0.032648587483345315,0.06661613932804228,0.10980791178054128,0.027308871115959282,0.026920508304972137,0.02340360314992724,-0.2708315967880859,0.6870849061111377,0.0008889837239894318,0.02797535270804428,0.6349220402006286,1
2006-01-12,NEOG,2.5584170818328857,2.5728650093078613,2.4783968925476074,2.5395240783691406,190752,0.014653774324959512,0.011062081935096835,0.09277883027354927,0.13965098968427547,0.006076220790947433,0.038542080804823735,0.07511716771803935,0.12116439682983457,0.01379839855011691,0.02665468002963427,0.023459942526247203,0.2114237811267552,0.8188482070953794,-0.007384645606810093,0.03719914198290275,0.6470668403040674,0
2006-01-13,NEOG,2.5139620304107666,2.55063796043396,2.466171979904175,2.501737117767334,194351,-0.014879544133353129,0.00044477789279384616,0.07037591318945635,0.1143564977860585,-0.008981068514137795,0.016253033092329245,0.05339533966110982,0.100744524891048,0.015725657062563392,0.027730132569316262,0.023954238021815646,0.01886742996141577,0.8073245791580066,-0.004862807192611075,0.03376293213619763,0.42105872257787713,1
2006-01-17,NEOG,2.528409957885742,2.556195020675659,2.430608034133911,2.5517489910125732,147563,0.01999085870775752,0.0008719326072028633,0.09333326659282304,0.1549297096913187,0.010652253224918674,0.027476915177398073,0.06676574948890801,0.1183088834839741,0.015860321021369646,0.0278198751790935,0.023595672949241087,-0.24073969261799533,0.6352895845150236,0.009230715554667078,0.049216042402318416,0.9645980066445182,0
2006-01-18,NEOG,2.5450809001922607,2.5450809001922607,2.4472780227661133,2.482842922210694,324819,-0.02700346665936626,-0.018022012424421696,0.09563510245607376,0.11144270281127722,-0.013076581435668916,-0.008917102063837265,0.032586074979468874,0.08455026246250547,0.020043537042468484,0.027512558253506594,0.024797009124772503,1.2012225286826643,1.3731474901575011,-0.024454223823244813,0.03939148810069102,0.36363857976915,1
2006-01-19,NEOG,2.4595038890838623,2.5106279850006104,2.4595038890838623,2.5106279850006104,42289,0.011190825863916176,0.003108488950680277,0.05363817221940237,0.1261219419495765,-0.002648966705415273,-0.0029130293962321943,0.0380719380152283,0.09299414750569471,0.02053695323918578,0.023309594016389466,0.024760156369199968,-0.8698074927882913,0.18710017949476893,0.020786344816796042,0.02036307100143139,1.0,0
2006-01-20,NEOG,2.5117390155792236,2.5295209884643555,2.4850659370422363,2.497291088104248,35091,-0.005312175669211716,-0.016630277548702832,-0.0057521611064530465,0.1074422386780387,-0.004607104634302517,-0.007640320215119219,0.027411365779639277,0.08372726074252146,0.019055116257928655,0.015948111032424793,0.02485803531205168,-0.17020974721558801,0.15831045288401935,-0.0057521611064530916,0.01780130944040889,0.275000268156904,0
2006-01-23,NEOG,2.530632972717285,2.530632972717285,2.4728400707244873,2.487287998199463,78280,-0.004005576263189536,-0.005775634644125227,-0.00533342562593786,0.0885210138676209,-0.007450957006218283,-0.011091196430372471,0.01905586452327884,0.07580616969611421,0.01797941264728666,0.01593708228989372,0.024869891297087224,1.2307714228719613,0.3554631226309175,-0.017128115765946212,0.023235307706479462,0.24999484325559712,1
2006-01-24,NEOG,2.4617269039154053,2.55063796043396,2.4617269039154053,2.5084049701690674,126868,0.008489958535115694,-0.016986004891612172,-0.016128882935940392,0.06412075677188978,0.004450413453848685,-0.0010622281539149215,0.024535306717748274,0.08120800774566958,0.015127658713299732,0.014734808088110321,0.024069658655380057,0.6206949412365865,0.5723556050408871,0.01896151282232814,0.035445256079428854,0.5249973184597233,1
2006-01-25,NEOG,2.55063796043396,2.556195020675659,2.5095160007476807,2.5295209884643555,98975,0.008418105747041604,0.01880024943829306,0.0004394186849123738,0.06454605246984957,0.009133543233810375,0.007302367284653288,0.029934043509543564,0.0863027377444412,0.007776504755246758,0.014830161836761653,0.024073905508125378,-0.21985843553930073,0.4747510165355815,-0.008279094209831212,0.018453699392435893,0.4285648616346419,0
2006-01-26,NEOG,2.5517489910125732,2.5517489910125732,2.4606149196624756,2.4606149196624756,38690,-0.02724075788108482,-0.019920540054890967,-0.016873973882862936,0.08211127183448474,-0.01442310630658161,-0.018486606996467043,-0.0019160128874576917,0.05335265505996508,0.01459485046049772,0.016979772580752766,0.022690005589210437,-0.6090932053548876,0.19136484085285704,-0.03571435578933422,0.03703711239896025,0.0,1
2006-01-27,NEOG,2.467283010482788,2.499514102935791,2.4461669921875,2.4806199073791504,53087,0.00813007657428133,-0.006675705849634506,-0.023194964557224473,0.06743186403646906,-0.005081579211290856,-0.00817641407972236,0.0030107364014390933,0.05909473915358209,0.015487391999271474,0.01640271479511138,0.022326478825642575,0.3721116567588525,0.2636887214422487,0.00540549942576413,0.021505556167471802,0.6458253260276912,0
2006-01-30,NEOG,2.467283010482788,2.4984021186828613,2.4472780227661133,2.4628379344940186,26093,-0.007168358534991759,-0.009830009119628946,-0.015548869222530848,0.05373277809632637,-0.0102723887514785,-0.013752248188839016,-0.00670117421275962,0.048904716553091906,0.015691743552218102,0.015915578982557157,0.022444643409301204,-0.5084860700359787,0.13080512602895678,-0.0018016076671722133,0.02075820548348477,0.304355733805904,1
2006-01-31,NEOG,2.469506025314331,2.5373010635375977,2.440609931945801,2.5339670181274414,31492,0.02888094366145788,0.01019055864677676,-0.006968543123857862,0.08571432657582267,0.016224049456960946,0.015454604726054344,0.01787994473743015,0.07579655575270042,0.020858018171080205,0.01742323460077113,0.023152224235794768,0.2069137316521672,0.16058678529650833,0.026102788230656548,0.03815800714851055,0.96551860180692,0
2006-02-01,NEOG,2.499514102935791,2.499514102935791,2.3339169025421143,2.4417219161987305,107073,-0.03640343432602311,-0.03470976230915834,-0.016562065060221287,0.07748912260693408,-0.013825154237449979,-0.01989634561811638,-0.02262146960613563,0.03474926478495392,0.02641189430785267,0.019173889808574495,0.023761466822701943,2.4000063508192557,0.5635797761218777,-0.02312136853686124,0.06781984438730773,0.6510074651040579,1
2006-02-02,NEOG,2.3617019653320312,2.5139620304107666,2.3450310230255127,2.492845058441162,87278,0.02093733193091052,0.013098408256058125,-0.0070830591651530606,0.046175190706908564,0.0042083058272347025,0.0013391699318469495,-0.004350286723930115,0.05418981173254326,0.02585457997911953,0.020115388165010253,0.0214133621419676,-0.1848738710972888,0.4915120988633241,0.0555290612592997,0.06776634865982832,0.8749964716575306,0
2006-02-03,NEOG,2.512850046157837,2.512850046157837,2.4272730350494385,2.4772861003875732,35991,-0.006241446094254366,-0.0013439410776556748,-0.008010675171976511,-0.013716757584268935,-0.0017912916659910496,-0.004110366577414636,-0.009883350950430548,0.04550704226502878,0.025923116200848157,0.020142077242035247,0.017682186696855052,-0.5876280391393021,0.2610969466869938,-0.01415283248781246,0.03454466203762652,0.5844217353511489,0
2006-02-06,NEOG,2.451724052429199,2.451724052429199,2.3650360107421875,2.4450559616088867,48588,-0.013010261016539015,-0.007220114907311226,-0.016979150231556495,-0.02222201882254282,-0.013364369556073025,-0.015395525580868916,-0.021678616854041374,0.03042576339836892,0.02645325852508211,0.02050818753127489,0.01788448833059062,0.3500041677085939,0.40374008837111713,-0.0027197558443437676,0.035454420286548195,0.923079461820262,1
2006-02-07,NEOG,2.4339420795440674,2.47617506980896,2.4172708988189697,2.47617506980896,52187,0.012727360309412461,-0.022806906287670903,-0.012848762756970222,-0.028770409502531735,0.003875043921455992,-0.0015682727880609283,-0.0077711053295433895,0.041637639880691774,0.022566979026074394,0.02077998742468118,0.017533764874826597,0.07407178727257757,0.49871134143765944,0.01735168253174035,0.02378837090647826,1.0,0
2006-02-08,NEOG,2.501737117767334,2.501737117767334,2.351699113845825,2.402822971343994,40490,-0.02962314715115233,-0.015930947990709043,-0.050087750881750215,-0.049670341690460695,-0.02278071309236496,-0.02616999816620027,-0.03473524866545635,0.009469038479170772,0.020247476085248142,0.022272947450565697,0.018597387321539528,-0.2241362791499799,0.42233879102000715,-0.039538185575475414,0.06244238785414415,0.34073938710164386,1
2006-02-09,NEOG,2.346142053604126,2.540635108947754,2.3450310230255127,2.540635108947754,89978,0.05735426173600966,0.01917088683260415,0.032520403191026226,0.015097680874057717,0.02926600697492624,0.026354726961868687,0.019852734576517195,0.06452331556679003,0.03334405879601605,0.028138165908681664,0.022771300301031864,1.222227710545814,0.9727693135164208,0.0828990960052266,0.0769902317862772,1.0,0
2006-02-10,NEOG,2.489511013031006,2.522852897644043,2.4194939136505127,2.492845058441162,48588,-0.01881027713829586,0.006280646410261159,0.004928264513900382,-0.018381010964052535,0.008633690231888076,0.006551608148561215,0.0016074142945277576,0.04224734186980359,0.03477498567354945,0.028930343595629432,0.02294358743934195,-0.46000133365933893,0.569022427480031,0.0013392370600911762,0.04146225760944935,0.7096736244547528,0
2006-02-13,NEOG,2.4294960498809814,2.442832946777344,2.3828179836273193,2.3961551189422607,30592,-0.03878698323888774,-0.01999988688784382,-0.027075600313691606,-0.04220347456782325,-0.02663640422537803,-0.029877443369612157,-0.03519546415477468,0.00045496188969737777,0.03914248615026449,0.031517913377818896,0.024304800905014846,-0.37037951757635634,0.39626635026152646,-0.013723393763226756,0.025046359760096573,0.22223016752674424,0
2006-02-14,NEOG,2.422827959060669,2.422827959060669,2.3828179836273193,2.389486074447632,28793,-0.0027832273636662075,-0.035009235178196096,-0.05701768911995486,-0.06358890201835765,-0.02246074375933308,-0.026885234352035402,-0.034727446474429005,-0.0036425836438379526,0.03814396683053843,0.029567783251609334,0.023753726866571755,-0.0588062238493724,0.4040436641636999,-0.013761556815599802,0.016744176022284857,0.16666070768827393,1
2006-02-15,NEOG,2.3828179836273193,2.443943977355957,2.3828179836273193,2.438386917114258,75581,0.020465004249053953,0.014800901354114826,-0.0013658390262821785,-0.017905282971688363,-0.005349675548662804,-0.006835547566391948,-0.014087852519251985,0.015392676490338352,0.03712650162019547,0.028401770233475915,0.023601476135611206,1.6249782933351855,1.2853867843986926,0.023320679073584514,0.02506820935578923,0.9090884269895195,1
2006-02-16,NEOG,2.426162004470825,2.4450559616088867,2.391709089279175,2.4450559616088867,15296,0.0027350230793239394,-0.03762017890812064,-0.0191705042679865,-0.02611777761718359,0.00520893328765418,-0.002176988851105223,-0.01007908554865976,0.017040138043398035,0.022448955277544314,0.027495523356482622,0.023453670012373307,-0.7976210952488059,0.26624636317667977,0.007787590895927216,0.02181826230865031,1.0,1
2006-02-17,NEOG,2.398376941680908,2.469506025314331,2.398376941680908,2.469506025314331,62084,0.009999797178202652,-0.009362408244267484,-0.0031405638097371513,-0.011126080945176975,0.017212874598061357,0.00812112085128868,0.00038259988200002793,0.02585400418334648,0.02249698004408578,0.027669845727726218,0.02355732788732397,3.058838912133891,1.0558467488205823,0.029657174565550927,0.028802960148424497,1.0,0
2006-02-21,NEOG,2.519519090652466,2.519519090652466,2.4239389896392822,2.425050973892212,242939,-0.018001596662012842,0.012059258902531678,-0.008181811799314098,-0.025022041819163676,-0.003470814191325081,-0.00921753723944951,-0.016385947278750406,0.006002927296729248,0.014381151582148971,0.02797449155111173,0.023878990074058352,2.913069389858901,3.6241620750330252,-0.03749450326085445,0.039413646163394794,0.011634056054997356,1
2006-02-22,NEOG,2.428385019302368,2.489511013031006,2.4172708988189697,2.489511013031006,26993,0.026580900703846,0.0418604400557121,0.005385702886942845,-0.007532259488701287,0.01467650412497301,0.016564472485455558,0.010146462717117744,0.030804380903465364,0.017376675040985425,0.02902413622179744,0.024589338874183103,-0.8888898036132526,0.43509447222249087,0.02517145890901522,0.02901779258412801,1.0,1
2006-02-23,NEOG,2.4783968925476074,2.523963928222656,2.4472780227661133,2.5039589405059814,36891,0.005803520209129331,0.026891558075338384,0.04209047872778493,-0.010105489566976211,0.015139101023978899,0.018258943402544966,0.01653604788905054,0.034463599030864885,0.016005355178339675,0.026972335854379106,0.024548629950036545,0.36668765976364237,0.6259586800418087,0.010313944483725584,0.03062586379353585,0.7391308403079223,1
2006-02-24,NEOG,2.5473029613494873,2.556195020675659,2.500624895095825,2.521742105484009,135866,0.0071020194022966,0.031363758163089894,-0.007436330938357383,0.024842239772291608,0.01603103718200203,0.0262791306118662,0.022486810240970625,0.03924321251786312,0.01594099050377602,0.019730891453821942,0.02374733062216921,2.6829036892466998,2.1297614195692387,-0.010034478133663816,0.022036403111557742,0.3800101253657574,0
2006-02-27,NEOG,2.521742105484009,2.521742105484009,2.4728400707244873,2.500624895095825,52187,-0.008374056309033429,0.01260125282647695,0.0031208665088586773,0.00806451147842746,0.0050025808310656195,0.017362896196583148,0.01351339794684607,0.028232882672264724,0.016959271513892562,0.018918151444755667,0.02379132152176929,-0.6158936010480915,0.818632449136457,-0.008374056309033423,0.01955592574297215,0.568173175369314,1
2006-02-28,NEOG,2.48173189163208,2.556195020675659,2.463948965072632,2.522852897644043,15296,0.008888979147496645,0.04032984246712923,0.05287544938147026,0.02436821453391902,0.006027315242089416,0.021142615370475744,0.02128040047473035,0.035007873087505186,0.01244769825265146,0.01300919158399966,0.023783850292792858,-0.7069001858700443,0.24199028147032509,0.016569479624537593,0.03656418322652541,0.6385523173467594,0
2006-03-01,NEOG,2.528409957885742,2.528409957885742,2.456170082092285,2.4628379344940186,67483,-0.023788530518790485,-0.010714183788451126,0.030697755819038663,-0.028070248398886388,-0.015810968314647806,-0.0060997255998082355,-0.0015769354995367475,0.00829018298738982,0.013943216208134008,0.01583730289303468,0.02350353102908405,3.411807008368201,1.038061059519726,-0.025934094740931567,0.029331964877460953,0.0923015485352942,0
2006-03-02,NEOG,2.501737117767334,2.501737117767334,2.395042896270752,2.4217169284820557,104374,-0.01669659437839177,-0.03284479257767181,-0.006836482149408241,-0.008192983641568174,-0.025840381258740244,-0.022036567745190215,-0.01784894165094645,-0.010067264010913452,0.014389096660274932,0.01567978151208302,0.022332214460139766,0.546671013440422,1.6088787837915952,-0.031985850438471346,0.04405726377089766,0.25000446919384683,0
2006-03-03,NEOG,2.4595038890838623,2.4595038890838623,2.372814893722534,2.401711940765381,180855,-0.00826066311937379,-0.04759811261333957,-0.017727210143274053,-0.036557874853549444,-0.024467192661374162,-0.028414565790668516,-0.0241588095754826,-0.019625479417116898,0.012214791253208578,0.0158068951348581,0.021828018554533733,0.732759116255006,2.600262247565152,-0.023497400664817935,0.036094668094834866,0.33334158415841586,1
2006-03-06,NEOG,2.3905980587005615,2.4417219161987305,2.350588083267212,2.4194939136505127,45889,0.007403874121334031,-0.03244428286882406,-0.020251868653550886,-0.023328830177515192,-0.010724359351921566,-0.019236805644891882,-0.015778250044064395,-0.013691381566542071,0.014457711703386783,0.015614005639552779,0.021889657285249768,-0.7462663459677643,0.6551126021628181,0.01208729123023628,0.03766648571312856,0.7560949448387544,0
2006-03-07,NEOG,2.3783719539642334,2.389486074447632,2.350588083267212,2.3839290142059326,28793,-0.014699313457217977,-0.05506618462291002,-0.01695715270688869,-0.025000224274102756,-0.014065262578559433,-0.03203984405992428,-0.029038450897817713,-0.028972515441470916,0.011786351627373503,0.015267507345871689,0.021941816968032973,-0.3725511560504696,0.41694089367232495,0.0023364975492739045,0.0163167573147628,0.8571376034324242,0
2006-03-08,NEOG,2.4450559616088867,2.4450559616088867,2.348365068435669,2.3839290142059326,262734,0.0,-0.03203983468944638,-0.04241073780048321,-0.03725344654654983,-0.007587828111419164,-0.02787232737693227,-0.02721100229229344,-0.02918346494486047,0.010122434199808917,0.01171609295438416,0.02170485232599901,8.124926197339631,3.301296348185778,-0.02500022427410274,0.040559468254731036,0.36781070691479,1
2006-03-09,NEOG,2.425050973892212,2.443943977355957,2.348365068435669,2.4117140769958496,83679,0.01165515526022154,-0.004130479235025963,-0.03683960707897693,0.003700274950710236,0.004815723226370734,-0.012828688513271284,-0.01605148942962677,-0.018152848144240064,0.010861916148016168,0.012400803618442265,0.02085321351196956,-0.681506771106899,1.0236645745802013,-0.005499635694237205,0.03963111126313361,0.6627927570612168,0
2006-03-10,NEOG,2.368370056152344,2.4328300952911377,2.368370056152344,2.4117140769958496,20695,0.0,0.004164586127377579,-0.04363175292544086,-0.05074362370962393,0.003978949622170834,-0.00836264534372192,-0.013456973371762255,-0.019253354012455617,0.010036538094256682,0.011908492819910573,0.015981815816438084,-0.7526858590566331,0.26437013607493065,0.01830120285928718,0.026727894385842006,0.6724169178702842,0
2006-03-13,NEOG,2.4294960498809814,2.4294960498809814,2.373927116394043,2.397265911102295,17996,-0.00599082869373635,-0.00918704627559086,-0.041333262016320704,-0.03834139110059054,-0.00018538835858161284,-0.010096416750894949,-0.017446394808903146,-0.025710085655260492,0.009636860109341115,0.011843507504321279,0.015543384120905893,-0.13041797535636623,0.23447312601301876,-0.01326618282843697,0.023180129175318368,0.4199971682691689,1
2006-03-14,NEOG,2.4450559616088867,2.4450559616088867,2.395042896270752,2.4450559616088867,12597,0.019935231333856107,0.025641261563870366,-0.03083688950228003,0.020408045489230364,0.014573065933080278,0.012891424233784515,0.0011377630450128651,-0.007157395042184686,0.010465164212440765,0.01358214828523398,0.013624082860009696,-0.3000111135807957,0.16607548610071976,0.0,0.02045477327448381,1.0,1
2006-03-15,NEOG,2.401711940765381,2.522852897644043,2.401711940765381,2.5139620304107666,94476,0.028181796197637388,0.05454567456915105,0.020758205483484726,0.05209319162569681,0.03202851537958535,0.039235555920529755,0.026735134299882883,0.019332238378528675,0.014007792011187225,0.014662550318576498,0.014862843104091602,6.499880924029531,1.1938555788069027,0.04673753239933251,0.048187265922575766,0.9266072560233969,1
2006-03-16,NEOG,2.5550830364227295,2.5550830364227295,2.500624895095825,2.5473029613494873,296926,0.013262304893790766,0.05622096153393685,0.05185826278472172,0.04466725254748649,0.034202482528207505,0.047579657760633484,0.038043258073106705,0.030501185305198502,0.014051944488835108,0.013388541387706043,0.014490990436834437,2.1428722638553706,3.2917731170273092,-0.003044940208336541,0.021378745344862296,0.8571366028352028,1
2006-03-17,NEOG,2.556195020675659,2.573976993560791,2.538412094116211,2.567307949066162,74681,0.00785339946610697,0.0645158866693385,0.06894915476333474,0.04999966846436976,0.029319863350646777,0.04866515814255698,0.04359590651391412,0.03704613074989157,0.01289548432548281,0.012538002895348387,0.01454442014288767,-0.7484861547995123,0.8015416698418082,0.0043474493536747195,0.013852993154762181,0.8124824026278742,1
2006-03-20,NEOG,2.5728650093078613,2.8029229640960693,2.5728650093078613,2.7495760917663574,368008,0.07099582376414726,0.14696332978016002,0.13642612459306402,0.11341137198334139,0.07210954399062033,0.10817467785406426,0.11136061121028067,0.10854206411372487,0.025183273850076893,0.02388915591189649,0.021105562465564724,3.927732622755453,3.3927825651644405,0.06868260939427755,0.08367033575725351,0.7681155064652158,0
2006-03-21,NEOG,2.650662899017334,2.79180908203125,2.628434896469116,2.650662899017334,111572,-0.035973979059979566,0.08409089224819,0.1118883503753354,0.09303388982501026,0.01723123832433882,0.05694672854197553,0.0665177145029103,0.06737207610156569,0.03854984440785917,0.027339921982799942,0.02249958313647576,-0.6968218082215605,1.0949214201632882,0.0,0.06163521797611481,0.1360557818344203,0
2006-03-22,NEOG,2.6884500980377197,2.7006750106811523,2.500624895095825,2.569530963897705,163759,-0.03060816792271337,0.022104126002992608,0.07785548503573825,0.0321428386730751,-0.01809226191511996,0.017068363312868366,0.03221186852375268,0.03453509567666642,0.042949414602881444,0.030264205488460143,0.02319490103677975,0.4677428028537627,1.505998141401545,-0.044233342559273414,0.0778547207237668,0.3444440339375333,1
2006-03-23,NEOG,2.568419933319092,2.6362149715423584,2.512850046157837,2.6028730869293213,144864,0.012975956896444485,0.021815279306390156,0.07926271681906383,0.039503102396460266,-0.00955753610644213,0.02252890439575163,0.043532566037918004,0.04733119721626526,0.04293600849238769,0.030285139033300604,0.023314635134049275,-0.115382971317607,1.2692171216043948,0.013414143521969447,0.04739567441993815,0.7297296252633206,1
2006-03-24,NEOG,2.6028730869293213,2.7495760917663574,2.5750880241394043,2.7006750106811523,152062,0.03757460332697615,0.05194821356101875,0.1198155852891345,0.07095606834974122,0.017332290253842683,0.04904159422399094,0.07887313202540536,0.08495698500632613,0.0454076174985959,0.031480916525042243,0.024611930297447335,0.04968798321183998,1.3228959957823783,0.03757460332697611,0.06460905771218452,0.7197454143984608,0
2006-03-27,NEOG,2.7540218830108643,2.7540218830108643,2.650662899017334,2.65844202041626,131367,-0.015637938699717968,-0.03314477152423578,0.10894749226791989,0.06311107500766822,0.008346577570044303,0.022265816887900546,0.05866459289449484,0.0669710341502071,0.03104499453924716,0.032226371016581115,0.02485216639701992,-0.1360958030277124,1.104803570572548,-0.03470555669300286,0.038879532899252875,0.07526313725581085,0
2006-03-28,NEOG,2.6417720317840576,2.6417720317840576,2.58953595161438,2.6062068939208984,76481,-0.019648774016588377,-0.01677165554055049,0.06590889322875526,0.03303957846876271,-0.008121153553872364,-0.003992540420550429,0.03614345205496807,0.04512993313783686,0.027841587730726067,0.0333970435660522,0.02533223388056473,-0.41780660287591254,0.6270756543602218,-0.013462606703100385,0.020042952189068673,0.31914611993025827,0
2006-03-29,NEOG,2.5628631114959717,2.6006500720977783,2.5117390155792236,2.5773110389709473,166458,-0.011087321968701769,0.003027819155539735,0.02519887245466057,0.04648016131051147,-0.019698961429318675,-0.017414428546331018,0.022329045420424055,0.033330392156467284,0.024136516707119384,0.03292160563482245,0.024807411737513784,1.1764621278487466,1.3115883047718402,0.005637416766493693,0.03449760435358805,0.7375013407701384,1
2006-03-30,NEOG,2.6095409393310547,2.77291488647461,2.5117390155792236,2.6806700229644775,524569,0.04010341880768831,0.02988887027409204,0.05235618363366412,0.10692954714766567,0.013615743420142531,0.01682054190842077,0.057894713641720996,0.073068254388396,0.029906919119008345,0.03488930441411431,0.025721104723498953,2.151359502096625,3.546228934571049,0.027257316626600428,0.09742932500381346,0.6468093963125678,1
2006-03-31,NEOG,2.6673340797424316,2.7340168952941895,2.6673340797424316,2.72290301322937,222244,0.015754639662135084,0.008230535869849565,0.06060631106595693,0.13373421975061328,0.027857095440201773,0.026780160625384214,0.06779409130991473,0.08812482517204558,0.025456097919198072,0.03503379887438305,0.025610045731487792,-0.5763302825748376,1.481700751704252,0.02083313594235051,0.024489603642794393,0.8333321415291325,0
2006-04-03,NEOG,2.7417969703674316,2.7417969703674316,2.669555902481079,2.7062320709228516,283429,-0.006122488471136056,0.01797671348089369,-0.015763892104422972,0.11851162578033136,0.017891486868249647,0.022164398506659272,0.05532323392778163,0.07965982921423546,0.024139100864900162,0.026755448576534092,0.025765898770347666,0.2753055200590342,1.7509722338056273,-0.012971383304072286,0.02669433588587901,0.5076913937577764,0
2006-04-04,NEOG,2.718456983566284,2.718456983566284,2.556195020675659,2.556195020675659,225844,-0.05544130965679828,-0.019189525345011726,-0.03563934077648889,0.07226138255090064,-0.034910911445268505,-0.031048395456459578,-0.006522206884973412,0.01924168147923033,0.03547620285898034,0.030064873915042437,0.028902113568935624,-0.2031725758479196,1.315171813986614,-0.059688994113770044,0.06347792777083791,0.0,0
2006-04-05,NEOG,2.5328550338745117,2.6673340797424316,2.5317440032958984,2.5361900329589844,80080,-0.00782608038700705,-0.01595500325346122,-0.01297549296239886,0.06386977877517408,-0.039481327689553425,-0.03741495269000188,-0.01720518616370986,0.011040990772633449,0.03532825376368762,0.02858512892573639,0.029010314687860046,-0.6454189617612157,0.49252918472212354,0.0013166956023421142,0.05346211233562007,0.03279022904629105,1
2006-04-06,NEOG,2.5473029613494873,2.65844202041626,2.500624895095825,2.5584170818328857,291527,0.008763952458234803,-0.045605367346330694,-0.017079589980655396,0.060829352134385895,-0.022007124776069073,-0.027337747285957222,-0.011402041575596628,0.019666788988024788,0.027815464587156127,0.02838771792339702,0.028974708217938655,2.640447052947053,1.6853049526900958,0.004363093299868226,0.0616854563867173,0.3661971830985905,0
2006-04-07,NEOG,2.556195020675659,2.5617520809173584,2.453947067260742,2.556195020675659,187153,-0.0008685296752454219,-0.061224359348735935,-0.05349773276461467,0.059907990361685926,-0.010241754510989496,-0.022814994259682586,-0.015010212182393736,0.018005583893309685,0.02496857427396156,0.02492113102845249,0.02898064868391079,-0.3580251571895571,1.0322570325692144,0.0,0.04217401754742522,0.9484526734591423,1
2006-04-10,NEOG,2.581757068634033,2.6673340797424316,2.522852897644043,2.6673340797424316,175456,0.04347831764314902,-0.014373486885459696,0.0033448385399728053,0.11265674257886382,0.035911703245433316,0.019324870169810954,0.02249510993951264,0.060689318386290395,0.03561818314430475,0.028869136062654607,0.030229239680433513,-0.062499666048633995,0.9274668545676511,0.033146810034174086,0.054166886403798485,1.0,0
2006-04-11,NEOG,2.573976993560791,2.6628880500793457,2.47617506980896,2.648439884185791,148463,-0.0070835504634144675,0.03608678632264506,0.016204772676875034,0.08318170453778673,0.021256445758726303,0.010473588570267856,0.011309868619670435,0.05162354364257942,0.02129215392772224,0.028149007839517286,0.030167171559941534,-0.1538448385920117,0.7575765693843909,0.028929120505459316,0.07049923292020911,0.9226183103465448,0
2006-04-12,NEOG,2.6117639541625977,2.6495509147644043,2.6117639541625977,2.628434896469116,41390,-0.007553498886694543,0.03637143207384552,0.019836122503313236,0.04553484287892973,0.00638292841876509,0.0008886878317076972,0.0014821214658288285,0.04289771140112914,0.021244060640103177,0.02798863822442793,0.029741763174930644,-0.7212099984507925,0.21410468265408075,0.006383020287858943,0.014376220865339828,0.441182408984794,0
2006-04-13,NEOG,2.622878074645996,2.6551079750061035,2.5617520809173584,2.5617520809173584,44989,-0.025369780184145152,0.0013035400319025836,-0.04436127573643367,0.005672320798550068,-0.019399213892478485,-0.0200661962602726,-0.024193869029247077,0.015472388473584085,0.02569348725623301,0.02573540972310133,0.030265837559643606,0.0869533703793186,0.24894339192495787,-0.023304931448972416,0.03644220484259919,0.0,1
2006-04-17,NEOG,2.522852897644043,2.617321014404297,2.522852897644043,2.617321014404297,158360,0.021691768653522292,0.02391288349841192,-0.03877552682269525,0.019480742602899115,-0.002794795068891074,0.005250279513190545,-0.00397565400843544,0.036476944296503874,0.02731811126985711,0.02630967614983361,0.030594048337257665,2.519971548600769,0.8564455831750303,0.037444956401727826,0.03609343914649876,1.0,1
2006-04-18,NEOG,2.622878074645996,2.6651110649108887,2.5839788913726807,2.6651110649108887,48588,0.018259147519001928,-0.0008334219730576908,-0.015194929678717495,-0.03071929055115097,0.015585356684112338,0.025224490491460364,0.01584352745793068,0.05383444633900398,0.01971539024067715,0.027169058241029605,0.026243928363784592,-0.6931800959838343,0.2876174098864785,0.01610177410575696,0.030442323626359177,1.0,1
2006-04-19,NEOG,2.615097999572754,2.6728899478912354,2.615097999572754,2.6728899478912354,54886,0.0029187837920769955,0.009231874150302355,0.0456518091427669,0.008385467983175632,0.016655173625211978,0.023621797051721665,0.018377163201330038,0.05500944959281,0.019321900971226512,0.019370898807225822,0.02494271753769914,0.12962048242364377,0.33044257788076886,0.022099343247527742,0.02162152181539541,1.0,0
2006-04-20,NEOG,2.6139869689941406,2.684004068374634,2.6139869689941406,2.6473278999328613,62984,-0.009563449471064467,0.007187929017806294,0.04382079636367475,0.030276706966452238,0.005487335586033884,0.009535671059311808,0.007145334484815481,0.04351002759871513,0.01958913215565358,0.01950248450266103,0.023977030872331415,0.14754217833327266,0.39105996099582946,0.012754819107438113,0.026448215720564446,0.4761826929952703,1
2006-04-21,NEOG,2.6773359775543213,2.6817820072174072,2.62398910522461,2.6817820072174072,80080,0.01301467312961857,0.046854622347790365,0.0482192392556029,0.030316084439282687,0.009370223909117084,0.01788589010770392,0.01872389786444775,0.0547713452562216,0.012690195858019152,0.01965228706293322,0.023977985107473402,0.2714340149879335,0.5074119014956866,0.0016606170089819184,0.021550186345221548,1.0,0
2006-04-24,NEOG,2.65844202041626,2.695117950439453,2.6139869689941406,2.6795589923858643,47688,-0.0008289319659690042,0.023779268052731783,0.0482607824177661,-0.007818792787645412,0.0038305472396378865,0.01230217785905221,0.01828784494989606,0.05274656727623258,0.011069711543231721,0.01965100125838456,0.022448547183190202,-0.40449550449550453,0.31249959043733433,0.007943363747424343,0.03027773662600872,0.8082242100808726,1
2006-04-25,NEOG,2.630657911300659,2.718456983566284,2.62398910522461,2.7106781005859375,86378,0.01161351860082216,0.017097612281525176,0.016249940782705252,0.019649132750880316,0.01203335600631595,0.022384433811831996,0.029092334935675212,0.06315291636486724,0.009301417958162084,0.01464571272176954,0.02228559615308985,0.8113152155678578,0.5745038238511071,0.030418318148297152,0.034850275405720166,0.9176557882224075,1
2006-04-26,NEOG,2.7062320709228516,2.717345952987671,2.671778917312622,2.717345952987671,83679,0.002459846634055074,0.016632186870061405,0.02601760727639224,0.042643989364777424,0.011166200816837843,0.022242610793299852,0.029451947417700353,0.06308967624051216,0.009309995681624982,0.014316279488900529,0.021738072675977774,-0.031246382180647903,0.5552236132099415,0.004106773467151098,0.016768948990447362,1.0,1
2006-04-27,NEOG,2.7073440551757812,2.7317941188812256,2.696229934692383,2.7317941188812256,28793,0.005317013786069191,0.031906217189984876,0.03932348583217937,0.05993963381771694,0.01019227867924324,0.023697459627296153,0.03190593838937125,0.06588728832976964,0.005912991354818701,0.013867121651660003,0.021514065752362983,-0.6559112800105164,0.20018911346112397,0.009031014605883497,0.013018618036782241,1.0,0
2006-04-28,NEOG,2.696229934692383,2.72290301322937,2.696229934692383,2.697340965270996,62984,-0.012611914408959701,0.005801723634402567,0.0529281835520492,0.006218946070834397,-0.003694640257409298,0.005676847856098703,0.018570918226656272,0.05032195422812185,0.008970276206421384,0.011200261036046948,0.01991652782861069,1.1874761226687043,0.5216077051919362,0.00041206818614304886,0.00988865659937342,0.0416536312849162,0
2006-05-01,NEOG,2.72290301322937,2.72290301322937,2.6095409393310547,2.625101089477539,38690,-0.02678188509482682,-0.02032345735364316,0.002972533758917928,-0.035918254626277624,-0.026461051322525554,-0.021540897894935962,-0.006874425403167762,0.020761080692632754,0.015536229299968566,0.01352991605589233,0.02046541628863844,-0.38571700749396676,0.3467714360361757,-0.0359182546262776,0.04318388893773128,0.13726063410273937,1
2006-05-02,NEOG,2.599539041519165,2.6362149715423584,2.559529066085815,2.6362149715423584,72882,0.004233696793380037,-0.02747029572691917,-0.010842359910991695,-0.025872540693310353,-0.016909730866908477,-0.01633894680861569,-0.001347177206089821,0.023755391698165547,0.013951765410051543,0.012124513384331494,0.020476690254742577,0.8837425691393126,0.7212847383385769,0.014108628275019106,0.029089397596311024,1.0,1
2006-05-03,NEOG,2.6651110649108887,2.6673340797424316,2.639549016952514,2.642883062362671,37791,0.0025294184625661575,-0.02740280108358284,-0.011226382721906791,0.03391292173947602,-0.008918916594337958,-0.01274546846629369,-0.00046236839514659936,0.024611387256503043,0.01396169059758663,0.012111066497967221,0.015993089975659586,-0.4814769078784885,0.4123761962985332,-0.008340366313762235,0.01051316389499212,0.11999416504347592,1
2006-05-04,NEOG,2.639549016952514,2.6673340797424316,2.639549016952514,2.6617770195007324,91777,0.0071489947501388595,-0.025630445170285343,0.005458001469420326,0.04951797180403905,0.0034356404945900835,-0.006223981513061538,0.0042982650078832,0.030559803976655003,0.014334370640131107,0.01195970065686942,0.015869281808644956,1.428541187055119,0.995121813700775,0.008421136491672927,0.010438538835656888,0.7999982838363155,0
2006-05-05,NEOG,2.620655059814453,2.6551079750061035,2.620655059814453,2.630657911300659,16196,-0.011691102587515045,-0.024721774083773407,-0.019063479350357015,0.02823653343340693,-0.0032845116036935035,-0.015964068716371713,-0.008793940873338393,0.017513161340802594,0.014219126016859564,0.01166040838533238,0.016104343872212525,-0.8235287708249344,0.20642273454043983,0.003816927927521401,0.013096691532429641,0.29033396537168005,0
2006-05-08,NEOG,2.630657911300659,2.630657911300659,2.491734027862549,2.5039589405059814,324819,-0.04816246546174252,-0.04614761292703895,-0.06553319123738699,-0.020435091903070246,-0.04249914318412541,-0.057164579283158615,-0.055603485874611794,-0.031359528048574156,0.02296525483133956,0.018685667652467725,0.019571785243786156,19.05550753272413,3.806012515283797,-0.04816246546174253,0.055481693885139204,0.08799719919202181,0
2006-05-09,NEOG,2.502847909927368,2.517296075820923,2.456170082092285,2.499514102935791,177256,-0.0017751239839788324,-0.05185497771700631,-0.07790080187112647,-0.06291674450575235,-0.03410059878690355,-0.05129495699765442,-0.05428695158819848,-0.03307067513684788,0.02223283503072655,0.017689157930558693,0.016561825735742275,-0.45429300625887037,2.074779668198655,-0.0013320054240426836,0.024455150565800964,0.7090931075235685,1
2006-05-10,NEOG,2.500624895095825,2.556195020675659,2.4850659370422363,2.5395240783691406,129568,0.016007101294750026,-0.039108421203142396,-0.06543954199980262,-0.041124515027508135,-0.010736815106940995,-0.02955911137598046,-0.037164941548950246,-0.01771963783829539,0.02485338665858886,0.01904068945083115,0.0170674873428104,-0.26903461659972017,1.5335505610796212,0.015555785015818934,0.028008824267223054,0.7656241096478144,0
2006-05-11,NEOG,2.5361900329589844,2.5395240783691406,2.505070924758911,2.517296075820923,46788,-0.008752822128188842,-0.054279882432417215,-0.07851911005216894,-0.04228326933168125,-0.008231907043936984,-0.030103235904882685,-0.04357741860206388,-0.026727388224740863,0.02345730086973394,0.018578229581167234,0.017090276301527044,-0.6388923190911335,0.5520134782465065,-0.007449740316193049,0.0136865718503112,0.3548340218812929,0
2006-05-12,NEOG,2.491734027862549,2.5072929859161377,2.450613021850586,2.467283010482788,56686,-0.01986777233656345,-0.0621041983893279,-0.08529064651086649,-0.036876741952617476,-0.01525922912182009,-0.040871231682148394,-0.060894056053913036,-0.04640014595700147,0.023810786011374725,0.01891758108740071,0.016735181026157724,0.21154997007779763,0.6642087606986578,-0.009812852056579745,0.022972623661223546,0.29410725477741834,0
2006-05-15,NEOG,2.4372758865356445,2.4550580978393555,2.420604944229126,2.4461669921875,51287,-0.008558409475350914,-0.0230802300243802,-0.06816274542998702,-0.06539282773296018,-0.019162264068115328,-0.04241904593765363,-0.06588866360539707,-0.05488621885245304,0.013216011088510277,0.01782986851651049,0.015849328570999893,-0.09524397558480047,0.6411676459557445,0.00364796849670282,0.014084546852387844,0.7419363767845156,0
2006-05-16,NEOG,2.4072680473327637,2.443943977355957,2.392819881439209,2.440609931945801,108873,-0.0022717419781426162,-0.023566248704420034,-0.07419919911998518,-0.0842370646090107,-0.016745825242852803,-0.0372222503907787,-0.06399856953529968,-0.057187112177956405,0.013191416284862732,0.017494483218496983,0.01502606956671637,1.122818648000468,1.311655728471735,0.013850507694803529,0.020947262095253726,0.934785244601968,0
2006-05-17,NEOG,2.440609931945801,2.440609931945801,2.271678924560547,2.3216919898986816,143064,-0.048724681683283366,-0.08577673680115239,-0.12153056525204431,-0.131392599336022,-0.0479443737797301,-0.07237995076524059,-0.10356799267395005,-0.10269390403247902,0.018499059812481844,0.021308999967215622,0.017888412691141994,0.3140448044969828,1.6366416265744914,-0.048724681683283415,0.072762023610473,0.29605615992141676,0
2006-05-18,NEOG,2.276124954223633,2.322803020477295,2.0527350902557373,2.1249759197235107,496676,-0.08472961574190363,-0.1558498262741984,-0.20167019845933942,-0.19731291322944844,-0.09964201031844293,-0.1323682121643995,-0.1711640975998716,-0.17707510100973006,0.03404830247203554,0.029894711873252742,0.024977131937849704,2.4717049712017,4.552577848764067,-0.06640629910042779,0.1270922308882904,0.26749132860206204,1
2006-05-19,NEOG,2.1249759197235107,2.2883501052856445,2.1216421127319336,2.200550079345703,420195,0.03556471342603529,-0.10810795924254013,-0.1634981994836039,-0.1794448342842847,-0.046059021212958184,-0.0854503771761558,-0.13355511293510167,-0.14641195183372255,0.04618566400672514,0.03498163138842992,0.02655913229816027,-0.15398569691307817,3.332143834231405,0.03556471342603527,0.0757574181648612,0.47333043488209786,0
2006-05-22,NEOG,2.194993019104004,2.276124954223633,2.000499963760376,2.033842086791992,569558,-0.07575741816486126,-0.16855959004940368,-0.18774942596262845,-0.24097879816369683,-0.08563997790671837,-0.1378903293835129,-0.1888836403220395,-0.208758042769409,0.05092376051632062,0.03860282657000222,0.030294510300917902,0.35546115493996844,3.7422419627193704,-0.07341751472986166,0.13551936615590643,0.12096915804178866,1
2006-05-23,NEOG,2.106081962585449,2.220555067062378,2.0393989086151123,2.136090040206909,491277,0.0502733000162241,-0.12477204478804615,-0.145397884453632,-0.2119720745354552,-0.012637331780250732,-0.08038261472211257,-0.13823238110407962,-0.16728750424746142,0.06332540614788959,0.044391044829214056,0.03307005630808831,-0.13744166529133117,2.848941339389864,0.014248295248975836,0.08480736066243641,0.5337446566573312,1
2006-05-24,NEOG,2.300575017929077,2.356144905090332,2.1116390228271484,2.143868923187256,403099,0.0036416456394288144,-0.0765920145674388,-0.15579893829396996,-0.21104306912775972,0.007520923674069034,-0.06103989684347207,-0.12497184111048548,-0.16228791447588997,0.06268053895234758,0.043606491505564206,0.033096995612029174,-0.1794873360649898,2.139444236715151,-0.06811605512559395,0.11404889525600315,0.13181646208992015,0
2006-05-25,NEOG,2.172765016555786,2.184990882873535,2.073852062225342,2.098301887512207,158360,-0.02125458099709987,-0.012552627991555987,-0.16644612937398573,-0.23189603747608112,-0.011415013690589292,-0.06381732390186333,-0.1323531627049434,-0.17742109666723996,0.0499627649092589,0.043557417828646375,0.03292992292566296,-0.6071436545364786,0.8125555117134526,-0.03427113768686143,0.052966077621920266,0.21999356430333583,1
2006-05-26,NEOG,2.1116390228271484,2.1572060585021973,2.1116390228271484,2.153872013092041,101675,0.026483379684569153,-0.021211999077767385,-0.12702677238855553,-0.20148322335821345,0.019249062733636912,-0.025395950149606165,-0.09925397261018355,-0.15302378874244416,0.04841946010076546,0.04565400233602799,0.034068436688511804,-0.35795023995958575,0.5165734074055821,0.02000009935805663,0.02115586970724134,0.9268320758468412,1
2006-05-30,NEOG,2.1638739109039307,2.2149980068206787,2.1449809074401855,2.2149980068206787,149363,0.028379584932201718,0.08907078932289503,-0.09450253646015272,-0.15622372955491826,0.030506668917051446,0.012857549494546115,-0.0656791632632756,-0.12656684105317176,0.027235670993205507,0.04746954256613722,0.034913714060952894,0.46902385050405715,0.7381071805376076,0.023626189889868216,0.031610457059053056,1.0,1
2006-05-31,NEOG,2.2216670513153076,2.328360080718994,2.2216670513153076,2.267232894897461,437291,0.023582363467567147,0.06139387957534259,-0.07103840510479009,-0.13996661145923872,0.042092225341223304,0.045028164217311074,-0.03614483231750348,-0.1025553277324822,0.02114119735559447,0.04855857596367858,0.035529224196934474,1.92770632619859,1.9824603278765816,0.020509753500272097,0.047058698576491795,0.4270742319045906,1
2006-06-01,NEOG,2.258342027664185,2.3105781078338623,2.258342027664185,2.3105781078338623,112472,0.019118112230089856,0.0777609035904876,-0.0047869752375311325,-0.12573577668311076,0.04598537029387556,0.06555297916270747,-0.010729991840559143,-0.0829288188695592,0.02070959399469154,0.046668043159838336,0.035951979099244497,-0.7427982739182832,0.5014042814982569,0.023130278553822665,0.02260736392878229,1.0,0
2006-06-02,NEOG,2.3339169025421143,2.3339169025421143,2.19832706451416,2.263899087905884,412097,-0.020202312040314196,0.0789196260934657,0.0653763493943258,-0.1494783104219144,0.00971540526051781,0.03738024273009175,-0.0223886924547947,-0.09927050544891264,0.02024589403191038,0.0370365982764804,0.03594299080100048,2.6639963724304714,1.71471310281696,-0.03000013177845651,0.0598921739720189,0.48360573583843997,0
2006-06-05,NEOG,2.236114978790283,2.2416720390319824,2.19388198852539,2.2216670513153076,362609,-0.018654557889168588,0.03147588984451399,0.009596224220392857,-0.15547094064508638,-0.015076630272859142,0.017044243105997264,-0.032078219003405954,-0.1133837703717279,0.023851048514241923,0.03634979819651827,0.03602003408280888,-0.12008823165419791,1.4073669132990738,-0.006461173782213908,0.02151089672878697,0.581398481386512,0
2006-06-06,NEOG,2.2116639614105225,2.222778081893921,2.1894359588623047,2.1905479431152344,569558,-0.014007098040027866,-0.011038413411729842,0.0770491757157099,-0.12516618875843677,-0.02676269543425378,-0.004344178976051456,-0.03907552693095765,-0.12222875775831649,0.021524959374202922,0.02533046938294719,0.034793622679964525,0.5707221828470888,2.1103526060478512,-0.00954757081714214,0.015220905406982111,0.03335073330139367,1
2006-06-07,NEOG,2.1894359588623047,2.204996109008789,2.171653985977173,2.192770004272461,66583,0.0010143859960747292,-0.0328430708607762,0.02653444517725556,-0.12272149147030031,-0.019286453080687868,-0.005895250432759005,-0.03158533379642141,-0.1180469321334843,0.016617657094165104,0.020460820684475852,0.034817350825566806,-0.883097068252926,0.2518706453979598,0.001522787362955671,0.015205481179809733,0.6333135498080045,0
2006-06-08,NEOG,2.1838788986206055,2.1838788986206055,2.1116390228271484,2.128309965133667,115171,-0.029396625735119475,-0.07888421606793006,-0.0072574203979119956,-0.16192566029913436,-0.03233954265068782,-0.03443749280637038,-0.05144012820953599,-0.14066985841225188,0.01115040433653612,0.022840595233841895,0.034791524249962166,0.7297358184521574,0.43685926820544085,-0.025445061776107298,0.033942365997858805,0.2307720233930481,0
2006-06-09,NEOG,2.1327550411224365,2.133867025375366,2.083853960037231,2.083853960037231,248338,-0.02088793729518812,-0.07952877795237567,-0.006885533278581657,-0.17218559228967167,-0.03678225440805475,-0.05398602062850469,-0.06219535698924145,-0.15525336148836863,0.01121519931835085,0.022803831143981986,0.03490718695278171,1.1562546127063236,0.907298046557033,-0.022928597116089633,0.02400027367428457,0.0,1
2006-06-12,NEOG,2.106081962585449,2.1316440105438232,2.0871880054473877,2.1116390228271484,93577,0.013333498087083395,-0.04952498549367179,-0.019607938637107747,-0.14414397786739863,-0.013909040787442673,-0.03953087135909105,-0.04202485815555936,-0.14002247691741335,0.017150811225709835,0.02141451330707826,0.035142454283928114,-0.6231869468224758,0.3395932190226928,0.0026385773870250097,0.02105284313079043,0.5500048267207259,0
2006-06-13,NEOG,2.151648998260498,2.151648998260498,2.0227279663085938,2.0271730422973633,188953,-0.04000019871611327,-0.07458175080410767,-0.08479690001749118,-0.171285914342033,-0.038684617714728115,-0.07000475652133276,-0.07151965735188064,-0.16971669666328415,0.021943180596288057,0.0216331074090776,0.03590367422193426,1.0192248095151588,0.66900356872951,-0.05785142282210873,0.0635964613093908,0.03447905994444588,1
2006-06-14,NEOG,2.031619071960449,2.0549581050872803,1.9860520362854004,2.030508041381836,170957,0.0016451477081074195,-0.07399862392064316,-0.10441135273239377,-0.16803254186424088,-0.022053092223566995,-0.0582472494078307,-0.06117501851922635,-0.16372177451698758,0.022061107682269463,0.018952033159310204,0.03595137747318186,-0.09524061539112905,0.5987070628255959,-0.0005468695357054172,0.03393538336099706,0.6451682104265206,1
2006-06-15,NEOG,2.06162691116333,2.1327550411224365,2.0527350902557373,2.083853960037231,212347,0.026272202605556405,-0.02088793729518812,-0.09812442480431116,-0.10244168085010708,0.007956036628116829,-0.02323414822116688,-0.031183138369614134,-0.13839864005199715,0.026598470448521865,0.020294516204686763,0.03544582616660796,0.24210766450042986,0.7347448753978266,0.010781314870089029,0.03839998022955003,0.38888888888888334,1
2006-06-16,NEOG,2.0638489723205566,2.1416471004486084,2.0638489723205566,2.1116390228271484,107073,0.013333498087083395,0.013333498087083395,-0.06725567667398835,-0.006276257896653092,0.018657550608735085,-0.003095642647840916,-0.017960962199242564,-0.123834488514234,0.025524380047753238,0.02118865562306753,0.030198368632812934,-0.49576400890994454,0.39726165386000284,0.023155788600586154,0.03684253193232452,0.6142827810449605,1
2006-06-19,NEOG,2.128309965133667,2.1316440105438232,2.106081962585449,2.1171960830688477,192552,0.0026316336180693956,0.0026316336180693956,-0.047023683492361856,-0.03787870908243063,0.020790990352438823,0.0044820223378875985,-0.01346446163011433,-0.11830044651757045,0.024872898303510183,0.020925715332256418,0.02903981495250767,0.7983245075789416,0.7459049257105005,-0.005221928312552602,0.012073538281500207,0.4347899081285268,0
2006-06-20,NEOG,2.10052490234375,2.1327550411224365,2.0627379417419434,2.108304977416992,207848,-0.004199471991733539,0.040022205024827784,-0.037544471901072574,0.036611933201978086,0.008613384145463024,0.004181979395449993,-0.019308740727284644,-0.1187155335847971,0.012045020916486786,0.020664351099289605,0.023241564925720916,0.07943828160704647,0.865816879113555,0.0037038718582013655,0.033210138063742185,0.6507986774405546,1
2006-06-21,NEOG,2.1171960830688477,2.1327550411224365,2.078296899795532,2.1127500534057617,294226,0.002108364793700579,0.04050316982145863,-0.03649263293039662,-0.010926499521006439,0.002848575966646843,0.010149179550942394,-0.016707318104983212,-0.1127437979696955,0.011986170711716489,0.020694517239250983,0.020290353628794975,0.41558254108771786,1.2780906960222183,-0.0020999612169324802,0.025775950751542046,0.6326538653497626,0
2006-06-22,NEOG,2.133867025375366,2.133867025375366,2.083853960037231,2.110527992248535,53087,-0.0010517387769767295,0.012800336646829003,-0.008354973277595379,-0.015551758122018589,-0.0007365397496217224,0.0099454146401559,-0.016978799988115655,-0.10965441693600793,0.006614612347610855,0.01858998923251783,0.020268851773158635,-0.8195706701651112,0.24957823408131896,-0.010937435580235142,0.023696944803300996,0.5333412785431705,1
2006-06-23,NEOG,2.13053297996521,2.13053297996521,2.067183017730713,2.122752904891968,149363,0.005792348023021754,0.005263154329256503,0.018666828674521074,0.01165276432589546,0.003994928396722749,0.013908060223522416,-0.01184748065069298,-0.10066016354961554,0.0038106965866684605,0.01723277286198482,0.01971201137163176,1.8135513402527925,0.7036893954027429,-0.0036517036565041983,0.029843304931301506,0.8771889548340548,0
2006-06-26,NEOG,2.102747917175293,2.123863935470581,2.072740077972412,2.1149730682373047,152062,-0.0036649751540721587,-0.0010499806084662833,0.001578889845335718,-0.018060007566974234,0.0005257056055376279,0.010031268153507482,-0.01457684965656248,-0.10055117081016553,0.004182224974271635,0.016822627304360058,0.01877208393655775,0.01807007090109325,0.7080016025973065,0.005813892840961299,0.024172344445396378,0.8260916200700466,0
2006-06-27,NEOG,2.133867025375366,2.133867025375366,2.099414110183716,2.1116390228271484,78280,-0.001576400881990847,0.0015813866807072863,0.041666882287493934,-0.04666324018137047,-0.0013665388510814005,0.004387579203547773,-0.01375550599260171,-0.09808986094425429,0.0036913026335769943,0.00930833960680255,0.017476528266927357,-0.48520998013967986,0.37060498375644224,-0.010416770250389744,0.01631572196725339,0.354829557250218,1
2006-06-28,NEOG,2.0894110202789307,2.126086950302124,2.0882999897003174,2.1127500534057617,378805,0.0005261460726018186,0.0,0.04050316982145863,-0.0681371736619435,-0.0008411117775291195,0.0010003320583719247,-0.00966388719091254,-0.09333730903412546,0.0035655025439515573,0.009348158641891924,0.016411496145251104,3.839103219213081,1.8185733029473654,0.011170149338886591,0.017885201584017903,0.6470502870843586,0
2006-06-29,NEOG,2.120529890060425,2.136090040206909,2.0960800647735596,2.10052490234375,215946,-0.005786368833504363,-0.004739614893298771,0.008000053087319658,-0.09090937232458873,-0.005681859862835645,-0.005577272797611949,-0.010523097816168286,-0.09413354366575025,0.004438239054998992,0.00562276846494355,0.015534949391506556,-0.4299283272396087,1.011591237429241,-0.00943395696068437,0.019047608237687055,0.11109323417593288,1
2006-06-30,NEOG,2.1071929931640625,2.1249759197235107,2.0871880054473877,2.1249759197235107,56686,0.011640432042713922,0.001047232028946743,0.0063158981019901805,-0.06136455857265155,0.005680777144972994,0.005363460504302314,0.00428091770423254,-0.07944141810835974,0.006799195660086635,0.005214485671166666,0.015487572659779044,-0.7374991896122178,0.28965608513597657,0.008439154181481133,0.017782749406892003,1.0,0
2006-07-03,NEOG,2.143868923187256,2.143868923187256,2.1016368865966797,2.1116390228271484,134966,-0.006276257896653092,-0.001576400881990847,-0.002624726300099911,-0.04952498549367179,-0.00031565571769706045,-0.0006837253266019683,0.0005793049575296353,-0.08067779418156759,0.007257778302105918,0.005584564930968784,0.015072786829866982,1.3809406202589707,0.732241783126961,-0.015033521877910213,0.0199996477305265,0.2368376483340296,1
2006-07-05,NEOG,2.1149730682373047,2.13053297996521,2.104970932006836,2.1249759197235107,162859,0.0063158981019901805,0.0063158981019901805,0.007907272659832598,-0.029934073617431056,0.004729495527841942,0.004835100828158566,0.008465546192263751,-0.07038245518581313,0.00775076835934147,0.005745687054992925,0.01493546940087766,0.20666686424729197,0.9931398774087341,0.004729540832660717,0.012029335354397807,0.7826050459357367,0
2006-07-06,NEOG,2.118307113647461,2.123863935470581,2.069406032562256,2.0882999897003174,98975,-0.01725945676973384,-0.011572624819500388,-0.011572624819500388,-0.04764294220031784,-0.010323366240052746,-0.011364779184918416,-0.006477122410952434,-0.08142508569004218,0.011405223392799148,0.008056353644445706,0.015332935593672607,-0.3922657022332201,0.5976623085676606,-0.014165615435938856,0.026077624468187736,0.3469461020169605,0
2006-07-07,NEOG,2.0894110202789307,2.106081962585449,2.069406032562256,2.074963092803955,66583,-0.006386485161203437,-0.012169248510823794,-0.01685118585264045,-0.025065367922741277,-0.014255635426950894,-0.016021959276116327,-0.011567914479607692,-0.08210427924048011,0.011454489004405209,0.008225157808984685,0.014000055230619491,-0.3272745642839101,0.40804870134148086,-0.006914832617780884,0.01767546138549971,0.15151790938048496,0
2006-07-10,NEOG,2.079408884048462,2.079408884048462,2.0582919120788574,2.0582919120788574,40490,-0.008034446869399248,-0.03138106508676575,-0.03036669631428035,-0.012266717557269158,-0.015940683479196954,-0.020934837751494562,-0.018912095465759688,-0.08402101378872569,0.008400639334114553,0.007990614702744175,0.013326286232474518,-0.39188681795653546,0.2650185640627889,-0.010155276401672018,0.010259464095292747,0.0,0
2006-07-11,NEOG,2.067183017730713,2.069406032562256,2.0193939208984375,2.0505130290985107,125069,-0.0037792904566632535,-0.028947179450586114,-0.030477947973359898,-0.028947179450586114,-0.013896141893700484,-0.021635183677735467,-0.021193997022978094,-0.08219897079208315,0.008478354592522495,0.007991673649561567,0.012932750013873473,2.088886144727093,0.8102614502092075,-0.008064108736004385,0.024390048224080647,0.6222314388413757,0
2006-07-12,NEOG,2.0527350902557373,2.0649609565734863,2.0405099391937256,2.0405099391937256,62984,-0.004878335208229778,-0.039749147153053555,-0.033684300614123086,0.006579061884745663,-0.010669327039546617,-0.023092552349698366,-0.026278892117521283,-0.08187155204162666,0.005382343489552801,0.007991703409979003,0.009283348317035088,-0.49640598389688895,0.4254011437417389,-0.005955542495494957,0.011982797491014508,0.0,0
2006-07-13,NEOG,2.0293960571289062,2.0660719871520996,1.9949430227279663,1.9949430227279663,63884,-0.022331141637939922,-0.04470476820035241,-0.055760041509827385,-0.017515330118892947,-0.023926078353840162,-0.039490653245673815,-0.04721468875098813,-0.09716431293413821,0.007577803905393,0.009808771337996292,0.010568914697173276,0.014289343325288861,0.4476671157306107,-0.016976988932206002,0.03565463455034854,0.0,1
2006-07-14,NEOG,1.9693809747695925,2.0605149269104004,1.9693809747695925,2.0605149269104004,61185,0.03286906113878296,-0.0069630953647615845,-0.01904760823768703,-0.011199937027455475,0.009583927655394009,-0.006004811713990611,-0.015348748102340559,-0.06254749368410571,0.020457968339646526,0.015642935049952646,0.011519459840747133,-0.04224845031619806,0.4527320978067078,0.046275430355200875,0.044228726980132554,1.0,0
2006-07-17,NEOG,2.0760750770568848,2.0760750770568848,2.008280038833618,2.059403896331787,89078,-0.0005392004513546933,0.0005402461363250843,-0.030857772449607523,-0.02473676889406351,0.008929619435758141,-0.0033882889355767625,-0.014649885498855663,-0.05788914847204886,0.020106387595687353,0.014937389491980436,0.011050755465085627,0.45587970907902253,0.663541070747521,-0.008030143470886078,0.03291973873800239,0.7540943826863089,0
2006-07-18,NEOG,2.1038589477539062,2.1449809074401855,1.9771610498428345,1.989385962486267,103474,-0.03399912662602811,-0.02981062092500708,-0.05789486698214352,-0.06036763510223464,-0.019500508552275083,-0.03154261130243339,-0.04523160463007121,-0.08454893760070524,0.025457259342358398,0.01788800101811346,0.01320828310750583,0.16161117223107846,0.797226342045958,-0.054410960102554064,0.08435761625040096,0.07284544760348777,0
2006-07-19,NEOG,1.9649360179901123,2.000499963760376,1.9649360179901123,1.9782719612121584,175456,-0.005586649088555329,-0.030501188348124098,-0.06903793927718516,-0.06167656842709013,-0.0189595426515164,-0.030025750719752848,-0.04759372437422935,-0.08523754491368174,0.02545298744291249,0.017380880537073918,0.013218410426312738,0.6956530142837813,1.3689009143118398,0.006786960542199816,0.01797727838616909,0.37498491613370966,0
2006-07-20,NEOG,2.000499963760376,2.0249509811401367,1.9427080154418943,1.9427080154418943,375206,-0.01797727838616936,-0.026183708853320442,-0.06971794041875967,-0.08048374567060546,-0.03157883277261992,-0.04061460134798934,-0.06087135937818126,-0.09703274811210305,0.024817619269634845,0.017429408392072753,0.013560859766512244,1.1384620645631953,2.837699352376573,-0.028888752494575953,0.04233418766202762,0.0,1
2006-07-21,NEOG,1.9504879713058472,1.996055006980896,1.9427080154418943,1.996055006980896,258235,0.027460118100592235,-0.0312834035258156,-0.0380286695684926,-0.05423902724250573,0.0014499745560368972,-0.010413553731244472,-0.032405556788652264,-0.06752623869388463,0.022786479080300105,0.02057769699628973,0.015286899420637842,-0.31175141122476724,1.8124387191683284,0.023361864490013647,0.0267262131316165,1.0,1
2006-07-24,NEOG,1.9782719612121584,2.0660719871520996,1.9782719612121584,2.0227279663085938,242939,0.013362837814796302,-0.017809002929692674,-0.017278378038392272,-0.04712038709397737,0.018580738464119957,0.004581364881025805,-0.017092817077870116,-0.050679090209674954,0.024428012304816955,0.021178268154219037,0.015598119966689047,-0.05923286928572813,1.650870730187465,0.022472140316438356,0.04340673951335784,0.5063324824851995,1
2006-07-25,NEOG,2.0682950019836426,2.2216670513153076,1.9427080154418943,2.178322076797486,393202,0.0769229046518034,0.09497207574295574,0.062330278269514316,0.029952631317891276,0.07644977831299649,0.07503280810653014,0.05688853380405883,0.0251259252975362,0.03684461515146828,0.032552152805189666,0.02358814629340484,0.6185215218635132,2.4696275667320498,0.05319699303451365,0.1280614280343391,0.8446188545851907,1
2006-07-26,NEOG,2.228334903717041,2.228334903717041,2.176100015640259,2.200550079345703,190752,0.010204185499004037,0.11235973743334404,0.07843144357101961,0.04210523463405069,0.06405841289841631,0.07749238369216217,0.06537529735318763,0.037986078649439106,0.03485061977305577,0.03231335384509478,0.02364813361318466,-0.5148753058224526,1.1572039818319362,-0.012468872755612533,0.023737195788933557,0.46807918243271,1
2006-07-27,NEOG,2.200550079345703,2.2216670513153076,2.173877000808716,2.220555067062378,143064,0.00909090318118233,0.14302048965257597,0.11309197393813308,0.051025919267086994,0.04563529350518807,0.07540770961017569,0.0722623041804476,0.04960125115104664,0.028637747593241076,0.030509432041280253,0.02369138401854962,-0.25,0.9347432713074312,0.009090903181182296,0.021521668710433886,0.9767318878900053,0
2006-07-28,NEOG,2.222778081893921,2.228334903717041,2.19943904876709,2.2038838863372803,131367,-0.007507663724436453,0.10411981565113915,0.06957918991727552,0.049206264528548704,0.017862521507641164,0.05997417787880785,0.06156298800896657,0.04288265561219833,0.03261536190951968,0.029987547477979663,0.023727132312046893,-0.08176061063579931,0.882708081495632,-0.008500261771765268,0.01311133273812093,0.15382267034109473,0
2006-07-31,NEOG,2.1649858951568604,2.2372260093688965,2.1649858951568604,2.1883249282836914,81880,-0.007059790286613965,0.08186813290435002,0.06260114015591522,0.029811635968290506,-0.0045499501835733775,0.04600517307878426,0.052462841739284304,0.03489966132785965,0.0349168538159882,0.030242959910209994,0.023723304312983272,-0.376708001248411,0.5455669685452792,0.010780224101709477,0.03301160320313777,0.3230758060310828,1
2006-08-01,NEOG,2.204996109008789,2.243894100189209,2.204996109008789,2.243894100189209,148463,0.025393473879174122,0.03010207906818141,0.12793301174442107,0.0626314800647092,0.014674811112300349,0.05967558081410149,0.07576719427642402,0.06074449188310068,0.013750889566264971,0.027073622756027763,0.024212638347566692,0.8131778212017586,0.9847818264129917,0.017640843456139123,0.017335038751222696,1.0,0
2006-08-02,NEOG,2.2316689491271973,2.2316689491271973,2.1705429553985596,2.192770004272461,161060,-0.02278364915369102,-0.003535513754613362,0.10842697428157044,0.03190346013792533,-0.0077450131255682965,0.025147927271011904,0.049551674736920806,0.035021655072296654,0.018378858335320814,0.02883413807134357,0.024887667081410852,0.08484942376214955,1.0689778073941725,-0.017430427962870414,0.02787615372772243,0.3636267898167181,0
2006-08-03,NEOG,2.1583170890808105,2.167207956314087,2.1016368865966797,2.122752904891968,290627,-0.03193089071998856,-0.0440440156702776,0.09267727729486941,0.01649806797949327,-0.03085033263053447,-0.015869706715671554,0.01520149031630931,0.002098662666362875,0.021820117909954594,0.030656700945377514,0.025684322151270735,0.8044641748416739,1.8135861551239658,-0.01647773831230169,0.030889638434269055,0.3220325424961435,1
2006-08-04,NEOG,2.1527600288391113,2.2149980068206787,2.146091938018799,2.174988031387329,98075,0.02460725710231415,-0.013111332738120929,0.08964333336538433,0.048205647093321424,-0.00437526261507315,5.1095719251904235e-05,0.03770080595598173,0.026455977955871825,0.026510088551570502,0.030481861886407013,0.026138233250995214,-0.6625399567142765,0.6060577971815145,0.010325350828909787,0.031681125508505784,0.41935483870967744,0
2006-08-07,NEOG,2.174988031387329,2.1894359588623047,2.149425983428955,2.171653985977173,42289,-0.0015329028767250286,-0.007618129323963663,0.07362632155640969,0.055075800100589545,-0.00438188503429149,-0.008272797855618326,0.033315727257720404,0.024173433669900588,0.02637976297432745,0.030610286896311296,0.02603826745706052,-0.568809584501657,0.26118113608760674,-0.0015329028767250776,0.0184237340256332,0.5555615145339483,0
2006-08-08,NEOG,2.1905479431152344,2.1905479431152344,2.10052490234375,2.1394240856170654,103474,-0.014841176618477281,-0.04655746212057621,-0.01785685945836224,0.04336039579209294,-0.00967159405372648,-0.021252597553031966,0.01583133674273156,0.00911101216368328,0.02199261501077653,0.019084147490631902,0.026305964846677993,1.4468301449549528,0.6433561911701889,-0.023338387848961844,0.04207816551037818,0.43210252553074285,0
2006-08-09,NEOG,2.1116390228271484,2.1583170890808105,2.0760750770568848,2.0760750770568848,39590,-0.02961030914163476,-0.0532180424705756,-0.05656540310404068,0.01742953424535254,-0.028499926833666877,-0.04479418761361988,-0.015079354636953798,-0.01948408422051009,0.02321707646888013,0.020444213334005257,0.027233402684069635,-0.6173918085702689,0.24795665925531582,-0.016841868039855226,0.03961418010976505,0.0,0
2006-08-10,NEOG,2.0449559688568115,2.0660719871520996,2.033842086791992,2.0649609565734863,128668,-0.005353428980590769,-0.027225000227439566,-0.0700699175610765,0.03509771108639215,-0.028445887680240523,-0.043057143894149615,-0.02197643424869015,-0.022866262790805073,0.01994149225216579,0.01978934110625526,0.02672074762114998,2.2500126294518816,0.7898384449265273,0.00978260071186675,0.015607995036181425,0.9655279549052389,1
2006-08-11,NEOG,2.071629047393799,2.083853960037231,2.059403896331787,2.078296899795532,313122,0.006458205991543009,-0.04445593731847908,-0.05698439347023243,0.008629868511457195,-0.013192885441627352,-0.031238874386752654,-0.016074489709944177,-0.014389066935055695,0.013846592005390219,0.02024201468540651,0.02575308679503062,1.4335654552802564,1.7841602657078122,0.0032186517224796632,0.011764471047351007,0.7727179647199889,0
2006-08-14,NEOG,2.073852062225342,2.0905230045318604,2.072740077972412,2.0760750770568848,275331,-0.0010690593528122072,-0.044012033932413375,-0.05129487389006915,0.008095148676174002,-0.005218743369697641,-0.02718444833959398,-0.01751408369740977,-0.013685652014661836,0.013910332077683564,0.02028476335278945,0.025754743292492405,-0.12069097668001605,1.4897759202916232,0.0010719254627823203,0.008565647146372918,0.18753938353868638,1
2006-08-15,NEOG,2.077186107635498,2.0960800647735596,2.077186107635498,2.079408884048462,84579,0.0016058219803414264,-0.028052036046557594,-0.07330346656149123,0.04525161193441174,0.002142449928227358,-0.0180539166031039,-0.018028115324582192,-0.010764659848299102,0.01409263258382697,0.01752262423808531,0.024425344775846795,-0.6928097453610382,0.4599961004835237,0.0010700901593714669,0.009086215454305614,0.11764483198102137,1
2006-08-16,NEOG,2.1116390228271484,2.1116390228271484,2.048290014266968,2.0860769748687744,331117,0.0032067242144941943,0.004817695623064111,-0.04865673517779001,0.05449453653003289,0.004387758988565928,-0.009916752534923579,-0.01738043173498977,-0.006605022688692775,0.004462934189580285,0.016911590524945744,0.02435128940467405,2.914884309343927,1.7276991630663912,-0.012105311410730851,0.030367531650726944,0.596488586966746,0
2006-08-17,NEOG,2.09496808052063,2.0960800647735596,2.069406032562256,2.072740077972412,59385,-0.006393290879020075,0.003767200234058743,-0.02356036202060996,0.06693340507010803,-0.0027805871178556685,-0.01390596773168313,-0.026643504862049517,-0.011826434460075985,0.004839587795560855,0.014053871415887764,0.023962434447465236,-0.8206525185961457,0.3376815603463987,-0.010610186739787364,0.012868971124154013,0.12499217905058144,1
2006-08-18,NEOG,2.0660719871520996,2.079408884048462,2.0660719871520996,2.074963092803955,31492,0.001072500529693876,-0.0016041052613342544,-0.04598873057686326,0.039532019682368524,-0.0013907282154204973,-0.008128433296528613,-0.027401568622358582,-0.010263178536413255,0.0037259723797757414,0.010593252098460959,0.02329147668143004,-0.4696977351182958,0.19141303568237544,0.004303386187482792,0.006427534515006619,0.6666547489229339,1
2006-08-21,NEOG,2.0760750770568848,2.0882999897003174,2.059403896331787,2.080519914627075,233942,0.002678034053902545,0.0021409811327688377,-0.041965281733908566,0.028571290495355006,0.0008553855858697367,-0.0011206687066791679,-0.026115986666422893,-0.00758106461642058,0.003908850176930069,0.010812170171197615,0.023143838589947556,6.428616791566112,1.42583268093442,0.0021409811327688516,0.013888880930856065,0.730756854429492,1
2006-08-22,NEOG,2.097191095352173,2.097191095352173,2.0682950019836426,2.0905230045318604,71982,0.004807976042170203,0.0053448461092269195,-0.022857123753049935,-0.04030582676493155,0.004593250414501443,0.006043900964071149,-0.019418557519530966,-0.002608614619762243,0.00438247787984308,0.010447721386192939,0.014977493378004025,-0.6923083499328894,0.4863223116625944,-0.003179534204150697,0.013822423051977416,0.7692390201239284,1
2006-08-23,NEOG,2.1138620376586914,2.201662063598633,2.1138620376586914,2.1449809074401855,65684,0.02604989411275116,0.028236701368661965,0.03319043282431955,-0.025252400491626248,0.024960278483082323,0.028839579064537782,0.007438444236426662,0.022224216668900235,0.012162353585250644,0.008981236447761415,0.016035861718477876,-0.08749409574615874,0.46334797197084787,0.014721334328876698,0.040932777366639465,0.35442893607777115,0
2006-08-24,NEOG,2.1449809074401855,2.156095027923584,2.133867025375366,2.1405351161956787,48588,-0.0020726483993801503,0.0327079304075526,0.036598347964698075,-0.03603601282113633,0.016251548902533153,0.022998874685342605,0.007243147909491041,0.019036838817539113,0.011209555343135441,0.008684782688260215,0.015853686220429826,-0.260276475245113,0.35456441111169895,-0.002072648399380128,0.010384320434659845,0.2999860561401251,0
2006-08-25,NEOG,2.167207956314087,2.167207956314087,2.098301887512207,2.1138620376586914,93577,-0.012460939479653432,0.018746812890137354,0.017112635767612794,-0.04084691087251413,-0.00010508494998345967,0.00853711726290089,-0.003196799663364913,0.006051236754379203,0.014108851496712283,0.00996729272386201,0.015987090031275734,0.9259282127274224,0.6924128490431662,-0.024615043747866456,0.03259724029965554,0.22581683176881318,1
2006-08-28,NEOG,2.1138620376586914,2.1171960830688477,2.106081962585449,2.1171960830688477,81880,0.0015772294268783238,0.017628366921133898,0.01980709005488257,-0.032503786021681136,-0.0019908117418557547,0.008149912756340513,5.2535573424657764e-05,0.007584713693130094,0.014139300985435064,0.009919366441122327,0.015958750257627826,-0.12499866420167349,0.6058621678366954,0.0015772294268783173,0.005249452600199726,1.0,0
2006-08-29,NEOG,2.0905230045318604,2.1160850524902344,2.0905230045318604,2.0960800647735596,61185,-0.009973577064567696,0.002658215302894229,0.00801726916384049,-0.06587389101971675,-0.012461904690656993,-0.002696642678220803,-0.006453112741046998,-0.002263980647110418,0.015314869663078733,0.01062236908324463,0.014730674796211799,-0.2527479237909135,0.46783835892228576,0.0026582153028943275,0.012195167726637151,0.2173949540642634,0
2006-08-30,NEOG,2.079408884048462,2.11941909790039,2.0682950019836426,2.0894110202789307,48588,-0.00318167450123108,-0.025906937897909654,0.001598237001952496,-0.04713626317039288,-0.010422311428546245,-0.0060274132447615736,-0.0071822291790412255,-0.0052595271182595705,0.005815724230842575,0.0106568770961034,0.013999944522741808,-0.20588379504780585,0.38821097206547683,0.004810086321741253,0.02446818525438938,0.41303455673180417,1
2006-08-31,NEOG,2.0894110202789307,2.1094160079956055,2.0894110202789307,2.1094160079956055,36891,0.009574462622487845,-0.014538004055444032,0.017694418327198314,-0.006282830594944611,0.002005975297615409,0.0017415577721768677,0.00264116656353675,0.004296460636536771,0.008904829388359858,0.010753308895735787,0.012359372308208098,-0.2407384539392443,0.3280017817775899,0.00957446262248784,0.009483661658415025,1.0,1
2006-09-01,NEOG,2.1327550411224365,2.1883249282836914,2.1327550411224365,2.181657075881958,169158,0.03424695157926516,0.03207164754155678,0.05141970160723419,0.0030662442268130086,0.029689658811331215,0.03082517198288006,0.03681423966339564,0.03798753069355957,0.017092978861203378,0.014841574775235043,0.013513529514148111,3.585346019354314,1.4579305863077359,0.02292904427213783,0.02547141243029231,0.8800096105578843,0
2006-09-05,NEOG,2.19943904876709,2.200550079345703,2.1405351161956787,2.1572060585021973,119670,-0.011207543866570413,0.018897623962800703,0.03685912513308853,-0.0066529601714955255,0.014318540068314206,0.015592263857528042,0.02554618174445372,0.026017868133279803,0.018867967495966115,0.0157194945401627,0.013751375851927958,-0.29255488951158093,0.9981221091929073,-0.019201709767118377,0.02782069098753335,0.2777797641039087,1
2006-09-06,NEOG,2.128309965133667,2.220555067062378,2.128309965133667,2.174988031387329,61185,0.008243057178078939,0.037645492622102594,0.04040377774957005,0.016623139848407353,0.015146722411656814,0.019908149737771125,0.033126450083361424,0.03388515685003954,0.017206969321120175,0.015782926574405994,0.013426659261277672,-0.488718977187265,0.5194823939745646,0.021931986890232187,0.0424117745006035,0.5060221657051879,1
2006-09-07,NEOG,2.173877000808716,2.202773094177246,2.1549830436706543,2.1883249282836914,52187,0.006131940361922439,0.04734056968434874,0.020207182587574923,0.05406830054813616,0.01202714069679061,0.024080708070053882,0.03669773307406995,0.03946704913406659,0.016233383888672712,0.013839354472924689,0.01137202971994992,-0.14706218844488028,0.4407293100150282,0.0066461568292965675,0.021838644658713297,0.6976741865639624,1
2006-09-08,NEOG,2.2116639614105225,2.2127749919891357,2.192770004272461,2.2116639614105225,134066,0.010665250313232066,0.04847216150221323,0.03322946896627377,0.07104396059888174,0.013238214125610026,0.03156905281387581,0.04412608132941219,0.049566954040792685,0.01624367819040069,0.013999164250229033,0.011339244435390621,1.5689539540498592,1.129638453511088,0.0,0.009045220280171459,0.9444623213796227,0
2006-09-11,NEOG,2.1394240856170654,2.2116639614105225,2.1394240856170654,2.2116639614105225,80080,0.0,0.013754171478317145,0.046266937959752674,0.06417132298475337,0.010460020747325117,0.02688471453321143,0.04084935427338362,0.048460992574138176,0.008755520374195283,0.01294952421705865,0.011342463632242498,-0.4026822609759372,0.7482129734785222,0.03376603838346579,0.03266313375535809,1.0,0
2006-09-12,NEOG,2.1916589736938477,2.1916589736938477,2.1505379676818848,2.1638739109039307,31492,-0.021608187925670652,0.0030909668436418514,0.02204700273553506,0.04229077975904061,-0.011976171107081926,0.0025228580959948906,0.016258908597381837,0.025427473290325037,0.013075303312438362,0.015396753176473906,0.012606351772221492,-0.6067432567432567,0.33206659046526443,-0.012677639689119937,0.019003420580446444,0.3243097510349386,1
2006-09-13,NEOG,2.1549830436706543,2.2161099910736084,2.133867025375366,2.1683199405670166,84579,0.002054662076510949,-0.003065805753450168,0.03446427310078026,0.04275785161860579,-0.009342875729110522,0.0012317077266917416,0.01622525672680434,0.026982680228544255,0.012459576656207115,0.01479021713838022,0.01260573509475255,1.6857297091324779,0.8918411074228884,0.006188863961381861,0.03792934988954426,0.41891625501519053,1
2006-09-14,NEOG,2.174988031387329,2.174988031387329,2.1449809074401855,2.16943097114563,35991,0.0005123923632426308,-0.00863398158740536,0.03829785048995138,0.0399572965336521,-0.007121119104333102,-0.0019430473577304937,0.014763851478791229,0.02707639083923219,0.011949000461054677,0.014650487378470014,0.012608475425284997,-0.5744688397829248,0.44943750070242167,-0.0025549842856627653,0.01383179476381193,0.8148086350598686,1
2006-09-15,NEOG,2.1638739109039307,2.218332052230835,2.1572060585021973,2.218332052230835,38690,0.022540971220384787,0.003014965626179311,0.051633269029148554,0.0702413080181492,0.014640045359552111,0.015465896199641059,0.03411637118048219,0.048936213918354364,0.015628848152842472,0.015745221210612743,0.013234824243663951,0.07499096996471333,0.48946585725789055,0.02516696608452343,0.027554934198046315,1.0,0
2006-09-18,NEOG,2.226111888885498,2.226111888885498,2.147202968597412,2.167207956314087,176356,-0.023046187276307806,-0.020100705112580997,-0.006623002179217297,0.04445614663221731,-0.004695901126134695,-0.007280111919393573,0.008116398538696695,0.023869053203398796,0.018935470307495966,0.014345966574468176,0.01450395642754329,3.558180408374257,2.0437937594269457,-0.02646045460046546,0.0364104054058068,0.2535199777622006,0
2006-09-19,NEOG,2.2138869762420654,2.2138869762420654,2.156095027923584,2.15942907333374,127768,-0.003589356968574986,-0.0020541111696911196,0.0010305064844320366,0.03792761518498078,-0.0078633491418508,-0.010944051854025739,0.002657729299288316,0.019220036078330817,0.01624902408267966,0.013914169849110057,0.01456241488923528,-0.2755108984100343,1.5777752119817459,-0.024598321184744726,0.026762605464629538,0.05769048296801585,0
2006-09-20,NEOG,2.167207956314087,2.167207956314087,2.1138620376586914,2.1138620376586914,151162,-0.021101427334541567,-0.02511525254621072,-0.02810405981390529,0.011164207749083,-0.023914447232703872,-0.029096327906826494,-0.01903130256688052,-0.0028832340400376,0.01854576970451493,0.015073254558541258,0.015423044592487027,0.18309748919917346,1.7796567766104674,-0.024615043747866456,0.02523623477078065,0.0,1
2006-09-21,NEOG,2.1138620376586914,2.2172210216522217,2.1138620376586914,2.2094409465789795,150262,0.045215301290973064,0.01844261281667836,0.009649398049790259,0.03005156778561746,0.016463764036273688,0.013820104956480006,0.023792225703732614,0.040543378670451026,0.029417872286284338,0.02137856646143806,0.01753402814335634,-0.005953877297204313,1.6851608344945341,0.04521530129097311,0.04678060490983825,0.9247276359282984,0
2006-09-22,NEOG,2.2116639614105225,2.220555067062378,2.19943904876709,2.2061069011688232,154761,-0.0015089995572493686,-0.00551096534430795,-0.0025126150892087473,0.030633361011934035,0.016072847893447293,0.012548440865567705,0.020696675986530213,0.036910818533330135,0.027535121924524703,0.02112251613372066,0.017528222377922325,0.029941036323222203,1.638091629232274,-0.0025126150892087235,0.0095716206155289,0.31577224022491446,1
2006-09-25,NEOG,2.222778081893921,2.2316689491271973,2.2127749919891357,2.2316689491271973,236641,0.011586948912054584,0.029743796678719958,0.009045220280171407,0.05573065288545909,0.021778917223915065,0.023341177132214567,0.029717169955805058,0.04724053464268236,0.024757874834787075,0.021441154565372794,0.017332718568054812,0.529073862277964,2.328465328998638,0.003999889735146611,0.008466290282638437,1.0,1
2006-09-26,NEOG,2.2605650424957275,2.400599956512451,2.2605650424957275,2.3316938877105713,481380,0.044820688401159936,0.07977331439318269,0.0775553399673532,0.10131220549530395,0.05099687251089233,0.06104282523337898,0.07057198583821443,0.09138951461468267,0.02909693660197053,0.02378449462490857,0.01970023603233438,1.0342206126579927,3.958567356826962,0.03146507350052423,0.06005716048525573,0.5079365079365079,1
2006-09-27,NEOG,2.4106030464172363,2.4328300952911377,2.343919038772583,2.368370056152344,259135,0.015729409694419383,0.12039954072667158,0.0922604233086628,0.1299043848347463,0.0435848509721144,0.0680099577073535,0.08065632260242357,0.10463739405254174,0.02093639226415506,0.023813849697804083,0.01950816448774342,-0.46168307781794005,1.9705768957301821,-0.017519678458741268,0.03754103219114316,0.27500536308055845,0
2006-09-28,NEOG,2.389486074447632,2.389486074447632,2.3583669662475586,2.366147041320801,66583,-0.0009386264725685933,0.07092567691590013,0.09067634453069928,0.13244690410646287,0.028403055027543592,0.057625451112581404,0.0728683800997042,0.09962190490348152,0.018857364895800893,0.023876436001490017,0.019457142521689293,-0.743056707893569,0.5028857225182276,-0.00976738612390794,0.01315180656849725,0.25000957685618624,1
2006-09-29,NEOG,2.3883750438690186,2.425050973892212,2.379483938217163,2.4039340019226074,144864,0.015969827716503016,0.08967249077955963,0.08366734344622784,0.13962063092848953,0.02716297448511862,0.06567463013026144,0.08277214746933047,0.11241384769123322,0.016784081293593232,0.023549658085002485,0.019564039404776225,1.1756904915669164,1.0512588851274125,0.0065144534538362645,0.01895519412704568,0.5365734975565346,0
2006-10-02,NEOG,2.4061570167541504,2.4239389896392822,2.297240972518921,2.3039090633392334,135866,-0.041608853863449036,0.03237044376151266,0.06307706033787497,0.05603629865058135,-0.021616066365837593,0.015181111480018987,0.03487001752553441,0.06309863123370317,0.03167292283853692,0.026803070524391338,0.021231711862096294,-0.06211343052794349,0.9980174222963966,-0.04249429804578884,0.05499262932571136,0.052629796202555465,1
2006-10-03,NEOG,2.300575017929077,2.3594789505004883,2.2827930450439453,2.322803020477295,41390,0.008200825908760923,-0.0038130507954481363,0.07565608389783196,0.07676455446730746,-0.012847087496540472,0.016191063832148588,0.039490791799742346,0.06885694538241247,0.023981655741048984,0.026570327064442855,0.020993102033005875,-0.695361606288549,0.3130343763022616,0.009661933375346696,0.03301438166753605,0.5217383193841638,1
2006-10-04,NEOG,2.366147041320801,2.366147041320801,2.351699113845825,2.351699113845825,12597,0.012440182449303228,-0.0070389938697345,0.11251305522784327,0.0812469217799694,0.0008514563501634049,0.018237889554480552,0.04827730698055382,0.0804297682165363,0.023463674439013607,0.02458215890177872,0.021059533326114276,-0.6956511234597729,0.09705491457518732,-0.00610609874309022,0.006143612246104191,0.0,1
2006-10-05,NEOG,2.372814893722534,2.389486074447632,2.338361978530884,2.373927116394043,78280,0.009451890514967864,0.0032880775950843155,0.0744469636401679,0.08481473007572049,0.009642790073612769,0.020593580207452115,0.053826211683408294,0.0889071607764254,0.023946370497099252,0.021451970017696165,0.021089262444904597,5.214177978883861,0.5971144300238411,0.0004687355404128912,0.021535663653568574,0.6956629203003311,1
2006-10-06,NEOG,2.412825107574463,2.4272730350494385,2.409491062164306,2.418381929397583,97176,0.018726275417868088,0.006010118191023706,0.09622155123865195,0.09346716842789404,0.02728714954486807,0.030302868401139924,0.06865715406416571,0.107288782403087,0.0244075924969423,0.021471093869716396,0.021293570509664992,0.24138988247317328,0.7518298464286806,0.0023030354772402943,0.007352838965994819,0.4999932960594362,1
2006-10-09,NEOG,2.399488925933838,2.4339420795440674,2.395042896270752,2.4328300952911377,38690,0.005974311053983827,0.055957517596223694,0.09013933103411875,0.0999998814194012,0.022228334025202204,0.027651180690203177,0.06981394746993608,0.11157363123201214,0.004930783295085321,0.02148202926033717,0.021266166571013632,-0.6018564254548449,0.3042069645232093,0.013895112828797082,0.015989272472667414,0.971413686371855,0
2006-10-10,NEOG,2.4339420795440674,2.443943977355957,2.428385019302368,2.428385019302368,85479,-0.0018271214242923106,0.04545456411683935,0.04146819275952862,0.12223961251417892,0.01138686213144517,0.02160098391751914,0.06168470830082652,0.10711397986622653,0.0076323301041678,0.017506468423778853,0.02040658868489637,1.2093305763763245,0.6581256135353107,-0.0022831522115514687,0.006407121576651251,0.0,1
2006-10-11,NEOG,2.428385019302368,2.4417219161987305,2.428385019302368,2.4417219161987305,20695,0.005492084982551049,0.03827989806301679,0.0309714522254827,0.12608931482695263,0.009372567014511467,0.024051633047701602,0.061173427849833636,0.11118996212540799,0.007469498413233272,0.01705152874419466,0.02038625219463167,-0.7578937516816996,0.16335367985836102,0.0054920849825509785,0.0054620867380037975,1.0,1
2006-10-12,NEOG,2.4450559616088867,2.4528350830078125,2.430608034133911,2.450613021850586,84579,0.0036413260629191146,0.032303395048213446,0.0356976887128011,0.12961096916417203,0.00666559157019906,0.02415249858654394,0.05856954876897991,0.11262505021315382,0.007553780275463572,0.01698976759108295,0.020352673330552414,3.0869292099540955,0.6550534899552889,0.00227277425504919,0.00906999541572523,0.900028961566928,0
2006-10-13,NEOG,2.4550580978393555,2.4550580978393555,2.418381929397583,2.4194939136505127,42289,-0.01269849948670132,0.00045980506197662585,0.006472686735767619,0.09068158268613669,-0.006208340185908666,0.010490202148564514,0.04060617687009207,0.09554441355402642,0.007804440067615772,0.017097604621346917,0.02039875505742163,-0.5000059116329112,0.32706704259512837,-0.01448608659002492,0.015158611573622749,0.030318986420162387,0
2006-10-16,NEOG,2.4339420795440674,2.4417219161987305,2.395042896270752,2.395042896270752,148463,-0.010105839589763299,-0.015532198115077889,0.03955617623181329,0.10512832388459792,-0.013188207632392231,-0.0035144347116148524,0.02506765377554869,0.08231616433610119,0.008094791555304548,0.009737916063648485,0.019669689458317145,2.510676535269219,1.1607468159464593,-0.01598196752512785,0.019489847134120643,0.0,0
2006-10-17,NEOG,2.412825107574463,2.4139370918273926,2.300575017929077,2.325026035308838,88178,-0.02923407387439081,-0.04256284863066051,0.0009570397541012188,0.07668552953186292,-0.033807435374036326,-0.032735230751610535,-0.008413173633667337,0.04922125270230634,0.014082483566234264,0.01412203786752586,0.021059157986767944,-0.40606076934993907,0.7002505489443988,-0.03638849413080198,0.04875733526281022,0.21568957358431043,0
2006-10-18,NEOG,2.387263059616089,2.3939321041107178,2.297240972518921,2.301687002182007,146663,-0.010038181410614078,-0.057350885490977555,-0.021266373478379008,0.08885393709579548,-0.0322428758696604,-0.04044834774448663,-0.022282873114390568,0.0371700468459789,0.011716432729561693,0.013738555664746773,0.02050559193047996,0.6632606772664384,1.1667835468269125,-0.035846932364397274,0.0420088098425778,0.045981772990886495,0
2006-10-19,NEOG,2.322803020477295,2.328360080718994,2.223889112472534,2.250562906265259,259135,-0.022211576060638283,-0.08163268284368241,-0.051966300598213944,0.018611929750804723,-0.03754748999148987,-0.056911255467480854,-0.04483374899402944,0.012540615347845376,0.008532746053145223,0.014421909224145766,0.018935854563224438,0.766873717297478,1.9759848469828931,-0.031100404801950046,0.046419928079160594,0.2553225478852443,1
2006-10-20,NEOG,2.3061320781707764,2.3061320781707764,2.223889112472534,2.2883501052856445,167358,0.016790110116536416,-0.054202991635965536,-0.053768109383917406,0.037279790962644554,-0.010286465207750383,-0.03582296044095286,-0.030488443251950447,0.027475974762201684,0.01755126555817681,0.014073369960950018,0.019243108824837627,-0.35416674706234197,1.2700568899095068,-0.00771073480719131,0.03593985269486383,0.7837873095387184,0
2006-10-23,NEOG,2.279458999633789,2.3150229454040527,2.2416720390319824,2.2839040756225586,252837,-0.0019428974844436508,-0.04640368689063745,-0.061215133747659856,0.023406306081280803,-0.00262104612370663,-0.031619795384566794,-0.033441630606212,0.023589774332824595,0.01802385974047454,0.01357490221212005,0.019126104370823793,0.5107553866561503,1.9070257354230613,0.0019500574432282675,0.032116456708925455,0.5757534389057909,0
2006-10-24,NEOG,2.299463987350464,2.299463987350464,2.2350029945373535,2.2661221027374268,402199,-0.007785779216793354,-0.02533474106391531,-0.06681927094557549,-0.02812195259366901,-0.005268865591202007,-0.0325030278034306,-0.03963452054371264,0.01389317519259261,0.014261222508550789,0.013491492425181568,0.01622830437165011,0.5907442344277143,3.126965048187413,-0.014499850746284132,0.028445507298676828,0.48275874822927184,0
2006-10-25,NEOG,2.2850160598754883,2.2883501052856445,2.246117115020752,2.256119966506958,163759,-0.004413767562827409,-0.01979723378193954,-0.07601273038525092,-0.04739550280742355,-0.005681708926708658,-0.02907968447215943,-0.04159374568575019,0.007824456119717186,0.013987379535162695,0.012835647309336647,0.0157333984555657,-0.5928408573865176,1.3221938734316212,-0.012645903841089342,0.018719301673607316,0.2368492361887342,1
2006-10-26,NEOG,2.2916839122772217,2.322803020477295,2.281682014465332,2.3072431087493896,367108,0.022659762335946576,0.025184900331530757,-0.05850369349336526,-0.024894451419439467,0.011794357037286464,-0.0009145853778789668,-0.018648691638692434,0.028629020903549837,0.013703594376030134,0.015788549083999646,0.016696719305097422,1.241757704920035,2.643342015873387,0.006789416458706542,0.017822571820033297,0.6216067349281631,0
2006-10-27,NEOG,2.3061320781707764,2.3061320781707764,2.2705678939819336,2.295017957687378,278030,-0.0052985968473162615,0.002913825286756655,-0.051447104396855625,-0.04530741865131116,0.005845038303603726,-0.0008226965513800293,-0.02158217674967111,0.021154857381468686,0.012483413767416848,0.015606773006386207,0.0162210945092522,-0.24264794011571522,1.9103529614662234,-0.004819377254495396,0.015496255299317899,0.6874912011369807,1
2006-10-30,NEOG,2.2939069271087646,2.299463987350464,2.228334903717041,2.299463987350464,1077930,0.0019372526686309843,0.006812856938251066,-0.03990697163257961,-0.0019293626035425948,0.006420958055176732,0.0052962004234363225,-0.019593838963706225,0.02109314503732516,0.012402759901713687,0.01564715871271979,0.01331338622800905,2.8770276588857318,5.59551602910584,0.002422530825478314,0.030932897416402108,1.0,0
2006-10-31,NEOG,2.295017957687378,2.297240972518921,2.253896951675415,2.281682014465332,368908,-0.007733094748581415,0.006866316563043595,-0.01864238085305925,-0.01770318259854564,-0.0027201266571871296,-0.0005840119453695266,-0.026321863472818948,0.011390037255814361,0.012393002600864138,0.01304889397961,0.013272737044823749,-0.6577625634317628,1.7649609973129063,-0.005810823038388831,0.018996521236839696,0.6410356549577003,0
2006-11-01,NEOG,2.2605650424957275,2.2805700302124023,2.247227907180786,2.2594540119171143,67483,-0.009741937047887173,0.001477778424751941,-0.018348711282140218,-0.03922487421354637,-0.012723305785509646,-0.008486080142842398,-0.03390588892860345,3.945564880639619e-05,0.013222462420494482,0.013028442562081384,0.013031960691860208,-0.8170736335346482,0.31867386940855047,-0.0004914835705796247,0.014756716824400377,0.3666864501919955,1
2006-11-02,NEOG,2.2405600547790527,2.277235984802246,2.2405600547790527,2.271678924560547,158360,0.005410560506633244,-0.015414146889843772,0.009382549688570885,-0.04307132730713714,-0.004286929114234729,-0.004044318587007127,-0.026550860546304476,0.0043238437053935855,0.0064849282322607,0.010981251122217464,0.012876795587713324,1.3466650860216647,0.7339434234178284,0.01388888002136718,0.016144856399672884,0.8484820906195151,0
2006-11-03,NEOG,2.252784967422486,2.2894608974456787,2.249450922012329,2.256119966506958,220445,-0.006849100850199963,-0.01694888314495646,-0.014084443942489866,-0.06709525940389582,-0.0077230815879050585,-0.009466052875697276,-0.029845285036354734,-0.0035732357765798552,0.006652148198718242,0.00966741805502768,0.011932967258673502,0.39204976004041425,0.9933113864138776,0.0014803894435996424,0.01773397515527294,0.1666845436018449,1
2006-11-06,NEOG,2.248339891433716,2.271678924560547,2.248339891433716,2.2627880573272705,130467,0.002955556849504104,-0.015949773610263396,-0.009245580197816405,-0.06989474451709221,-0.001569283698555811,-0.005616596288083477,-0.023407524342934662,-0.0019411648247508633,0.0068682986462413834,0.00975915479136772,0.011826788782100122,-0.4081653020027671,0.5759668371091512,0.00642614844339279,0.010314281556885331,0.6190558886925254,0
2006-11-07,NEOG,2.2683451175689697,2.27390193939209,2.2572309970855713,2.258342027664185,170057,-0.0019648458231377175,-0.010229289906821815,-0.0034332108864935096,-0.0700230771836311,-0.0014743796414461812,-0.007230982799270124,-0.021736712391859717,-0.00514091395375337,0.006381993273687316,0.009471228666299155,0.01182577306927053,0.3034483815830824,0.7369841837699838,-0.004409862426712749,0.007381938653358631,0.0666447377830165,0
2006-11-08,NEOG,2.275012969970703,2.275012969970703,2.2350029945373535,2.243894100189209,211447,-0.006397581632007987,-0.006886580406521681,-0.005418978821714715,-0.08101979783082736,-0.006495503808644952,-0.013051868265067847,-0.02381253248897808,-0.012791267292485272,0.005484920313392785,0.009586948639239439,0.011644411544759047,0.24338898134155018,0.8799851010103638,-0.013678546097209669,0.017830598792508034,0.2222222222222222,1
2006-11-09,NEOG,2.246117115020752,2.2661221027374268,2.246117115020752,2.2616770267486572,102574,0.007925029330906774,-0.004402865961273372,-0.019749146428453712,-0.07709744191241308,0.002265741422532177,-0.00323258815533634,-0.012015848659061142,-0.0064735767533559115,0.006314464477524393,0.006146513417403521,0.011833154210603528,-0.5148949855046419,0.4252926701342748,0.00692747124531016,0.008845200919528985,0.7778016136913487,1
2006-11-10,NEOG,2.2894608974456787,2.292794942855835,2.2683451175689697,2.279458999633789,51287,0.007862295400636876,0.010344766002388539,-0.00677944937270436,-0.05787777072992928,0.008060631098489958,0.005293636774076978,-0.001193053094440747,-0.00015590079488905757,0.006256916161901368,0.006736629624048211,0.011924685313487742,-0.5,0.2122504080544823,-0.0043686694204075,0.010726152692719312,0.4545587518283764,1
2006-11-13,NEOG,2.2894608974456787,2.300575017929077,2.250562906265259,2.300575017929077,199750,0.00926360961029804,0.01669929292734529,0.00048316937543924077,-0.039443084083699675,0.014009931029160361,0.014556572317803974,0.010150195720106756,0.008054637061087862,0.007062659897307403,0.0074146874175720886,0.012094751016489583,2.8947491567063777,0.8179812550228042,0.0048544705418635085,0.021738961465746102,1.0,0
2006-11-14,NEOG,2.3116888999938965,2.3116888999938965,2.2805700302124023,2.2939069271087646,116071,-0.002898445287958906,0.015748234328067934,0.005357851166783778,-0.01338441278828073,0.007910933559174474,0.011070846847731425,0.007910933559174474,0.003930159328543944,0.0072478075327270025,0.006994877637707333,0.010261501971140096,-0.41891864831038794,0.47261449208325634,-0.007692199796079302,0.013565881603015296,0.4285790901150764,0
2006-11-15,NEOG,2.3105781078338623,2.3105781078338623,2.27278995513916,2.2894608974456787,310422,-0.0019381909573330525,0.020307017720946563,0.013280591404073006,-0.005311801615396794,0.0019453360994287775,0.007778316403053978,0.006227681505903482,0.0009813848553970903,0.00593443850844022,0.006095813047429749,0.01002754900877926,1.6744147978392534,1.223186810220688,-0.00913936227327139,0.016505262324795277,0.44116849111959366,0
2006-11-16,NEOG,2.322803020477295,2.322803020477295,2.250562906265259,2.275012969970703,227643,-0.006310624257044539,0.005896484362852394,0.0014676569712865906,0.010863977024316407,-0.0055383515351751615,0.0012716609780731134,-0.000659184417595292,-0.006088839335535708,0.006936549245390246,0.006347190681640313,0.0087396923220443,-0.2666660223824342,0.9026047082403623,-0.020574301860849048,0.03175371532627632,0.33845549625903887,0
2006-11-17,NEOG,2.222778081893921,2.2783470153808594,2.222778081893921,2.252784967422486,139465,-0.009770494868213242,-0.011701913574926559,-0.001478201130250878,-0.01554182543178606,-0.012952970595418589,-0.008365707610336674,-0.009649644695073359,-0.016153339498055003,0.007178000384675436,0.006759710026095447,0.008143987965311423,-0.38735212591645696,0.5560537151118308,0.01349972170995923,0.024666772146707563,0.5399939074882198,0
2006-11-20,NEOG,2.2294459342956543,2.277235984802246,2.2272229194641113,2.247227907180786,83679,-0.002466751297642844,-0.023188598647095104,-0.006876538921132269,-0.01605854152687003,-0.010763329462401662,-0.010133834704261628,-0.01129553535159337,-0.0188850112311302,0.003322722878126834,0.006702165903119105,0.00814886214188,-0.4,0.3452756337624848,0.007975960579079783,0.02225544867003616,0.3999952328741002,1
2006-11-21,NEOG,2.223889112472534,2.2616770267486572,2.223889112472534,2.2616770267486572,53987,0.006429752639552255,-0.014050221471160529,0.0014767466768184079,-0.0019615341924427154,-0.0015696960937514927,-0.003915566024823256,-0.004841099419591199,-0.013419219886105732,0.00606122410405119,0.007039156101510744,0.008125356308647046,-0.35483215621601594,0.24000238281951564,0.016991815852774334,0.016707917987055038,1.0,0
2006-11-22,NEOG,2.243894100189209,2.250562906265259,2.2350029945373535,2.2394490242004395,95376,-0.009828106438421136,-0.021844388476360055,-0.0019809651393061234,-0.007389209152884435,-0.00699766864192411,-0.013512065736357473,-0.014260088695004778,-0.023721274044646832,0.006763457956182757,0.007465466123404528,0.008364480527032224,0.766647526256321,0.43054389707321244,-0.001980965139306135,0.006948098197261132,0.28573617516816574,1
2006-11-24,NEOG,2.2372260093688965,2.2572309970855713,2.236114978790283,2.2572309970855713,47688,0.00794033384684023,-0.007816207256770458,-0.0019658110377843707,-0.021676134376202194,0.0024679472233408,-0.005484246571709057,-0.005338167013741135,-0.01672201528332701,0.008524762527180854,0.007467312096331917,0.006720493870971288,-0.5,0.23199805208815516,0.008941871600320814,0.009354832678867196,1.0,0
2006-11-27,NEOG,2.2316689491271973,2.276124954223633,2.2316689491271973,2.247227907180786,79180,-0.004431575641881902,-0.002466751297642844,-0.01413979916207353,-0.02082338848221843,-0.00148170299250481,-0.008483492483455196,-0.008702301192375958,-0.021325865206559956,0.007509919228420391,0.0069947219128218266,0.006694552596459143,0.6603757758765307,0.4047830655696933,0.006971893416213885,0.019782597463470858,0.34998551983782217,1
2006-11-28,NEOG,2.2350029945373535,2.281682014465332,2.2350029945373535,2.2705678939819336,143964,0.010386123599910313,0.010386123599910313,-0.013043314698842234,-0.012566447453619678,0.006800778752989244,0.0031426484041081988,0.002232194454462948,-0.012050656749729065,0.008752960968099638,0.007191134226678098,0.007143208571807443,0.8181864107097752,0.9667681019711892,0.01591268536619658,0.02055830175864802,0.761903302585476,0
2006-11-29,NEOG,2.2961299419403076,2.299463987350464,2.250562906265259,2.263899087905884,134066,-0.0029370652574297607,0.0009824838520029466,-0.013081541734870084,-0.007793779521733768,0.003645962250913702,0.001524127540268459,-0.0003190815639141223,-0.01584704286210433,0.008595378223309016,0.007192105043536137,0.006969819958971543,-0.06875329943597008,0.9773672264199569,-0.014037033987365569,0.021600380222971328,0.272717521671721,0
2006-11-30,NEOG,2.2683451175689697,2.2827930450439453,2.2594540119171143,2.2594540119171143,135866,-0.001963460302853548,0.008932995348629236,-0.013106528948383711,0.0,-9.822987859588882e-05,0.0008863229483438856,-0.002281915362783541,-0.019021133695649683,0.006834858585553668,0.007192361485150507,0.0066278523611264135,0.013426222905136287,0.9664008103011813,-0.003919644141886241,0.010329501288246279,0.0,0
2006-12-01,NEOG,2.250562906265259,2.2805700302124023,2.1416471004486084,2.218332052230835,279830,-0.01819995426744181,-0.01723303680702626,-0.024914547076449467,-0.02348345611386604,-0.014904833780498103,-0.014856229193028897,-0.01928522174505868,-0.03694925593051327,0.010154231804900497,0.00889476442187001,0.007642388938885845,1.059602843978626,1.90797691581801,-0.014321241119142925,0.06262494815602021,0.5519963616705424,1
2006-12-04,NEOG,2.2650110721588135,2.2805700302124023,2.2294459342956543,2.2605650424957275,81880,0.01903817339808156,0.005934927771377385,0.0034535364829531012,0.00197023033116972,0.002661900840719897,0.003552374368729701,-0.0007123911655274393,-0.01907834916847842,0.014195468828747549,0.01074541459391087,0.008741287448224652,-0.707393774791838,0.5859665030115944,-0.0019629174081027185,0.02261562704707917,0.6086974770321317,1
2006-12-05,NEOG,2.246117115020752,2.276124954223633,2.246117115020752,2.271678924560547,89078,0.004916417734456946,0.0004893183690115599,0.01088052408998208,0.003929164821462772,0.007492108811421641,0.00739275704329003,0.004003226133820869,-0.01459788844585365,0.013511080383108085,0.010780394217154812,0.008785476665492009,0.08790913531998057,0.6470611736419074,0.01138044377510509,0.01320954245709958,0.851837727034371,0
2006-12-06,NEOG,2.2683451175689697,2.27390193939209,2.267232894897461,2.271678924560547,103474,0.0,0.003436476783008624,0.004422336917958791,0.005905614266124459,0.006797344918101108,0.006946134616167066,0.003707411204448627,-0.014084559508134179,0.01340561559037679,0.010620067822564522,0.008770582377561672,0.16161117223107846,0.7702606182168862,0.0014697088929527863,0.002935733752919781,0.6666666666666666,0
2006-12-07,NEOG,2.271678924560547,2.27278995513916,2.2627880573272705,2.2627880573272705,106173,-0.00391378690762656,0.00147559781813289,0.010421774675207773,0.008420164363580396,0.0025606712759905365,0.0019685976844534955,-0.000638020052100821,-0.017042383021544413,0.013532382710163028,0.010135087348279191,0.008687484224049642,0.026083847150008665,0.8225832505956917,-0.003913786907626611,0.0044201655473219865,0.0,1
2006-12-08,NEOG,2.277235984802246,2.2783470153808594,2.263899087905884,2.27390193939209,184454,0.004911587733031686,0.025050301691927457,0.007385572113816963,0.005405242436850921,0.002548081740272467,0.006147122810292646,0.003999397248930633,-0.011422227062925842,0.008682457296298428,0.009950995706228476,0.008576534828593673,0.7372966761794431,1.3851365938844298,-0.001464075498721656,0.0063538041041638444,0.6923381573953366,1
2006-12-11,NEOG,2.2894608974456787,2.295017957687378,2.2450060844421387,2.2783470153808594,284329,0.001954823078236023,0.00786616290655373,0.013847775786619332,-0.0004878281439184562,0.002935292890442741,0.006727752701273176,0.00598673421368191,-0.0084069349645309,0.003709769378415381,0.009782828881380786,0.0084025069307981,0.541462912162382,1.9633438349661214,-0.004854366404431256,0.021950946413173602,0.6666603103472934,1
2006-12-12,NEOG,2.3472530841827393,2.3472530841827393,2.2839040756225586,2.3216919898986816,330217,0.019024746548794047,0.02201590409516596,0.022515995250461662,0.00917899733980998,0.017535489984384933,0.023568243970668073,0.024647684177155085,0.010301485791978246,0.008783546751312809,0.010971777706192374,0.009212762458261284,0.16139050184821113,2.1819242629777174,-0.010889790477347446,0.02728570750805976,0.5965036412562804,0
2006-12-13,NEOG,2.3294711112976074,2.332804918289185,2.252784967422486,2.305021047592163,182654,-0.0071805142021642565,0.014677304380972922,0.01816421937972379,0.00484506165095655,0.00728517822959527,0.014379477635371524,0.017040754209820246,0.0032022563504887536,0.010160882463643993,0.011274005231934751,0.009344643047717026,-0.44686675731412984,1.180917591342929,-0.010495972062870822,0.034715496828234375,0.6527882059899596,0
2006-12-14,NEOG,2.330583095550537,2.330583095550537,2.2705678939819336,2.2839040756225586,156561,-0.009161292471347893,0.009331858645316382,0.01082122653370532,-0.0024271311334994605,-0.0037814007000390713,0.004006156648843515,0.00784689974825627,-0.005401438834591298,0.011259851828715535,0.011764261692018899,0.009571828366454494,-0.14285479650048727,1.065198784581659,-0.020028901787323684,0.026277461566438273,0.2222133941411557,1
2006-12-15,NEOG,2.258342027664185,2.322803020477295,2.258342027664185,2.318356990814209,129568,0.01508509729431573,0.019550118082050538,0.04509015613004608,0.019052208236010282,0.007340008494318399,0.01468998905481509,0.02207291101336713,0.010091056774849727,0.012757481095165727,0.010302579798676373,0.010023568815106215,-0.17241203109331182,0.9119725608650957,0.026574789121777874,0.027804601736711457,0.9310275956193198,1
2006-12-18,NEOG,2.3061320781707764,2.363924026489258,2.30279803276062,2.363924026489258,432792,0.019654883115755917,0.03756100827954567,0.04572263219616057,0.04933407345749963,0.019556973543531458,0.029974227312815602,0.039614741522414273,0.03043325831368682,0.014415353302427205,0.010400867341016959,0.010508551571906633,2.340269202272166,2.7611955534232315,0.02506012073875752,0.02585785035546085,1.0,1
2006-12-19,NEOG,2.3617019653320312,2.369481086730957,2.3372509479522705,2.368370056152344,299625,0.0018807836517864551,0.020105193305895552,0.04256373140869907,0.05390737120363309,0.01737813135748444,0.027582301119893907,0.03880285247092474,0.0329517599287837,0.012948491989603347,0.010432561281566824,0.01044598938025043,-0.30769284090278937,1.7883991760680107,0.0028234260368985545,0.01360857383539447,0.9655282099080643,1
2006-12-20,NEOG,2.3161349296569824,2.3861520290374756,2.3161349296569824,2.3861520290374756,73782,0.0075081057704387,0.03519750135473276,0.05039141017653859,0.05503659488806911,0.017921526737203177,0.030180867936223533,0.04375302507395719,0.04109080238948996,0.011326590136982758,0.010364611293012211,0.010469118133593996,-0.7537521902377973,0.4378030100069514,0.030230146993578927,0.02934310074481575,1.0,0
2006-12-21,NEOG,2.363924026489258,2.373927116394043,2.3428080081939697,2.356144905090332,251037,-0.01257552896126568,0.031630413132863966,0.04125744232242923,0.05210919276519688,-0.0010365077607480688,0.013142303874699867,0.02800354481900496,0.02876677064471866,0.012577806393693313,0.011490863355685093,0.01065893610627113,2.402415223225177,1.4238314250565336,-0.003290766247880992,0.013207637668142558,0.428575806562828,0
2006-12-22,NEOG,2.3372509479522705,2.350588083267212,2.322803020477295,2.328360080718994,85479,-0.011792493879009824,0.004314732348995154,0.023949203957960963,0.03151165464467809,-0.013653423839714502,-0.0011441912543482238,0.014306911759219531,0.01772155351722525,0.013592808238127446,0.01252868970873012,0.011044594782091638,-0.6594964088958999,0.4796789233697221,-0.003803984865667035,0.011933318656338157,0.2000017161636877,1
2006-12-26,NEOG,2.3116888999938965,2.3550329208374023,2.3116888999938965,2.3550329208374023,50387,0.011455633662200482,-0.003761163875075968,0.033658571297017215,0.047972443432255485,-0.0016021105253504258,0.006985563717461596,0.023523041431786143,0.029960597494689243,0.011021165687482425,0.012844086175694245,0.011157923887823554,-0.4105335813474654,0.28505754669587374,0.01874993682913834,0.018404847108503944,1.0,1
2006-12-27,NEOG,2.363924026489258,2.3883750438690186,2.351699113845825,2.356144905090332,45889,0.0004721735492914103,-0.005161841592387417,0.014839571890478798,0.037689694871145374,-9.423959322819948e-05,0.005979059640529935,0.022105578419670344,0.030797632539594652,0.010956366205710283,0.011615991908310636,0.011003830801632431,-0.08926905749498881,0.2670184318885958,-0.003290766247880992,0.015566075729874196,0.12121822791393096,1
2006-12-28,NEOG,2.3350279331207275,2.456170082092285,2.3350279331207275,2.456170082092285,108873,0.04245289701234145,0.029343500415207613,0.06557381966555709,0.08492913629125276,0.03619666228353511,0.04196153264468216,0.06107182908802074,0.07332634395676357,0.022642645533261226,0.0168864813219169,0.014175441959122438,1.3725293643356795,0.6381867484498591,0.05188038534924637,0.0493215636224845,1.0,1
2006-12-29,NEOG,2.4450559616088867,2.467283010482788,2.4339420795440674,2.467283010482788,125069,0.004524494647795807,0.047169469565453204,0.08029187250793046,0.0919819555828596,0.03121494057936105,0.03859628944828478,0.06110918238750709,0.07662442392413207,0.020305882919512724,0.01600808740210016,0.014101534829463797,0.14876048239692108,0.7354510281960431,0.009090609467799505,0.013513217088215868,1.0,1
2007-01-03,NEOG,2.517296075820923,2.55063796043396,2.499514102935791,2.55063796043396,267233,0.033784105672928666,0.09546542287665694,0.10019206297394856,0.14979989486648138,0.0466071720595948,0.0632877149453535,0.08917481196320995,0.11009009444147548,0.018555850612074595,0.017922594971532587,0.01448242821150681,1.1366845501283294,1.5772686520563048,0.013245118416260943,0.020043557059532997,1.0,0
2007-01-04,NEOG,2.5773110389709473,2.5773110389709473,2.3039090633392334,2.3883750438690186,435491,-0.0636166006630492,0.014157816112294608,0.010343402370707189,0.056538962149120575,-0.022648710444968786,-0.005368855265955409,0.01710964798853693,0.038565700453984886,0.04168125450318825,0.028828736917198384,0.02115374049872777,0.6296303226023732,2.3274815514548397,-0.0733074092513746,0.1144719613167703,0.30894429469509416,1
2007-01-05,NEOG,2.4372758865356445,2.443943977355957,2.402822971343994,2.405045986175537,139465,0.00698003537983416,0.020754700179754115,0.015485726112741238,0.05870858780837174,-0.019749901246120905,4.627726194698326e-05,0.021308822689971276,0.044714265263987134,0.041663760083619765,0.028883048906854256,0.021168765354552768,-0.6797522796108301,0.7354678327416473,-0.01322373906793094,0.01709780446957391,0.05406032213551028,1
2007-01-08,NEOG,2.3905980587005615,2.4317190647125244,2.389486074447632,2.4106030464172363,123269,0.0023105837782901872,-0.018552068526228704,0.010247049258476526,0.06115482269729822,-0.013821843793070512,0.0013389047728653517,0.020657983067042387,0.04581545217821746,0.036095903919834624,0.02881799471036279,0.021157416794226083,-0.11612949485534008,0.6466830013112658,0.008368193742928394,0.01751967845874145,0.5000112906321625,0
2007-01-09,NEOG,2.4272730350494385,2.4272730350494385,2.3905980587005615,2.391709089279175,89078,-0.007837854999039662,-0.030630422567059057,0.015094226213340445,0.056974417703168134,-0.015463522218113007,-0.007974961411461128,0.009901907315362486,0.03639920035609899,0.0358568247127355,0.028600842693766084,0.021244756014122224,-0.277369005995019,0.469418104515853,-0.014651811006312814,0.015334212891221749,0.030293968509874793,1
2007-01-10,NEOG,2.389486074447632,2.4272730350494385,2.387263059616089,2.392819881439209,95376,0.00046443447700772467,-0.06187396308016213,0.027684635745992336,0.052296864691936173,-0.0020397490746292945,-0.01016070658895227,0.007840593625937742,0.03611209740630248,0.029160829890003053,0.028210088106774337,0.021246877774560365,0.07070208132198741,0.5146871139887118,0.0013951983345823898,0.016720847124224333,0.1388859093996925,0
2007-01-11,NEOG,2.3839290142059326,2.395042896270752,2.3617019653320312,2.389486074447632,127768,-0.0013932544682686565,0.0004651826276049764,0.014629584709999977,0.04878056692702448,-0.003522509492069413,-0.012946578565331912,0.004086297595111991,0.03382274830724652,0.005422029513587735,0.028079488401172397,0.02126681419643677,0.33962422412346926,0.7198981973527818,0.0023310510541985374,0.013953180684021353,0.8333333333333334,1
2007-01-12,NEOG,2.3617019653320312,2.402822971343994,2.3617019653320312,2.402822971343994,126868,0.005581491785611403,-0.0009243128174351023,0.019811203526920895,0.03494476519637435,0.0022251449373308215,-0.009347510637366907,0.007972404145409118,0.03866406597596641,0.004998191960620477,0.02809883541700156,0.020930216927588393,-0.007044017281322423,0.758266532467253,0.017411598336956838,0.017113622810490395,1.0,1
2007-01-16,NEOG,2.422827959060669,2.422827959060669,2.369481086730957,2.408380031585694,99875,0.0023127214563756215,-0.0009221820385759694,-0.019457142180431375,0.04484079835257915,0.004729334886132705,-0.0050961270897692465,0.008118034985998751,0.03992712186388053,0.004998457801412465,0.024345960876958624,0.02082009054981944,-0.21276444808777628,0.6120757411172413,-0.005963249442018412,0.022150520943568848,0.7291701116856617,1
2007-01-17,NEOG,2.3905980587005615,2.4450559616088867,2.3905980587005615,2.4417219161987305,80980,0.01384411271301067,0.020910915605805824,-0.010360017142523104,0.06910003018982014,0.014405931035217742,0.009743653906202012,0.018709706362064097,0.05266704127723391,0.005993974841540268,0.02478466495675762,0.020782939654674707,-0.18918648310387987,0.5080454116560599,0.021385384009705896,0.02230307331356766,0.9387775651998792,0
2007-01-18,NEOG,2.400599956512451,2.4617269039154053,2.400599956512451,2.425050973892212,224044,-0.00682753518978596,0.013469920031597526,-0.04923748038329245,0.046021377855414825,0.004789151368249295,0.008085076607877401,0.00950758164544612,0.044099177188462124,0.007748755144723696,0.02162135674062507,0.02072059437783126,1.7666584341812794,1.365131398558363,0.010185377748353684,0.025206458775934602,0.4000039003841878,0
2007-01-19,NEOG,2.442832946777344,2.4606149196624756,2.389486074447632,2.4172708988189697,174556,-0.0032082109436054607,0.011627949904567059,0.01209854165246238,0.022567084107579793,-0.0007351894424139291,0.003645357836973836,0.005152776987415427,0.039307279550097544,0.00802619098994767,0.006563948446893258,0.02034932782572463,-0.22088518326757245,1.1544159272838859,-0.010464099885379661,0.02942526849166797,0.390626675962673,0
2007-01-22,NEOG,2.4372758865356445,2.456170082092285,2.389486074447632,2.3905980587005615,107973,-0.011034278421768962,-0.0050877292206819025,-0.006007339384786703,0.009385358715575443,-0.01076151206158457,-0.006833368993080474,-0.0063975458921781345,0.026710877386703698,0.009628647411599136,0.0072449378273695565,0.020534538675001598,-0.381442058708953,0.7623887375498324,-0.019151638964200763,0.02789427833840885,0.016675426270947074,1
2007-01-23,NEOG,2.4350531101226807,2.4606149196624756,2.389486074447632,2.4606149196624756,157461,0.02928842877082083,0.02168880633111292,0.020746623264900288,0.031206264193919253,0.013828947690007705,0.020135357407916752,0.021123373762996587,0.05494871794740746,0.016813564022419777,0.011941167757921098,0.021472384938390113,0.45833680642382824,1.0799160954553078,0.010497434094366462,0.028906938930777736,1.0,1
2007-01-24,NEOG,2.4728400707244873,2.4783968925476074,2.4461669921875,2.4772861003875732,73782,0.00677520915275287,0.01456520660805194,0.03578069402001982,0.05141500212296868,0.017715284066370116,0.023416011064584054,0.02546409013701465,0.05997493003333091,0.01610447907473512,0.011472238875488112,0.021227035518656196,-0.5314268295006382,0.5387678921149828,0.0017979446854334373,0.013010164774696402,0.9655353523398086,1
2007-01-25,NEOG,2.500624895095825,2.51507306098938,2.489511013031006,2.492845058441162,76481,0.006280646410261159,0.027955735891250333,0.04180221744972745,0.07064413235919043,0.01843429632611494,0.025605677989234372,0.028403570750570768,0.06452637774443552,0.015143214486327697,0.011444118650531169,0.020959411328979712,0.036580737849339906,0.560317196340696,-0.0031111570031637868,0.010254166367788059,0.130429510796064,1
2007-01-26,NEOG,2.500624895095825,2.522852897644043,2.4906229972839355,2.495068073272705,127768,0.0008917581235206029,0.03218388741276179,0.044186069947898865,0.059462078511203664,0.012903770447372342,0.022080503843351963,0.02635600824264465,0.06351727184856591,0.014648565200191572,0.01134324308059555,0.020884808063811464,0.6705848511394987,0.910255729795793,-0.002222173279174355,0.012917443297582033,0.1379177701173233,1
2007-01-29,NEOG,2.512850046157837,2.5206298828125,2.5061819553375244,2.5072929859161377,72882,0.004899630905619956,0.048814114439215794,0.04347803222211977,0.06415058789434291,0.008313110371855255,0.022711613317986223,0.028188375047226193,0.06684804862224439,0.011231151363490626,0.011337335774674285,0.020878926605579967,-0.42957548055851236,0.5142871658953982,-0.002211457166015934,0.005762361062760469,0.07689895872869189,1
2007-01-30,NEOG,2.518407106399536,2.5450809001922607,2.505070924758911,2.5106279850006104,62984,0.0013301194169192954,0.02032543367045636,0.04245507439604368,0.022171877796807626,0.005609152266909574,0.019818645246344104,0.02840766599567733,0.06630051936003292,0.00276114142832497,0.011360920975215523,0.01873777951246329,-0.1358085672731264,0.4517567941219401,-0.003088905435169008,0.015936242116467877,0.13889186837808526,1
2007-01-31,NEOG,2.5328550338745117,2.5450809001922607,2.5317440032958984,2.5328550338745117,44089,0.008853182951314764,0.02243137499469472,0.03732329921404687,0.026576612051850912,0.01001588216281714,0.025052712440448644,0.03612085127277737,0.07352120951872762,0.0033666076671959922,0.010995081920753142,0.01880226878558942,-0.29999682459037214,0.32568977954313016,0.0,0.005265558714570741,0.08330502869196804,1
2007-02-01,NEOG,2.528409957885742,2.5339670181274414,2.500624895095825,2.5339670181274414,80980,0.00043902404127282857,0.016495995026659882,0.044912888598139133,-0.006535989256461261,0.007156227844554478,0.0210023007218796,0.03692930647074113,0.07164016093987907,0.0035798188782254973,0.010446633232390335,0.01719727196222589,0.8367393227335616,0.6424001554833668,0.002197847791402481,0.013158073010853737,1.0,1
2007-02-02,NEOG,2.556195020675659,2.556195020675659,2.5450809001922607,2.546191930770874,41390,0.004824416638408602,0.020489965001680766,0.05333329914114815,0.06607709593473299,0.007919025830750397,0.02062632712684,0.038578288202899484,0.0741445003448908,0.0033476559128158894,0.010095125763011551,0.008541738015666751,-0.48888614472709313,0.38917402303357346,-0.003913273370723145,0.0043649971351663085,0.0999656770207654,1
2007-02-05,NEOG,2.55063796043396,2.5584170818328857,2.528409957885742,2.548414945602417,134966,0.0008730743368863259,0.016400939147226845,0.06601565090688588,0.05961173310239398,0.005525370909778902,0.01509591429864892,0.03645448016590956,0.07235724040520805,0.0035745900095547137,0.008543292937259743,0.008510052038308786,2.2608359507127327,1.2717224873620188,-0.0008715524766849898,0.01177481869619557,0.6666746120658833,1
2007-02-06,NEOG,2.5495259761810303,2.55063796043396,2.540635108947754,2.5495259761810303,49488,0.0004359692602378118,0.015493331315037606,0.03613367366347209,0.05762994864304538,0.002885304575797828,0.011954582692551008,0.03398529649558386,0.0702321166793202,0.0037151269320964964,0.0031262711666160507,0.008527578243900385,-0.6333298756723915,0.4830951357118766,0.0,0.003923416187816004,0.8888332737456799,1
2007-02-07,NEOG,2.556195020675659,2.569530963897705,2.5550830364227295,2.556195020675659,170057,0.0026157978216085898,0.009214892478644598,0.03185297018206357,0.06877338558179669,0.0036657084211670255,0.01143379739311616,0.033243666348226106,0.0701857328291498,0.0018958875667461552,0.0029209690532988972,0.008150715780649458,2.436327998706757,1.5969532831745055,0.0,0.00565212253295004,0.07696496641858777,0
2007-02-08,NEOG,2.538412094116211,2.556195020675659,2.5295209884643555,2.5550830364227295,29693,-0.0004350154209422641,0.008333185927136721,0.024966645147406874,0.06781252372657653,0.0015682969841293057,0.00851022179057449,0.029418281718558637,0.06705894483238367,0.002087680197725592,0.002891639158431641,0.008170005420352639,-0.8253938385364907,0.2877110196527759,0.0065674688302817955,0.01043959504684003,0.9583121050420543,0
2007-02-09,NEOG,2.4194939136505127,2.517296075820923,2.4194939136505127,2.517296075820923,74681,-0.014788936431087807,-0.011348655457093848,0.008908775991455009,0.05348848973846243,-0.011003379558050957,-0.007275544272868429,0.011589769581731415,0.04891221696229938,0.007091590549722505,0.006201554417596913,0.009075434655387345,1.5151045701006973,0.7427257510947302,0.04042257003360139,0.03885206953199401,1.0,0
2007-02-12,NEOG,2.5350780487060547,2.5350780487060547,2.412825107574463,2.491734027862549,70182,-0.010154565529220783,-0.022241636056042458,-0.006205480628305504,0.03700274950710303,-0.0166666741937921,-0.016752923878882428,-0.00046811947069952636,0.03635085077762087,0.007572199018771607,0.00691069449992855,0.009480763620987853,-0.060242899800484695,0.7182271817396607,-0.017097706662573705,0.04906339912870332,0.6454562119953351,1
2007-02-13,NEOG,2.47617506980896,2.5839788913726807,2.47617506980896,2.5728650093078613,77381,0.032560048760464255,0.009154263712108035,0.0247894250677827,0.06829693634931422,0.01348377384883458,0.012774381292641168,0.028682992583661283,0.06735131269583598,0.018505531077896778,0.012597156704242775,0.011707641813534425,0.10257615912912144,0.8011210165760957,0.03904810313204596,0.04190030225982261,0.8969064184960258,1
2007-02-14,NEOG,2.556195020675659,2.5806450843811035,2.556195020675659,2.5773110389709473,67483,0.0017280462235684801,0.008260722724397818,0.017551736874743762,0.055530124815893034,0.013549008042627916,0.012752234424915156,0.027675027026908834,0.06638341960190029,0.018501918040362247,0.012399234792570438,0.011447899977960049,-0.1279125366692082,0.7035631679995162,0.008260722724397864,0.009486656183805663,0.8636385798285731,1
2007-02-15,NEOG,2.5773110389709473,2.597316026687622,2.563973903656006,2.5795340538024902,141265,0.0008625326155551338,0.00956955880932675,0.017982489649262412,0.06370302380173576,0.012476120925659336,0.01181405967368252,0.025403266903617994,0.06412254209905956,0.018472125220412233,0.012394755054155018,0.011235853468061467,1.093342026880844,1.539218388900935,0.0008625326155552262,0.012925637861793916,0.4666814447217316,0
2007-02-16,NEOG,2.5884249210357666,2.617321014404297,2.5072929859161377,2.5072929859161377,169158,-0.028005471678058336,-0.0039737438916568335,-0.015277302698449513,0.037241207487812344,-0.015105362341070397,-0.015019388094826886,-0.00509377730083059,0.032220070873199586,0.02207655553583917,0.0154830795005578,0.013175388681118333,0.19745159806038304,1.8485758497691986,-0.03134413305183436,0.04388319558432304,0.0,0
2007-02-20,NEOG,2.525075912475586,2.525075912475586,2.4595038890838623,2.4606149196624756,191652,-0.018616917335094185,-0.01248893656068406,-0.03445279823501679,0.02928842877082083,-0.031072238045712477,-0.03001101346945563,-0.024970328416166126,0.011429884165555036,0.023283377517737194,0.016362553946348578,0.013667444381889514,0.13297627070549423,2.002818442457845,-0.02552833857177496,0.026648632773761362,0.01694366775867272,0
2007-02-21,NEOG,2.4783968925476074,2.4783968925476074,2.4328300952911377,2.4606149196624756,120570,0.0,-0.04362844114996245,-0.03487356369348926,0.0,-0.022430279475427844,-0.026599315567143636,-0.024970328416166126,0.009861333421152588,0.01366442552575554,0.016351834576922415,0.012004973737955787,-0.37089098991922864,1.2847561872246835,-0.007174788242593902,0.01851845930557885,0.609760308914248,1
2007-02-22,NEOG,2.489511013031006,2.519519090652466,2.473952054977417,2.519519090652466,57586,0.02393880103680357,-0.02242335032311671,-0.014347860678290192,0.017048087525411537,0.005589228413833567,-0.0018490809321771958,-0.002463975937770753,0.03186176022791062,0.020059128353153412,0.018478803430706993,0.013075394453964962,-0.5223853363191506,0.6189593795143427,0.012053803925504555,0.018085608417933673,1.0,1
2007-02-23,NEOG,2.5373010635375977,2.617321014404297,2.523963928222656,2.617321014404297,172757,0.038817695057235646,0.014648754315185197,0.02435849524041478,0.04993329029481375,0.04148245813631081,0.03434648536275223,0.03371085893019713,0.06890949230117481,0.02810121802230747,0.022427920022656842,0.015563940603103047,1.9999826346681484,1.7655180448561376,0.031537428497007955,0.03566894762539825,1.0,0
2007-02-26,NEOG,2.620655059814453,2.622878074645996,2.5773110389709473,2.6028730869293213,130467,-0.005520120533729744,0.038120834521562674,0.03399560819658087,0.043207243446152344,0.027914382243213808,0.02516970353379575,0.02582080166910517,0.060198695281492756,0.023230628896368056,0.021810909494246543,0.015665675736012467,-0.2447947116469955,1.3314922455402862,-0.006785316067651738,0.01750643775290845,0.5609767583009805,0
2007-02-27,NEOG,2.5884249210357666,2.593981981277466,2.563973903656006,2.5728650093078613,53087,-0.011528828574911887,0.045618714553183004,0.032560048760464255,0.026152517380318985,0.007134623638733652,0.010122919256882221,0.012685765164229337,0.04583591017234893,0.02136252146498875,0.02191103045094609,0.015946674962118358,-0.5931001709244483,0.54731235785467,-0.006011343655924517,0.011663292676801796,0.29629041100243914,0
2007-02-28,NEOG,2.5884249210357666,2.596204996109009,2.492845058441162,2.5395240783691406,207848,-0.01295867867847833,0.03206887761108468,-0.01295867867847833,0.01150950819522678,-0.012019970309591513,-0.0016601263277377042,-0.0010054110546839064,0.03031900886345105,0.02343445615791066,0.019813262394061025,0.016267367545080805,2.9152334846572607,1.9939561968169304,-0.0188921232635398,0.04070051493042881,0.45161617722704445,0
2007-03-01,NEOG,2.5361900329589844,2.548414945602417,2.5095160007476807,2.523963928222656,60285,-0.006127191421030909,0.001764161099902184,-0.020698747625584102,-0.003510309722801308,-0.01841299020346463,-0.005691896631921119,-0.00695277945870172,0.022015253242693777,0.021646185182445567,0.019843129562304985,0.016216858445883532,-0.7099563142296293,0.5738761413742945,-0.004820657985972887,0.015411846587731736,0.37142209201121723,1
2007-03-02,NEOG,2.546191930770874,2.591758966445923,2.522852897644043,2.568419933319092,91777,0.01761356594653929,-0.018683639040102618,-0.004308576762929395,0.013596433949290443,0.002690082966858022,0.012264622109128697,0.009853873967246435,0.03791467097521825,0.012354005298845654,0.020788081534837365,0.0166919881184802,0.5223853363191506,0.869193800659446,0.00872990063301635,0.026828194216992642,0.6612920526066302,0
2007-03-05,NEOG,2.5839788913726807,2.5839788913726807,2.5106279850006104,2.546191930770874,47688,-0.008654349025976171,-0.021776381047189486,0.01551431965599459,0.0,-0.0015689186131041827,0.001968029971722147,0.0011142460766997684,0.027418692183639574,0.012547182956045873,0.01871328261233193,0.016793032271329115,-0.4803926909792213,0.45029651980504903,-0.014623556224847165,0.028808082173861462,0.4848467119120056,1
2007-03-06,NEOG,2.573976993560791,2.573976993560791,2.5106279850006104,2.5495259761810303,35091,0.0013094242306967985,-0.009071223341449053,0.03613367366347209,0.0004359692602378118,0.0015717019248557428,-0.00021800107737421308,0.0024032350324696998,0.02726219125625399,0.012008030404372618,0.017318890101720108,0.01679432809422918,-0.26415450427780574,0.34774620502666737,-0.009499314656241611,0.02484736737417832,0.6140268342710902,1
2007-03-07,NEOG,2.5706429481506348,2.5750880241394043,2.5339670181274414,2.556195020675659,87278,0.0026157978216085898,0.006564593125348406,0.038843989869936424,0.0026157978216085898,0.002878017894259595,-0.001345847983662413,0.004893573453031238,0.028539909648081122,0.010272570859948319,0.01727668378964456,0.016803321182123396,1.4871904476931408,0.8490135633219292,-0.005620355594451449,0.016086803111404892,0.5405510395769797,0
2007-03-08,NEOG,2.556195020675659,2.556195020675659,2.5061819553375244,2.543968915939331,101675,-0.004782931129056256,0.007926019660178918,0.00970416353564274,-0.004782931129056256,-0.0034829321624028067,-0.007070793613225458,0.00032763227241867595,0.022075606398156512,0.010042932798648393,0.015918568772463743,0.016830232453666195,0.16495565892893982,1.0230911187540375,-0.004782931129056223,0.019659464007117405,0.7555417838585117,0
2007-03-09,NEOG,2.5728650093078613,2.5728650093078613,2.5072929859161377,2.5072929859161377,157461,-0.014416815313032738,-0.023799436614697855,-0.0420384155717336,-0.018703912876937512,-0.013123483077271684,-0.017164912441514864,-0.013166688655259377,0.005894279818671714,0.007065011402836845,0.009504779895502607,0.017132278695998385,0.5486697811654782,1.4887310600688672,-0.025485994467064354,0.026152517380318967,0.0,0
2007-03-12,NEOG,2.500624895095825,2.5272979736328125,2.489511013031006,2.497291088104248,120570,-0.003989122080296115,-0.019205481753223896,-0.0405636369115604,-0.007947014222453364,-0.013261807549765773,-0.017017276949457098,-0.01671618477545845,0.000739357201209741,0.006726318902668785,0.009494283379743939,0.016835974100203058,-0.23428658524968082,1.1157375254538902,-0.0013331895551849232,0.015131179853963922,0.20589311628493911,0
2007-03-13,NEOG,2.512850046157837,2.525075912475586,2.4683949947357178,2.479509115219116,157461,-0.0071205046819874385,-0.027462697621458698,-0.036284800699224906,-0.004906186818791181,-0.014836914717461569,-0.020416964675569634,-0.023482641440245592,-0.007367842082593619,0.006139854448611634,0.00920865578826905,0.016755654773343724,0.30597163473500877,1.4005621425458297,-0.013268173717607698,0.02285973356256818,0.19608222531621078,0
2007-03-14,NEOG,2.4583919048309326,2.581757068634033,2.4450559616088867,2.449501037597656,71982,-0.012102426822015788,-0.04173937521003457,-0.03544878410024632,-0.0479480933760269,-0.01843773116238606,-0.028818237748145546,-0.03295166701571049,-0.01932873530567175,0.004584000832781211,0.009116009280413666,0.015062504330199941,-0.5428582315621011,0.6417964809167145,-0.0036165377927764733,0.055807735913113096,0.03251675195250178,1
2007-03-15,NEOG,2.471729040145874,2.51507306098938,2.463948965072632,2.493957042694092,134066,0.018149004394803603,-0.019658995411417135,-0.01188879333536852,-0.032341457828131026,0.003398412368070837,-0.01001445264909553,-0.013777989724359856,-0.0017437377034201671,0.012984811482703128,0.011323213736041414,0.01572911377665798,0.8624934011280598,1.1608832916833354,0.008992896141603752,0.02049918865543945,0.5869654432681994,0
2007-03-16,NEOG,2.469506025314331,2.469506025314331,2.3961551189422607,2.3961551189422607,78280,-0.039215560684309425,-0.044325839699690506,-0.06707034630206221,-0.07108994532943291,-0.027251261944193764,-0.04228834754613839,-0.04900511100696531,-0.0397033206805032,0.020543921964391705,0.014641188630390281,0.017822508661127768,-0.41610848388107347,0.6968321643056893,-0.029702663455835804,0.030611918983128997,0.0,0
2007-03-19,NEOG,2.395042896270752,2.3961551189422607,2.3617019653320312,2.3617019653320312,74681,-0.014378515538442382,-0.054294480694737746,-0.07245721078967815,-0.05806701546325632,-0.030565620566654034,-0.0490466596993228,-0.05996311224183233,-0.05330856533119008,0.020453853387837853,0.014831500958157539,0.017082684438664893,-0.045975983648441465,0.6939768485435323,-0.013920807427138297,0.014588273252076381,0.0,1
2007-03-20,NEOG,2.356144905090332,2.4161601066589355,2.356144905090332,2.4161601066589355,92677,0.023058854218825253,-0.025549012169927998,-0.05231006499563706,-0.018066546150032226,-0.0030265989498149265,-0.021866131565491862,-0.03743533307819089,-0.03156523522215691,0.02565262667373945,0.01758802442917062,0.01759222147046275,0.240971599201939,0.9027184217306202,0.025471778683451813,0.02483908305712095,1.0,1
2007-03-21,NEOG,2.438386917114258,2.4450559616088867,2.4217169284820557,2.4339420795440674,73782,0.007359600399048372,-0.006351888737654021,-0.04782614008037522,-0.010839908311239155,0.005601929710517491,-0.009766629148409908,-0.029835789186223986,-0.02462042902215501,0.025762421126517034,0.01788427867386647,0.01768577874990946,-0.20388014286176726,0.7354302195017292,-0.0018228598336849401,0.009588984603611843,0.5238070915610219,1
2007-03-22,NEOG,2.4450559616088867,2.4572811126708984,2.4217169284820557,2.4394989013671875,106173,0.0022830542558189837,-0.021836038229462007,-0.04106575906552268,-0.03176010437156718,0.012453775132591629,-0.0032694748451692324,-0.026067630170256435,-0.022767890260914168,0.023708589411017195,0.018021622005368124,0.016755938793289574,0.43900951451573555,1.033270627117308,-0.00227277425504919,0.014578479280688037,0.49999664805218313,1
2007-03-23,NEOG,2.4217169284820557,2.453947067260742,2.4217169284820557,2.4528350830078125,48588,0.005466770914777097,0.02365454707730774,-0.021719800284300206,-0.06284514986554735,0.013221699664368224,0.004414285706893779,-0.017517458500108544,-0.017897806915312054,0.01336528646684482,0.0178452134997517,0.013960936600873896,-0.5423695289762934,0.5032634753332225,0.0128496250572365,0.013139953436724335,0.9654986203886583,1
2007-03-26,NEOG,2.4528350830078125,2.5617520809173584,2.4528350830078125,2.5517489910125732,185354,0.04032635895091108,0.08047036775608696,0.02180679023271792,-0.019641409400048992,0.037786952723281336,0.04259366972858673,0.02315007545542418,0.020380931717196127,0.015928794374975394,0.022265008318853016,0.016986757700619762,2.8148102412118217,1.866790478818655,0.04032635895091105,0.0426832726467841,0.908158596942852,0
2007-03-27,NEOG,2.5839788913726807,2.5839788913726807,2.523963928222656,2.5417470932006836,264534,-0.003919624479961414,0.05197792406042567,0.02510092727611024,-0.01209465556669409,0.02326639445753019,0.03587295256089453,0.01977590108765109,0.015253428382338929,0.017320922119213433,0.02213584178447799,0.016819489637183656,0.427182580359744,2.4078632800713256,-0.016343708655283316,0.023611697367754748,0.29631218690534883,0
2007-03-28,NEOG,2.5417470932006836,2.567307949066162,2.5139620304107666,2.5139620304107666,133167,-0.010931482075554833,0.03287668656506759,0.02631596877228959,-0.010065684423354537,0.005601537409603559,0.021864818610367365,0.009145717162446764,0.003308957600807253,0.019845608757268773,0.022051760656112956,0.016746242817407872,-0.49659779083218036,1.254771338518871,-0.01093148207555488,0.021219858538069923,0.0,1
2007-03-29,NEOG,2.5417470932006836,2.601762056350708,2.5417470932006836,2.601762056350708,57586,0.03492496102878517,0.0665149530883502,0.04322649180042015,0.03082378763742355,0.02738536681570172,0.05293941305670499,0.04276184813409429,0.037024764062581,0.023146395748501636,0.02390753803240095,0.018434595125869042,-0.5675655380086658,0.5432972100660842,0.02361169736775457,0.023067045275540224,1.0,1
2007-03-30,NEOG,2.6062068939208984,2.620655059814453,2.4350531101226807,2.6117639541625977,320320,0.003844278452549421,0.06479394895147084,0.08998116754457586,0.016875753174635078,0.01855049841371765,0.047843989212532884,0.04586208564530968,0.03946421469125029,0.023292361489622274,0.018403859628866627,0.018061549943018913,4.562463098669816,2.727968748270109,0.002132240634717576,0.07106383002030575,0.9520958391513621,0
2007-04-02,NEOG,2.6328799724578857,2.6328799724578857,2.491734027862549,2.5517489910125732,133167,-0.022978708720737706,0.0,0.08047036775608696,0.0021824985675831243,-0.004854476806693358,0.016019028930473234,0.021715844980487932,0.014492728621267267,0.021778640264145003,0.019758609313768334,0.018735607327233793,-0.5842688561438562,1.0942716052020365,-0.030814538563857845,0.05531341252312126,0.4251979277342067,1
2007-04-03,NEOG,2.5750880241394043,2.648439884185791,2.5750880241394043,2.640660047531128,114271,0.03484318278627918,0.038915340788641783,0.09291600347736506,0.03574549630069224,0.02193540369901629,0.04210517659595476,0.055390121698269644,0.04775759538930359,0.026366852696336564,0.021068296212040656,0.020270658265510957,-0.1418970165281188,0.9094125001541937,0.025463992988603888,0.02777785050937044,0.8939381135019177,1
2007-04-04,NEOG,2.645106077194214,2.7106781005859375,2.639549016952514,2.7106781005859375,103474,0.02651536047598113,0.07824941975874977,0.11369868797112415,0.060434778512887144,0.03329955288790639,0.05818051919273174,0.08003997400929434,0.0734091981418763,0.0249462834781451,0.021750077220165434,0.021003082341297653,-0.09448591506156423,0.8182126930745603,0.024789940924138252,0.02624032843222812,1.0,0
2007-04-05,NEOG,2.7106781005859375,2.715122938156128,2.612874984741211,2.7073440551757812,114271,-0.0012299672946911588,0.040580958803421385,0.10979515246286153,0.06422057211973664,0.023787663385631687,0.04594261494219921,0.07521201207951565,0.07013911843220065,0.023050596968214272,0.02193477309648408,0.02094743328307317,0.10434505286352125,0.8991114791698221,-0.001229967294691157,0.037766885675074746,0.9239213820859536,1
2007-04-09,NEOG,2.717345952987671,2.738461971282959,2.6906731128692627,2.7106781005859375,118770,0.0012314819772472063,0.03787254444096755,0.10512040510360876,0.0811174106146535,0.017437076965310196,0.03690169606277965,0.07220581629421252,0.06961502462389518,0.023203106236428895,0.022087108321160343,0.020538140762911505,0.0393713190573286,0.9489552064698659,-0.0024538106362210596,0.017629853726772757,0.4186119606268179,0
2007-04-10,NEOG,2.7006750106811523,2.7106781005859375,2.6528849601745605,2.6528849601745605,176356,-0.021320547208790508,0.03963398026929554,0.03963398026929554,0.06230506039583372,-0.011758126906174764,0.010883577181723586,0.0461266090240279,0.04550809879057912,0.02266094848269733,0.02135465785317277,0.021250979093415247,0.4848530773764419,1.378341201112952,-0.017695594737457285,0.02178501566369246,0.0,1
2007-04-11,NEOG,2.6828930377960205,2.7006750106811523,2.646217107772827,2.6673340797424316,117871,0.005446568465946822,0.010101274579528807,0.0494097099108326,0.07575086672214848,-0.00834631356466432,0.011548657222709256,0.047943557560903564,0.049878160057380404,0.017085595549256292,0.021168526114965405,0.02111385608477482,-0.3316303386332192,0.9357180564982516,-0.005799321044259913,0.020416603725013655,0.3877668959297413,1
2007-04-12,NEOG,2.6595540046691895,2.691783905029297,2.6551079750061035,2.691783905029297,27893,0.009166390319290674,-0.006970283764994645,0.07073371533359052,0.09891111034974687,0.0021514795558314885,0.013982968255391439,0.05253994729870127,0.05799297001091419,0.011856313035937106,0.0204252715291679,0.020800400860699904,-0.7633599443459376,0.22537239206376972,0.012118535778376256,0.013625139059145308,1.0,0
2007-04-13,NEOG,2.7106781005859375,2.720679998397827,2.646217107772827,2.6817820072174072,34191,-0.0037157135062745317,-0.009441743434679295,0.030756060367386873,0.07531202875909115,0.0003317539329925331,0.0071793414521570745,0.044792364612013094,0.05282922313278099,0.011902507264595944,0.018085789123388606,0.020643172040861166,0.22579141720144835,0.2878749990527935,-0.010660097693740957,0.027766198156524296,0.4776191086065574,1
2007-04-16,NEOG,2.7117888927459717,2.7117888927459717,2.676224946975708,2.695117950439453,46788,0.004972791668433674,-0.005740316470303486,0.031914827580037164,0.12476772857224883,0.006474529707528251,0.009029097595194945,0.04390856291983815,0.05672763444400836,0.012256091589885153,0.018093912023753475,0.017986317377412374,0.36843028867245775,0.3992296645696045,-0.006147581159843704,0.013195691774627075,0.5312403630854217,1
2007-04-17,NEOG,2.714011907577514,2.721791982650757,2.695117950439453,2.7084550857543945,58485,0.004948627689102425,0.02094705440079747,0.06141124981091406,0.14682340342364641,0.007274543255356344,0.008107896280379109,0.04207646620760212,0.06060743331978625,0.004744169050903644,0.015567226959774416,0.01733861518636428,0.25,0.5025093245831325,-0.0020474566849191197,0.00984843069822371,0.5000044691139535,1
2007-04-18,NEOG,2.72290301322937,2.7529098987579346,2.691783905029297,2.7529098987579346,583954,0.016413346943561224,0.032082902425093485,0.04250825521132651,0.13937395587772383,0.01733184035324029,0.020391100252272025,0.052362996090006636,0.07629179566011982,0.007320892883162652,0.012590794342637966,0.017076660473678958,8.984679832435667,4.142994223118523,0.01102018154255748,0.022204138884536935,1.0,0
2007-04-19,NEOG,2.750688076019287,2.7618019580841064,2.721791982650757,2.744019031524658,132267,-0.003229625218496124,0.019405393723384012,0.012299848857565854,0.1273970135060385,0.010146392476873283,0.015840231935233113,0.04278398848256561,0.07118671569096383,0.00818019798718088,0.009989153620928622,0.017218130041810113,-0.7734975700140765,0.9193252429208891,-0.00242450045600232,0.01458079370940765,0.5555376786203773,0
2007-04-20,NEOG,2.712899923324585,2.73290491104126,2.712899923324585,2.7284600734710693,287928,-0.005670134891500367,0.017405615418419007,0.007799532628636419,0.11845103596559814,0.0009786752189008434,0.009291299239821485,0.03120934468153494,0.06368234592251207,0.008666033571302821,0.010208809132962498,0.01740305695217565,1.1768695139377168,1.8823529411764706,0.005735615240615229,0.00733197011427236,0.777813531648117,1
2007-04-23,NEOG,2.7084550857543945,2.7340168952941895,2.7084550857543945,2.7340168952941895,110672,0.002036614674024051,0.014433114086303211,0.008609946973492377,0.11463543319087521,0.00016268029585409587,0.010474462752303461,0.027847977821934964,0.06436372373206149,0.008639623434362993,0.010215549754447325,0.017422940004666838,-0.6156261287544108,0.7091361056015101,0.009437782326257447,0.009349543371071372,1.0,1
2007-04-24,NEOG,2.7351279258728027,2.7773609161376953,2.7351279258728027,2.750688076019287,33292,0.0060976875284832754,0.015593018502328082,0.03686670070996634,0.07796185506779474,0.0031616417150841713,0.012974383163634308,0.030262768075083057,0.06891144584750787,0.008722631095288369,0.006641949386396616,0.015393522582282175,-0.6991831718953303,0.2242446511029527,0.0056890026968369305,0.015353609387077756,0.3684359087265296,1
2007-04-25,NEOG,2.750688076019287,2.789586067199707,2.750688076019287,2.7784719467163086,233942,0.010100698417695453,0.00928546479850545,0.041666271884700956,0.09313470020242276,0.011408534859444824,0.019035436619351295,0.03607597576002655,0.0773074025922466,0.006490478925199914,0.006938526235098806,0.015339150659863682,6.026973447074372,1.5921651498214324,0.010100698417695352,0.013999778268911757,0.7142752068648482,1
2007-04-26,NEOG,2.7784719467163086,2.8618268966674805,2.7551329135894775,2.860714912414551,158360,0.02960007056952274,0.04252735842908972,0.06275801228680544,0.1379308349963928,0.032573721869555546,0.04273842932587264,0.0598915859723332,0.1067253646738675,0.013191777153331518,0.010622967120790671,0.015851785090023957,-0.3230800796778689,1.068607200479915,0.02960007056952282,0.03729626556459245,0.9895778166598511,0
2007-04-27,NEOG,2.8784968852996826,2.8784968852996826,2.771804094314575,2.825150966644287,146663,-0.01243183849461127,0.035437899243367044,0.053460333107252955,0.08586062270694717,0.012668398735553086,0.02442181127266501,0.0424014497241675,0.09087483101028306,0.01519367228548387,0.011813725434991963,0.014906841195098771,-0.0738633493306391,0.9608000170327897,-0.01853256084028787,0.03776534147902088,0.5000044692537687,0
2007-04-30,NEOG,2.815148115158081,2.8284850120544434,2.764024019241333,2.789586067199707,164659,-0.012588672203533213,0.02032510186793779,0.03505157046831675,0.0680850628762597,-0.004047354765779815,0.00807256072031091,0.02591342026357903,0.07539771258267247,0.017621370187684733,0.01310032167573604,0.015374873373509753,0.12270306757668936,1.1366477592385118,-0.009080178702049793,0.023107726831249467,0.3965506400511893,0
2007-05-01,NEOG,2.771804094314575,2.789586067199707,2.7284600734710693,2.784029006958008,65684,-0.001992073414417983,0.012120942112407995,0.027902962689360322,0.0910277683124554,-0.008392097194127653,0.003324313058703424,0.019515143362059426,0.07097035575072132,0.017769242470177832,0.01320015601602278,0.01414609565021353,-0.601090739042506,0.4642321641421575,0.00441045334643524,0.02195594714561811,0.9090884269895195,1
2007-05-02,NEOG,2.7784719467163086,2.8062570095062256,2.7784719467163086,2.8006999492645264,116971,0.005988063437864177,0.008000081690400895,0.017359830965827827,0.060606022302275075,-0.004031324813782786,0.007596913440836189,0.02262342905210658,0.07457177412107849,0.017423451889260498,0.012395651937704184,0.012225250213795271,0.7808142013275683,0.8259231891645905,0.008000081690400932,0.009920756701271568,0.7999982838363123,1
2007-05-03,NEOG,2.786252021789551,2.844043970108032,2.776249885559082,2.8340420722961426,77381,0.011904925067168337,-0.00932383719980523,0.03280700306275386,0.045510373099461265,0.0097411351823477,0.016300761648844315,0.032472347191068375,0.08425749979126823,0.01093096945008101,0.01263613263448299,0.011135117203560927,-0.3384599601610656,0.5514613394108747,0.0171520918182761,0.0239213401987441,0.852466511223889,1
2007-05-04,NEOG,2.8751630783081055,2.889611005783081,2.8318190574645996,2.889611005783081,203349,0.019607660037988195,0.02281649366701255,0.05906296151403834,0.06732315763814722,0.024832438610543777,0.030274140881209076,0.049233163746259107,0.10239546606224323,0.012444106145819494,0.01315884651041986,0.011746836741249773,1.6278931520657527,1.404598069540207,0.0050250810411343666,0.01999990593987231,1.0,0
2007-05-07,NEOG,2.835153102874756,2.845155954360962,2.7829179763793945,2.8262619972229004,273532,-0.021923023006694686,0.013147445226527887,0.033739770257998014,0.04264021486430947,-0.0002358775645655581,0.004384052361154458,0.02408180987021897,0.07651141538807414,0.015888032648075492,0.015835761664936977,0.01303477565883936,0.3451357026589754,1.7935125062372184,-0.0031360231103005226,0.022021305187814415,0.6964239882012679,1
2007-05-08,NEOG,2.835153102874756,2.8418219089508057,2.8240389823913574,2.8340420722961426,202449,0.0027527791411012803,0.017964275951557696,0.030302962012865864,0.06828683295398608,-0.0010184761805257976,0.004174338453429658,0.023541547556243207,0.07757717207463614,0.015676738024699755,0.015808604677574074,0.011804841284254524,-0.2598708743401138,1.3161717643517554,-0.00039187674820337966,0.006274757433308146,0.5625108933192111,0
2007-05-09,NEOG,2.8318190574645996,2.845155954360962,2.8307080268859863,2.8340420722961426,170957,0.0,0.011904925067168337,0.02000024713062465,0.0624998547500315,-0.003361152133615767,0.0022010115331533623,0.020469516193814184,0.07544120874454639,0.01568373063334477,0.01563345131785673,0.011817335969770344,-0.15555522625451346,1.09258050301382,0.0007850130204057922,0.005097993292410746,0.23076288387597155,1
2007-05-10,NEOG,2.8340420722961426,2.889611005783081,2.8284850120544434,2.842932939529419,145764,0.0031371683999288358,0.0031371683999288358,-0.006215919247305579,0.05615199430300377,-0.0008593156625039682,0.005977666871861831,0.020892792038201945,0.07633656144081445,0.014831919612053874,0.012355844100990818,0.01173107688048362,-0.14736454196084392,0.8977583756045044,0.0031371683999288627,0.02150103257052404,0.23636306902617588,1
2007-05-11,NEOG,2.8729400634765625,2.8729400634765625,2.7551329135894775,2.848489999771118,98975,0.0019546926923359464,-0.014230637248289102,0.00826116317407033,0.06216314081646246,0.003995618243590541,0.007112313828797276,0.01983572183229093,0.0757968953801511,0.01074964194218038,0.011635814602033055,0.011633418680966144,-0.32099146565681513,0.5976621281179878,-0.008510467731741387,0.041357754423063095,0.7924568777966441,1
2007-05-14,NEOG,2.811814069747925,2.937401056289673,2.811814069747925,2.912950038909912,179055,0.02262954728434141,0.030672330368590073,0.04422303837860886,0.08082469579297635,0.02047952004562944,0.025430234181486697,0.03886311022748565,0.09728612316658942,0.009322038824904438,0.012408968789058707,0.01242718885331012,0.8090932053548876,1.0397060219682208,0.03596822786047656,0.04311333351558112,0.8053061224489796,1
2007-05-15,NEOG,2.889611005783081,2.9529600143432617,2.889611005783081,2.9440689086914062,179055,0.01068293975722967,0.03882328970018434,0.05748499794126327,0.08699196238337681,0.02349111497134415,0.030578769822958502,0.04556835086671074,0.10569399761738255,0.009285815393988369,0.012329919577525513,0.012516859301894645,0.0,1.0045417709119644,0.018846101706886036,0.0215175019759773,0.8596488586966748,1
2007-05-16,NEOG,2.9496259689331055,2.964073896408081,2.947403907775879,2.9562950134277344,67483,0.004152791634813413,0.04313730636770052,0.05555577783477594,0.0738800477129904,0.01907915798202411,0.029252575748232514,0.04613221959291939,0.10690370581569654,0.00858644150021422,0.012338372582579379,0.01218583471462754,-0.6231158024070816,0.4427382154401697,0.002260979719079817,0.005638810929384819,0.5333600308928903,1
2007-05-17,NEOG,2.96518611907959,3.0563199520111084,2.9562950134277344,2.9796340465545654,443589,0.007894690151295292,0.04808453450462813,0.051372552186730314,0.08586493472641576,0.017534631863969082,0.0321463843706488,0.05001380457230654,0.11211595585051935,0.008091334989802195,0.01217073721094725,0.012109388436743472,5.573344397848347,2.640599328523466,0.004872519597339914,0.03356953807768295,0.23333214153765477,1
2007-05-18,NEOG,2.984078884124756,2.9874138832092285,2.948514938354492,2.9874138832092285,556961,0.002611004080738999,0.04877106236963202,0.03384638182454691,0.09490841088567792,0.010602414637148692,0.031347226216173064,0.04797377769319546,0.11134091213862085,0.007943045968827622,0.011053402586453175,0.011893915139666039,0.2555789255369272,3.0696763359056303,0.0011175974945618191,0.013020942653231948,1.0,1
2007-05-21,NEOG,2.964073896408081,2.991858959197998,2.9440689086914062,2.9907479286193848,90877,0.0011160306340194381,0.026707594936501655,0.058199109480334466,0.093902504321419,0.0064328196766351015,0.02666824343155782,0.04444021855676079,0.10859361463887195,0.003929391847337538,0.0067575104354990435,0.01190617644549872,-0.8368341768992802,0.5036134683366408,0.008999111744018188,0.015979297368820065,0.976751843389242,0
2007-05-22,NEOG,2.9496259689331055,2.9929699897766113,2.9496259689331055,2.9829680919647217,91777,-0.0026013013601766666,0.013212728533112283,0.05254897982086737,0.08444433157305986,0.0011936246000778434,0.018789159315800923,0.03751527221137309,0.10174293659229239,0.0038631181372949263,0.007213114632447173,0.01200570612360241,0.009903495934064699,0.5004903908211709,0.011303847804023852,0.014530501000081925,0.769243886071354,1
2007-05-23,NEOG,2.988524913787842,3.0007500648498535,2.96518611907959,2.984078884124756,196151,0.0003723781568520934,0.009398206393754549,0.052940926069969585,0.07400000480531777,-0.0002980543177715604,0.013972646233851315,0.03420368127618241,0.0980605086625747,0.0038616540793364193,0.007184433261963938,0.011947995515461895,1.1372566111335085,1.080813468470603,-0.0014877003844183329,0.011917897331556213,0.5312336591448453,0
2007-05-24,NEOG,2.9618520736694336,2.984078884124756,2.950737953186035,2.958517074584961,81880,-0.008566063610376817,-0.007087102523218425,0.0406566519555942,0.03418801424286677,-0.00745722852148474,0.0013540922016220642,0.023609829654355194,0.0845914824227624,0.004425905482112374,0.008406216161719401,0.010550196470026894,-0.5825664921412586,0.460878776723708,-0.0011259843508460339,0.011269473894585508,0.2333204616638778,1
2007-05-25,NEOG,2.945180892944336,3.0207550525665283,2.945180892944336,2.976300001144409,178155,0.006010756778188631,-0.0037202351262022315,0.04486938742405999,0.053501223929161235,-0.0007461400814566838,0.0030339439721710606,0.027076915520307426,0.08726554460112479,0.005361120780397542,0.0083930844073815,0.010040443087247556,1.1758060576453349,0.9939732820338861,0.010566110989862855,0.02539198319831118,0.4117691596657213,1
2007-05-29,NEOG,2.9440689086914062,3.001862049102783,2.9440689086914062,3.001862049102783,58485,0.00858853205273169,0.0037161675770278624,0.030523012411892925,0.07609587113982363,0.007084412574232452,0.008626288355071142,0.032117697788962195,0.09177204350820233,0.006842521778097435,0.00577694111677971,0.009447136046547734,-0.671718447419382,0.33626273167113696,0.01963036267281703,0.019252430480158327,1.0,0
2007-05-30,NEOG,2.9951930046081543,3.011863946914673,2.9951930046081543,3.001862049102783,42289,0.0,0.00633394543808774,0.019630362672816926,0.07824381197191355,0.005809314122917868,0.006671482581916122,0.028267011321350496,0.08671176761915696,0.006618191599871457,0.00515834409346224,0.009394138844130396,-0.2769257074463538,0.2447892774088422,0.0022265825555710336,0.005553533784639197,0.4000400440484533,1
2007-05-31,NEOG,2.991858959197998,3.042983055114746,2.991858959197998,3.042983055114746,64784,0.01369849957770497,0.019739481855978847,0.029323203974321643,0.08650805521449878,0.015578591534197453,0.01750341278542005,0.03804523346635396,0.09662123118688518,0.008559354876713198,0.006354255316942377,0.00964290140239672,0.5319350185627467,0.3807522183706598,0.017087735957463865,0.016800650871458843,1.0,1
2007-06-01,NEOG,3.0618770122528076,3.0618770122528076,3.035202980041504,3.0563199520111084,26093,0.004382836399284384,0.03305807435296537,0.025736685867587372,0.07843139729216375,0.013413904489998449,0.01934914872519598,0.038657002361722634,0.09650880814992108,0.005078030570103335,0.006141797346795166,0.009471791716970062,-0.597230797727834,0.15570195067518783,-0.0018149194822200106,0.008727499944419027,0.791667783945155,1
2007-06-04,NEOG,3.0485401153564453,3.1052210330963135,3.0440940856933594,3.1052210330963135,79180,0.01599998751865872,0.04331587269506887,0.0394344923377441,0.07461558904701171,0.020900305160768816,0.03160541620207389,0.0514234687608142,0.10875663595465913,0.006566530942923038,0.007469681773968157,0.009185428445036177,2.0345303338060017,0.4906597725601714,0.018592806915791838,0.01968521620568907,1.0,0
2007-06-05,NEOG,3.094106912612915,3.094106912612915,3.03853702545166,3.0552079677581787,822394,-0.016106120886430153,0.017770942762456388,0.02155315014079129,0.08100663376581574,0.0009465447484536632,0.012821329843382846,0.03049487677349834,0.08622625876739032,0.012822278409280451,0.009803656652914421,0.008390986153153444,9.386385450871432,4.355493249704146,-0.0125719459454253,0.018188577585450075,0.2999995709572373,0
2007-06-06,NEOG,3.03964900970459,3.0996639728546143,2.9729650020599365,3.014086961746216,159260,-0.01345931486364127,0.0040724431847514175,0.010432183255771221,0.06352936366403372,-0.013315868244778893,-0.0018402636904623966,0.013547607920648004,0.06809500838648258,0.014994493859092002,0.010928547362494954,0.009250335247226968,-0.8063458634182642,0.8532172709262169,-0.008409539350353575,0.042035605608829046,0.32456427568712903,1
2007-06-07,NEOG,3.011863946914673,3.047429084777832,3.0007500648498535,3.0296459197998047,67483,0.005162080009985859,-0.004382914749565869,0.015270050640237676,0.06901938733223667,-0.007355746471875776,0.0018005794464321522,0.015440055520685546,0.06990894979573732,0.013593962602108167,0.010998234555237216,0.009230548669695953,-0.5762715057139269,0.371838917373109,0.005903976141866413,0.015407417620295051,0.6190330258547598,0
2007-06-08,NEOG,3.0074191093444824,3.040760040283203,2.9929699897766113,3.0285348892211914,101675,-0.00036671961279444165,-0.009091019011813195,0.023666523758715474,0.06528537733376671,-0.005909808805716956,-0.0008800133568414201,0.011920206466647452,0.06564362609232723,0.013303745265752787,0.010450519860124685,0.009268634277557787,0.506675755375428,0.5671294714609908,0.007021229535683679,0.015779924040723644,0.7441904552847151,0
2007-06-11,NEOG,2.9974160194396973,3.024089097976685,2.9796340465545654,3.024089097976685,79180,-0.0014679676500770622,-0.026127587780354955,0.016056545648590825,0.06164638044004955,-0.002053870141761232,-0.003917085894473774,0.007479164919053282,0.06092615428272013,0.009107823406385085,0.010430281510961231,0.009324419743910314,-0.22124416031472827,0.4441071667948285,0.008898690860394383,0.014700311393557467,1.0,0
2007-06-12,NEOG,3.0007500648498535,3.016309976577759,2.874052047729492,3.0007500648498535,321220,-0.007717706843507588,-0.017824614063272737,-0.0003704314970975897,0.03014127422961166,-0.0061837416768073935,-0.011568358681954048,-0.0017562299471291238,0.04987279706050179,0.007175144372143849,0.010498232322958396,0.008390730651181833,3.0568325334680475,1.7325917597521665,0.0,0.04740745672711821,0.8906218313883819,0
2007-06-13,NEOG,2.97074294090271,2.989635944366455,2.8773860931396484,2.989635944366455,137666,-0.003703780802535639,-0.008112246823029579,-0.004072840302565606,0.015477571038003513,-0.008258411462031134,-0.014832544602554067,-0.006206729135772705,0.04278911818995848,0.004720026457410849,0.010563854250463987,0.008177775291354316,-0.5714276819625179,0.7509227940354258,0.006359689760974122,0.03754632781905287,1.0,1
2007-06-14,NEOG,3.0007500648498535,3.024089097976685,2.917396068572998,3.0085299015045166,48588,0.0063198186968767,-0.006969797413383327,-0.011322164135064594,0.017669037710893898,-0.0005906631784132864,-0.007479630335687516,-0.0007936241191098919,0.04669325864486753,0.005145092426600513,0.009694909227758527,0.008238665002685285,-0.6470588235294117,0.26640443656486973,0.002592630671175995,0.03546350971959146,0.8541685754061948,1
2007-06-15,NEOG,3.019644021987915,3.0696558952331543,3.019644021987915,3.045206069946289,64784,0.012190727578752503,0.005504701558642022,-0.003636360799695093,0.022006737192289183,0.010473656777434214,0.004988393415283838,0.010287323050004729,0.056992845836742856,0.008026059660226622,0.010468681811463602,0.0084827889017253,0.33333333333333326,0.39636793252249547,0.008465252119866044,0.016423149073166454,0.5111195862036088,1
2007-06-18,NEOG,2.9851911067962646,3.091883897781372,2.9851911067962646,3.0774359703063965,71082,0.010583815879716685,0.017640641727588058,-0.008947853468006306,0.030133784810714603,0.017565776054270395,0.016557159269863883,0.019457661118842357,0.06544254716049945,0.008823066336424788,0.009637961142114362,0.008739830503446594,0.09721536181773272,0.5108294888650857,0.030900823501758955,0.034669378019418176,0.8645838454353276,1
2007-06-19,NEOG,3.050762891769409,3.089660882949829,3.050762891769409,3.0874390602111816,83679,0.0032504623983418135,0.028889108885403303,0.010549557605616267,0.03233008394540038,0.015054223904238113,0.01877677206601127,0.021135983460156646,0.06612444752301376,0.006340203593768687,0.008047510162914873,0.00874764280497602,0.1772178610618722,0.602916991647468,0.012021966223832191,0.01259878832321286,0.9428807845540913,1
2007-06-20,NEOG,3.0952179431915283,3.111888885498047,3.0752129554748535,3.111888885498047,89978,0.007919128057281455,0.04089225022931653,0.032448275379277414,0.04321896499013911,0.014933925293002262,0.023541406554032945,0.027032901507843505,0.07117163572468356,0.0035217902001520116,0.006434081992596181,0.00879608070919536,0.07527575616343407,0.648722461306861,0.005386031811811249,0.011785745369672319,1.0,1
2007-06-21,NEOG,3.0807700157165527,3.1619019508361816,3.0807700157165527,3.147454023361206,749513,0.011428794269904285,0.046176746253117074,0.038885106273140346,0.05474893445531981,0.017314549482998466,0.03124332276229263,0.035977676824800166,0.07984459407189513,0.003632695573936806,0.006930607927857178,0.009022698128260185,7.329958434283936,4.505140399258513,0.021645240412125785,0.025777004053894673,0.8219205858497995,0
2007-06-22,NEOG,3.1241140365600586,3.1341168880462646,3.0552079677581787,3.1341168880462646,195251,-0.00423743610421301,0.029196979139590296,0.03486240135480978,0.05935399696347465,0.007214757495151567,0.02333344989629371,0.028615177266828534,0.0720150873357712,0.006448034164835161,0.007290621736140572,0.008786878873582649,-0.7394961795192345,1.134936419182042,0.003201820218195405,0.025177401834963444,1.0,0
2007-06-25,NEOG,3.1341168880462646,3.1341168880462646,3.0563199520111084,3.11299991607666,506573,-0.006737774219636172,0.011556356042307092,0.029400859306514038,0.045929481194667554,-0.0018532371686122587,0.013496215938523497,0.019397845122475884,0.06166026261767597,0.0077496655249153,0.007854758985192698,0.00901071446692257,1.5944707069362,2.68799097517031,-0.006737774219636179,0.0249909855870489,0.7285629351770129,1
2007-06-26,NEOG,3.14300799369812,3.1874639987945557,3.062988042831421,3.1730151176452637,148463,0.019278895980261224,0.027717488755301556,0.057407331191386524,0.05701563421065137,0.011837179472129611,0.0272739247515071,0.03614708394750296,0.07861200330257194,0.010902258243428204,0.008408511322735056,0.009695306879255572,-0.706926741061999,0.7694107617380579,0.009547263006428637,0.0392295502378539,0.8839223122450153,1
2007-06-27,NEOG,3.1730151176452637,3.221916913986206,3.139673948287964,3.221916913986206,206048,0.015411775402202732,0.03535731272440645,0.07769540303308542,0.07330612176172258,0.020271804227872826,0.035320253736184345,0.04834929154341345,0.09142532645481545,0.011791370990923797,0.00822177916852724,0.010064729223096,0.38787441988913063,1.0243769783643317,0.015411775402202638,0.025526097628783946,1.0,0
2007-06-28,NEOG,3.2019119262695312,3.2019119262695312,3.1563448905944824,3.168570041656494,97176,-0.016557494731827327,0.006708920333247104,0.05319546269822473,0.04127101080325013,0.0020385875544461744,0.012968573326444277,0.028889049670122593,0.07033987327076079,0.015300779823633455,0.011231303933162039,0.010718248097681713,-0.5283817362944556,0.47925596369775153,-0.010413117343887382,0.014380946318367283,0.2682893649082785,1
2007-06-29,NEOG,3.167459011077881,3.208580017089844,3.1619019508361816,3.196355104446411,94476,0.008768959633093987,0.019858294576544866,0.049635075928634365,0.04581822408454239,0.00686192963102334,0.016937287156149207,0.03555690354861332,0.07643608006769595,0.015201325912987689,0.01104706780156006,0.010812333664325853,-0.027784638182267174,0.458213304705106,0.009122799464008529,0.01460352956050761,0.7381015619413359,1
2007-07-02,NEOG,3.2208049297332764,3.2230279445648193,3.1052210330963135,3.2230279445648193,177256,0.008344767476337056,0.0353446936891757,0.04730950559596114,0.03793833360423848,0.008274763881045536,0.020695443599274343,0.04220947691497729,0.08181504274781295,0.013976857974942953,0.010941498766312237,0.010430505716806515,0.8762013633092003,0.8397285956399546,0.000690204740753133,0.03655162582973274,1.0,0
2007-07-03,NEOG,3.2230279445648193,3.2285850048065186,3.21747088432312,3.2230279445648193,124169,0.0,0.015761925192676385,0.043916294932267785,0.05492915002109733,0.005129563842159589,0.01633137543498931,0.03938925792818607,0.07827533599496858,0.012320793355464951,0.01103678388254473,0.009550535128528308,-0.299493388094056,0.7048008809372446,0.0,0.0034483475398160383,0.5,1
2007-07-05,NEOG,3.2052459716796875,3.2341420650482178,3.2052459716796875,3.231919050216675,285229,0.002758618853072381,0.0031044053889315304,0.03857148154549783,0.07227133497975036,0.0072739445494643985,0.015292202679441282,0.03860851102515415,0.0777794902689876,0.010321007210003197,0.010972438072129465,0.00876026918464263,1.2971031416859282,1.5631174665823078,0.008321694738144998,0.008940846883709237,0.9230686721837639,0
2007-07-06,NEOG,3.2363650798797607,3.239698886871338,3.2230279445648193,3.2252509593963623,89978,-0.0020631985878066805,0.017888485024694534,0.024717417778854722,0.06456366346912357,0.0016568004960775366,0.010727282017802592,0.033218272322024595,0.07236036033579339,0.004872458764000939,0.010763950308755637,0.008838119851846179,-0.6845411932166785,0.49007838814112475,-0.003434136819882927,0.0051688822099098565,0.13334668134948444,0
2007-07-09,NEOG,3.2252509593963623,3.2285850048065186,3.166347026824951,3.2230279445648193,282529,-0.0006892532889778424,0.008344767476337056,0.02836877490359968,0.0642201798750428,-0.0006891941917440414,0.007224216603515378,0.02929952579508352,0.06904557908123371,0.004123995619342356,0.010574110441797431,0.008845204634811367,2.1399786614505767,1.4666020216785653,-0.0006892532889778686,0.019310405944981932,0.9107127123675994,0
2007-07-10,NEOG,3.2263619899749756,3.2263619899749756,3.116334915161133,3.186352014541626,179955,-0.011379339755661189,-0.011379339755661189,0.023563154655465546,0.05365679095682241,-0.009808699856934673,-0.006514712946599083,0.014957025725260073,0.054354172072180795,0.005384268704907178,0.011129114904448345,0.009379316583884223,-0.36305653578924646,0.9103318913611423,-0.012400956730109486,0.034530734304216784,0.6363624544136671,1
2007-07-11,NEOG,3.168570041656494,3.235253095626831,3.166347026824951,3.235253095626831,166458,0.015347042907385644,0.0037930639362366847,0.01961477511892684,0.07814813820181032,0.004624476742776776,0.006778651608156996,0.026699054836434952,0.06738724181284722,0.009672184435311659,0.01051875751236784,0.009454029601202577,-0.07500208385429685,0.8763597203470208,0.02104515699311344,0.021298509503019057,1.0,1
2007-07-12,NEOG,3.2363650798797607,3.2641489505767822,3.204133987426758,3.2508130073547363,135866,0.004809488243419979,0.005846049001999143,0.008968602896956668,0.0873608251467648,0.008273092355222824,0.010711891629170318,0.027379294123433824,0.06922753923521967,0.00981866383088673,0.009501179730636349,0.009288033414877937,-0.18378209518316935,0.7156395845091362,0.004464245262315203,0.018461524244625813,0.7777896957345632,1
2007-07-13,NEOG,3.2274739742279053,3.2774860858917236,3.2230279445648193,3.268594980239868,503874,0.005470007916450914,0.013438960685285162,0.03156784835694593,0.08644257735490579,0.011069871599737671,0.013089905289799768,0.028771312993917067,0.07177738300687186,0.009769656507159507,0.007291970027918876,0.009279945718485462,2.708609953925191,2.369868615775278,0.012740925671383638,0.016661024585832244,0.8367350512665599,1
2007-07-16,NEOG,3.2697060108184814,3.323052883148194,3.249701023101806,3.2719290256500244,225844,0.0010200240257089987,0.015172403691897873,0.023643781349100834,0.07445241816023773,0.009048512214521694,0.011753362395614513,0.026159361426134144,0.06979850669670157,0.00965007889051184,0.007034114925287573,0.009107942723985718,-0.5517847715897228,1.023447471414876,0.0006798821741733587,0.02241853642647857,0.30303256841968645,1
2007-07-17,NEOG,3.2519240379333496,3.323052883148194,3.2519240379333496,3.2974910736083984,70182,0.007812531310423365,0.034879717796264975,0.023103469881218475,0.07150598921481133,0.010008170367192088,0.01731528176629614,0.0306198611748784,0.07528829899664229,0.005319166918791759,0.00698566163491392,0.009017313985319873,-0.6892456740050654,0.31810559871202176,0.014012330898112681,0.02157059522742207,0.640626675962669,1
2007-07-18,NEOG,3.2641489505767822,3.334167003631592,3.2641489505767822,3.334167003631592,100775,0.011122374315651884,0.030573777408161584,0.03448280963687966,0.0799134618072539,0.015091030978687673,0.02511535590770932,0.038080275055111364,0.08365845672615203,0.0037420371405308553,0.007447427992479302,0.009176347417480498,0.4359094924624547,0.4550079431676906,0.021450630505828242,0.021000163752609137,1.0,0
2007-07-19,NEOG,3.334167003631592,3.334167003631592,3.278597116470337,3.294157028198242,92677,-0.01199999141907726,0.013333286394955124,0.019257282442576962,0.05857154590242519,0.00027000717239127053,0.01087960708439316,0.022721425513025622,0.06746189622630407,0.008995252216437861,0.008911660234789415,0.009777462464408025,-0.08035723145621432,0.41818995679887516,-0.01199999141907725,0.016869228359659937,0.2800061782157828,1
2007-07-20,NEOG,3.270817995071411,3.4152979850769043,3.270817995071411,3.406407117843628,217746,0.03407551269854969,0.04216250053521353,0.05616808140758467,0.08227382912042747,0.02576972070847526,0.03954685310859099,0.05333698116437931,0.09975669953017996,0.016864251417843215,0.013335270735016183,0.011898942447105446,1.3495149821422792,1.1164958563270329,0.04145419371439422,0.0424141874436177,0.9384629855460377,0
2007-07-23,NEOG,3.434191942214966,3.496429920196533,3.2641489505767822,3.2641489505767822,286128,-0.04176193929423799,-0.0023778251338127943,0.012758501235246023,0.041489219188495685,-0.016607631758012054,-0.005115126610036748,0.007322424248876643,0.0509703113670059,0.02843338634010373,0.020088653278407472,0.015640856820288526,0.3140448044969828,1.4337217849768076,-0.04951470229369597,0.07116126535178685,0.0,1
2007-07-24,NEOG,3.2641489505767822,3.5686700344085693,3.1018869876861572,3.436414957046509,524569,0.05277516715016528,0.04213017725809576,0.0784793837478297,0.10389176025981106,0.026696853948863643,0.03946757256474154,0.055218152989127106,0.10226235908802987,0.03730683826099169,0.025143775633613828,0.01913213418875577,0.8333368282726612,2.6166970702334864,0.05277516715016537,0.1358343077180637,0.7166669220514549,0
2007-07-25,NEOG,3.4919838905334473,3.5231029987335205,3.196355104446411,3.231919050216675,356311,-0.05950850214131065,-0.03066671624533146,-0.0010305361934938029,0.01856402518974587,-0.028464529069238697,-0.022290983532362633,-0.008473015897919977,0.034551430304328286,0.04805226154509857,0.03268207174853563,0.0236441413658571,-0.32075475294956435,1.689780487076163,-0.07447481101553538,0.10110027176120129,0.10884215749226549,0
2007-07-26,NEOG,3.260814905166626,3.260814905166626,3.0563199520111084,3.166347026824951,409398,-0.020288881736480247,-0.03879900086098731,-0.025983032656349936,-0.017247461261346686,-0.04080534949003716,-0.03967374617165577,-0.02776123393986017,0.01212124565377926,0.04848293764811198,0.03326279781321024,0.023860410394724186,0.14899062897300386,1.8522298803147812,-0.028970634975936344,0.06458387265295255,0.5380429840249781,0
2007-07-27,NEOG,3.366396903991699,3.3897359371185303,3.133004903793335,3.166347026824951,272632,0.0,-0.07047310632988668,-0.03128192817802511,-0.0007015829861160006,-0.026648457441251668,-0.03668642031921977,-0.027728051024199108,0.010763930773755623,0.0434048567750051,0.033168803920399365,0.02356288650044632,-0.3340661165907015,1.1863747407557617,-0.059425517213831575,0.08108114213325249,0.12987180630158765,1
2007-07-30,NEOG,3.2341420650482178,3.2341420650482178,3.117445945739746,3.167459011077881,328418,0.0003511883705447083,-0.02962179145710131,-0.031929181150678776,-0.009040326379360475,-0.02048379759509434,-0.033275533405028736,-0.02695491106103412,0.009907865439662215,0.04060779912619613,0.03316119781605512,0.023477370925335358,0.20462014730479172,1.3599105920214394,-0.020618467781916297,0.036842187665361514,0.4285752228480833,1
2007-07-31,NEOG,3.1896860599517822,3.2697060108184814,3.1896860599517822,3.248589992523194,286128,0.025613900972850878,-0.05465724217564949,-0.014829784218852393,0.007931066189320823,0.016412827790517663,-0.007031958086197811,-0.0024231128498193246,0.034053371016248155,0.03173922107806985,0.03425065210040106,0.02411665447219143,-0.12876882509484866,1.1586789356099154,0.018467000032066482,0.02463220998983235,0.7361155803449112,1
2007-08-01,NEOG,3.2952680587768555,3.4453060626983643,3.2763750553131104,3.358617067337036,242939,0.03386917864891403,0.03920210102782962,0.007333185074057003,0.042068863535877465,0.042572166189442984,0.02583240455742007,0.029221327845969158,0.0665780725999038,0.021807038576816644,0.035859923536107535,0.025230316591430334,-0.15094293463065478,0.9606820261481847,0.01922423530657918,0.05029778745190356,0.48683787125219463,0
2007-08-02,NEOG,3.386401891708374,3.435302972793579,3.2741520404815674,3.3508379459381104,199750,-0.0023161680069391233,0.05826617156937375,0.017206501467499802,0.03679513436868498,0.028378524008671944,0.021687636109658327,0.024969893804386502,0.061627260353406724,0.016933803380529248,0.03559021865909081,0.025251676936640537,-0.1777771374707231,0.803474226578123,-0.010501986151538072,0.048092726330546384,0.47586386474058906,0
2007-08-03,NEOG,3.3741769790649414,3.4019620418548584,3.2797091007232666,3.334167003631592,242939,-0.004975156237181588,0.05300113202529211,-0.021207128717417256,0.03376978895794647,0.012829174859391008,0.018848735484275507,0.018174446376276944,0.05400736350445203,0.01789749385351486,0.03381195387801706,0.025285395903270166,0.2162152690863579,0.948032806269046,-0.011857699131252224,0.03666671195487007,0.4454527016221824,1
2007-08-06,NEOG,3.3563950061798096,3.411963939666748,3.2752630710601807,3.3741769790649414,457086,0.01199999141907715,0.06526302858666355,0.03370802930690919,0.046896594475705156,0.012269958835774262,0.027619831075133872,0.02802000057487021,0.06385962575141188,0.016979353064199173,0.030866687387095026,0.025374270998724618,0.8814846525259428,1.7249586059522517,0.005297938071172072,0.04051384069499822,0.7235792209151238,1
2007-08-07,NEOG,3.39084792137146,3.4408600330352783,3.3386120796203613,3.4130749702453613,173657,0.011528141950396309,0.05063272930740381,-0.0067919582160146375,0.07115439683658131,0.01393278123765027,0.04020578694659012,0.03629199911593423,0.0731681713210685,0.01542736144721675,0.025952613219717036,0.0252265395313825,-0.6200780597086762,0.656129348051348,0.006555012017440001,0.02995772267128563,0.728258005544946,0
2007-08-08,NEOG,3.4453060626983643,3.4453060626983643,3.3975160121917725,3.4075191020965576,377006,-0.0016278189600986703,0.014560169789851862,0.05433306006476557,0.05324653168637172,0.009349621078922768,0.03298421818915572,0.03190645537669703,0.06869500358072851,0.008169760408732619,0.015745722704933705,0.025100969433467877,1.1709807263744048,1.369953260627643,-0.010967664385732944,0.014024881174455581,0.2093132314937689,0
2007-08-09,NEOG,3.4453060626983643,3.4453060626983643,3.365286111831665,3.388624906539917,260935,-0.005544853892386237,0.011276869013499224,0.07020010056757875,0.042393056405702456,0.0015109487802272995,0.020380819125926933,0.024047810502878027,0.06019721081839544,0.008791230923844255,0.013617910476051872,0.025166175511740826,-0.3078757367256755,0.9271105991585707,-0.016451704181559584,0.02361428398648188,0.2916621974328721,0
2007-08-10,NEOG,3.409740924835205,3.4408600330352783,3.2519240379333496,3.365286111831665,219545,-0.00688739395830118,0.009333398166971874,0.06282921086075643,0.02958186382110317,-0.007213039345289654,0.007318769272152098,0.015511117241495271,0.0507760354826086,0.009216837700726732,0.014168141249694071,0.025237931722342136,-0.15862187901201452,0.8215482167731748,-0.01303759258650672,0.05614262467540813,0.6000025238026134,1
2007-08-13,NEOG,3.3486149311065674,3.4486401081085205,3.3074939250946045,3.4475290775299072,214146,0.024438625116923296,0.021739256393508155,0.08842105469163397,0.05366866166817208,0.012666595383081578,0.02335721131558518,0.03757978681114467,0.07383216294219604,0.013369696574714816,0.01508122962863731,0.025739921362195734,-0.02459176934113738,0.8031026631141728,0.029538823799801054,0.04094125962094705,0.9921285113427138,1
2007-08-14,NEOG,3.5008749961853027,3.5275490283966064,3.4541969299316406,3.478646993637085,163759,0.009026150442064784,0.019212007929321873,0.07081749363366252,0.054937501265302835,0.0178859913508486,0.02559046792424565,0.044098857410592385,0.08100999595560612,0.013078996902280727,0.013866472026499762,0.025753455123759993,-0.23529274420255342,0.6035480408893763,-0.00634927056019947,0.021086387494660054,0.3333246657847436,1
2007-08-15,NEOG,3.5731160640716553,3.687588930130005,3.4764249324798584,3.479758977890014,327518,0.000319659987047638,0.0212001381735496,0.03606898557477667,0.04366667119548695,0.013924881440226675,0.022267218742082283,0.04215557091792147,0.07850975861854802,0.01290172845266256,0.01020536569164725,0.025687213232231963,1.0,1.1586816660820511,-0.026127638875312192,0.06068351256275451,0.015788891322656266,0
2007-08-16,NEOG,3.4175209999084473,3.4730899333953857,3.334167003631592,3.368619918823242,264534,-0.031938723277369685,-0.005903570996620422,0.005306724220037973,0.0226045358456175,-0.017312965984670123,-0.01089938776918586,0.007746767225638757,0.0417740633200574,0.020864170850940937,0.01519270888044075,0.026646717013842892,-0.19230698770754584,0.9082487917895248,-0.014308933606118323,0.04124031001168093,0.24800020594317684,0
2007-08-17,NEOG,3.409740924835205,3.4386370182037354,3.3208301067352295,3.334167003631592,303224,-0.01022760537605738,-0.009247091381224593,0.0,-0.021207128717417256,-0.025594369590143405,-0.02101551850829933,-0.001481112085701729,0.029180732819637265,0.02115097339261069,0.015495939240953252,0.025613897478639982,0.14625719189215758,1.0260307629213983,-0.02216412415769266,0.03533323655959344,0.11320980008823803,1
2007-08-20,NEOG,3.404184103012085,3.404184103012085,3.284153938293457,3.3363900184631348,492177,0.0006667376976383643,-0.0322373086832386,-0.011198867408631963,0.02213167014746298,-0.018569276688057725,-0.019274670097017384,-0.0018950524633264383,0.027913319509005923,0.01581084239812078,0.014933852868952607,0.0237265555150392,0.6231465847030577,1.6092969525416685,-0.019914928951393886,0.035976059170060186,0.4351912728948461,1
2007-08-21,NEOG,3.4508628845214844,3.496429920196533,3.239698886871338,3.35528302192688,345514,0.0056627083042430915,-0.035463205072505,-0.01693251652023542,-0.02360946979155254,-0.005796050853907283,-0.012042783669814386,0.004976523968255402,0.03162878553774395,0.01504164487481871,0.014494776135828936,0.020468719292240242,-0.29798832533824215,1.163813894330654,-0.027697380566269043,0.07651546282309121,0.45021489439157214,0
2007-08-22,NEOG,3.4386370182037354,3.4386370182037354,3.2230279445648193,3.3386120796203613,731517,-0.004968565154585547,-0.04056226283673203,-0.02022205023995305,0.033012283954492405,-0.002391171463426491,-0.014952897004824228,-0.0016120298388451958,0.024374821148778595,0.01456765669537151,0.014533646937576628,0.015223417382184136,1.1171848318736721,2.3175594052865742,-0.02908854236543546,0.06458045094697952,0.5360819612309665,0
2007-08-23,NEOG,3.3030478954315186,3.357506036758423,3.240809917449951,3.288599967956543,278930,-0.014979910954346476,-0.023754520484653763,-0.029517854983102332,0.03861008919612341,-0.012613438705435092,-0.026836811135038597,-0.01836217093564452,0.007181999443988032,0.008253282428032742,0.01508893565664697,0.014861152695493401,-0.6186964896236178,0.902342376382847,-0.004374119883323119,0.0354850454435125,0.4095256191019064,1
2007-08-24,NEOG,3.3108279705047607,3.3563950061798096,3.289710998535156,3.3286099433898926,331117,0.01216626400997356,-0.0016667012287165939,-0.010898380471374036,0.05124609374470568,-0.00026702602397391006,-0.013926844021940445,-0.008819698012441046,0.0174408630765694,0.010358463333016585,0.01571781378782234,0.015023075377277983,0.18709712114150512,1.0611297615593032,0.005370853769373236,0.020033590230984544,0.5833324394961646,1
2007-08-27,NEOG,3.3497259616851807,3.4386370182037354,3.3386120796203613,3.4008500576019287,359010,0.02170278748205212,0.019320294924178638,-0.013539848070381777,0.07368399897450462,0.017490186892021715,0.008868783465080677,0.009184847759366005,0.03726698030388228,0.014348158433142931,0.015242783109799663,0.015601705947277123,0.08423910581456107,1.1449061625648118,0.01526217263785618,0.029411746148521906,0.6222246058135793,1
2007-08-28,NEOG,3.4008500576019287,3.4275240898132324,3.4008500576019287,3.4030730724334717,308623,0.0006536644644399292,0.0142432248469897,-0.02172509062915784,0.04755388653718362,0.015252036311986378,0.01179660719947754,0.007535141547588805,0.03588731716986623,0.014370620377635627,0.014839806467637598,0.014728389213084213,-0.14034985097908137,0.9807010759262185,0.0006536644644399591,0.007838219057761704,0.08334003700426354,1
2007-08-29,NEOG,3.380845069885254,3.4386370182037354,3.3263869285583496,3.411963939666748,371607,0.002612599566343965,0.021970764586320968,-0.019482682178285304,0.015883582814044672,0.01346886538706521,0.016488934819042678,0.009370317116098915,0.036545780752306176,0.013715932888974377,0.014898846486332301,0.012740828100832177,0.2040807068818591,1.1571866445240038,0.00920446490100486,0.03289896717265699,0.7623781092625278,1
2007-08-30,NEOG,3.4430830478668213,3.5997889041900635,3.4230780601501465,3.537550926208496,448988,0.0368078293799361,0.07570119828427946,0.050148432134268894,0.05572128025371059,0.0354586694695077,0.04862618547694864,0.043640731264775114,0.0719264571244848,0.014896144519795186,0.015334533591998814,0.015025302423576421,0.20823342940256784,1.3459211802695272,0.02743700254346256,0.049952876361645346,0.6477976305318958,0
2007-08-31,NEOG,3.6008999347686768,3.6008999347686768,3.511989116668701,3.537550926208496,350012,0.0,0.06277124276262169,0.06099992062646464,0.06099992062646464,0.022946386161625757,0.04234205955041869,0.04051907564786497,0.06939829875050492,0.016353926434589473,0.014525049304348017,0.014930307214757287,-0.22044241716927848,1.032650553444841,-0.01759254900379514,0.025133438346078913,0.2874994301711632,1
2007-09-04,NEOG,3.5664470195770264,3.728709936141968,3.559778928756714,3.6698060035705566,332017,0.03738605609384393,0.07908491742158108,0.09993315627439925,0.087615150698924,0.04493665303010393,0.07079152604524322,0.07474724936478952,0.10579746401952421,0.019746971257555264,0.017378860903598407,0.01670323893001589,-0.05141252299921151,0.9979716963267505,0.028980939132467035,0.04603268053430946,0.6513136724682008,1
2007-09-05,NEOG,3.7442688941955566,3.882637023925781,3.6742520332336426,3.780945062637329,473282,0.03028472321388076,0.11103845911062038,0.12686322969738595,0.1077825994444892,0.05390335192591024,0.08968608944157293,0.10136289346370363,0.13471859853735088,0.018593132156050966,0.018453593802214882,0.017628985217076093,0.42547520157100394,1.3612846897393975,0.00979528166329844,0.055114524871404266,0.5119995881148255,1
2007-09-06,NEOG,3.822622060775757,3.834291934967041,3.7275989055633545,3.7826120853424072,249538,0.000440901065067445,0.10863190591394734,0.13298939653166708,0.11007802803366973,0.03302272596931206,0.0763927018825424,0.0958616853902611,0.1310802916341791,0.01915901643126924,0.01796839389721453,0.017592366688099718,-0.4727498616047092,0.7311405095200068,-0.01046663122778872,0.028206177899425953,0.5156211243276582,0
2007-09-07,NEOG,3.739268064498902,3.7659409046173096,3.6525800228118896,3.705925941467285,145764,-0.020273330213341323,0.047596492254389,0.12690080203645393,0.09363710758160027,0.002857073398666675,0.042193992621371315,0.06873273651883013,0.1049511613133539,0.023813769193925364,0.018927079160597066,0.01836510185846353,-0.41586451762857757,0.4344147408469484,-0.008916751208123085,0.03058908450840143,0.4705848949460534,1
2007-09-10,NEOG,3.800950050354004,3.834291934967041,3.7275989055633545,3.7492709159851074,253137,0.011696125395495915,0.059849312191677884,0.1263773706590594,0.11410168151927103,0.0030925106533093087,0.04205612003713548,0.07527919591047176,0.11401717741702343,0.023205670403095954,0.018927695853519888,0.018220477110282598,0.7366222112455751,0.7506567657323527,-0.013596372928942677,0.028457007187396945,0.20312489525209887,0
2007-09-11,NEOG,3.754271984100342,3.754271984100342,3.625905990600586,3.677586078643799,190752,-0.01911967391731506,0.002120023528674908,0.08137260283595316,0.06673098208608108,-0.016495725338223473,0.014330641844850289,0.0512521469389082,0.0896015401938823,0.02138278157705176,0.02093022343362084,0.018448723718727054,-0.24644757581862786,0.5676281278734477,-0.020426305228101276,0.03490495959977476,0.4025995252653202,0
2007-09-12,NEOG,3.702591896057129,3.7426021099090576,3.584228992462158,3.6309080123901367,225544,-0.012692582921369988,-0.03968242007265155,0.06694976425932131,0.04377018393402876,-0.021123507534815417,-0.004797697429362912,0.03565522833725087,0.0731778669946267,0.013743068745825553,0.02185908244976911,0.01873683114916391,0.18239389364200642,0.6650463930483037,-0.01936046036921541,0.043618047305650776,0.29474080374549316,0
2007-09-13,NEOG,3.5942320823669434,3.635909080505371,3.467534065246582,3.5708930492401123,287328,-0.01652891313831939,-0.055971649041863025,0.046579949959520084,0.026189765420292943,-0.026186509144980673,-0.025492379448266538,0.01721487567573799,0.053273502851550275,0.01322625750924499,0.023063095293711745,0.019203970118721013,0.2739332458411663,0.8522746738468681,-0.006493468588556302,0.04715207454746351,0.6138617646725648,1
2007-09-14,NEOG,3.5208799839019775,3.5958991050720215,3.5175459384918213,3.5958991050720215,208148,0.007002745668126531,-0.029689432042913633,0.01649394738920762,0.06746952512475035,-0.013446781384133718,-0.02022827976233907,0.021032915443489335,0.05837676586356196,0.014230013884744328,0.020217376166722763,0.017540770458896734,-0.2755735605301258,0.622617023736399,0.021306923698917114,0.02178958983295247,1.0,1
2007-09-17,NEOG,3.557555913925171,3.657581090927124,3.5458860397338867,3.6075689792633057,225544,0.003245328595238961,-0.03779453122943244,0.019792804263557118,0.0820000843790738,-0.0024891162227296676,-0.018920279150503167,0.02038583585537512,0.059427258282613304,0.011929190855086766,0.020210968420464267,0.01724549684922716,0.08357514845206304,0.6825825154659517,0.014058265435090147,0.030961307139315275,0.552244158272552,0
2007-09-18,NEOG,3.589231014251709,3.7609400749206543,3.367508888244629,3.5275490283966064,452887,-0.022181128434871966,-0.040797699099003104,-0.038764167652333814,0.057295162998217686,-0.01645435923735642,-0.036956021891663506,-0.004937551540014395,0.03407845336016586,0.012719476139285946,0.017228045763531305,0.018213658044209026,1.0079762707054942,1.378806955244115,-0.0171852927856086,0.11153103288116552,0.40678051352284916,1
2007-09-19,NEOG,3.5275490283966064,3.699258089065552,3.5092110633850098,3.6492459774017334,229143,0.03449900994301491,0.005050517652614772,-0.03483231918311225,0.08761197000485388,0.016437590166556378,-0.00013697937605619008,0.02514078044452652,0.06685780346694459,0.02240351837914784,0.01818004359994356,0.01953357649634914,-0.4940393519796329,0.7102029354918293,0.034499009943014865,0.05207843671197415,0.7368434918424551,1
2007-09-20,NEOG,3.6625819206237793,3.6942570209503174,3.532550096511841,3.655914068222046,233342,0.0018272516737991573,0.023809455452614703,-0.03349484807372005,0.09504008882570303,0.013494721227095432,0.005179422155337619,0.022457083657794804,0.06618482613358491,0.020162390018680695,0.01821775927343891,0.01942103945017401,0.0183248015431412,0.783722070232436,-0.0018205333139955507,0.04423159883435617,0.7628861419421804,0
2007-09-21,NEOG,3.6459109783172607,3.654247045516968,3.5458860397338867,3.610903024673462,251337,-0.012311843962589109,0.00417250850566897,-0.025640802944972174,0.09800616063290613,0.00018469957149942076,-0.004595578219636595,0.005337736352917225,0.05085104146686246,0.02146204895880681,0.01755311168528233,0.019287246983389458,0.07711856416761664,0.84809148456586,-0.009601977078430054,0.030009392399254674,0.6000035203597783,1
2007-09-24,NEOG,3.6475789546966553,3.66758394241333,3.5925650596618652,3.624238967895508,255536,0.003693243249935252,0.004620837114417853,-0.03334833648764157,0.08881455909025604,0.0029524138034780264,0.002536143748280534,0.004915054501011817,0.052553302362617044,0.02147461309085403,0.017010211324435094,0.01921124306927095,0.016706652820714707,0.8733975796794655,-0.0063987612306773195,0.02069920979714706,0.42221247600523754,0
2007-09-25,NEOG,3.714262008666992,3.714262008666992,3.5525550842285156,3.620904922485352,224344,-0.0009199297948313534,0.026464804128088604,-0.015412598086446239,0.0647058415267483,-0.0031210672492233806,0.00318679031731404,0.0009369463990044436,0.04945778143154981,0.017436110850905996,0.016072155005983364,0.018802821878358057,-0.12206499279944905,0.7848486401569529,-0.025134760542955076,0.04465925725757046,0.4226772507991205,1
2007-09-26,NEOG,3.677586078643799,3.7209300994873047,3.584228992462158,3.680919885635376,298725,0.016574575813172787,0.008679576117857302,0.013773930122872313,0.08164585575684424,0.011637439984940752,0.01840308673643061,0.01363439270060983,0.06448616506666509,0.010349053382876667,0.01645492475457559,0.01902037584102044,0.331548871376101,1.0468768480674964,0.0009065204512647526,0.03713775666746141,0.7073160947806462,1
2007-09-27,NEOG,3.832624912261963,3.834291934967041,3.6459109783172607,3.825956106185913,1121120,0.03940216713668088,0.04651149747799255,0.07142836635784389,0.1213354460480025,0.04176119607662363,0.05111282952857766,0.04760228308188777,0.10329101229609036,0.019761159137148696,0.018964000255948132,0.020583486134595565,2.7530169888693616,3.4728477773055566,-0.0017400101050102413,0.04923761575445172,0.9557501515579141,1
2007-09-28,NEOG,3.8759689331054688,3.954322099685669,3.802617073059082,3.9393179416656494,671232,0.029629674866486155,0.0909509102703987,0.0955029122227693,0.11357207962169524,0.053781697914463834,0.07214150238077138,0.07274180130779181,0.13176996204011054,0.017010701835575348,0.020258994271711957,0.02007321205975222,-0.40128442985585844,2.0100581966756565,0.01634404445791694,0.03851048046211826,0.9010965005335558,1
2007-10-01,NEOG,3.992665052413941,4.242726802825928,3.9676589965820312,4.054347038269043,450487,0.029200257076674507,0.11867541687608041,0.12384463376136834,0.14608867062005593,0.06015702491673528,0.0901919018633909,0.09635154069640714,0.16049731655958344,0.015529231416162333,0.021038213145533963,0.02069799322697303,-0.32886542953852016,1.3290256515253187,0.01544882554518555,0.06784515574210281,0.3151515361639499,0
2007-10-02,NEOG,4.084353923797607,4.1710429191589355,4.034341812133789,4.044343948364258,257936,-0.0024672505363664277,0.11694287338212184,0.14650254774844407,0.10205933077369544,0.03462976755643568,0.07259695890780508,0.088136231677124,0.15248662732415585,0.016123570143921077,0.018220437624066135,0.01950713738008167,-0.42742853844839035,0.7693695838079703,-0.009795912935025125,0.03380056413857568,0.07316792415315872,1
2007-10-03,NEOG,4.056014060974121,4.407769203186035,4.000999927520752,4.254396915435791,876981,0.051937463715589605,0.15579720494281424,0.16582903475992206,0.12522050570822474,0.057341777135232995,0.1104826161746144,0.13740695992526866,0.20671827817728639,0.02014631650070985,0.021027852202505755,0.02148222984257389,2.399994572297004,2.4673022616255147,0.04891079061348838,0.09561150117175106,0.6229501662843163,0
2007-10-04,NEOG,4.311078071594238,4.417770862579346,4.1627068519592285,4.2477288246154785,429493,-0.001567341024557245,0.11023982155666445,0.16187873821696397,0.1229617864003012,0.034007053313213555,0.09187531504477657,0.12860723587782,0.19792391320473177,0.023228422095706747,0.021301527833284904,0.021514903285562676,-0.5102596293420267,1.1785044959513116,-0.014694525574976004,0.06004715017164652,0.33333582597381234,0
2007-10-05,NEOG,4.262732028961182,4.262732028961182,4.082686901092529,4.15103816986084,316121,-0.022762906660688587,0.05374540246062742,0.14958450600766904,0.12010823622053324,0.00016075443739453993,0.05240927104578302,0.09643337993508355,0.16418982328212908,0.029522351682607455,0.02299662226043126,0.021681665809201934,-0.26396704952117966,0.8476074376968811,-0.02620241158522023,0.04337351778065876,0.37963409272687787,1
2007-10-08,NEOG,4.1627068519592285,4.174376964569092,4.102692127227783,4.167708873748779,157161,0.00401603242508819,0.027960565390607206,0.149954214020509,0.1116051539459717,-0.001278317097004314,0.042274748633583235,0.09478668175851429,0.16233664769200506,0.027705180081782486,0.022980344448428964,0.021641727609701056,-0.5028454294399929,0.4268845948092131,0.00120162720254887,0.017200058716392387,0.9069804568494153,0
2007-10-09,NEOG,4.154372215270996,4.172709941864014,4.1176958084106445,4.15103816986084,199750,-0.00399996842220518,0.026381094896672952,0.14640904931897802,0.12873990739915953,-0.01033382721764496,0.02452281340471958,0.08366889042747773,0.15137065562070642,0.027828159113557637,0.023226389029732477,0.02098983954257716,0.27098962210726585,0.5419036675687543,-0.0008025389246299792,0.01325310228482275,0.606069010947102,1
2007-10-10,NEOG,4.1627068519592285,4.211052894592285,4.139368057250977,4.1843791007995605,229743,0.008031949978392516,-0.016457753243989015,0.13677537974377318,0.15243324438976558,0.0009569642797135809,0.020076323694393224,0.08453767593295142,0.15462453885367386,0.011876707613284616,0.023278063447000216,0.020509994427431687,0.15015269086357952,0.6229171631854094,0.005206287545838527,0.017131535077118346,0.6279018718320539,0
2007-10-11,NEOG,4.199382781982422,4.237726211547852,4.114361763000488,4.179378032684326,332917,-0.0011951756747563547,-0.016091138289021978,0.09237479905401691,0.1704013464009233,0.00304066468449356,0.010153879032392968,0.07476631015926387,0.148044418451057,0.011891097445183024,0.021674251447682247,0.019847631396807598,0.44908441171221747,0.897115002303304,-0.004763735609891692,0.029517418042255657,0.5270259823588982,1
2007-10-12,NEOG,4.166041851043701,4.317746162414551,4.166041851043701,4.236059188842773,157761,0.01356210319219242,0.020481868752554533,0.07532807749243364,0.1780250404878727,0.01251197674041954,0.01656267574754464,0.0804490539530551,0.15798272648067016,0.007047084590160515,0.0205480874210031,0.019883009364716143,-0.5261251302877294,0.42802608945731974,0.016806681330273028,0.03581260426445857,0.46153821975376164,0
2007-10-15,NEOG,4.317746162414551,4.317746162414551,4.126031875610352,4.202716827392578,166758,-0.00787108016290583,0.008399807833100903,0.036595236599894054,0.16497199403538687,0.002864085385135836,0.004982933079347284,0.06387006512841525,0.14343842981995328,0.008849861375582543,0.019511080426225385,0.02018804127733755,0.057029303820335775,0.4560731673096967,-0.026641060102904814,0.045616750944207994,0.39999602043506594,0
2007-10-16,NEOG,4.187714099884033,4.192715167999268,4.1460371017456055,4.172709941864014,148163,-0.007139878026752755,0.005220807691079354,0.03173963321088791,0.18289211808932815,-0.005325010145317552,-0.005245996575315377,0.04771874475665125,0.1303628147068718,0.00944718390080496,0.019731711701068057,0.019269491774949236,-0.11150889312656664,0.4228365950585398,-0.0035828993245825996,0.011186511141201035,0.5714212746830658,1
2007-10-17,NEOG,4.1627068519592285,4.2844038009643555,4.1627068519592285,4.267734050750732,311322,0.02277275684402591,0.019920506231197788,0.0031349062111605264,0.1694837994421421,0.0132996608637881,0.017083911720792797,0.06332175427790901,0.150775690622124,0.013563334581458144,0.012616817324981437,0.018607225903032,1.1012128534114454,0.8781719180015201,0.025230505660534704,0.028515588731148647,0.8630224475642296,0
2007-10-18,NEOG,4.364424228668213,4.364424228668213,4.166041851043701,4.236059188842773,167958,-0.007421939026961422,0.01356210319219242,-0.002747264774785041,0.1586867496868889,0.003079132694020927,0.009816016961102465,0.04785670659856517,0.1371536240891535,0.014421278751493462,0.012851120303031737,0.01888216288078253,-0.46050070345173166,0.478182792645247,-0.029411677944196902,0.04683182382036233,0.35294131786038774,0
2007-10-19,NEOG,4.249395847320557,4.299407958984375,4.036008834838867,4.199382781982422,172157,-0.00865814315270963,-0.00865814315270963,0.011646390648150318,0.16297301624769522,-0.003875440973532646,-7.948957632324086e-05,0.03127806406536036,0.12242219812136977,0.01367241812058383,0.010692393433172631,0.018696565242745294,0.025000297693470896,0.49572503136848667,-0.01176945314936248,0.0627232947840882,0.6202524312620838,0
2007-10-22,NEOG,4.1843791007995605,4.189381122589111,4.126031875610352,4.164373874664307,123569,-0.008336679253989843,-0.009123372880694425,-0.0008001996265811773,0.14903402108786445,-0.010379646756415305,-0.008336758075886913,0.01594261816450782,0.10833052854584971,0.013726742480529235,0.0110400460827081,0.01902427382029637,-0.2822307544857311,0.36270759285192855,-0.004780930612006752,0.01521219008796764,0.6052479055798514,1
2007-10-23,NEOG,4.2694010734558105,4.2694010734558105,4.129365921020508,4.181045055389404,122369,0.004003286262677763,0.001997530056370822,0.00722876646773174,0.15469617261299917,-0.006811365557277553,-0.005077772503773231,0.013087701652756904,0.10843965278880084,0.013537543683514425,0.011009968993527635,0.018946195352680915,-0.009711173514392768,0.3646425813461014,-0.020695178678747938,0.03349285898146354,0.36904401123691155,1
2007-10-24,NEOG,4.094357013702393,4.2844038009643555,4.094357013702393,4.196049213409424,187753,0.003588614286918368,-0.01679693169463048,0.0027889711540796114,0.13994581348654633,0.0001590297494059917,-0.001784587007975171,0.010417350822617633,0.10820201456153088,0.006554351749111361,0.010771624487555323,0.018836908608520848,0.5343183322573528,0.56888375277298,0.024837159868253484,0.045291839441402505,0.5350903383957627,1
2007-10-25,NEOG,4.182712078094482,4.34942102432251,4.182712078094482,4.2610650062561035,328118,0.01549452581225852,0.005903084989745233,0.019545246429720997,0.1137255336951446,0.014446734315361769,0.011716234465530937,0.020725954059073074,0.12074780565490487,0.010075054834037653,0.011756890242216024,0.01735514083508206,0.7476045655728536,1.1299317515271408,0.018732565545682103,0.03912377445151974,0.46999834102753324,0
2007-10-26,NEOG,4.277736186981201,4.354422092437744,4.227724075317383,4.227724075317383,105574,-0.007824553460172412,0.006748918783150648,-0.0019676574745093323,0.07321220016320584,0.0051527259220247625,0.00399870092045312,0.009252923204008277,0.10697576368346652,0.009875689595813423,0.01135827358096287,0.016624389672325806,-0.678243802534454,0.40279346543201944,-0.011691256654869106,0.02996837420399766,0.0,1
2007-10-29,NEOG,4.207718849182129,4.302742004394531,4.12769889831543,4.289405822753906,206348,0.01458982335120651,0.03002418895437886,0.020626894202413038,0.05797697687596548,0.01379040193002466,0.016554097118695706,0.02111281781484264,0.11753604630982266,0.009550479202422205,0.011868779043950136,0.015740922485601674,0.9545342603292477,0.8257302190977425,0.019413600694270523,0.04080824088748019,0.9238120144269012,1
2007-10-30,NEOG,4.302742004394531,4.396099090576172,4.1843791007995605,4.392765045166016,172157,0.024096396256988006,0.050638055072786736,0.05273673616616148,0.0861502140397028,0.02793166129976831,0.0356483508532565,0.041399105717644005,0.1381994957888824,0.012336780812648546,0.013200518567714863,0.016369030469127906,-0.1656958148370714,0.7009402966874334,0.0209222492725664,0.04819743091190296,0.9842525714568848,1
2007-10-31,NEOG,4.434442043304443,4.482787132263184,4.356089115142822,4.4377760887146,266333,0.010246631241549231,0.05760820786674348,0.03984363503952526,0.043103447309646326,0.02684767884337113,0.042082600513614656,0.0497880160367408,0.1434478674027934,0.011821809906988426,0.011879119609792972,0.012068295971198162,0.5470355547552526,1.23831896827288,0.0007518522911332937,0.028549889536463605,0.6447375849156018,0
2007-11-01,NEOG,4.464448928833008,4.501124858856201,4.26439905166626,4.4144368171691895,286728,-0.005259226936835004,0.03599377401844506,0.04210933331532263,0.03924638305243078,0.014248446835878422,0.03227816909708443,0.04221191017932529,0.1311630579329094,0.013512444672900019,0.011666296398998589,0.012156563410966412,0.07657706705515266,1.3789110215545017,-0.011202303455824583,0.0536253698929923,0.6338040084600665,0
2007-11-02,NEOG,4.402767181396484,4.402767181396484,4.267734050750732,4.312745094299316,80380,-0.02303617133546021,0.020110351921571734,0.026994993836541692,0.03895577872845668,-0.01297211172769784,0.005832091753688493,0.016263409932502748,0.09933544739118805,0.01851780547058751,0.014065545224859463,0.012185974245334222,-0.7196646298931391,0.4097864425331613,-0.020446706216387864,0.03131025082475702,0.3333333333333333,0
2007-11-05,NEOG,4.266067028045654,4.33441686630249,4.232725143432617,4.251062870025635,425894,-0.014302311619393993,-0.008938989294245525,0.020816813756501684,0.01999995652332598,-0.025378375824964994,-0.010554082388846508,0.0007456769725917482,0.07854031826544185,0.01893992201356602,0.014700486782775107,0.012702590267406715,4.298507091316248,2.0320572400275587,-0.0035170938293703153,0.023921481751517787,0.18032663893877512,1
2007-11-06,NEOG,4.244393825531006,4.417770862579346,4.211052894592285,4.297740936279297,250137,0.010980328374532,-0.021631957983113015,0.027910696809992697,0.03534122318691546,-0.010364722939178037,-0.002399251551726857,0.00999017236371131,0.08544317476253457,0.014975814209689083,0.014960969771247092,0.012829116140649448,-0.41267780245788854,1.1792965765619654,0.012568840909011756,0.04809921562327194,0.41935416902142697,1
2007-11-07,NEOG,4.299407958984375,4.584478855133057,4.2160539627075195,4.532800197601318,643639,0.054693678564422754,0.02141255146431753,0.08025429804677464,0.08326709612309768,0.03921424493552044,0.044002511807857005,0.06088694380947613,0.1383142557441053,0.03069341853095854,0.022210526328181088,0.017435108777228727,1.573145916038011,2.764751553628785,0.05428473893230553,0.08127975563990254,0.8597308200553166,0
2007-11-08,NEOG,4.579477787017822,4.579477787017822,4.406102180480957,4.491123199462891,260335,-0.009194536781145235,0.01737172497190187,0.053990772933296016,0.07459128232492929,0.02605124037952495,0.02895124640563383,0.04731183285920071,0.12176783589078922,0.031058217197607485,0.022648797050998502,0.01765453572691059,-0.5955263742563766,1.135977613384494,-0.019293594524119,0.038604063802480375,0.49038628143951374,0
2007-11-09,NEOG,4.492790222167969,4.601150035858154,4.421104907989502,4.491123199462891,217146,0.0,0.04136068820746175,0.06230281812460392,0.06021257004432856,0.017755993959791227,0.022779103092240016,0.04420636836782545,0.11644956159647213,0.027592024073652962,0.022269340011670944,0.017517714932998325,-0.16589778554554713,0.9354020105805975,-0.00037104396658736347,0.040089109087496105,0.3888930086709642,1
2007-11-12,NEOG,4.499457836151123,4.579477787017822,4.469450950622559,4.522797107696533,283729,0.0070525583082268195,0.06392148175151768,0.05441109901622321,0.07616032520148086,0.012464455372925013,0.024546743048834082,0.047672300454522774,0.11884278904954099,0.024693017450434954,0.02208366971403627,0.01734407537516787,0.30662779880817514,1.192186493197521,0.005187129737696305,0.024327166082252247,0.4848467775837187,1
2007-11-13,NEOG,4.544468879699707,4.544468879699707,4.486122131347656,4.532800197601318,254336,0.0022117043207094955,0.054693678564422754,0.031878589224662246,0.08629649814011442,0.004136217229234387,0.023565773346356397,0.045628531499179954,0.1165499779308044,0.025153340253624108,0.021101614207958617,0.017158193424303782,-0.10359533216555239,1.0453635052493002,-0.002567666851128206,0.012872120060118003,0.8000114414605841,1
2007-11-14,NEOG,4.3460869789123535,4.607819080352783,4.3460869789123535,4.551137924194336,263934,0.004045562520651469,0.004045562520651469,0.025544739800644534,0.0664061701299663,0.007380057910356861,0.02508260572003317,0.04643810372517014,0.1168293731638362,0.006167438239465836,0.02096675921343809,0.016598013698123127,0.037737481127327666,1.0954813790080675,0.04718058940764647,0.05750915612753326,0.7834382720097943,0
2007-11-15,NEOG,4.499457836151123,4.502791881561279,4.3910980224609375,4.441110134124756,109173,-0.024175885658103358,-0.011135981605696288,0.00604229215645935,0.04840606236618683,-0.014792952548956125,-0.0003002743364299426,0.0187380067723444,0.08631821542097982,0.012568372845763499,0.022559426945960886,0.017564828898817875,-0.5863624997158381,0.4587284909961723,-0.012967718367659678,0.025149986315832307,0.44776062056275856,0
2007-11-16,NEOG,4.384428977966309,4.406102180480957,4.252729892730713,4.319413185119629,216546,-0.02740237132829193,-0.03823320063092395,0.0015461360860689055,0.02858286785672437,-0.0344339303567415,-0.027840338212594753,-0.010539997761322641,0.05338904459908735,0.016684316119632878,0.023108185390860195,0.018658179448363975,0.9835124069137973,0.9014865748663982,-0.014828793709149527,0.035507667633791415,0.43478058107540923,0
2007-11-19,NEOG,4.277736186981201,4.277736186981201,4.134366989135742,4.199382781982422,543464,-0.027788590253581602,-0.07150759099136916,-0.01215698041250124,0.008406763746912072,-0.04749309160953626,-0.05375465851616345,-0.03842126959116651,0.021873422780795196,0.016277478405355192,0.024417431349775833,0.019680915235940247,1.5096930906135415,2.0806061454112705,-0.01831655847250209,0.03414054047670739,0.4534850848280656,1
2007-11-20,NEOG,4.214386940002441,4.434442043304443,4.214386940002441,4.3594231605529785,193752,0.03811045262585133,-0.03824943290906313,0.014352243466559944,0.042663521392490855,-0.003353901066012513,-0.019056217577372647,-0.0038095484042779525,0.057308959759429956,0.028720259053875295,0.027235804135621662,0.021394355435840586,-0.6434869650979642,0.731764245556018,0.0344145477421333,0.050478032344556494,0.6590904658615915,0
2007-11-21,NEOG,4.399433135986328,4.409436225891113,4.301074981689453,4.33441686630249,253737,-0.0057361474969354065,-0.047619092521835826,-0.04376617601715804,0.03297569829516811,0.0008468836441373289,-0.02030975798826788,-0.011087264606792623,0.04766891119813109,0.028067861223696304,0.01990133872122757,0.02146642433925541,0.3095968041620216,0.9465220294472028,-0.01477832886060254,0.0250001897704174,0.3076919691969197,1
2007-11-23,NEOG,4.34942102432251,4.416103839874268,4.34942102432251,4.412769794464111,16196,0.01807692489634949,-0.006381363849295663,-0.017446282704547067,0.03560255194071771,0.02027444886762179,-0.0008304523136328069,0.0050498977448433175,0.062284270637302894,0.028856056092315764,0.020992848166868146,0.021560438719807222,-0.9361701289130083,0.06414844288725029,0.01456487421828038,0.015111328860937284,0.950001430165041,1
2007-11-26,NEOG,4.417770862579346,4.464448928833008,4.356089115142822,4.446112155914307,106773,0.007555880547411187,0.02933244988721051,-0.010022224185247675,0.0516561811287386,0.02199584939717174,0.007746219019633554,0.010131739957718879,0.06594738396134761,0.024792894578060436,0.02119030796618284,0.021466820094861654,5.592553716967152,0.4228016624108521,0.006415292738477088,0.02437181292110303,0.8307788441651595,1
2007-11-27,NEOG,4.461114883422852,4.526132106781006,4.392765045166016,4.50779390335083,132567,0.013873187466598935,0.07344201216703916,-0.0033172401919537853,0.05091336413972436,0.021688234253420917,0.022074437257768996,0.02161104633777261,0.07609047770121587,0.016033452632303772,0.021577555497270015,0.021446585148771447,0.24157792700401792,0.5327232147521498,0.010463532356325108,0.029585882689945733,0.862498257005052,0
2007-11-28,NEOG,4.497790813446045,4.584478855133057,4.354422092437744,4.496123790740967,257936,-0.0025888744827460286,0.031357504227841115,-0.008091335435380542,0.023529313430658227,0.012767476624584337,0.020276859042827517,0.017774185311678438,0.0683641567681474,0.010265073606610529,0.021573244584625638,0.02086782183225621,0.9457029275762445,1.0189591199223345,-0.0003706314442402697,0.05116779995450233,0.6159423293758706,1
2007-11-29,NEOG,4.4811201095581055,4.656164169311523,4.469450950622559,4.564474105834961,169758,0.01520205365224836,0.0530768605394254,0.002930296084794115,0.028549889536463535,0.017616799227068415,0.03547379766339834,0.031766876292140964,0.07990841279882525,0.008228835909678748,0.022121853160746354,0.021007737328451327,-0.34185999627814656,0.6836590041400197,0.018601151997480206,0.040905746063994844,0.5089256983497035,0
2007-11-30,NEOG,4.567809104919434,4.567809104919434,4.351088047027588,4.419437885284424,444489,-0.03177501223309187,0.0015110896627053005,-0.004879916999537159,0.0011328892727116013,-0.015010844598252415,0.0030647576635148043,-0.001073990910971778,0.04183034315158284,0.019338980707450208,0.023169861530270074,0.02226362078952836,1.618368501042661,1.7349564913276376,-0.03248192212656547,0.0490381499904027,0.315381619680658,0
2007-12-03,NEOG,4.479453086853027,4.5127949714660645,4.254396915435791,4.366092205047607,411497,-0.012070693518386966,-0.01799773556325046,0.010806796647467642,0.012369641511807972,-0.02341695867018585,-0.010091695689036116,-0.013726347614946259,0.025603029004485786,0.019527888712941775,0.021629376904293826,0.021788902447814305,-0.07422455898796143,1.5086860989785955,-0.025306857691651797,0.05918291320818679,0.4322605646798302,0
2007-12-04,NEOG,4.33441686630249,4.34942102432251,4.212719917297363,4.301074981689453,192552,-0.014891399518083603,-0.04585811288038577,0.024215987202534706,0.011764613507943,-0.028980095638270656,-0.027076018927172953,-0.02896185445815428,0.007127898954094465,0.01724404403404052,0.02002835302296779,0.021810834120505152,-0.5320694926086946,0.7375075071394428,-0.007692357620756417,0.031783009505091345,0.6463375923929916,0
2007-12-05,NEOG,4.302742004394531,4.34942102432251,4.052680015563965,4.142702102661133,377306,-0.03682169683219794,-0.07860586241145051,-0.049713241846509604,-0.03607449493044279,-0.04956784475843192,-0.05828412387560336,-0.06307739232469758,-0.03232092998885796,0.020448748205010792,0.01925893282395234,0.02321171813578262,0.9595018488512195,1.4107890178570595,-0.037194863547464485,0.07162982068344438,0.3033692157136866,1
2007-12-06,NEOG,4.174376964569092,4.274402141571045,4.167708873748779,4.257730960845947,327518,0.027766625582593463,-0.06720229710513437,-0.01769232351708716,-0.06068417418904393,-0.009232697873365973,-0.030445707104557088,-0.03405763666289493,-0.00812455928370702,0.025420335552664708,0.021841606454037956,0.020384559504320887,-0.13195655515682236,1.3015484197090095,0.019968008875178297,0.025058715264871332,0.843746648074654,0
2007-12-07,NEOG,4.274402141571045,4.297740936279297,4.232725143432617,4.2477288246154785,301725,-0.0023491705611388136,-0.0388531449306464,-0.03740076585360952,-0.05419454422370784,-0.003597643344510814,-0.02907437411409669,-0.033658811054572,-0.012395397945236425,0.02348085256050091,0.02072704927955602,0.020331193297677613,-0.07875292350344099,1.1892669763943955,-0.006240245085073512,0.015306013055709878,0.23076979493648606,0
2007-12-10,NEOG,4.296073913574219,4.356089115142822,4.109361171722412,4.166041851043701,254936,-0.019230741166527232,-0.04581908594890172,-0.06299218171949406,-0.07238308413763106,-0.013500625277356326,-0.041610659392135374,-0.048724704541757,-0.032407873977486595,0.024028037482127597,0.020854198417124374,0.020654665578877494,-0.1550716712237965,0.9974170195018548,-0.030267650218879585,0.05922358733832653,0.22972946856168805,1
2007-12-11,NEOG,4.084353923797607,4.219388008117676,4.071018218994141,4.17604398727417,239340,0.0024008727199806845,-0.029069708142165696,-0.07359473906516811,-0.07666784783077862,-0.0052418528596488755,-0.03192146963043739,-0.04265077740934987,-0.030632790961371142,0.024230631726179667,0.019916288211409696,0.020554978484266365,-0.061176138324912865,0.9446012706374993,0.022449098483441326,0.03552878982493204,0.7078649157651838,1
2007-12-12,NEOG,4.197716236114502,4.2160539627075195,4.141035079956055,4.202716827392578,180555,0.00638710708021506,0.014486855014965716,-0.0652577591285659,-0.07282107214507594,-0.0017424160052190933,-0.01906625487732544,-0.032876931170623847,-0.025158089718049587,0.016941343962640746,0.020356408052024093,0.02064005842076777,-0.24561293557282526,0.7231233256584124,0.0011912647251031978,0.017850092174306106,0.8222162897423185,1
2007-12-13,NEOG,4.214386940002441,4.242726802825928,4.187714099884033,4.231058120727539,247138,0.0067435648174623,-0.0062645668229607265,-0.07304587064722357,-0.0703296205911973,0.006264438900338201,-0.004705800641175628,-0.022756065561345094,-0.01847790964913093,0.010724486611475521,0.019510857634759047,0.020701182653080446,0.3687685192877517,0.9931287344598849,0.003955778375938114,0.01300211468908751,0.7878911328768311,0
2007-12-14,NEOG,4.24105978012085,4.249395847320557,4.142702102661133,4.16103982925415,204549,-0.016548647991946996,-0.02040831675952748,-0.05846853440132549,-0.06306312980589956,-0.006290399512269548,-0.015190474034410087,-0.03580957307214143,-0.03433237903059421,0.012783965616980858,0.017925614276022715,0.02036654325864719,-0.17232882033519736,0.806528119007936,-0.01886791392136874,0.0256411255449454,0.17187255589869185,0
2007-12-17,NEOG,4.089355945587158,4.227724075317383,4.089355945587158,4.119362831115723,307723,-0.010016005577600628,-0.011204644983651368,-0.05651034434102031,-0.04631424349332436,-0.01404520477872959,-0.019327754683150945,-0.04324938222552825,-0.043863939976950796,0.01051031888886007,0.017858182517722403,0.019630332676176154,0.5043974793325805,1.1919137966395346,0.007337802316021185,0.03358969224197904,0.21686269509509648,1
2007-12-18,NEOG,4.126031875610352,4.219388008117676,4.126031875610352,4.189381122589111,121770,0.016997359626713004,0.0031937248160183174,-0.02596882397443545,-0.0023816974809305336,0.002073660395538659,1.1382044233355582e-07,-0.02687412152894043,-0.027709969665723345,0.013664000358454888,0.018845635227766756,0.019103293556851968,-0.6042869723745057,0.5136005881289809,0.01535355249028189,0.022283991304574476,0.6785761714560072,1
2007-12-19,NEOG,4.17604398727417,4.271068096160889,4.091022968292236,4.262732028961182,80980,0.017508769010430303,0.014280096431297684,0.028973825132863285,-0.02217979948969484,0.016699738951143097,0.014601949229004561,-0.008722691033376116,-0.011199010067810511,0.015588384552243978,0.015347949058667758,0.017424946114273747,-0.3349757740001642,0.34987778256638247,0.020758412016535204,0.04223702701587107,0.9537001234169001,1
2007-12-20,NEOG,4.17604398727417,4.2844038009643555,4.17604398727417,4.2844038009643555,155961,0.00508400993915048,0.012608118043919259,0.0062645668229606155,-0.011538591437052714,0.019274917514025592,0.019113202968722157,-0.0031033173827906945,-0.006632900937497745,0.015504514260059676,0.01272791981580279,0.017437335685046747,0.925919980242035,0.688376699772183,0.02594795792869875,0.025291690215052877,1.0,1
2007-12-21,NEOG,4.302742004394531,4.412769794464111,4.229391098022461,4.412769794464111,193752,0.029961226687097664,0.06049688912857221,0.03885393269274262,0.0,0.037388334943704506,0.045542535093819565,0.026764930108719154,0.022023492385779813,0.015086567248257228,0.015637110846372686,0.018283333442326796,0.242310577644411,0.8229314107022453,0.02557155180515241,0.041556370484520135,1.0,1
2007-12-24,NEOG,4.4044342041015625,4.439443111419678,4.342751979827881,4.424438953399658,180555,0.0026444069097342204,0.07405905592475004,0.062024605511637354,-0.004874641429325699,0.025423011038387847,0.04192832629141245,0.029739759603526133,0.023832744707984937,0.010994731376516175,0.013408572507008045,0.018211602379916415,-0.06811284528675832,0.7550484495171775,0.004541956667093945,0.02185387404147619,0.8448238450309702,0
2007-12-26,NEOG,4.447779178619385,4.457780838012695,4.384428977966309,4.409436225891113,113972,-0.003390876824510669,0.052526876133438094,0.05588835733727171,-0.02181947080291391,0.011627185207458604,0.03271919841783841,0.027424011659176198,0.019385793530421674,0.013339471840610217,0.013708616653584332,0.017921968853192492,-0.3687685192877517,0.4784706671603682,-0.008620696124615914,0.01663520148351003,0.3409217967886628,1
2007-12-27,NEOG,4.409436225891113,4.532800197601318,4.409436225891113,4.492790222167969,163159,0.018903549571126943,0.053969658811241716,0.06902044717472822,-0.0007414316705121049,0.01998344221526692,0.04514087170878669,0.04688663036465815,0.037120925547813544,0.013539387818709522,0.014351186865066878,0.01845491806346902,0.43157091215386245,0.6988682300205494,0.018903549571126922,0.02745820873218437,0.6756753622740257,1
2007-12-28,NEOG,4.54780387878418,4.607819080352783,4.501124858856201,4.551137924194336,450487,0.012986963365988702,0.0622569990181463,0.07565006065474678,-0.0029217345375180948,0.02086606290238117,0.05088926580277915,0.060647308228349815,0.04921715442721129,0.013185225109416582,0.014484194697098732,0.018366107818631343,1.7610306510826863,1.8201627324966403,0.0007331110793299164,0.02344341641007717,0.46875139662307713,0
2007-12-31,NEOG,4.551137924194336,4.5828118324279785,4.412769794464111,4.426106929779053,256136,-0.027472468753496848,0.003022395442352943,0.06370213009290393,0.0015090255068037628,-0.007773327840334163,0.015801446297725865,0.03142855445915128,0.019499212055096676,0.018003727289720096,0.0167299833391237,0.017995612170022327,-0.4314242142392566,1.0758375684195958,-0.027472468753496803,0.03841796880681225,0.07843434173480948,1
2008-01-02,NEOG,4.486122131347656,4.542801856994629,4.416103839874268,4.4894561767578125,316721,0.014312633649346207,0.014695021005588949,0.08984237631280734,0.028255008349934663,0.0035027788021161957,0.021662519660070927,0.04468938404308925,0.03271092261679483,0.019039626912659847,0.015835354922759393,0.018013485763688657,0.23653449729831033,1.3573267535706748,0.0007431909592605505,0.028221239306507693,0.5789541032347905,0
2008-01-03,NEOG,4.567809104919434,4.567809104919434,4.3910980224609375,4.3910980224609375,342514,-0.021908701282369325,-0.004158854440959647,0.0481495700604011,0.02093035837662227,-0.017677348824578287,-0.005286967602284717,0.020732469985585044,0.009033076938767643,0.022156063789180922,0.018189349320121968,0.018414439207467093,0.08143760596866012,1.4221649780964405,-0.03868617939138087,0.04024302840761011,0.0,0
2008-01-04,NEOG,4.412769794464111,4.499457836151123,4.344419002532959,4.379427909851074,188953,-0.002657675267135784,-0.025232051066517935,0.027375842557556096,0.05714285056554669,-0.015293607172919735,-0.010546218246127732,0.015226396293529466,0.005434709368952421,0.019319016456588407,0.017744001885417898,0.016146946736597695,-0.44833495857103656,0.8164860588137179,-0.0075557724889399455,0.03540161793037399,0.22580734452851078,1
2008-01-07,NEOG,4.392765045166016,4.524464130401611,4.392765045166016,4.501124858856201,264534,0.027788321102713454,-0.010989134183840066,0.050583714318212625,0.05716516619967349,0.014351076166839602,0.011993887432528688,0.04050242651071039,0.03192853344292352,0.023447179505672835,0.019434204136599097,0.01614870543754566,0.3999989415357259,1.1588492725815143,0.024667791829528708,0.029259149516030595,0.822783343531516,0
2008-01-08,NEOG,4.501124858856201,4.511127948760986,4.392765045166016,4.396099090576172,110372,-0.02333322704287699,-0.00677973661254927,-0.0037778322152343113,0.03492931683889311,-0.00797531083814297,-0.011248602141279738,0.014484407378131399,0.007226677547594344,0.022370803069812834,0.019169758063208406,0.017158315692217777,-0.5827681885882344,0.5046607227486661,-0.02333322704287697,0.02692453039757517,0.02816799274851445,0
2008-01-09,NEOG,4.392765045166016,4.416103839874268,4.192715167999268,4.236059188842773,277131,-0.03640498051476426,-0.056442691038369075,-0.042577096563200856,0.016806681330272966,-0.03303138390412829,-0.04319011676219953,-0.023236997073282185,-0.029478458644433304,0.024950900350141622,0.022252462232217125,0.01863545270962216,1.5108813829594463,1.2607459633118925,-0.03567362577146892,0.052735021376324624,0.19402962773224045,1
2008-01-10,NEOG,4.217720985412598,4.377760887145996,4.119362831115723,4.33441686630249,565659,0.023219146162730242,-0.012908196507688263,-0.01701336763827721,0.037924140528915906,-0.00801220112784954,-0.019312050056764316,-0.0023789546412728473,-0.007148551921724359,0.02811674618792046,0.02388051592864538,0.019287858969871806,1.0411249553460276,2.3955299398363747,0.02766799446750905,0.05961541402239467,0.8322587193209079,0
2008-01-11,NEOG,4.267734050750732,4.364424228668213,4.2160539627075195,4.237726211547852,271732,-0.022307650080072072,-0.03235621209438777,-0.056771849565021015,0.008330179165793039,-0.023809491379731117,-0.035623499047897106,-0.025026345603213096,-0.02860678217309739,0.029521333580409637,0.023529891277935387,0.02000152978251149,-0.5196187102123364,1.1289713444560823,-0.007031328298819889,0.035011763043205274,0.1460686795969854,1
2008-01-14,NEOG,4.281070232391357,4.459447860717773,4.24105978012085,4.352755069732666,343114,0.027144004223623286,-0.032962824577418615,-0.04358972585889909,0.028762769390698217,0.009589385376495235,-0.004954240310141104,3.8348872295373485e-05,-0.0018502227107698465,0.02933666762207776,0.025141653974345337,0.0208338928391058,0.2626926530552163,1.397677367634437,0.01674460671047348,0.05017237981422571,0.5114532318179535,0
2008-01-15,NEOG,4.26439905166626,4.402767181396484,4.251062870025635,4.331082820892334,153562,-0.004978972740973253,-0.01478953689265372,-0.021469004340449183,0.04086550444499415,0.007601602544369213,-0.007753123736059331,-0.006880729242876504,-0.006440159652607429,0.027785518755926938,0.023794540282009072,0.020459970005552032,-0.5524461257774385,0.6321001517456929,0.015637319213833514,0.035026878414574844,0.527473149204613,1
2008-01-16,NEOG,4.242726802825928,4.487789154052734,4.056014060974121,4.354422092437744,409098,0.005388784401172408,0.027941749233986846,-0.030078049323467693,0.057062043563265386,0.0074828498487432785,0.0006896319939451976,-0.004212630541985801,-0.001277051575240706,0.020404235686011258,0.02328019629858436,0.02026475586634804,1.6640575142287806,1.6495348337413174,0.02632629787461691,0.09915784090579327,0.6911191410693343,0
2008-01-17,NEOG,4.392765045166016,4.392765045166016,4.067684173583984,4.084353923797607,252537,-0.06202158699983629,-0.0576924071260827,-0.06985589870558595,-0.025069860134041777,-0.04393986679132099,-0.054711115982642146,-0.06484991911297902,-0.0625025091474376,0.033504645005746736,0.029549297116466946,0.024621508374160023,-0.3826980332340906,0.9921057630149624,-0.07020888169463943,0.079591748816854,0.051278779131169475,0
2008-01-18,NEOG,4.077685832977295,4.141035079956055,3.8709681034088135,4.019338130950928,244739,-0.015918256365557215,-0.05153425910381226,-0.08222301778051,-0.057098099612320374,-0.04944015487251347,-0.06194070798681,-0.07716452354889586,-0.07624522294918101,0.033101902961887884,0.029639338668637088,0.024434469800202467,-0.03087864352550318,0.9315072559969306,-0.01430902340599521,0.06719190268357605,0.5493823400365307,0
2008-01-22,NEOG,3.8626320362091064,3.912645101547241,3.392514944076538,3.8176209926605225,367108,-0.05018665554337953,-0.1229414631650777,-0.1518517898588947,-0.10894930309761353,-0.07369953965381904,-0.09457538044215533,-0.11875628174060185,-0.11971156234274867,0.029198832428949283,0.02939217594481555,0.026548082479265683,0.4999979570072608,1.3432824079029095,-0.011652946262196661,0.13624457704697956,0.817307057624185,1
2008-01-23,NEOG,3.855963945388794,3.9643239974975586,3.679253101348877,3.934317111968994,341315,0.030567759223040447,-0.09160889443383913,-0.10504357820256838,-0.10842457340406553,-0.026643508154336797,-0.05656601751060583,-0.08677562726011383,-0.09046759332865,0.03835079954882395,0.032647739011939944,0.026590928421769553,-0.07025997799012829,1.2160726889488327,0.020319994608326116,0.07245752897788485,0.8947388669486833,0
2008-01-24,NEOG,3.7509379386901855,3.9493210315704346,3.7509379386901855,3.917645931243897,211147,-0.004237375953854872,-0.10030634419947237,-0.07516732968168516,-0.11454401959063099,-0.009358410490724214,-0.053335514974728784,-0.08526503258712402,-0.09191381477520912,0.03707634677715094,0.031377198460871746,0.026526055723101974,-0.38137204635014577,0.748218901876155,0.0444443483946112,0.050638341586234197,0.8403336702404481,1
2008-01-25,NEOG,3.9909980297088623,3.9909980297088623,3.8843040466308594,3.9276490211486816,154161,0.002553342001891501,-0.038367121354464406,-0.09384603689510951,-0.10926276740629493,0.0011048779913012795,-0.041497053845286014,-0.07774202470978972,-0.08707637360124909,0.029384820688895377,0.02978133737843644,0.02658682049791521,-0.269887803283968,0.5424213417628122,-0.01587297415047882,0.027164846579595642,0.4062550976856228,1
2008-01-28,NEOG,4.0926899909973145,4.0926899909973145,3.6709179878234863,3.9659910202026367,171557,0.009762073659713488,-0.013272610815569741,-0.06412287575462838,-0.11725435106363102,0.013634308063719226,-0.02567894338684697,-0.06294324301729906,-0.0757289588773239,0.029775086132401915,0.029963054408804365,0.026222584057578255,0.11284306666407207,0.6027393217518182,-0.030957382815062297,0.10634719065810651,0.6996031746031746,1
2008-01-29,NEOG,3.975994110107422,4.041009902954102,3.904309034347534,3.9943320751190186,122969,0.007146020949622356,0.04628827293181481,-0.08234393823488462,-0.12234431439998295,0.011738904613280548,-0.00999912850553453,-0.049997987543729284,-0.0667019445822904,0.013094353346279198,0.02810032784248685,0.026033179650966548,-0.2832178226478663,0.45840688797644163,0.004612171070620935,0.03422371150813597,0.6585403713167005,0
2008-01-30,NEOG,3.9843289852142334,4.0160040855407715,3.900974988937378,3.904309034347534,94776,-0.022537695684403447,-0.007627264596991812,-0.09853743375354607,-0.11789093750104362,-0.009557717262969702,-0.021966168445835398,-0.06561081339070782,-0.08544213478283466,0.012923703834468014,0.02842394001953131,0.025843418060119805,-0.22926916539940956,0.364263959156746,-0.02008367059137227,0.029462088065120736,0.028984365770094122,1
2008-01-31,NEOG,3.824289083480835,4.000999927520752,3.824289083480835,4.000999927520752,94176,0.02476517415055901,0.021276551720024628,-0.08116396559965444,-0.10880076116252746,0.010696486268607471,0.011207497896602985,-0.036840905251810094,-0.06139280818896872,0.017176022698461923,0.03019113237254267,0.02637456986774201,-0.006330716637123368,0.3781292447493091,0.04620750162513246,0.04416667014273532,1.0,1
2008-02-01,NEOG,3.9659910202026367,4.242726802825928,3.9659910202026367,4.192715167999268,294526,0.04791683177992789,0.067487228472636,0.026530816433485427,-0.04517841629745456,0.04512977089509881,0.056767180801139606,0.011726459090550497,-0.01638695438147068,0.025809121660119377,0.028295292069003972,0.028602734650347118,2.1273997621474687,1.1940648257123316,0.05716708551323112,0.06600395484421788,0.8192802016689728,0
2008-02-04,NEOG,4.1460371017456055,4.271068096160889,4.101025104522705,4.1910481452941895,155961,-0.0003975997982885726,0.05674675609327373,0.042720967669031884,-0.04301469699572946,0.03312246625803154,0.051794922353123225,0.013628027830152786,-0.0160006622970092,0.026557256396023757,0.027559410739339596,0.028604117362701114,-0.4704678025030048,0.6365529060804779,0.010856401533317923,0.04057290342252737,0.529413414244292,0
2008-02-05,NEOG,4.30941104888916,4.30941104888916,4.154372215270996,4.1710429191589355,116971,-0.004773322911528988,0.04424039882428943,0.09257648341149527,-0.0733332111522772,0.01931071246283447,0.03757156581359899,0.012832482725268038,-0.019945752189479277,0.02754862031579879,0.020335030712200237,0.027744926259862503,-0.24999839703515625,0.4922388977343191,-0.03210836194562871,0.03717028010093616,0.10752598880482254,0
2008-02-06,NEOG,4.167708873748779,4.2010498046875,4.1176958084106445,4.167708873748779,94776,-0.000799331360231692,0.06746388082603794,0.059322051359246064,-0.05195292738441404,0.005550667193031456,0.030757871618815925,0.014836975945999085,-0.019600091323722695,0.02259882009705677,0.019028898936747606,0.02734892272967011,-0.18974788622821037,0.40015072783176747,0.0,0.01999995652332598,0.6000080088784138,1
2008-02-07,NEOG,4.000999927520752,4.214386940002441,4.000999927520752,4.2010498046875,148763,0.007999822432110282,0.0499999702051257,0.07234034887721963,-0.008264611657807674,0.0039039290339248694,0.031771912244626575,0.02339170120647824,-0.01061635099616652,0.021706410212096995,0.018692198450908158,0.02621379766957511,0.5696273318139613,0.6455820981732816,0.04999997020512579,0.050793735471451405,0.9374979050513402,0
2008-02-08,NEOG,4.167708873748779,4.1843791007995605,4.0926899909973145,4.107694149017334,103774,-0.022221982602063095,-0.02027827209223587,0.04584043199868115,-0.05230754776906443,-0.014399909531904115,0.004402544256038339,0.0034208812657904246,-0.030775876362655365,0.011178646820887733,0.020884490439747518,0.02605645595233318,-0.30242062878538345,0.5005061780733979,-0.014399932084858688,0.02232130885990635,0.16364165877911027,1
2008-02-11,NEOG,4.142702102661133,4.154372215270996,4.021005153656006,4.154372215270996,105574,0.011363569087739611,-0.008751016154365576,0.04749914815962808,-0.019669509570890864,-0.001442509181557616,0.011158495848886481,0.01585754697718804,-0.018178600118735937,0.013192334277156862,0.020933822705848603,0.02578592606375739,0.017345385163913818,0.530442113809864,0.0028170291564934857,0.032102819560738495,1.0,1
2008-02-12,NEOG,4.109361171722412,4.329415798187256,4.086021900177002,4.259397983551025,214146,0.025280779583005675,0.02118296697122113,0.06636050870259913,-0.02144781516212768,0.019471639482635653,0.030075730173701333,0.042729407775734606,0.00809628526432414,0.017558413431225352,0.02191757838681471,0.02568329791183232,1.028397143236024,1.1119742364024015,0.03651098201371439,0.057142793171756724,0.7123271568900191,0
2008-02-13,NEOG,4.2610650062561035,4.282736778259277,4.126031875610352,4.219388008117676,121770,-0.00939334046451179,0.012399890667606162,0.08070031623989915,-0.025789119579026076,0.0074032377171164825,0.012683489627502209,0.034348838804005175,-0.0004265711382401072,0.01857650974550821,0.020306974589249127,0.025740310150885834,-0.4313692527527948,0.6375653037139736,-0.009780887660065615,0.03713924918671651,0.5957448103361186,1
2008-02-14,NEOG,4.262732028961182,4.3910980224609375,4.234392166137695,4.381094932556152,163759,0.038324734328146315,0.04285717528693889,0.09500000297948752,0.006125460406038785,0.03709541376867674,0.04198871731629858,0.07363897679931128,0.03780804450487229,0.024714244050012203,0.021939803259350125,0.027182851216689136,0.34482220579781564,0.9162611326603264,0.02776691164042406,0.0357686511558452,0.9361664577222215,0
2008-02-15,NEOG,4.277736186981201,4.416103839874268,4.199382781982422,4.206051826477051,227943,-0.03995419153745028,0.02394474220609788,0.003180912116228285,0.02979612074516047,-0.008955848367513475,3.969216790760083e-05,0.02920787011545158,-0.0032079931908151225,0.03078276007546782,0.022360813420686625,0.0248526593408406,0.39194181693830576,1.2842181113836375,-0.0167575459006363,0.05152600748464129,0.030772480346404927,1
2008-02-19,NEOG,4.206051826477051,4.23939323425293,4.166041851043701,4.211052894592285,192552,0.0011890172355348838,0.013643620837087589,0.00477320913637258,0.04769809291859706,-0.010420704136809936,0.0007527614473726447,0.02802029112493515,-0.0023459992969373338,0.030602970238246714,0.022359027359999683,0.02450403611406347,-0.15526249983548523,1.1010131159576912,0.0011890172355349274,0.0174187750772317,0.6136359204051252,1
2008-02-20,NEOG,4.169375896453857,4.434442043304443,4.169375896453857,4.394432067871094,357511,0.04354710754507485,0.031702622023474625,0.053557144589920336,0.1510917601091113,0.02616010151375393,0.038817750923913104,0.06528725499003306,0.04042503649650338,0.034726805858095205,0.025973519967910568,0.022775790131816933,0.8566984502887531,2.0498737574635326,0.05397838357742015,0.06031863566365213,0.8490566377157824,1
2008-02-21,NEOG,4.4361090660095215,4.6678338050842285,4.4361090660095215,4.627823829650879,813397,0.053110790694928856,0.09679977777521609,0.11039997510388355,0.17627117945630166,0.06043245036823206,0.08221905369233812,0.11251381421708798,0.09371433880881687,0.038510009262075824,0.02982255782673309,0.024481569491237542,1.27516635851764,4.107848853431725,0.04321687334297518,0.05007207439272559,0.8273383515583523,1
2008-02-22,NEOG,4.6678338050842285,4.717845916748047,4.554471969604492,4.714511871337891,617846,0.018731923443497056,0.07610356404379615,0.12222232311492087,0.20340427748685808,0.06403787271977698,0.08941018228530469,0.12260084335901461,0.11132067152914403,0.03705224516072934,0.029898617799385404,0.02439454575670096,-0.24041273818319964,2.8296726196201067,0.009999941772309914,0.03465341727884805,0.9795925515147977,0
2008-02-25,NEOG,4.64449405670166,4.654497146606445,4.476119041442871,4.617821216583252,518270,-0.020509155007642277,0.09789926684072636,0.12418818175349133,0.17572145365288327,0.02319739919935484,0.054635459368678904,0.0906156023243354,0.08626600913292665,0.030183414267701925,0.029684940443096042,0.025273456459155578,-0.16116637479242402,2.190945414062135,-0.005742894660382066,0.03862819645831959,0.794392198585352,0
2008-02-26,NEOG,4.617821216583252,4.692840099334717,4.516129016876221,4.587813854217529,325119,-0.0064981646015142,0.08946953862989226,0.10433384792851519,0.15678876498896388,-0.00014530163192991776,0.037511827143082925,0.07563029061888404,0.0772555517150126,0.03149821370890552,0.03027040317570791,0.02548888408773593,-0.3726841221756999,1.3312058214228901,-0.006498164601514228,0.03851749178882823,0.4056612428829704,1
2008-02-27,NEOG,4.50779390335083,4.751187801361084,4.50779390335083,4.686172008514404,448088,0.02143900285022582,0.06638854262335792,0.10019585552031018,0.1732054121651292,0.00846673209027646,0.04962481545269739,0.08985178901624502,0.09800408566254232,0.028353413904054204,0.030084124329789512,0.025674749583655457,0.37822766433213695,1.720207198190759,0.03957104272912264,0.0519387460742001,0.7328782957248146,0
2008-02-28,NEOG,4.5811448097229,4.749520778656006,4.479453086853027,4.622821807861328,280130,-0.0135185393404198,-0.001080858298343701,0.0956142926337864,0.18403071252628633,-0.004952043659453988,0.026162759835844228,0.06621024919671532,0.0808218003624287,0.019079393936138334,0.03040613792966964,0.025178472207459498,-0.37483262216350355,1.0384700647927028,0.009097507254076225,0.058420528202864225,0.5308621703365097,0
2008-02-29,NEOG,4.517796039581299,4.607819080352783,4.499457836151123,4.499457836151123,251337,-0.02668585916515731,-0.04561533432425935,0.027016740202411516,0.12458333358162399,-0.022455705011669314,-0.0038385805948637206,0.031826336750550244,0.050112740715264906,0.018697193093295348,0.030528542277581793,0.02607187515173725,-0.1027844215185807,0.9053579176447301,-0.004059103879305568,0.024083178051147902,0.0,1
2008-03-03,NEOG,4.474452018737793,4.524464130401611,4.4677839279174805,4.501124858856201,224944,0.00037049412746670285,-0.025270869584118505,0.07015439765189502,0.07355846474162098,-0.01710963848125421,-0.009937385052387114,0.028571324588542793,0.04897539984591474,0.01783919343268838,0.02662559329851507,0.024166625878908308,-0.10501040435749609,0.8205695404268498,0.005961141164707896,0.01259245283378655,0.5882288608276477,0
2008-03-04,NEOG,4.546136856079102,4.579477787017822,4.456113815307617,4.487789154052734,140965,-0.0029627493619129863,-0.021802257751334708,0.06571664293645574,0.0708035313533042,-0.01572198737486303,-0.01884305480192922,0.022058658200124197,0.04477160464189758,0.01783397128983799,0.026760339876046757,0.024197032920980955,-0.37333291841525007,0.5156342733192687,-0.012834567870156514,0.027488807400588382,0.2567632859577988,1
2008-03-05,NEOG,4.5378007888793945,4.66616678237915,4.451113224029541,4.586146831512451,106773,0.02191673318050036,-0.021344751498710512,0.04362674417999024,0.09952041261594569,0.010282864164079142,-0.0015243346966095426,0.03954508964800414,0.06617168347093083,0.018006596789454783,0.02420331002466843,0.0244397836565405,-0.2425566630014543,0.39129356875764215,0.010654068982388196,0.04689199152367469,0.6279068736141907,0
2008-03-06,NEOG,4.634491920471191,4.661165237426758,4.484454154968262,4.484454154968262,139765,-0.02217388153502542,-0.029931426873898936,-0.030979933541124605,0.07599985767109874,-0.006059764409312741,-0.020607357899432386,0.012858336909189076,0.04218316058910671,0.019484661246132764,0.018438638036748164,0.025164995798520048,0.3089919736262914,0.5080122840361688,-0.032374156234946085,0.0394052601168239,0.0,1
2008-03-07,NEOG,4.452779769897461,4.599483013153076,4.452779769897461,4.502791881561279,96576,0.004089176956509011,0.0007409882549334057,-0.044908146496305035,0.07182539862705206,-0.002142842635712543,-0.012034185798638583,0.013546362017118986,0.04606387325592836,0.015790450641889043,0.017051265358407192,0.025147204689993277,-0.3090115551103638,0.3543917982312335,0.01123166072616478,0.03258050718629882,0.34090665314520296,0
2008-03-10,NEOG,4.50779390335083,4.624488830566406,4.336083889007568,4.372759819030762,243539,-0.028878097400635516,-0.028518435691219368,-0.053068619606241985,0.06452906677018255,-0.025414291880105654,-0.03537804733169751,-0.018650509640623314,0.01602867949874695,0.020460750219188566,0.01809999164676134,0.0255501430051372,1.5217341782637508,0.8713374802594058,-0.029955691678737115,0.0659549011367297,0.1271681748064329,0
2008-03-11,NEOG,4.372759819030762,4.459447860717773,4.084353923797607,4.211052894592285,553062,-0.036980518283832864,-0.06166427386869111,-0.08212211122709168,0.013643620837087589,-0.0497328557358994,-0.0632648076108922,-0.05554201983507443,-0.020261859157588717,0.024600758752615703,0.02070530712908877,0.02700634688819862,1.2709381248999132,1.8320918686103436,-0.036980518283832815,0.08907367024571243,0.3377793089245375,1
2008-03-12,NEOG,4.1710429191589355,4.479453086853027,4.1710429191589355,4.329415798187256,150562,0.028107674388742288,-0.0559796802756376,-0.0761295594098873,0.016438429774964902,-0.011570322681559188,-0.029231410862307336,-0.029757319832112578,0.00831659350142494,0.026816147756703178,0.021846849523741614,0.0271470236696867,-0.7277665071908755,0.5040653454991272,0.037969611461167896,0.07123597780172197,0.5135138060214941,0
2008-03-13,NEOG,4.332749843597412,4.399433135986328,4.124363899230957,4.262732028961182,170957,-0.015402486694393036,-0.0494423888270632,-0.077893934455314,0.010272584735064871,-0.0168410188194571,-0.036403430756763354,-0.04516521402494437,-0.0064579068534370175,0.026287080573068115,0.021910902040481066,0.02730282212883615,0.1354591463981616,0.5676716040507414,-0.016160133209559085,0.06452885963427658,0.5030301874625127,0
2008-03-14,NEOG,4.237726211547852,4.356089115142822,4.109361171722412,4.221055030822754,283129,-0.009777062657298718,-0.06256936988187811,-0.06187474479514565,-0.0365296584979552,-0.013634631264547593,-0.039781599141011655,-0.052802923654662236,-0.014939362394883684,0.025161095075114853,0.02092701185280358,0.025912395495515005,0.6561416028591984,0.9218741987133829,-0.00393399193172709,0.05845172394549871,0.45270048277434843,0
2008-03-17,NEOG,4.086021900177002,4.137701034545898,4.084353923797607,4.094357013702393,301725,-0.030015722655874932,-0.06366752733976555,-0.09037026474692689,-0.026555738583994737,-0.0306283232195594,-0.059904281020628225,-0.0800808805625154,-0.043181476424299654,0.0253496871487173,0.02204798566673425,0.0252231192232235,0.06568030826937554,0.970762583919204,0.002039909165692322,0.013029423318425028,0.1875094970369245,1
2008-03-18,NEOG,4.169375896453857,4.249395847320557,4.091022968292236,4.207718849182129,114571,0.027687335300842886,-0.000791736768359752,-0.06240718876413476,-0.000791736768359752,-0.003631705551171736,-0.027622537276646025,-0.054575360927826014,-0.015899940776515104,0.02641178295608605,0.024951784830049943,0.026029697793844845,-0.6202800563426962,0.37330086379443317,0.009196329062314334,0.03763865522029921,0.7368425806607012,0
2008-03-19,NEOG,4.141035079956055,4.332749843597412,4.139368057250977,4.174376964569092,179955,-0.007923981094772548,-0.035810566793579746,-0.08978558298962336,-0.05007589146977276,-0.004215365132623793,-0.02605987335011233,-0.05974239347693891,-0.022203472649158024,0.021284178453509744,0.02292528769655249,0.023991387659458373,0.5706854265040893,0.6038039092658425,0.008051582266091534,0.04632590395831627,0.18103518423083656,1
2008-03-20,NEOG,4.197716236114502,4.294406890869141,4.086021900177002,4.202716827392578,200350,0.006789004218839656,-0.014079046292578945,-0.06282533343853025,-0.09185894232503022,0.005423838882061184,-0.012959654542105589,-0.04880498067709887,-0.014672552080601278,0.021429777009208287,0.022923346731897234,0.020315542036105583,0.1133338890278126,0.7492992733461327,0.0011912647251031978,0.04958340027429912,0.5599967964486345,1
2008-03-24,NEOG,4.172709941864014,4.447779178619385,4.1460371017456055,4.39776611328125,198550,0.04641028503690148,0.04186419773448247,-0.02332458862025244,-0.06718527107383321,0.04326505561865295,0.03540310580156815,-0.0010791857594161015,0.030275575210387724,0.029838897236466676,0.028313256809165396,0.022782275008386227,-0.008984277514349936,0.8057435657693511,0.05393525419998407,0.06861257945540089,0.8342522665174882,0
2008-03-25,NEOG,4.329415798187256,4.426106929779053,4.252729892730713,4.287738800048828,181155,-0.02501890969147713,0.04723129558542505,-0.019443331557318144,-0.07148012039726681,0.00791602877291536,0.011523236751967439,-0.022406300093708035,0.004718943433409814,0.028264857458174527,0.027929873829908504,0.022983766789850785,-0.08761017375975821,0.7891311563817451,-0.009626471579809467,0.040435540767167405,0.20192355293483463,0
2008-03-26,NEOG,4.304409027099609,4.457780838012695,4.137701034545898,4.154372215270996,144564,-0.031104176582844367,-0.012678279092126599,-0.01345997800076959,-0.09447672741736779,-0.020978953398874574,-0.01862711042734158,-0.048110087414716576,-0.026151591378132676,0.03095430259644043,0.02715410563267455,0.023799537737351235,-0.20198724848886318,0.6555154434775274,-0.034856541486651155,0.07704649147474563,0.05208445064178197,0
2008-03-27,NEOG,4.116028785705566,4.221055030822754,3.9826619625091553,4.046011924743652,262134,-0.026083433287230173,-0.030750706252685056,-0.06546007282605326,-0.13660618573275407,-0.0407113804428037,-0.03778288063612749,-0.06608935943624573,-0.050186969818655065,0.0328080873740893,0.026080378020625516,0.023423755472924593,0.8132730140283888,1.2409464907096124,-0.017010780197911524,0.05892050561089307,0.26573743390542787,1
2008-03-28,NEOG,4.144369125366211,4.217720985412598,4.051012992858887,4.197716236114502,182954,0.037494776138224495,-0.001189847301984126,-0.015252141679317321,-0.09195802681035936,-0.004507014221814622,-0.0001588138573138239,-0.026295402635510258,-0.013956518096840004,0.038186898673615514,0.029235092250169504,0.025379063585459376,-0.3020592521382194,0.8864980265614101,0.012872190949829325,0.03971397378399725,0.8800012585380365,0
2008-03-31,NEOG,4.16103982925415,4.211052894592285,4.019338130950928,4.1843791007995605,316121,-0.0031772360409207945,-0.048521682823754686,-0.00868880641341574,-0.07002593352915687,0.0024761229774616263,-0.0024641251465649903,-0.025829187415452006,-0.016303573364934477,0.028421133557558792,0.029092951727044854,0.02483638830879874,0.7278714868218241,1.5080846045572043,0.005608999794071577,0.045816776879686674,0.8608672942756588,1
2008-04-01,NEOG,4.267734050750732,4.3910980224609375,4.251062870025635,4.384428977966309,436691,0.047808736337613844,0.022550389010725036,0.07084676868508177,-0.025925937304380087,0.04555924098163877,0.038048516016125515,0.02213316002110117,0.02927352869355011,0.036142275148551846,0.030684031663049192,0.027346885072107308,0.38140458874924477,1.9831120924193786,0.027343533085209117,0.03193919964014498,0.9523759257682812,1
2008-04-02,NEOG,4.386096954345703,4.511127948760986,4.332749843597412,4.511127948760986,813397,0.028897485038849036,0.08587476398445881,0.07210774066756676,0.005200510520235957,0.05777504018708841,0.060427973679250756,0.05138421250727684,0.056577289256796275,0.030716716132455593,0.03077567244075756,0.028140509856936217,0.862637425548042,3.2045393211504707,0.028506208530434715,0.039541796905265575,1.0,1
2008-04-03,NEOG,4.4361090660095215,4.577810764312744,4.387763977050781,4.574477195739746,277731,0.014042884107545506,0.13061386887276072,0.09584669390584266,-0.0025445403737447414,0.0466891119794108,0.06530015369017941,0.06629368331151836,0.06762955790577044,0.02003473486816703,0.030340513283255214,0.027880959275669904,-0.6585541869468414,1.0585293382281198,0.03119132728057404,0.041545028891816375,0.9824592216420738,1
2008-04-04,NEOG,4.511127948760986,4.626156806945801,4.511127948760986,4.616154193878174,360510,0.009110767494314276,0.09968228775535026,0.09837383375222486,0.029368131406584563,0.03638001390222175,0.06475430291742361,0.0743593604650076,0.07393850547922819,0.01963120578307208,0.03032544168346243,0.027431260856827913,0.2980545923933591,1.318561224439412,0.023281593053913203,0.02491876426861191,0.9130425770935154,0
2008-04-07,NEOG,4.601150035858154,4.657831192016602,4.519463062286377,4.5811448097229,588453,-0.007584101978591162,0.09482068889205686,0.04169814667675187,0.017400965939037283,0.010516937357409323,0.05222840102175053,0.06524003502732119,0.06251342068705695,0.020949365206767902,0.027791210977404376,0.02750416661237197,0.6322792710327036,1.9746380519822622,-0.004347875200623133,0.030203832333908276,0.4457800185402803,0
2008-04-08,NEOG,4.524464130401611,4.572810173034668,4.427773952484131,4.494456768035889,142764,-0.018922790107622767,0.025095124273313285,0.04821141809867391,0.027830695954414786,-0.013393872849514574,0.027438984044868022,0.043606131925737424,0.03967417482656607,0.018710706976694063,0.027132299542950284,0.027016546929128776,-0.757390989594751,0.48730444666502254,-0.006632246714940598,0.0322700223933668,0.4597666382827629,0
2008-04-09,NEOG,4.431107997894287,4.584478855133057,4.352755069732666,4.457780838012695,104974,-0.008160258717811897,-0.011825670066162308,0.07303356729240673,0.05859055908256372,-0.01914756869328833,0.012035376448844094,0.032133496763085516,0.02884927282062321,0.013563526055549382,0.02458607925427762,0.02557389798094861,-0.2647025860861282,0.3879845070831178,0.006019451597903604,0.051981870311886946,0.45323689192526134,0
2008-04-10,NEOG,4.407769203186035,4.586146831512451,4.407769203186035,4.451113224029541,83979,-0.001495724941499521,-0.026967884291803856,0.10012360487829142,0.02810943358529805,-0.015268751831075846,0.0013126951376967587,0.029139792666058064,0.02514888280417528,0.010259877873171125,0.021961163467449734,0.02490177478614177,-0.2000019052336769,0.3142536181881592,0.00983355045272693,0.04007483506899715,0.242990229493297,0
2008-04-11,NEOG,4.471117973327637,4.577810764312744,4.33441686630249,4.416103839874268,185354,-0.007865309731119319,-0.043337017266279365,0.05202533746347515,0.03597969796625056,-0.014288915820952649,-0.011419636725757945,0.01923812804471721,0.014693670473384943,0.006296516449879589,0.02022120722313132,0.024685760914301653,1.207147024851451,0.6917405866438169,-0.01230433501901646,0.05511507583055014,0.33561635784450095,0
2008-04-14,NEOG,4.276069164276123,4.347754001617432,4.119362831115723,4.156039237976074,402499,-0.05889005587912033,-0.09279461562633717,-0.00677277611344318,-0.015402735186327843,-0.05439230276489242,-0.06904658282255498,-0.04006463884558306,-0.04574157841279003,0.02312510082872369,0.028702172993198927,0.02812763071857208,1.1715150468832611,1.4693951607677453,-0.02807015548364456,0.05495404576905099,0.16058592273853742,0
2008-04-15,NEOG,4.134366989135742,4.421104907989502,4.044343948364258,4.122696876525879,299325,-0.008022629128600967,-0.08271520023374745,-0.05969582418959207,0.00692168824766437,-0.04583696656496937,-0.07106913815647262,-0.04807739709246457,-0.05309277627904817,0.023649905023920493,0.023207171317922867,0.027327389541984666,-0.25633355610821396,1.09321879295424,-0.0028227084437665822,0.09138701459485755,0.20796456256921372,1
2008-04-16,NEOG,4.097691059112549,4.329415798187256,4.0926899909973145,4.187714099884033,355111,0.015770556338583708,-0.060583224690126225,-0.07169245752955888,-0.004754297997354051,-0.01851987160555833,-0.049492847358383364,-0.032841680069391796,-0.03814479139023226,0.027897515311424797,0.02131499502878429,0.02683343784583613,0.18637267184498452,1.242391636524763,0.021969211312621743,0.056528645830071556,0.4014100110786585,0
2008-04-17,NEOG,4.23939323425293,4.324413776397705,4.084353923797607,4.114361763000488,481080,-0.017516080404241574,-0.07565555942524316,-0.10058317334443545,-0.014377044066215205,-0.02024616405371491,-0.05628635416441306,-0.049123517360108976,-0.0547466030239166,0.027288358738935373,0.02012301201433592,0.027069159705148303,0.3547313375254497,1.5988843570695497,-0.029492775108057315,0.058346802354353196,0.12500148974459818,1
2008-04-18,NEOG,4.0926899909973145,4.207718849182129,4.091022968292236,4.154372215270996,313122,0.009724582954837135,-0.05926754308628834,-0.1000360818145073,-0.01150318094392666,0.0017688236263895016,-0.03690813946296631,-0.03933996750570073,-0.04549591539717359,0.029529044327944547,0.02018982012295112,0.02711796960368153,-0.3491269643302569,1.0215272308737278,0.015071316031598768,0.028089895378399628,0.542857609845993,1
2008-04-21,NEOG,4.126031875610352,4.1843791007995605,4.102692127227783,4.169375896453857,371307,0.003611539940429287,0.003208982811307104,-0.08988340914155679,-0.0519332340429961,0.004740512918473927,-0.02411420837519923,-0.03331783041860266,-0.04190923828649823,0.013462454743849763,0.020661812930800414,0.024836559144828775,0.18582213961331373,1.178149280725343,0.010505013569991896,0.019592134554539408,0.8163329636331796,0
2008-04-22,NEOG,4.134366989135742,4.17604398727417,4.024339199066162,4.0476789474487305,334716,-0.029188289093490694,-0.018196324232395367,-0.099406411863742,-0.05598751784911993,-0.021046659893820065,-0.04258668717185406,-0.05891465492710659,-0.06961764970040332,0.019060133354882908,0.021440189949775642,0.02505323349698228,-0.09854648579208036,1.0367882720598143,-0.020967669758105628,0.03747945184823218,0.1538497806052529,1
2008-04-23,NEOG,4.1843791007995605,4.1843791007995605,4.0610151290893555,4.1843791007995605,220745,0.03377247927160654,-0.000796376974389168,-0.061331354579337916,0.0072229651012643,0.01217830362879579,-0.0038102281018140166,-0.027471116907482232,-0.03832898887745957,0.02453022473735654,0.02558424913398506,0.025363378382211747,-0.34050060349669575,0.6757878923925378,0.0,0.029482025585739213,1.0,0
2008-04-24,NEOG,4.2010498046875,4.217720985412598,4.051012992858887,4.174376964569092,536266,-0.0023903513495125983,0.014586758536477396,-0.06217237026604394,0.03172631277738325,0.006835525641616913,0.0003995174433570951,-0.03124092303941406,-0.04025265359147497,0.02268052660372067,0.025568269325009996,0.024589728898239353,1.4293460780538632,1.5756080527108538,-0.006349089241609763,0.039936017750356594,0.7400003432376463,0
2008-04-25,NEOG,4.17604398727417,4.194382190704346,4.067684173583984,4.149371147155762,301725,-0.0059903112789219115,-0.0012038083869450045,-0.06040000470779239,-0.01151699787203564,0.0010457654505903178,0.0008042674363466546,-0.03650359035712581,-0.045694593629378506,0.02262283451450947,0.025560753991753817,0.023152701996356693,-0.4373594447531636,0.8712984794690053,-0.006387107080215017,0.030534269562077634,0.6447375849156018,1
2008-04-28,NEOG,4.097691059112549,4.182712078094482,4.089355945587158,4.159372806549072,350912,0.002410403658435367,-0.0023991815929317317,0.0008021022858826221,-0.005976106286763039,0.003943246947330454,0.0031359538199695514,-0.033900690544651016,-0.042417724493019233,0.0225807439736066,0.017533982859534083,0.0231501626982567,0.1630193056591267,1.0082720592196632,0.015052805725642496,0.022444761950727726,0.749997446139073,0
2008-04-29,NEOG,4.052680015563965,4.282736778259277,4.052680015563965,4.147704124450684,353912,-0.0028053946210390146,0.024711736849830856,0.006065749841370316,-0.05399217428433023,-0.003684014854815147,-0.00028118063686580994,-0.03395512090720743,-0.044847509985337784,0.01636222777389337,0.017338057060751488,0.020225491885739806,0.008549151924129195,1.0291307701993144,0.023447227148895775,0.05546604960058015,0.4130463620083571,1
2008-04-30,NEOG,4.051012992858887,4.249395847320557,4.036008834838867,4.189381122589111,170357,0.010048209054436263,0.0011954035877377311,0.00039807462145624584,-0.07132292185599498,0.006085407926599459,0.009723632203105419,-0.020578290373118927,-0.035153633376726987,0.006243406908273178,0.01687510862647305,0.01908901719468619,-0.518645878071385,0.5464677372738556,0.034156427040382124,0.05093521124900962,0.7187517457905498,1
2008-05-01,NEOG,4.217720985412598,4.33441686630249,4.142702102661133,4.244393825531006,199750,0.013131462937393312,0.016773008656428834,0.03160443102010779,-0.07215761628807549,0.01588044804318875,0.019786738781644515,-0.003873540805519222,-0.02180776140572147,0.008163267835410784,0.016070472536316695,0.019045929579015797,0.1725376708911286,0.6488696106668642,0.006323993505179418,0.045168938492028944,0.5304324035268807,1
2008-05-02,NEOG,4.249395847320557,4.33441686630249,4.242726802825928,4.281070232391357,114571,0.008641141319105428,0.03173952885026221,0.030497512152289463,-0.07258942128302304,0.018239485828729217,0.02547717206196499,0.008700420383268041,-0.011775580544773115,0.0064077096161028755,0.016025429508029085,0.019029765190947796,-0.4264280350438048,0.3876586427633456,0.007453856079511389,0.021417556475205376,0.41818522216674986,0
2008-05-05,NEOG,4.332749843597412,4.332749843597412,4.187714099884033,4.249395847320557,128368,-0.007398707181009656,0.021643417158889955,0.01919230907790248,-0.07241617023287461,0.006396098670494546,0.015942629775515412,0.005165844887948725,-0.016976308120689457,0.008905417045442168,0.016362893641053138,0.01902776021386953,0.12042314372747032,0.47100289368403425,-0.01923812804471721,0.03413090917496678,0.42528652494394437,1
2008-05-06,NEOG,4.202716827392578,4.33441686630249,4.154372215270996,4.30941104888916,229143,0.014123231566305128,0.03898709251829602,0.0646622681389788,-0.04117198778343012,0.012851726950248537,0.02388409567097469,0.02159786889305419,-0.001668311031703533,0.008733972085728294,0.012447111589351734,0.019059802949226184,0.7850476754331297,0.8276469619389961,0.02538696416593372,0.0417794099910484,0.8611132445753361,0
2008-05-07,NEOG,4.301074981689453,4.33441686630249,4.23939323425293,4.251062870025635,85179,-0.013539710694009055,0.014723355462680665,0.015936359402362044,-0.04637239368618595,-0.0037505611437368344,0.008423298832694288,0.010241071868992684,-0.01364646946181977,0.012648024305630482,0.009513371529670729,0.01918994727843608,-0.6282714287584609,0.30876382280779374,-0.011627816738078282,0.022352911484695953,0.12280772183722319,1
2008-05-08,NEOG,4.267734050750732,4.324413776397705,4.154372215270996,4.252729892730713,67783,0.0003921425667055001,0.0019640183127125344,0.01876996946530185,-0.04456937429222119,-0.003749140991740116,0.006947169427319566,0.013025167651772094,-0.011270959044623967,0.011306739264929642,0.009423209816886961,0.019198201276548924,-0.2042287418260369,0.24642874996023614,-0.0035157200147886833,0.03998409619603748,0.578433159563997,1
2008-05-09,NEOG,4.226057052612305,4.302742004394531,4.126031875610352,4.281070232391357,149363,0.006664034720165857,0.0,0.03173952885026221,-0.030577543549509145,0.00288990932268595,0.01050641098122232,0.021418739890541993,-0.0030978616346948843,0.010978180891172569,0.00908946987558772,0.019243364752920936,1.2035466119823552,0.5465932474254533,0.013017614077180231,0.04127709175316926,0.8773597634030244,0
2008-05-12,NEOG,4.219388008117676,4.2844038009643555,4.12769889831543,4.177711009979248,86378,-0.024143313891483165,-0.016869418599001373,0.0044088866959224315,0.005214525359901856,-0.018025116280696165,-0.014317221257035944,-0.0034993216181245326,-0.025706445354598657,0.015457832232495522,0.012553530071136996,0.0148425324918413,-0.4216907801798303,0.3355063289541325,-0.009877498361905898,0.0375097516976657,0.3191483534874663,1
2008-05-13,NEOG,4.169375896453857,4.496123790740967,4.084353923797607,4.3460869789123535,557261,0.04030340263625409,0.008510659486206995,0.047829557873283246,0.05418542984773622,0.019793543613011697,0.020631963489381733,0.033908467479283624,0.01429437160411769,0.02457856599409319,0.01765374797589523,0.017158229940481436,5.451422815994814,2.061238949378857,0.04238310165528433,0.09474496689580944,0.635629452581455,0
2008-05-14,NEOG,4.319413185119629,4.464448928833008,4.212719917297363,4.232725143432617,235741,-0.026083655488207902,-0.004313680402686426,0.010346163210072978,0.010748356376532486,-0.005950944884732665,-0.007000611080470868,0.006401534776093005,-0.010984668893493612,0.027067229741124983,0.02000611616114426,0.018021255803275238,-0.5769648333545682,0.8916615399686705,-0.02006940247940435,0.059472090203215894,0.07947127751868675,1
2008-05-15,NEOG,4.2927398681640625,4.2927398681640625,4.134366989135742,4.2477288246154785,166158,0.003544685911425427,-0.0011759665535736596,0.0007857421392925001,0.03241500609264114,-0.0021929696829798054,-0.003558700948090527,0.008370128162405292,-0.005906771811502715,0.027131986877874135,0.019596830486686482,0.01750958762119956,-0.29516715378317726,0.6682731531019915,-0.010485388104319142,0.037284131253990035,0.715790709717823,0
2008-05-16,NEOG,4.251062870025635,4.251062870025635,4.084353923797607,4.179378032684326,112772,-0.016091138289021978,-0.023753919974872084,-0.023753919974872084,0.006019156714319296,-0.01353591553208028,-0.017248204240359402,-0.008150083088507572,-0.020504206750335555,0.027650181424076836,0.019977184074247062,0.017838562717245435,-0.3212965972146993,0.4726000946692099,-0.01686280338189313,0.03988845826443551,0.5700000572059472,1
2008-05-19,NEOG,4.177711009979248,4.30941104888916,4.156039237976074,4.227724075317383,169158,0.011567760143966987,0.011971403770789646,-0.005099965449638866,0.013994463515067501,-0.004475100110201714,-0.005373108596793225,0.0026292190484375655,-0.007894492999261208,0.02586000215116833,0.02032844667382196,0.018000740953939966,0.5,0.740255801751236,0.011971403770789592,0.03627763027594748,0.4673925209237542,1
2008-05-20,NEOG,4.2460618019104,4.2844038009643555,4.154372215270996,4.2844038009643555,106173,0.013406675704756621,-0.014192807978140043,-0.005802938647788247,0.05848409831635326,0.01181086348454215,0.008554892589229304,0.013226981844914797,0.005823442760662059,0.017522151450577672,0.020273041964542812,0.01673524097564729,-0.3723441989146242,0.48908323093524103,0.009030014362180065,0.03034998373964919,1.0,0
2008-05-21,NEOG,4.249395847320557,4.307744026184082,4.1460371017456055,4.152705192565918,222544,-0.030739074680307676,-0.018905066630857448,-0.02313719661810687,-0.00756955989661412,-0.01557059068382522,-0.020178517938740648,-0.017550720104583403,-0.024827482158332363,0.01912376177557236,0.02215416578236603,0.01670450824145552,1.0960507850395111,1.0247186955078307,-0.022753976854287806,0.038940140689004546,0.041235654214977414,1
2008-05-22,NEOG,4.159372806549072,4.2477288246154785,4.084353923797607,4.2460618019104,130767,0.02248091425117482,-0.0003924503596881568,-0.0015679554047649535,0.017172583585466583,0.006639843246730257,0.0020064125623350617,0.003684551639919792,-0.002514219193362344,0.02248711196508552,0.023492956922699045,0.017445897743383586,-0.4123993457473578,0.6641264698077585,0.020841843083849898,0.03847680708376995,0.9897963353199736,1
2008-05-23,NEOG,4.206051826477051,4.332749843597412,4.179378032684326,4.276069164276123,106173,0.007067104476016217,0.02313529210223031,-0.0011681817498333524,0.03053426956207761,0.009127394846503867,0.00920680077971071,0.009266374789874717,0.004472173536224626,0.020619459133269707,0.0235058295440631,0.01741497989580562,-0.18807497304365783,0.5673963910932452,0.016646808143997154,0.03586747665225139,0.6304361343597269,0
2008-05-27,NEOG,4.177711009979248,4.311078071594238,4.11102819442749,4.199382781982422,119370,-0.01793384983909241,-0.006703676216814891,0.005187475139234454,0.009619232825283763,-0.007642691765018061,-0.009398836541276295,-0.009301436022019983,-0.013441429569336453,0.022332982760270886,0.022866649100319,0.017953980887728316,0.1242971376903732,0.6799925147845822,0.005187475139234554,0.047637923845634665,0.4416627933307114,1
2008-05-28,NEOG,4.1627068519592285,4.257730960845947,4.13603401184082,4.254396915435791,89978,0.013100528413225065,-0.007003748227888851,-0.021097153352303333,0.0257233370037544,0.0067855235754323145,0.00575390327328706,0.002415675499313755,-0.0012679991321600213,0.02228348252428892,0.018915429343540756,0.018144983724536268,-0.24622601993800786,0.5542245780472789,0.022026548286341003,0.028604982427376822,0.9726037058659885,1
2008-05-29,NEOG,4.2610650062561035,4.33441686630249,4.13603401184082,4.302742004394531,253737,0.011363558671109164,0.03612989722872828,0.016541792483395712,0.02705909977828913,0.011046627699642236,0.015501965150454789,0.012454554361848584,0.00963071469752328,0.015144179086944343,0.01724360689050765,0.01818022560198248,1.8199893307252886,1.5237780100511444,0.009780887660065615,0.046106146791756286,0.8403346801621964,1
2008-05-30,NEOG,4.244393825531006,4.412769794464111,4.221055030822754,4.3910980224609375,298125,0.020534816629992125,0.03415782136879919,0.03375196575982864,0.03456422824090266,0.024823046419382547,0.03286022694032543,0.03146480659508427,0.029316415440680716,0.014671393026805684,0.018245096627792654,0.01850219049976725,0.17493704110949526,1.7389759859446992,0.034564228240902654,0.043659868821127615,0.8869582519804504,0
2008-06-02,NEOG,4.189381122589111,4.317746162414551,4.167708873748779,4.23939323425293,167958,-0.03454825818782037,-0.008577019831577548,0.014359840411482638,-0.009735182063375647,-0.008886083700912314,-0.004228983612659059,-0.0036828141832194097,-0.006415516898245723,0.023592575362344197,0.02114722665691546,0.02011920094458778,-0.4366188679245283,0.9646856851081622,0.01193782809450146,0.03539121765197873,0.47777696559044786,1
2008-06-03,NEOG,4.291072845458984,4.344419002532959,4.197716236114502,4.33441686630249,188353,0.022414441595509427,0.03215569795147899,0.02523646034707161,0.02000778982159157,0.006971329835264804,0.015545652910987156,0.017632406498085642,0.01615686476028624,0.02346486495778421,0.021975529983544535,0.020662403684952806,0.12142916681551341,1.063506143506392,0.01010097530489946,0.03384602149345248,0.9318203979743741,1
2008-06-04,NEOG,4.26439905166626,4.342751979827881,4.187714099884033,4.342751979827881,236341,0.001923006896312085,0.020767941061521578,0.01361873940322611,0.007736772046220697,0.004782779671925411,0.016109444429884708,0.019190421300228112,0.017848392692101082,0.023218668947089502,0.02165239505031604,0.020439503784660338,0.25477693479795915,1.331756689747196,0.018373732667210325,0.035700376319900355,1.0,1
2008-06-05,NEOG,4.4144368171691895,4.417770862579346,4.234392166137695,4.384428977966309,115171,0.00959690959373627,0.018984864416306646,0.05580068284529749,0.03137241485677422,0.010605516516364993,0.02032890276736892,0.027363707098212845,0.026509595620653293,0.02309814968829176,0.01849200631730658,0.02025192874476358,-0.5126914077540503,0.6435385203380322,-0.006797659689265582,0.04182498960827266,0.8181801634540127,0
2008-06-06,NEOG,4.407769203186035,4.4361090660095215,4.267734050750732,4.384428977966309,94176,0.0,-0.0015187646598905369,0.03258717901695496,0.0309681283687242,0.010916313962062442,0.017053956185424712,0.02578093434390618,0.024885515074130397,0.021164313067386413,0.017554488320182436,0.02025349319154786,-0.1822941539102726,0.5223733441828307,-0.005295246675541841,0.03840295192485677,0.6930655776702879,0
2008-06-09,NEOG,4.42277193069458,4.42277193069458,4.254396915435791,4.3144121170043945,81580,-0.015969436684635463,0.01769566506483433,0.008966869163062885,0.007788212480320134,-0.008656917939295081,-7.719360947426952e-05,0.009006244585102269,0.007968756564401255,0.014041732880493277,0.018498889481062365,0.020592281831024878,-0.13374957526333675,0.461175709754392,-0.024500429908708415,0.039026178003527416,0.3564376904516465,0
2008-06-10,NEOG,4.252729892730713,4.252729892730713,4.1710429191589355,4.202716827392578,134966,-0.0258888781559814,-0.03038471909192708,0.000793937010091339,0.0059855306778278106,-0.02844154467826746,-0.02603933219393237,-0.017403110385781573,-0.018210547639244574,0.014465233031116043,0.019547206319615058,0.020706012745580538,0.6544005883795048,0.752633066982815,-0.011760226160524143,0.01943670652263694,0.3877473585896912,0
2008-06-11,NEOG,4.2160539627075195,4.222722053527832,4.109361171722412,4.124363899230957,136166,-0.01864339934847148,-0.05028794681605997,-0.03056438287011931,-0.05101671474989311,-0.03682944342144766,-0.041308294123529425,-0.033216203973139596,-0.035342316644238404,0.014548832487854881,0.01980478527715713,0.01885506323649295,0.008891128135974924,0.8603380228829973,-0.021747839161356416,0.027485664353370364,0.13234483773949987,1
2008-06-12,NEOG,4.16103982925415,4.312745094299316,4.126031875610352,4.304409027099609,217746,0.043654035450708895,-0.018250940149523442,0.00038743264257434795,0.016935633956344898,0.008987872160264244,0.0005036988046512956,0.00814080681541161,0.007743371910974669,0.027936263238056345,0.0244745451681698,0.02061923429144438,0.5991216603263663,1.3836510758680465,0.0344551371120034,0.043377201728148886,0.9553536313163042,0
2008-06-13,NEOG,4.324413776397705,4.329415798187256,4.227724075317383,4.304409027099609,109773,0.0,-0.018250940149523442,-0.019741985926505112,0.013343649000301161,0.012787306452946175,0.002523756658975538,0.0074720902496780515,0.00901933849778658,0.027936263238056345,0.02342791630645857,0.020611823207177037,-0.495866743820782,0.7102687876877167,-0.004626002582657557,0.02362501384734685,0.7540923648265287,0
2008-06-16,NEOG,4.347754001617432,4.389430999755859,4.244393825531006,4.256063938140869,173957,-0.01123152763930435,-0.013524016084035528,0.003932332521844328,0.01834864060078556,0.004169362362158912,-0.009120846371380536,-0.004736548831552948,-0.0006263341617887324,0.027478642030140353,0.020815146261184643,0.020429254705431884,0.5846975121386861,1.1037138365059203,-0.021089064248449287,0.034077771465108334,0.08046290664606381,1
2008-06-17,NEOG,4.312745094299316,4.411102771759033,4.226057052612305,4.411102771759033,304724,0.03642775011643451,0.04958362719282716,0.01769232351708716,0.043375275485045384,0.030614697254336076,0.025144390361736556,0.02931169315451458,0.03660638955376579,0.028294140790871062,0.022822891335828592,0.021808886812327642,0.7517202527061286,1.8536774684908774,0.022806281222075515,0.041949990449426114,1.0,0
2008-06-18,NEOG,4.417770862579346,4.417770862579346,4.226057052612305,4.307744026184082,145164,-0.02343149795481514,0.044462644769856174,-0.008061237161691714,0.005447718353361886,-0.0020853050832929042,0.0019388872326682423,0.004919721583213293,0.013206285749346064,0.02956038458688734,0.024197709634162394,0.022374283604046252,-0.5236213754085665,0.8727026132562855,-0.024905509999906095,0.044504457275486346,0.4260881028123158,0
2008-06-19,NEOG,4.252729892730713,4.347754001617432,4.211052894592285,4.274402141571045,156561,-0.007739987429701611,-0.006971197518555461,-0.025094906759397184,0.029305463152786704,-0.0084306180483533,-0.0032653475767113233,-0.004271766917195851,0.006232092432241798,0.02266566753988228,0.024010391494651562,0.02124633102717957,0.0785112011242457,0.9602654084015327,0.00509607931540089,0.03198133972834441,0.46341429383674654,1
2008-06-20,NEOG,4.3144121170043945,4.321080207824707,4.219388008117676,4.2844038009643555,192552,0.002339896683102971,-0.004647612717403327,-0.0228137295653833,0.009030014362179983,-0.0051871061305692676,0.0014026363714774869,-0.0023873907785637465,0.00937883045930639,0.02272059986249832,0.024046478992585905,0.020677149791556076,0.2298848372199973,1.1590542384195854,-0.006955366160262547,0.023735437748454487,0.6393390351864356,0
2008-06-23,NEOG,4.237726211547852,4.311078071594238,4.226057052612305,4.226057052612305,140965,-0.01361840551511928,-0.007050384102470053,-0.020479050678505195,-0.011695814483460243,-0.01736558638590249,-0.010190774856832443,-0.015399990934646801,-0.003474934725562098,0.023019589922637123,0.02390633330519641,0.02085593748215705,-0.26791204453861817,0.8397364240923606,-0.002753636821498351,0.020118284709237065,0.0,1
2008-06-24,NEOG,4.226057052612305,4.256063938140869,4.13603401184082,4.244393825531006,296326,0.004338979027120882,-0.03779303155105318,0.009916680054859794,0.01071849028426386,-0.005391185013927518,-0.006865452777150753,-0.011646066334213254,0.00043209764496387077,0.01149146890441581,0.022386637198220843,0.020460323138265905,1.1021246408683005,1.6768492034816325,0.004338979027120903,0.028279639268637417,0.9027733085439832,0
2008-06-25,NEOG,4.0160040855407715,4.291072845458984,3.975994110107422,4.071018218994141,484079,-0.04084814314213048,-0.054953545463944264,-0.012934280664895659,-0.04310333522862342,-0.03531631428031394,-0.04624265445851644,-0.04999013497036331,-0.04019986925560384,0.018176748983584637,0.025464267208712754,0.02222395844381525,0.6336028563136546,2.4644971769820945,0.013698724473772855,0.07739556012829919,0.30158845464671413,0
2008-06-26,NEOG,3.9826619625091553,4.082686901092529,3.945986032485962,3.96932601928711,189553,-0.024979549153714364,-0.07137281710508525,-0.07784646061814549,-0.07748918823552353,-0.0456147991044305,-0.06270905084985913,-0.07010338965292905,-0.06321057403692285,0.018995379542738944,0.02093467165916466,0.02255993791149073,-0.6084254842701294,0.9810632683925102,-0.0033484999097547177,0.034439314871676584,0.17073766274537486,0
2008-06-27,NEOG,3.945986032485962,3.9843289852142334,3.70092511177063,3.854296922683716,9344463,-0.028979503332420498,-0.10038896851501933,-0.1045700121856652,-0.12224757840326639,-0.05370009738181283,-0.08009391182214277,-0.09133781157997407,-0.08924026925670625,0.01710148395998073,0.021714795590944348,0.022467454317095667,48.29736274287402,14.475673970808735,-0.02323604519818388,0.07352933080367656,0.5411775394933211,0
2008-06-30,NEOG,3.7476038932800297,3.934317111968994,3.7476038932800297,3.815953969955444,591452,-0.00994810558123116,-0.09704153956070205,-0.10340774353537407,-0.09988204464644446,-0.04385966379556625,-0.07957700433191305,-0.09586441772835426,-0.09685616377438787,0.017560355057649378,0.02171557187705676,0.021489313546632204,-0.9367056191457979,0.8871291191855328,0.01823834071631083,0.048929630744771406,0.36606983241649804,1
2008-07-01,NEOG,3.834291934967041,3.9826619625091553,3.7726099491119385,3.855963945388794,619045,0.010484920873879755,-0.09151598463971855,-0.12585034969585718,-0.11038461128032762,-0.014654561808591733,-0.05730358124541182,-0.08117661916467164,-0.08603086207944997,0.01977294702452784,0.01635536132222955,0.0208433263900268,0.04665298282869945,0.899463557664645,0.005652154501881772,0.05447457921602465,0.39682550492496216,0
2008-07-02,NEOG,3.997665882110596,3.997665882110596,3.7659409046173096,3.8442940711975098,533867,-0.003026447953498046,-0.05569224591990385,-0.10758530501569963,-0.11477927151854683,-0.0061202473011039435,-0.049385851269482625,-0.07848470955092787,-0.08791755252519576,0.01615979916300076,0.016214595890622446,0.02077826502587207,-0.13759581290536227,0.7592890658033835,-0.03836534003489873,0.060277640888461874,0.33812999974277785,0
2008-07-03,NEOG,3.845961093902588,3.9376509189605713,3.7426021099090576,3.799283027648926,135566,-0.011708532884052492,-0.04283926057268628,-0.1111545189680001,-0.13346001343800973,-0.009044271278513918,-0.04934720453122948,-0.08284203119146707,-0.09694652467587195,0.01433611606535152,0.016169067990881705,0.020487510710512673,-0.7460678408667327,0.19252868115098254,-0.012136905474074042,0.051338320317824246,0.29059863536464026,1
2008-07-07,NEOG,3.800950050354004,3.9209799766540527,3.789280891418457,3.824289083480835,344314,0.006581782839006678,-0.007785554617309232,-0.10739293933497951,-0.12775663542514293,-0.0009581445733008332,-0.031945051481796785,-0.07052131917850396,-0.08948750123888087,0.009834448486498846,0.016624477374768146,0.020656987671008667,1.5398256199932137,0.48045538006166133,0.006140315662568983,0.034437533973170335,0.2658195537178712,1
2008-07-08,NEOG,3.8376259803771977,3.9676589965820312,3.814286947250366,3.9426519870758057,508673,0.030950302399011642,0.03320218695453536,-0.06706134394501706,-0.08616704196230363,0.023189382364938553,0.00522797319718862,-0.03740491559823329,-0.06038195875513272,0.016092584766759885,0.02123119881518715,0.022148482619507477,0.47735206817033293,0.6892629170146815,0.027367442068516802,0.038900732256974664,0.8369519764833535,0
2008-07-09,NEOG,3.9276490211486816,3.9826619625091553,3.789280891418457,3.8476290702819824,313722,-0.0241012691724537,-0.002161554211827843,-0.09347972208949884,-0.08449005053021785,-0.0010386195528679775,-0.00897406950972618,-0.05651493668048921,-0.08166338640732368,0.020784737308990234,0.02148945653564484,0.022060049664900855,-0.3832540748182034,0.42001335058788375,-0.020373498353805697,0.05025980092112306,0.3017264230383714,0
2008-07-10,NEOG,3.822622060775757,3.917645931243897,3.8059511184692383,3.834291934967041,304124,-0.003466325644005952,-0.002601813504697126,-0.05814915858705971,-0.07033132171436274,-0.00398404252499229,-0.006350699935413566,-0.0564295953495367,-0.08347544685164375,0.02080029494140819,0.018482500154578828,0.02179556711316402,-0.030593965357864628,0.40263656490866984,0.003052845404475041,0.029130492583533226,0.2537344017486254,1
2008-07-11,NEOG,3.789280891418457,3.970993041992187,3.7426021099090576,3.872634887695313,455286,0.01000000870528428,0.019306763805848615,-0.024359584252331756,-0.1003097374543036,0.002157052067669395,0.006106835683942834,-0.041903799857028745,-0.07290633269707245,0.020089870595353273,0.0177488711238384,0.019103211875821553,0.497040680774947,0.5934320574998992,0.02199731259448905,0.05897559122054228,0.5693429971156918,0
2008-07-14,NEOG,3.904309034347534,3.954322099685669,3.770942926406861,3.855963945388794,178755,-0.004304806104879155,0.008282549048078014,0.00043251019278445213,-0.10418272958901076,-0.003790184840329913,0.0017323567184797742,-0.04070672845227062,-0.07517733194185416,0.020327676003616953,0.01515693129478059,0.0190669681728644,-0.6073786586892634,0.23195131844578407,-0.01238249547703116,0.04755728421633833,0.4636350871353745,1
2008-07-15,NEOG,3.785945892333984,3.955988883972168,3.785945892333984,3.912645101547241,264534,0.014699607403287684,-0.007610837991009145,0.02533865249766798,-0.08068930391671703,0.012423460059608725,0.013910569330671767,-0.02242949251769712,-0.05992142210228226,0.015142711186545648,0.01533605451265567,0.019519614592962156,0.4798690945707813,0.3412521829431314,0.03346566824153658,0.04345985573057499,0.7451010358771312,1
2008-07-16,NEOG,3.935983896255493,4.000999927520752,3.88930606842041,4.000999927520752,205749,0.022581865638304777,0.03986113381442191,0.03761341760090908,-0.09297059385327877,0.0271333591347793,0.03292440103851024,0.004793621459362158,-0.037543881630230036,0.011665681562827905,0.016461929773831114,0.018211394521674723,-0.22222096214475262,0.26712410133238124,0.016518368209563036,0.027916486159387084,1.0,1
2008-07-17,NEOG,4.032674789428711,4.081019878387451,3.9659910202026367,4.079352855682373,118770,0.01958333656111133,0.06391295312714318,0.06114485003787484,-0.053018742319288714,0.03423493392737466,0.04680007232016963,0.027417320081959386,-0.017608441161445342,0.010551145538741388,0.016962104533867706,0.018422660819514665,-0.4227432454106703,0.1544638451600418,0.011574964184075642,0.028197820157818396,0.9855077870772241,0
2008-07-18,NEOG,4.084353923797607,4.122696876525879,3.925981044769287,3.930983066558838,214146,-0.03637091332191622,0.01506679058460092,0.03466444535757862,-0.08034318335943569,-0.00632102690663618,0.005329440436863292,-0.005650582275527427,-0.05187726000949247,0.02448715759183414,0.02111955523820424,0.019899704763171596,0.8030310684516293,0.2774641338678348,-0.03755082446336243,0.05004240120749129,0.025427652390175085,0
2008-07-21,NEOG,4.014337062835693,4.027674198150635,3.860965013504028,3.917645931243897,352712,-0.0033928244129060037,0.015996515197935546,0.02441155616773849,-0.08560301193783526,-0.012770990394765973,-0.00046790380682170703,-0.0044060692823441085,-0.053564261654154136,0.02442023467303363,0.02119928249603011,0.019844948385683323,0.647063218551829,0.45230791978071955,-0.024086450658803087,0.04255340772811361,0.3399987700739001,1
2008-07-22,NEOG,4.167708873748779,4.351088047027588,4.107694149017334,4.274402141571045,443889,0.09106392374102934,0.09245843429058986,0.08414391013529254,0.011439762491813887,0.05784312121953,0.08140029033268736,0.08558974439477829,0.032655160246000625,0.046832907150223625,0.0344855779255462,0.028962008398205855,0.25850268774524254,0.5583851839971319,0.02559998096179327,0.056942208512181576,0.6849308627560077,0
2008-07-23,NEOG,4.259397983551025,4.287738800048828,4.156039237976074,4.234392166137695,325119,-0.009360367627610278,0.05833347734189198,0.1005198497024995,-0.002356440001667237,0.03597361265279346,0.06089721909328364,0.07556483105427766,0.02270903629724855,0.04832467442912042,0.033222993206117025,0.029039729994640103,-0.2675668917229307,0.40824047587685897,-0.005870739834572334,0.03110235351509274,0.594936892184479,1
2008-07-24,NEOG,4.254396915435791,4.3144121170043945,4.197716236114502,4.252729892730713,213547,0.004330663262525292,0.042501113088766695,0.10913043786460364,0.044635436139479845,0.03170749189128351,0.05443723656422108,0.07773554104416322,0.027601452196325413,0.04823166084802686,0.03295959479583057,0.02738255027804431,-0.3431728074951018,0.27277652078399794,-0.0003918352561393221,0.027440228708003177,0.47142757907726507,1
2008-07-25,NEOG,4.281070232391357,4.387763977050781,4.227724075317383,4.387763977050781,354511,0.03175233032102165,0.11620017251608439,0.13301772676587964,0.10541788599134083,0.04138645766012538,0.07419809882347751,0.10609158060217828,0.05943640903469785,0.04123574358177793,0.03360629038067177,0.02732100297460441,0.660107610970887,0.4481172202880957,0.024922213107404667,0.03647413638711001,1.0,0
2008-07-28,NEOG,4.376093864440918,4.399433135986328,4.2610650062561035,4.339417934417725,262734,-0.011018378127428896,0.10765955131629523,0.12537824416306464,0.12586498172440308,0.00969735260445436,0.04993539127770328,0.0872561111583362,0.047299424030596074,0.04256975445913251,0.0340557489055781,0.0264126383668699,-0.25888336328068806,0.7795665464730811,-0.008380974256793966,0.03188633402483995,0.5662642713635376,1
2008-07-29,NEOG,4.456113815307617,4.584478855133057,4.396099090576172,4.539467811584473,370707,0.04610062459761477,0.062012337921018235,0.16020433588248428,0.18960235037569828,0.04337488162789021,0.08192934801292762,0.1271627565794691,0.09367963334488853,0.02548178467533276,0.0357006209025811,0.027550612338380253,0.4109593733586061,1.1371781519900241,0.018705535749674592,0.041498204718216074,0.7610622157084602,0
2008-07-30,NEOG,4.517796039581299,4.517796039581299,4.3694257736206055,4.464448928833008,256136,-0.016525920188269816,0.05433052812988581,0.1158332941034157,0.1578035977675254,0.015393865488966874,0.05242463180198177,0.10022379391767477,0.07438006068476924,0.02715535100562559,0.03696167340218744,0.028133425565895796,-0.30906079464374825,0.8320343759587882,-0.011808215838188908,0.03323372454827854,0.6404460799280102,1
2008-07-31,NEOG,4.416103839874268,4.5811448097229,4.37442684173584,4.579477787017822,274731,0.025765522244395545,0.07683250583245993,0.12259908594050528,0.191240238702993,0.026301987211861333,0.06696177481905766,0.11843971721232938,0.10049908986296503,0.027542670362552195,0.037160901245130495,0.028290875536088844,0.07259815098229061,0.9316507636419128,0.03699504202514544,0.045140074392996735,0.9919357629077388,0
2008-08-01,NEOG,4.579477787017822,4.579477787017822,4.4144368171691895,4.524464130401611,300525,-0.012013085153981251,0.031154855654454083,0.15097522777229955,0.19087314566333924,0.007798008771087097,0.039767022661128526,0.0953043376497331,0.08533946424884742,0.02792482496020227,0.034309900884609,0.02830277759007923,0.09388820336984183,0.991392591136203,-0.0120130851539813,0.036477462323031624,0.6666666666666666,0
2008-08-04,NEOG,4.499457836151123,4.577810764312744,4.132699966430664,4.511127948760986,337116,-0.002947571525877324,0.03956982640030082,0.15148944747251636,0.1795990967960499,-0.002800605698864057,0.0227531005874388,0.08307155560719652,0.08076594471604696,0.02687534288826667,0.03428413439750155,0.02842809496759983,0.12175692538058391,1.1134234312489535,0.0025936708454292355,0.09866951302153444,0.8501882770109217,1
2008-08-05,NEOG,4.522797107696533,4.57114315032959,4.497790813446045,4.527799129486084,205749,0.003695568140486216,-0.002570495613739343,0.0592824398646552,0.14841460629252023,0.0014012154399163919,0.02066905016328361,0.07949137840336622,0.08345315150854002,0.016604271078511403,0.021363323048327127,0.02795293736915339,-0.3896789235752679,0.7153299694988077,0.0011059575900583163,0.016200439724867077,0.40909829618217397,1
2008-08-06,NEOG,4.487789154052734,4.6361589431762695,4.442777156829834,4.6044840812683105,207548,0.016936473900274418,0.03136672737611712,0.08740142637005355,0.19670685431505497,0.012092278537921322,0.029367862495693016,0.08795832700537062,0.09967106574776759,0.015163361017946606,0.020878478062525553,0.027016845740438812,0.00874366339569077,0.7351531634028692,0.026002765105440365,0.04199857854501873,0.8362055573774938,0
2008-08-07,NEOG,4.564474105834961,4.602817058563232,4.466116905212402,4.482787132263184,190152,-0.026430094416051375,-0.021113904085034108,0.05409636758866654,0.16913036573510598,-0.010451206964810401,-0.002966278105997222,0.05115020508310841,0.06943999181895552,0.016323823505744742,0.023659445931666516,0.028058333341407903,-0.08381675564206836,0.6874103465827588,-0.017896250844616123,0.030494455640550464,0.1219473910025429,1
2008-08-08,NEOG,4.474452018737793,4.65949821472168,4.474452018737793,4.65949821472168,225544,0.03941991382697707,0.02984532099894932,0.06193000332108656,0.20318551834734055,0.02246122109816345,0.03011097779242386,0.08259902888356319,0.1097082819408575,0.024359221223353277,0.024704784019405956,0.028915365020927924,0.18612478438301983,0.8506802417044683,0.04135616947258868,0.039713760464428004,1.0,1
2008-08-11,NEOG,4.649496078491211,4.749520778656006,4.612820148468018,4.7128448486328125,307123,0.011449008337975908,0.044715402037583285,0.08605460913393115,0.222222229092347,0.02509246371460398,0.0333735719751021,0.08420104726732153,0.12069582173039603,0.02386306770004182,0.023965533239473584,0.02872837179746609,0.3616988259497038,1.1309910694853769,0.013624867958197872,0.029005968704368633,0.7317062110631292,0
2008-08-12,NEOG,4.687839031219482,4.717845916748047,4.6678338050842285,4.672834873199463,290927,-0.008489559219195697,0.03203228313925677,0.029379448682210096,0.19429049962942146,0.010017323042986494,0.021613176468468855,0.0656781846201767,0.10889571495756287,0.025130567252688047,0.020414777611615243,0.029015032186727557,-0.05273457214210597,1.0661675310837417,-0.0032006555515444795,0.01070273463987726,0.09999713966991791,1
2008-08-13,NEOG,4.676168918609619,4.7345170974731445,4.5661420822143555,4.722846984863281,280130,0.010702734639877365,0.025706007775439632,0.057879048489377194,0.18041666343888862,0.01563054528146936,0.026746821629167902,0.06829058888752268,0.1187015576247281,0.02463795130894799,0.01929339028814593,0.02885009242661948,-0.037112402767704666,1.0127957979802655,0.009982117213067028,0.035651168839141045,0.9306897606398042,0
2008-08-14,NEOG,4.686172008514404,4.744519233703613,4.656164169311523,4.709510803222656,167358,-0.0028237589918469475,0.050576497225958805,0.028394725829538725,0.15447497920227682,0.002982352675110855,0.020961362555913018,0.05773554391311596,0.11360773788023429,0.01853661267437869,0.01808816371376482,0.028840795502916856,-0.40257023524792057,0.5998060355486807,0.004980353829489657,0.01876098560632447,0.603775621444839,0
2008-08-15,NEOG,4.751187801361084,4.751187801361084,4.504458904266357,4.54780387878418,277731,-0.03433624662838075,-0.02397132283141601,0.005158566342860382,0.15691260984375166,-0.026826425137190517,-0.014593210499077405,0.014390433356031804,0.07454040539408055,0.018669646872345944,0.021242439861266706,0.0286807018108134,0.6595023841107088,0.9841656317898564,-0.0428069634541999,0.054252316870068644,0.17567854851302983,0
2008-08-18,NEOG,4.529466152191162,4.607819080352783,4.457780838012695,4.541134834289551,132567,-0.0014664318586252723,-0.03643447214118978,0.0066517478265732954,0.1591488649020636,-0.02105951695398962,-0.016677580654622277,0.00590833637905584,0.0721707022615593,0.01666236690516643,0.021219195340425167,0.028644721162152532,-0.5226784190457673,0.48883043096372236,0.0025761716074959216,0.03303981225291255,0.5555516712060588,0
2008-08-19,NEOG,4.5127949714660645,4.57114315032959,4.452779769897461,4.471117973327637,120570,-0.015418362043167155,-0.04316799230992552,-0.01251847852289345,0.046021835391531374,-0.02769716110309987,-0.030649063871557004,-0.011754242788936994,0.054859021006813474,0.017070950244357563,0.021789189142809556,0.021308629031948124,-0.09049763515807097,0.4727748614113253,-0.009235296174975172,0.0264728824285611,0.15493139316590526,0
2008-08-20,NEOG,4.469450950622559,4.4811201095581055,4.364424228668213,4.37442684173584,155361,-0.021625716916575666,-0.07377332872399367,-0.0499637387103532,0.033070785629634836,-0.034086747743604026,-0.04685798104560404,-0.03461977343239326,0.03121142847488624,0.013686617354174655,0.02166512394277772,0.021836865766702688,0.2885543667579,0.6301697078770909,-0.02126080136833869,0.026676839072152788,0.08571521969198583,0
2008-08-21,NEOG,4.33441686630249,4.399433135986328,4.301074981689453,4.34942102432251,235141,-0.005716364295946796,-0.07646012376778955,-0.029750711779468864,0.022736250368750932,-0.024089110128050498,-0.0495445514858303,-0.04116124752054106,0.024229855481865407,0.013084053045057888,0.020327022732274488,0.021892359217031445,0.5135136874762649,0.949611710454872,0.0034616324370339005,0.022614079838866787,0.49153060037232393,1
2008-08-22,NEOG,4.362757205963135,4.477786064147949,4.301074981689453,4.406102180480957,457686,0.01303188535703459,-0.031158269371348912,-0.054382687268796026,0.004179396049124318,-0.005044301711414516,-0.03179706933409649,-0.028862071516511156,0.037080794534332925,0.01337375528953643,0.015331799991779584,0.020901894221764642,0.9464321407155707,1.8106329378329025,0.009935225012883409,0.04010598829081327,0.5943441539167273,0
2008-08-25,NEOG,4.37442684173584,4.406102180480957,4.272735118865967,4.272735118865967,324519,-0.030268717372421983,-0.059104106180008276,-0.09338515141115256,-0.015366764980821235,-0.02332139231425059,-0.051934559453849505,-0.05756460387633088,0.005839663921590855,0.016614489311696224,0.01588263717189301,0.021876585984411983,-0.29095711907290156,1.2683159801779096,-0.02324686788670129,0.03121351029370325,0.0,1
2008-08-26,NEOG,4.33441686630249,4.33441686630249,4.229391098022461,4.281070232391357,175756,0.0019507676683694353,-0.042505642228633955,-0.08383875130170537,-0.056922438910944284,-0.012839299776833478,-0.04175531505281647,-0.05302751330066028,0.007683184785171606,0.017512477523020934,0.016304286461058887,0.01895396641068553,-0.4584107556106114,0.7141112919183239,-0.012307684183741329,0.024532596425395032,0.4920614742003587,0
2008-08-27,NEOG,4.252729892730713,4.279403209686279,4.179378032684326,4.221055030822754,257936,-0.014018737911496437,-0.03506100718150895,-0.1062477686973069,-0.054518239964249315,-0.019744582396978527,-0.04445625954598526,-0.06378263535594449,-0.005553557226095949,0.016383957045343355,0.014863329733322415,0.018866184951392154,0.4675800541660029,1.0476323928702704,-0.007448124547505718,0.02369672422452558,0.4166650776095496,1
2008-08-28,NEOG,4.187714099884033,4.409436225891113,4.187714099884033,4.409436225891113,488878,0.0446289360581118,0.01379843460382224,-0.0637167191815774,-0.0371312121239572,0.021156734781931575,0.005015667514749201,-0.020152517318164843,0.03833000617942384,0.028421523150577045,0.023087715262703385,0.020739031244072646,0.8953461323739222,1.9028720882732615,0.05294586037122736,0.050283554324968546,1.0,0
2008-08-29,NEOG,4.432775020599365,4.432775020599365,4.294406890869141,4.3460869789123535,238740,-0.014366745255728786,-0.013620928228689544,-0.04435479304920109,-0.03942503384890894,0.009291581214562956,-0.004847815739109645,-0.03231186253629342,0.02306719027913573,0.0286596945498492,0.021180444371539067,0.020807276045537487,-0.5116573050945226,0.940563360971624,-0.019556156422143537,0.031837404635848415,0.3734970483735901,0
2008-09-02,NEOG,4.34942102432251,4.411102771759033,4.207718849182129,4.28607177734375,183554,-0.01380901989762362,0.0031213398693721306,-0.05616725031369929,-0.04988911287232489,-0.005261921216554262,-0.012824444308601883,-0.043277599838618744,0.008931712132974787,0.025423015377870218,0.021354141374788485,0.020979704536272285,-0.23115523163273854,0.7457043207657166,-0.014564983850609725,0.04745229038206855,0.38524642050796315,1
2008-09-03,NEOG,4.347754001617432,4.376093864440918,4.271068096160889,4.304409027099609,188953,0.00427833473363437,0.005451626215254857,-0.037285740886848884,-0.04933745866324024,-0.002087160075367708,-0.004779659517558727,-0.036782909978597164,0.012874632965487803,0.02546885963322794,0.021252062102402675,0.020988942375742933,0.029413687525196908,0.7702661992827812,-0.009969509429856718,0.02439957904065581,0.31745476833670067,0
2008-09-04,NEOG,4.236059188842773,4.277736186981201,4.1710429191589355,4.207718849182129,207548,-0.02246305527860859,-0.003159442732502238,-0.03810967666967735,-0.08616931345257084,-0.023899751142845364,-0.023370983793508902,-0.05422111479276743,-0.00970670080634076,0.026977433537897087,0.02133250970923354,0.020935495647907587,0.09841071589231176,0.8460686473818498,-0.006690260545766047,0.025356558184253215,0.34375111730844865,1
2008-09-05,NEOG,4.1843791007995605,4.311078071594238,4.104359149932861,4.311078071594238,257336,0.024564194072091983,-0.022306287982881035,-0.008815645235044633,-0.038304085293975665,0.004662034657460248,0.0015104209586003384,-0.029115231963667956,0.01347386159819671,0.0188968870782936,0.023087499927627174,0.021200568178858858,0.239886676816929,1.0348581381030684,0.03027903728189155,0.04795063281814616,1.0,1
2008-09-08,NEOG,4.33441686630249,4.406102180480957,4.259397983551025,4.399433135986328,298125,0.020494888499993147,0.012274525874151898,-0.001513592790510554,-0.055813966815927984,0.022709627828350412,0.022194633135829804,-0.006307103532403646,0.032157622112928115,0.0206329922885795,0.023691524504418415,0.019631078075158213,0.1585048341467965,1.1816432977093063,0.015000003850414266,0.033346159015334456,0.9545408745339838,0
2008-09-09,NEOG,4.37442684173584,4.4811201095581055,4.252729892730713,4.252729892730713,257936,-0.033345942243244275,-0.007779124182960007,-0.004682065604048824,-0.09762998160985037,-0.00985871363468609,-0.011431908567609526,-0.03442534157531819,-0.004122478367306716,0.02573863185744575,0.024145426280236203,0.02047101969677676,-0.13480587002096434,1.032414656560902,-0.027820090130215948,0.053704378737475224,0.0,1
2008-09-10,NEOG,4.396099090576172,4.4377760887146,4.169375896453857,4.351088047027588,297526,0.023128239219942115,0.010844466600199443,0.016355212793862428,-0.06885473912575402,0.010844332224083536,0.009788400426287393,-0.008471641570672003,0.016363117917692002,0.028036813605711253,0.025258909903918134,0.021381834939663218,0.15348768686806036,1.1893069264978613,-0.010238860094185148,0.06168576442485408,0.6770194501097933,1
2008-09-11,NEOG,4.30941104888916,4.574477195739746,4.30941104888916,4.554471969604492,304724,0.046743233043938126,0.08240881409882284,0.07898900543752196,-0.0356511688391411,0.041317250371765854,0.048873154445748856,0.03987055960855463,0.06041081388416764,0.029681759683188865,0.028145087200376822,0.02398787582890626,0.024192843650638896,1.212121453198076,0.056866452964263306,0.058199095003674844,0.9245274193896569,0
2008-09-12,NEOG,4.514461994171143,4.561140060424805,4.4144368171691895,4.54780387878418,233942,-0.0014640754987216287,0.054911046206685965,0.03137989661367735,-0.03433624662838075,0.028657650729691224,0.04401074192734011,0.04026848236282358,0.05540085989338558,0.030152444638056178,0.025085170573477398,0.02398597845935622,-0.23228232761449707,0.9184048221140757,0.007385572113817008,0.03225804084032648,0.9090941594427597,0
2008-09-15,NEOG,4.521130084991455,4.5378007888793945,4.377760887145996,4.459447860717773,215346,-0.019428282402104702,0.013641467633759286,0.026083436055343245,-0.019428282402104702,0.005941549131097649,0.02107021973403532,0.021089695807717586,0.03173493015326371,0.03225879573450086,0.025530070433747925,0.02312725794183067,-0.0794897880671277,0.8558817076776817,-0.013643098763834445,0.035887828881945735,0.5104162942305172,1
2008-09-16,NEOG,4.42277193069458,4.66616678237915,4.417770862579346,4.66616678237915,337116,0.04635527269694428,0.09721682309406354,0.08868143717158206,0.027533194378087877,0.03329890996176472,0.059184177175504664,0.06689538806281624,0.07537214464752252,0.029285359800434813,0.028120540874043934,0.025406720127055936,0.5654620935610599,1.2875148495434046,0.05503219598446399,0.053233399358510375,1.0,0
2008-09-17,NEOG,4.536133766174316,4.701175212860107,4.502791881561279,4.55613899230957,516471,-0.023579909420528677,0.04712636082417632,0.05848188767032236,0.019015606273224073,-0.00014635349070651438,0.02833273704577518,0.0407265247759271,0.04705420790293868,0.03462821368509979,0.029948280471408115,0.025758616917685367,0.5320275513473107,1.8338655333581648,0.004410193165914044,0.04354198404255987,0.26890923949620227,1
2008-09-18,NEOG,4.697841167449951,5.169626235961914,4.682837009429932,5.091272830963135,1234491,0.11745336118077865,0.11786237020254586,0.20998408245663702,0.16387198029875827,0.09157194568355678,0.12664623858095486,0.1535192576309323,0.16338424813929092,0.05922728147850794,0.044344648192229025,0.03599572592830108,1.390242627369204,3.678610741442884,0.0837473319104876,0.09561248094416003,0.8390403880607834,0
2008-09-19,NEOG,5.251313209533691,5.326332092285156,4.816204071044922,5.051262855529785,1828343,-0.007858540832859084,0.11070375727816151,0.17169366261600238,0.16136442696222963,0.06010777221519001,0.09977859011489054,0.13542679246796738,0.14785771341870343,0.059975319295794804,0.04515915755307433,0.03604249798161857,0.4810500846097703,4.403032609802905,-0.03809530036043506,0.10099019509186308,0.4607839105042362,0
2008-09-22,NEOG,5.00124979019165,5.041259765625,4.796198844909668,4.841209888458252,176356,-0.041584247955257614,0.08560746524324925,0.10041674434333236,0.09875116149253715,-7.879635579709005e-08,0.04400335968927528,0.0829152591741223,0.09530337374894342,0.06450330341679215,0.04872829203585616,0.03768104991348993,-0.9035432629435505,0.43959341921004,-0.03199998169402885,0.05061976786000802,0.18367287373766855,0
2008-09-23,NEOG,4.752854824066162,4.9012250900268555,4.752854824066162,4.7795281410217285,285529,-0.01274097774268712,0.02429432206981219,0.12387296197472675,0.11861091503614452,-0.01734301762271525,0.019124113633277585,0.06309209646567228,0.07684793616290031,0.06345036604862947,0.04706896808407129,0.03700631506531238,0.6190489691306222,0.7151987211391521,0.005612062211642907,0.0310428689994021,0.17977535311982773,1
2008-09-24,NEOG,4.982912063598633,5.00124979019165,4.752854824066162,4.821205139160156,738415,0.00871989805452178,0.058177800830483406,0.10804586968855423,0.1261681956726708,-0.019461594534975455,0.017808098296819404,0.06595892875260437,0.08180896202565713,0.061248952022246284,0.04693469716957787,0.03699590863410612,1.5861296050488742,1.7278392561831182,-0.032452293432947456,0.05152134351386636,0.27516787542088833,0
2008-09-25,NEOG,4.81787109375,4.9862470626831055,4.697841167449951,4.7345170974731445,589653,-0.017980575226490436,-0.07007201250743056,0.039531504216127056,0.12164306385513024,-0.022913322539228967,-0.004277364446164557,0.040884032726314155,0.058871805921679156,0.018247019319760128,0.04595049280097703,0.03712242847613272,-0.20146123792176485,1.3281995616164106,-0.01730100176092024,0.06091558849519821,0.12716775429830812,1
2008-09-26,NEOG,4.686172008514404,4.926231861114502,4.686172008514404,4.7878642082214355,425294,0.01126769840513675,-0.052145108033726295,0.05278598986142602,0.08582230537960545,-0.0010433606528035219,0.0018838856963731942,0.0482518073792116,0.06742002659054959,0.021624303590325713,0.045934358932387225,0.03604760214755127,-0.27873851231147806,0.964888936381545,0.02170048378981065,0.05013923581790001,0.4236118559834102,0
2008-09-29,NEOG,4.77786111831665,4.906227111816406,4.671167850494385,4.677835941314697,352112,-0.02298065737073418,-0.033746511906671994,0.04897199999144575,0.07633279407706817,-0.01730060403038318,-0.025592984682449926,0.020456356666734513,0.03942860114671423,0.015727418924586355,0.046166546467522475,0.036337932473260906,-0.17207390652113597,0.7887133390153404,-0.020935136983888363,0.05024957357866606,0.02836770090576219,1
2008-09-30,NEOG,4.579477787017822,4.7661919593811035,4.464448928833008,4.697841167449951,373107,0.004276598492599426,-0.017091012158851893,0.006788095357074031,0.09607151058057894,-0.009699193056713688,-0.022071061692497312,0.020238227561122715,0.040266972467822765,0.01594475171914279,0.04391261996714885,0.036088040827298475,0.059625914481755915,0.8183675879873963,0.025846479868877736,0.0642301473789259,0.7734801304043452,1
2008-10-01,NEOG,4.669500827789307,4.871218204498291,4.539467811584473,4.737851142883301,162559,0.008516672660320523,-0.01728903746488908,0.03988292518741132,0.1006972416085079,0.0022569961585168848,-0.01745894239675534,0.024107231842819526,0.0469776874947711,0.015906539187760957,0.04304019272655077,0.036094832012975704,-0.5643099700622074,0.3575896820135749,0.014637606376944022,0.07002127819320342,0.5979897402875537,0
2008-10-02,NEOG,4.711177825927734,4.836208820343018,4.496123790740967,4.496123790740967,388703,-0.051020461566301245,-0.05035219048198403,-0.11689592366818446,0.06854187551406765,-0.03918780468339662,-0.05593675748317188,-0.03116305602249222,-0.007587577585695929,0.02669353125220469,0.021674964479040115,0.03778074646854871,1.3911502900485364,0.8383467679145363,-0.04564761576250175,0.07563960545356878,0.0,0
2008-10-03,NEOG,4.544468879699707,4.751187801361084,4.4677839279174805,4.469450950622559,257936,-0.0059324078605969,-0.06650423732822597,-0.11518147472177132,0.03673625863373742,-0.031710428265790555,-0.04993084236370832,-0.03855114178846226,-0.014417899353791109,0.024267528700490603,0.021725722440617632,0.03752063426502207,-0.336418808190315,0.5562751545124893,-0.016507523995214494,0.06340910249929639,0.0058821450985208825,1
2008-10-06,NEOG,4.42277193069458,4.614487171173096,4.232725143432617,4.607819080352783,623844,0.03095864151075456,-0.014967788917846447,-0.048209190157585846,0.047366544262693155,0.0013042356198822286,-0.015634379033719774,-0.011002684267869364,0.01510920980919786,0.03021873757137879,0.022813680687450603,0.03785691233667246,1.4185999627814652,1.2997558285655888,0.04183963192267573,0.0828509151690153,0.9825333837946674,0
2008-10-07,NEOG,4.499457836151123,4.584478855133057,4.329415798187256,4.342751979827881,346713,-0.057525500872010915,-0.07558560942468329,-0.0913847870138238,0.02116807071407112,-0.04150424525943837,-0.06352239778119832,-0.06879488063359751,-0.04329950975992364,0.038253574093573814,0.028304383901522612,0.039431250084884954,-0.44423125012022235,0.715744340010198,-0.03482771970084507,0.05873304718541856,0.052285822181841295,0
2008-10-08,NEOG,4.0926899909973145,4.411102771759033,4.08768892288208,4.26439905166626,731817,-0.018042229564472323,-0.09992971010248197,-0.11549105906555368,-0.01992352129498942,-0.0387073266486907,-0.06924289394946423,-0.08474523660417493,-0.05942059089308025,0.03594599236007784,0.027683307622033016,0.03933187597103048,1.1107284699448825,1.4459256045287756,0.041955061596811276,0.07584042791459286,0.5463901109918496,0
2008-10-09,NEOG,4.234392166137695,4.432775020599365,4.159372806549072,4.159372806549072,642439,-0.024628615625488903,-0.07489806772788998,-0.12147897643690675,-0.08674971888996608,-0.04792802214445317,-0.08062503151418694,-0.10348552184798204,-0.08134945304674882,0.03203434014099528,0.027925753425406395,0.038056846145186604,-0.12213162580262549,1.2283510063778982,-0.01771667730460834,0.0657315962685076,0.0,0
2008-10-10,NEOG,3.9376509189605713,4.152705192565918,3.8442940711975098,4.134366989135742,1140915,-0.006011920204401444,-0.07497206372521925,-0.13649034113447633,-0.0909091290363574,-0.03890865446839186,-0.07275851400072296,-0.10488700700522462,-0.08507340747600602,0.032028711609367835,0.026802946465471447,0.03805535791405019,0.7759117986299089,2.0073881257401256,0.04995772205909466,0.07459693882493948,0.9405397465927626,1
2008-10-13,NEOG,4.332749843597412,4.514461994171143,4.086021900177002,4.449446201324463,667633,0.07620978326710803,-0.03437046382823583,-0.04882380289849286,-0.0022428021821743194,0.042008422486329466,0.003044197671437066,-0.03656632818178014,-0.01502001103837874,0.049762853765568014,0.03885338616727366,0.04184629263948244,-0.4148266961167133,1.1297196163001209,0.026933555349265142,0.09629065609706826,0.8482499799667002,1
2008-10-14,NEOG,4.542801856994629,4.749520778656006,4.442777156829834,4.529466152191162,502674,0.017984249555119902,0.04299443606970188,-0.03584093400718036,-0.029296130327833736,0.05155206948871585,0.024973686367177807,-0.017786037786802933,0.0026127116977512294,0.04088197385441301,0.039427932973225534,0.04068160328560583,-0.24708035702249587,0.8388382682225222,-0.0029355682293150396,0.06772180462763419,0.28261058810361767,0
2008-10-15,NEOG,4.476119041442871,4.651163101196289,4.167708873748779,4.192715167999268,1065334,-0.07434672715878199,-0.016809844200434854,-0.1150597514450995,-0.07976574571665518,-0.02337679433984315,-0.03937964416247702,-0.08721366999721109,-0.07054947845267,0.05540354967326068,0.045056220355174745,0.04365764945826992,1.119333802822505,1.6999286812282275,-0.0633146417286187,0.11530814951071683,0.05172422295801167,1
2008-10-16,NEOG,4.209385871887207,4.501124858856201,4.142702102661133,4.486122131347656,754011,0.06998018028694286,0.07855735467715386,-0.002224507121869612,-0.11886039497533663,0.029299311545968466,0.02808033081263112,-0.01686048508357896,-0.004984204110491185,0.061618096250565836,0.04923819601486165,0.03762224071801192,-0.2922304178783367,1.2511188763788967,0.06574266838035905,0.07989589799406467,0.9581423688947366,1
2008-10-17,NEOG,4.347754001617432,4.771193027496338,4.33441686630249,4.562807083129883,746213,0.01709381722944525,0.10362894612887352,0.020887606450702867,-0.09669973358546835,0.026708542306488524,0.0434218164062408,0.005325913882613338,0.011665306925228639,0.060336123803727146,0.04942308222609406,0.03795693445368602,-0.010342024187976029,1.360305387067316,0.04946302882648101,0.09572531847965805,0.5228999133174524,1
2008-10-20,NEOG,4.647829055786133,4.996249198913574,4.586146831512451,4.989581108093262,661635,0.09353321698418826,0.12139373808093623,0.08285091516901533,0.030647549487316406,0.09609610867869631,0.13114140803151042,0.09756327424359454,0.10467268699597469,0.06461695799448572,0.05675078911816685,0.04271470710840605,-0.11334297311893526,1.1550349948710499,0.07352939365996648,0.08219174285711556,0.9837404234884838,1
2008-10-21,NEOG,4.929565906524658,5.2546467781066895,4.836208820343018,5.1996331214904785,1219495,0.04209812584397232,0.14795716465948594,0.19731293558619467,0.08789674797875402,0.10956948005611612,0.15629860118508404,0.1385081018314415,0.1487013588711446,0.06487588018168719,0.05225856667174889,0.043447714470339585,0.8431537025701481,1.9684351772026671,0.05478519206090047,0.08047451579501562,0.8685261324994757,0
2008-10-22,NEOG,5.152955055236816,5.167959213256836,4.867884159088135,4.911228179931641,466683,-0.05546640211341802,0.17137176820796096,0.15168119128359736,0.018672310796376212,0.01684388654076407,0.07667571796547776,0.07430035634285537,0.08384539620578207,0.05743014968360509,0.05641182592206193,0.045489533270804315,-0.6173145441350723,0.7701821224431192,-0.046910340322009005,0.06109979890465564,0.1444439324141153,0
2008-10-23,NEOG,4.864549160003662,4.949571132659912,4.584478855133057,4.806201934814453,475081,-0.021384924762068214,0.07134888308772891,0.15551121727942419,0.015140897342955428,-0.017917923280267405,0.03891894187380962,0.05050289781762623,0.06027735998438067,0.05743557809536917,0.056163302350659645,0.04557412727175129,0.017995084457758326,0.7915247649197389,-0.011994374662494943,0.07596274199014696,0.607306955883467,0
2008-10-24,NEOG,4.584478855133057,4.627823829650879,4.339417934417725,4.446112155914307,767208,-0.07492189961719697,-0.025575248983686683,0.07540336104602363,-0.07137881056031048,-0.08714396338054516,-0.04535197370175722,-0.024559624407605448,-0.01801942831681052,0.07002808474118526,0.06297440110282737,0.048599303830065825,0.6148993540048959,1.2428333713480002,-0.030181554674164626,0.06486698605870998,0.3699446622279612,0
2008-10-27,NEOG,4.381094932556152,4.501124858856201,4.274402141571045,4.291072845458984,687428,-0.034870760119959154,-0.13999336767995907,-0.035593947808231885,-0.08267991881455639,-0.0929593698445573,-0.07549748927420641,-0.054562829920507934,-0.05118583793567374,0.04460002452517162,0.05951927076518092,0.04893356372904814,-0.10398744538638804,1.0841491983394929,-0.020547851275307685,0.052835905017339646,0.07352904061648215,1
2008-10-28,NEOG,4.33441686630249,4.516129016876221,4.262732028961182,4.506126880645752,836191,0.05011661254232669,-0.1333759949290293,-0.005152764312880365,-0.04080901843436824,-0.018732303755556838,-0.028676135009557766,-0.005079462209741474,-0.003480210360817918,0.04781952478509791,0.06155246153898323,0.050353898302982134,0.2164052089818862,1.2723043655025001,0.039615482229733094,0.056233877701802736,0.96052780140456,0
2008-10-29,NEOG,4.542801856994629,4.5811448097229,4.396099090576172,4.484454154968262,564459,-0.004809612834156263,-0.08689761691531084,0.06958235302881532,-0.05348352666074474,-0.004956836589997,-0.03938874257996968,-0.007087058226680839,-0.008331578619067467,0.04567995107958505,0.05572348712637545,0.05031112183593542,-0.3249640333368812,0.8333704895436519,-0.012843990088744074,0.0412638222517492,0.47747694353323766,1
2008-10-30,NEOG,4.561140060424805,4.9095611572265625,4.561140060424805,4.886221885681152,470882,0.08959122266146435,0.016649311026043723,0.08918610385966108,0.08676320161458384,0.08035387265400484,0.037779302685510066,0.07721713022855656,0.07807297567886551,0.0656974076826528,0.05842157303118222,0.052797328045839684,-0.16578174854152383,0.6910208105885634,0.07127205500154515,0.07130685117325306,0.9330141838147947,1
2008-10-31,NEOG,4.879552841186523,4.984579086303711,4.676168918609619,4.912895202636719,622644,0.005458883689611227,0.10498679078562789,0.0767264784876005,0.0992167174253007,0.06428316652681908,0.035743168327877835,0.07782900917635456,0.0812695326188504,0.04894305337038186,0.058382610735460055,0.052729119158299705,0.3222930585581951,0.8899173811693726,0.006833077237890451,0.06277564551520864,0.767569648552915,0
2008-11-03,NEOG,4.912895202636719,4.979578018188477,4.807868957519531,4.8245391845703125,591452,-0.01798451105144394,0.12432003797741809,-0.03307731048910012,0.047033119234563436,0.021531866886350677,0.020667180010200587,0.05593452228111731,0.05987129453683983,0.044496140432108915,0.05055340521271543,0.05264796933410724,-0.05009604204007423,0.847297385477892,-0.017984511051443993,0.03559076921130618,0.09708414329352957,0
2008-11-04,NEOG,4.85788106918335,4.861215114593506,4.691173076629639,4.786197185516357,232742,-0.007947287313279428,0.062153222110441275,-0.07951252065561298,0.10211156606416472,0.0015350231026764222,0.02149015428227763,0.042483756914091175,0.049081483781205554,0.04370068455897186,0.04809636137364271,0.05075125924671127,-0.6064904675273732,0.33616389936372926,-0.014756203918150438,0.03552758722069289,0.558827158416619,0
2008-11-05,NEOG,4.752854824066162,4.832874774932861,4.589480876922607,4.59614896774292,223144,-0.03970756122387675,0.024907114425712917,-0.06415487137742937,0.07779523258899346,-0.04270838472948515,-0.012429761247667375,-0.0025145756081835493,0.006035444689640682,0.04961522099072726,0.046574063930288415,0.051518712181240295,-0.04123879660740215,0.33459229286452064,-0.03297089057502017,0.05295605075432965,0.02739629413401145,1
2008-11-06,NEOG,4.5811448097229,4.789531230926514,4.5811448097229,4.632824897766113,332917,0.007979708725847523,-0.051859492639416804,-0.036073606435979566,0.11382776039492648,-0.02477542730763475,-0.0008269829733077215,0.000305916953611245,0.012238634754562888,0.019440830586297538,0.046396848483999276,0.051045532371268645,0.49193794141899394,0.5110501467486382,0.011281042226285544,0.044980422485661926,0.24800122649410322,1
2008-11-07,NEOG,4.677835941314697,4.814537048339844,4.59614896774292,4.711177825927734,260335,0.016912559807602978,-0.04105875830624761,0.059617405211164654,0.13951611898695293,0.00021235157256783218,0.010295992858515868,0.01092843253559773,0.028002690763063012,0.0222538635772033,0.03901716072424741,0.051004092062807135,-0.21801830486277363,0.4285998514507669,0.007127630175860001,0.046355304059005335,0.5267176572567703,0
2008-11-10,NEOG,4.774527072906494,4.807868957519531,4.589480876922607,4.661165237426758,485879,-0.010615729303558585,-0.03386311954228749,0.08624705412759948,0.04758323317613611,-0.0034928007673918865,-0.008299670476206653,-0.0020701499059760653,0.015693080761214267,0.021676206003283162,0.036855411331458386,0.04850667819412953,0.8663606507000596,0.8120716602736311,-0.02374305009663026,0.04685267942088385,0.32824300808090956,0
2008-11-11,NEOG,4.647829055786133,4.647829055786133,4.336083889007568,4.409436225891113,668233,-0.05400559703706498,-0.07871822764957759,-0.021457597026380726,-0.02649979539906344,-0.04187485819428615,-0.05992313970364172,-0.05474940671770557,-0.0396763346549049,0.030387759790343874,0.03858458909253439,0.05001769379350581,0.37530743250891674,1.101607109680327,-0.05129122156466613,0.07069955223483546,0.2352958271704266,0
2008-11-12,NEOG,4.37442684173584,4.466116905212402,4.1627068519592285,4.167708873748779,951962,-0.054820466780531096,-0.09321719052212085,-0.07063184732718586,-0.005964224434168108,-0.07721833841045317,-0.1054175644277222,-0.10632895491061425,-0.09178094182590625,0.03389826584301403,0.04213690018105053,0.0486658019693608,0.42459591190497936,1.5841486949305386,-0.0472560121510757,0.07280020328777474,0.016486012035260265,1
2008-11-13,NEOG,4.154372215270996,4.37442684173584,4.134366989135742,4.351088047027588,948363,0.04399999588115722,-0.060813187840182636,-0.10951893941242197,-0.030100403057797154,-0.02444492777899819,-0.05520359477866554,-0.0656547337908792,-0.052411412253160886,0.043507130989976064,0.031775725041187516,0.04704199444577535,-0.003780613091699081,1.5530454322814493,0.047351518247086034,0.0551723729801544,0.9027792675223759,0
2008-11-14,NEOG,4.311078071594238,4.431107997894287,4.152705192565918,4.1627068519592285,524869,-0.04329519261212156,-0.11641907697689158,-0.15269781253930859,-0.08768729948060905,-0.043148512112826165,-0.08114088077666237,-0.10225080313105678,-0.09285119633646534,0.0419087120627853,0.032684588272580466,0.047786303981829176,-0.4465526385993549,0.87539429677536,-0.0344162683140976,0.06688023327833799,0.035925138690732085,0
2008-11-17,NEOG,4.131032943725586,4.206051826477051,4.121029853820801,4.139368057250977,730617,-0.0056066390303864955,-0.11194565169799575,-0.14201794225459463,-0.17039768117271648,-0.02512765091390699,-0.072261294723099,-0.09902396556662496,-0.09691361980589827,0.04235855522476256,0.0328329544739339,0.041979480649663385,0.39199876540622514,1.2115781458012316,0.0020176826568401984,0.020539843638044238,0.21568781407035176,0
2008-11-18,NEOG,4.139368057250977,4.281070232391357,3.895973920822144,3.945986032485962,934566,-0.046717765149263624,-0.10510418331574611,-0.1755487959361519,-0.24110298932882357,-0.049931853288048,-0.09862919862549029,-0.12923530983828735,-0.13794998912230347,0.04112129405380388,0.03420595416475832,0.0410363591261327,0.27914625583582087,1.5872849535758309,-0.0467177651492636,0.09759190944895556,0.12986910069334495,0
2008-11-19,NEOG,3.9643239974975586,3.9643239974975586,3.6409099102020264,3.7492709159851074,2229043,-0.04985195458913583,-0.10039999684222056,-0.18425818173027975,-0.23659199315856394,-0.07873168198247124,-0.12666971723944878,-0.1618997560003418,-0.17876543937076378,0.04015712696356315,0.0350421025239959,0.0407480696583895,1.3851103078862272,3.2930130451177666,-0.05424710029962267,0.08626052759128407,0.33505345017349836,0
2008-11-20,NEOG,3.7309329509735103,3.815953969955444,3.5075440406799316,3.6309080123901367,1404249,-0.031569578792060016,-0.16551722853078932,-0.21626478606154265,-0.24453694171917673,-0.07508058887989155,-0.13403039917600038,-0.17755452171800915,-0.20146064161874194,0.018038853982172847,0.03379281592286799,0.040926566006072564,-0.3700215742809807,1.9412887775042313,-0.026809631772469707,0.08494016599238867,0.4000000000000006,0
2008-11-21,NEOG,3.66758394241333,3.787614107131958,3.184128999710083,3.474201917648315,1885928,-0.04315892724549253,-0.16539837149158376,-0.26256192272594414,-0.21859777805495473,-0.08282720707759116,-0.14621656258868532,-0.20429163985224968,-0.23229942459874187,0.018024056326033905,0.03102539673036845,0.03897229371116991,0.3430153769025295,2.4200432916848,-0.0527273616095523,0.17370467282177246,0.4806629266750941,1
2008-11-24,NEOG,3.5208799839019775,3.8176209926605225,3.459197998046875,3.8176209926605225,1269882,0.09884833499967316,-0.0777285470005129,-0.18097282584899788,-0.11033414482802151,0.025250692791595683,-0.04196129248547227,-0.12087071702359696,-0.15401385066646492,0.06373439860173145,0.05120294095772864,0.04565692784015811,-0.3266540398148816,1.5708238010825715,0.08428035323989796,0.09388647938145907,1.0,0
2008-11-25,NEOG,3.8176209926605225,3.887639045715332,3.609236001968384,3.682586908340454,1177506,-0.035371265135977326,-0.0667511547119104,-0.16483951242627815,-0.1827600496209908,0.0031788124202560965,-0.0586782372596431,-0.14384832754507598,-0.18036446888845886,0.062489886260552914,0.050099155310636675,0.04421823133380302,-0.07274376674368166,1.4264438445536654,-0.035371265135977346,0.07559985702344488,0.26347020271352317,1
2008-11-26,NEOG,3.655914068222046,3.7826120853424072,3.5975658893585205,3.7442688941955566,757011,0.01674963480574032,-0.0013341318623374399,-0.10160018186979214,-0.1650558206627365,0.02025973398253944,-0.0324388204279478,-0.12195325082362236,-0.16361319785335224,0.05948940087129729,0.049160267920200076,0.04459041155658081,-0.3571064606040224,0.9064792808430782,0.024167642981958736,0.049421182402457575,0.7927912490014688,1
2008-11-28,NEOG,3.722596883773804,3.7659409046173096,3.654247045516968,3.7659409046173096,98975,0.005788048624218556,0.03718984115444002,-0.13448294681373252,-0.22927345652205733,0.018668758825764093,-0.011897570726982444,-0.1051163025378399,-0.15376157571237936,0.05663819413226582,0.04590885691085131,0.03844571439846913,-0.8692555326144534,0.12121626297885094,0.011643490336661209,0.029658951621730652,1.0,0
2008-12-01,NEOG,3.687588930130005,3.714262008666992,3.5508880615234375,3.574227094650269,778005,-0.05090728049714899,0.028790835815801108,-0.1413694930335977,-0.27248049322688495,-0.038392410998638105,-0.047492025092329256,-0.13694544110422105,-0.19147424150972428,0.058483364687988836,0.046518342064981344,0.039139283724863666,6.860621369032584,0.9438556303234844,-0.03074145129179009,0.045708888332273274,0.1428565174245547,1
2008-12-02,NEOG,3.632575035095215,3.7492709159851074,3.5642240047454834,3.6625819206237793,377306,0.02471998102911699,-0.04061143637223541,-0.11518331543193061,-0.24084316024682062,-0.006331992179651605,-0.01138466352191119,-0.10302742320823796,-0.16704589926022032,0.0334038957552001,0.04810096457255665,0.04012404807787735,-0.5150339650773452,0.4637621091855395,0.008260499848911704,0.05052362383968423,0.531529627916505,0
2008-12-03,NEOG,3.587563991546631,3.754271984100342,3.569226026535034,3.635909080505371,920170,-0.007282523830583809,-0.012675282076674232,-0.07858034707366746,-0.24033445769679207,-0.011063661525064153,-0.010300800684345265,-0.09683827468762811,-0.16878819486580082,0.029773365864555913,0.04644886344821263,0.040128666997266,1.4387897356522292,1.0851726756829427,0.013475742613276212,0.05089400022609676,0.3603594201554103,0
2008-12-04,NEOG,3.605901002883911,3.7492709159851074,3.4625320434570312,3.5275490283966064,407898,-0.029802739757646357,-0.05788042256658277,-0.059137334312968526,-0.23249897835036493,-0.029090434612038626,-0.03396624607014557,-0.11196898602004494,-0.18876219212904974,0.029649935695879478,0.044807132648561405,0.03984044059915223,-0.556714520143017,0.4758572150702001,-0.02172882018242894,0.08128558107055112,0.2267463227651808,0
2008-12-05,NEOG,3.482537031173706,3.6409099102020264,3.394181966781616,3.5008749961853027,1091127,-0.007561633303060811,-0.0703850419179487,-0.035812809292085745,-0.24433254581381258,-0.022164347769940296,-0.03784479725592871,-0.10594551008755616,-0.19030219703502024,0.028273436046650457,0.04387055580694745,0.0395726796641956,1.6749996322610063,1.219005286806044,0.005265691318554711,0.07047607917713573,0.4324318839795449,0
2008-12-08,NEOG,3.5425519943237305,3.625905990600586,3.382512092590332,3.392514944076538,937566,-0.0309522768527406,-0.050839564963767625,-0.02351244271578512,-0.27990089327428913,-0.042713295557214745,-0.06552777722430303,-0.1187805361119361,-0.21026689429246326,0.022637354101127685,0.042779000102970796,0.03910170775968422,-0.14073613795644324,1.0092665678283002,-0.04235281528333201,0.07174438492459084,0.04109737987673235,0
2008-12-09,NEOG,3.385845899581909,3.47920298576355,3.2774860858917236,3.3324999809265137,581855,-0.01769040494716545,-0.09012274588005631,-0.12707416809229277,-0.28505002264921786,-0.04179846905128555,-0.06962665521957809,-0.11916978744729427,-0.21934795342523578,0.011498059833100524,0.02423636312838855,0.03908652117143226,-0.37939835702233227,0.6231335137622327,-0.015755566035058705,0.060530202858619105,0.27272823977439004,1
2008-12-10,NEOG,3.3458359241485596,3.437525987625122,3.3425021171569824,3.382512092590332,299325,0.015007385431376363,-0.06969288348646452,-0.081484788606211,-0.23289238820848301,-0.013036368899153581,-0.04768613372847625,-0.09365023053289492,-0.20271922296883896,0.018930177432535666,0.02435850419800712,0.03859085420011438,-0.4855677101683409,0.3270199428904586,0.01096173550444071,0.02809269201913488,0.4210518392509014,1
2008-12-11,NEOG,3.3425021171569824,3.580894947052002,3.337501049041748,3.4441940784454346,602849,0.018235555163341965,-0.02362970699490452,-0.08014243213549765,-0.17360012832483573,0.009873822090926609,-0.022058197487162895,-0.06808910085432979,-0.18319912742624922,0.02109789274733969,0.024531484938547978,0.037821454765152196,1.0140282301845818,0.6714320956991409,0.030423903328727832,0.0706678812130447,0.43835539952275904,1
2008-12-12,NEOG,3.4708681106567383,3.66758394241333,3.3408350944519043,3.66758394241333,977756,0.06485983625775371,0.047619222739937905,-0.026117500166661367,-0.15708808859457313,0.06496282347728563,0.044287370781083586,0.0016163711204682663,-0.12679000388233422,0.03723670607755704,0.0336500115836044,0.039600529087376116,0.621892049252798,1.087210782440589,0.056676262388826504,0.08909103461348991,1.0,0
2008-12-15,NEOG,3.6942570209503174,3.7476038932800297,3.5975658893585205,3.639242887496948,706623,-0.007727445468564631,0.07272715006051955,0.01819016842662058,-0.12575085949564424,0.041805798510171834,0.03430297122898511,0.0010317044472561274,-0.1300987390630716,0.031939785469791766,0.02916849125797115,0.038710200215750994,-0.2773012898923658,0.777865482638208,-0.014891799119926325,0.04122780714554191,0.2777762770039927,1
2008-12-16,NEOG,3.705925941467285,3.7509379386901855,3.669250965118408,3.714262008666992,475081,0.020613936329389126,0.11455724828971792,0.014110288633328638,-0.10269829662509022,0.040538062731683686,0.05407580985835205,0.027675324462861122,-0.10835772978559216,0.02638882208407024,0.028843034885154356,0.039165547082501175,-0.32767402136641466,0.5304397919221764,0.00224938850138126,0.021992787095031538,0.5510186212130057,1
2008-12-17,NEOG,3.6859209537506104,3.7926149368286137,3.66758394241333,3.732599973678589,553662,0.004937175936648108,0.10349937310058777,0.02659331986370206,-0.05407673951469627,0.025558851020484098,0.05638125224943902,0.03580686192929044,-0.10132290503229936,0.02743823090071857,0.028675265032113696,0.037931829394004156,0.16540547822371332,0.6316082354726837,0.012664140255227194,0.033497024941588335,0.5199993135247055,1
2008-12-18,NEOG,3.604233980178833,4.027674198150635,3.604233980178833,3.909311056137085,741415,0.0473426254365914,0.1350437771792421,0.1082230252981069,0.042685669757723366,0.04734262543659133,0.0945669394535124,0.08244103220469946,-0.057165064890324434,0.029898943188635903,0.0292437821237677,0.03771832132068682,0.33911122670510174,0.9242162380410752,0.08464408183153381,0.10831581623750773,0.7204726027667216,0
2008-12-19,NEOG,4.022672176361084,4.022672176361084,3.6859209537506104,3.7509379386901855,843989,-0.040511771811627795,0.022727222494601573,0.07142869790477002,0.03305782627663878,0.0004446640046007855,0.04292206874168816,0.03686642375821938,-0.09357523130946752,0.032672550611277516,0.033129045706959785,0.03819657115619534,0.13834896785201267,1.0901483725480787,-0.06755067918974936,0.08977787105911594,0.19307126618744766,1
2008-12-22,NEOG,3.770942926406861,3.9909980297088623,3.739268064498902,3.962656974792481,558460,0.05644429195120915,0.08886850844901306,0.1680588118591586,0.1405948959566521,0.038989300964223046,0.08459562224142682,0.08804605631593937,-0.04161738042222358,0.03853496851299987,0.03341062544655666,0.03844906137304347,-0.33830891160903753,0.7889825006405202,0.05083981702377412,0.06352555035959005,0.8874148538782701,0
2008-12-23,NEOG,3.999332904815674,4.029341220855713,3.815953969955444,3.8759689331054688,307723,-0.021876241682905695,0.04353675752037511,0.1630814569510839,0.015283848385453158,0.007714945945491578,0.04531964761451664,0.06339187421752275,-0.05997560942834123,0.04225525153758305,0.03390429065653429,0.03230330360340575,-0.44897933603122875,0.4664483198883882,-0.03084613725495573,0.05505391157232543,0.2812490572741579,0
2008-12-24,NEOG,3.879302978515625,3.917645931243897,3.745935916900635,3.845961093902588,133167,-0.007742022632477141,0.030370551632479925,0.13701325778774853,0.04436397283445448,-0.005946316998237661,0.02442263317285299,0.05279961250290073,-0.06415062287256244,0.042954736833643564,0.034711963628544826,0.03122759792863174,-0.5672504167709271,0.21920560581130988,-0.008594813242917942,0.04464684123182939,0.5825238404674206,1
2008-12-26,NEOG,3.877635955810547,3.88930606842041,3.704258918762207,3.88930606842041,142764,0.011270258190219762,-0.0051172668097796414,0.12923545533063585,0.038735779486802624,0.00629756260920473,0.023829468174263593,0.0625556190390621,-0.05220385327958265,0.037052403494801794,0.03467529982037078,0.031121077264691703,0.07206740408659806,0.2475164957251028,0.003009594697092668,0.04757844880368532,1.0,0
2008-12-29,NEOG,3.8693010807037354,3.8976409435272217,3.7442688941955566,3.8659660816192623,262734,-0.006001067128827753,0.030666501234953625,0.05409068812625284,0.026560474403439116,-0.005659955809581269,0.012398396234733097,0.05473802035810793,-0.05503543694110044,0.030337591665286115,0.02973399947883469,0.031164312217160924,0.8403379003110028,0.4491381023507465,-0.0008619125301736773,0.039672373242194886,0.7934769598112172,1
2008-12-30,NEOG,3.904309034347534,4.052680015563965,3.7959489822387695,4.024339199066162,302924,0.04096598731165413,0.015565875286722486,0.10581769985517009,0.12593271006467366,0.031800287334031174,0.043350425269726406,0.09124601705805073,-0.01372779517452238,0.0241066803025029,0.03124406124369754,0.02972920879914998,0.1529684015011381,0.5397600975161777,0.03074299797036601,0.06379458107924131,0.8896089182101173,1
2008-12-31,NEOG,4.039342880249023,4.17604398727417,3.945986032485962,4.164373874664307,499075,0.03479693650839355,0.0744084760575634,0.12118473735751745,0.13700497761291475,0.05214380267051464,0.06720200014049194,0.12158750108716765,0.02473629214556789,0.022570566138315297,0.032063130144178005,0.03013926900038581,0.6475254519285365,0.879724713984807,0.03095330060407625,0.05524430843922561,0.9492731619708311,1
2009-01-02,NEOG,4.181045055389404,4.372759819030762,4.081019878387451,4.354422092437744,582454,0.045636684767828894,0.1322064852245317,0.166592220742672,0.19761578081938835,0.07260191023973159,0.09840208029292821,0.16153423216740842,0.07597755721502293,0.021941857651687307,0.03361768686412353,0.031138119559252574,0.167067074087061,1.0581946754160692,0.04146739266175936,0.0669985441121959,0.9371435856448679,0
2009-01-05,NEOG,4.392765045166016,4.392765045166016,4.1910481452941895,4.33441686630249,521270,-0.004594232187549396,0.11444478527833013,0.1087418739672934,0.22873327384272613,0.04476416258396211,0.08175579008677782,0.14388789380653122,0.07409608601177194,0.025364082325391873,0.0322261820947035,0.02995050136273648,-0.10504520528659778,0.9373826349808427,-0.013282790739680965,0.04653841706829238,0.7107422387484605,1
2009-01-06,NEOG,4.419437885284424,4.594481945037842,4.206051826477051,4.3577561378479,457086,0.005384639333345875,0.12721013217546173,0.16177772308587257,0.24476199310066504,0.026063785582095114,0.07135543004242396,0.1371892377669723,0.08228514370958286,0.02255973860958006,0.02693397759549737,0.029671997940913367,-0.12313004776795133,0.8716546059613389,-0.013956921454175784,0.08913534999978663,0.39055753949498956,0
2009-01-07,NEOG,4.282736778259277,4.34942102432251,4.036008834838867,4.101025104522705,451087,-0.05891358424016435,0.019055527296093278,0.03491801854422949,0.20884511111240744,-0.037859833776829374,0.00481986162580551,0.060390507831029394,0.02027270130821509,0.04097222937922518,0.03169764115053206,0.03231459898646539,-0.013124444852828598,0.9020568228187158,-0.04242886806842917,0.07642288976431878,0.2074465252642357,1
2009-01-08,NEOG,4.101025104522705,4.126031875610352,3.9843289852142334,4.119362831115723,271132,0.0044714982536424586,-0.010808598099807387,0.06279562664483063,0.23611788587930982,-0.03151217432357088,0.003329497929398076,0.05440573547176415,0.02571119278147545,0.03745251989318991,0.030385556720250107,0.03168820904700602,-0.39893634709047254,0.5595787082212657,0.004471498253642561,0.034399225367030405,0.9529364258132903,0
2009-01-09,NEOG,4.132699966430664,4.132699966430664,3.955988883972168,3.957655906677246,464284,-0.03925532444411517,-0.09111798933078985,0.02904210678359176,0.17003451823477977,-0.05184121090064468,-0.03867180719012114,0.005612597453218649,-0.01185445322146017,0.028963529913226843,0.033504026378897905,0.0336038346774243,0.7123910124957584,0.9421791916927899,-0.0423558596499325,0.04465044122718049,0.00943360587171807,1
2009-01-12,NEOG,3.940984964370727,4.114361763000488,3.940984964370727,4.076018810272217,391702,0.029907325544717533,-0.059615414022394675,0.04800669799886381,0.18344632080430312,-0.011242323709066948,-0.014391100311371379,0.027440402046981227,0.019778234852092978,0.03630767291433413,0.03449561848411787,0.03388351376292742,-0.1563310387607585,0.8122900074115641,0.03426398403502945,0.04253581906757251,0.7788461141784534,1
2009-01-13,NEOG,4.0610151290893555,4.234392166137695,4.027674198150635,4.132699966430664,253137,0.013906009465805669,-0.05164496688159825,0.06899540223065803,0.12681809914111475,0.013574357945218872,-0.007089294680314449,0.03565689408494241,0.03787254753871862,0.037489752687451,0.03434893292121536,0.03127782048393558,-0.35375106586129257,0.5675864475862548,0.017651950328336562,0.05002007638255893,0.5080630837402743,0
2009-01-14,NEOG,4.079352855682373,4.079352855682373,3.917645931243897,3.917645931243897,256736,-0.052037175922186596,-0.04471544762712454,-0.02651199676384708,0.07650026457520487,-0.03044805792912752,-0.05633859906160798,-0.021648644648919798,-0.011192486661233554,0.03530841190987249,0.03670948362749358,0.033802497510534005,0.014217597585497233,0.6062327668791608,-0.03964033761218398,0.04127655415432919,0.0,0
2009-01-15,NEOG,3.904309034347534,3.987663984298706,3.762607097625733,3.917645931243897,445089,0.0,-0.04896798561858928,-0.05924730844208814,0.05475755940273497,-0.02067012209709325,-0.05069684341612312,-0.024126920410742863,-0.006644939095105975,0.03494931747221229,0.03440336907597127,0.03359047608689864,0.7336446778013213,1.0547270165843394,0.003415942943817595,0.05744696958908563,0.6888873116042376,0
2009-01-16,NEOG,4.0160040855407715,4.0160040855407715,3.787614107131958,3.8676340579986577,311322,-0.01276579714526671,-0.02274625455100987,-0.11179165090230536,0.03617695045606206,-0.02880095622020575,-0.05162885861438524,-0.03820229643468046,-0.014736351065727508,0.03110685412437014,0.029332008485856653,0.03377521235917265,-0.3005398920215957,0.7595488896072607,-0.03694469038921189,0.059051599759413625,0.35036542069050663,0
2009-01-20,NEOG,3.812619924545288,3.8392930030822754,3.690922975540161,3.6975910663604736,351512,-0.0439656361197146,-0.09284249203120576,-0.14692306245228925,-0.054157877625071515,-0.05351200593201978,-0.07894189210193733,-0.07806133041149496,-0.053721959865249816,0.02827280030438231,0.03091800231981291,0.03353965678030139,0.1290946351366109,0.9004300527418825,-0.03017055475272253,0.040126132089602425,0.044942303582303965,1
2009-01-21,NEOG,3.7192630767822266,3.975994110107422,3.650913000106811,3.952655076980591,309523,0.0689811301581209,-0.043565923225143965,-0.09296092944461343,0.05377778613976325,0.021190496303288283,-0.0053695083986201805,-0.016937122896496414,0.015087239079303726,0.04807701642811295,0.040658084322048774,0.03582296857333409,-0.11945253647101661,0.8511351498058415,0.06275221606541656,0.08224373330569949,0.9282055080752394,0
2009-01-22,NEOG,3.882637023925781,3.947654008865357,3.784279108047486,3.8409600257873535,164359,-0.028258233773982733,-0.019574486005731195,-0.0634146517290386,-0.03071094716985956,-0.003718832822810573,-0.027109242177581663,-0.04326886545451198,-0.009168675494932407,0.043593612431951936,0.03750739673588604,0.03416951122422099,-0.46899261121144475,0.47785168947010354,-0.010734198917283073,0.04253491307407738,0.3469377331286347,0
2009-01-23,NEOG,3.812619924545288,3.8993079662323,3.767608880996704,3.815953969955444,283129,-0.006510366070988649,-0.02595741500717108,-0.07365431830099345,-0.015483860728971344,-0.0049556905971776906,-0.025957450573913528,-0.0487865549394215,-0.011307970682141266,0.04357129645313953,0.03733028579146297,0.03384673826217276,0.722625472289318,0.826113001033192,0.0008744762069493304,0.03451275520420742,0.3670875076486336,1
2009-01-26,NEOG,3.8059511184692383,4.031007766723633,3.80428409576416,3.9909980297088623,250737,0.04587163816220308,0.03189649534062711,0.00842471498731423,0.03771149324318879,0.03403599317647614,0.017857203554421105,-0.006947964212831035,0.03629194339929724,0.048413798734155356,0.03883335255840955,0.03531236606322591,-0.1144072136729194,0.71926272537111,0.04862041194949721,0.056808765444570225,0.823530834493579,1
2009-01-27,NEOG,4.000999927520752,4.101025104522705,4.000999927520752,4.0693511962890625,184754,0.019632474382833998,0.10054116944157143,-0.001635815312321598,0.04629235259486153,0.03440978617425157,0.03801677343690856,0.010285097855961236,0.05717690945168914,0.0390521075800984,0.038128119600279925,0.03547151287553435,-0.2631562154767745,0.5268114865514142,0.017083546614974545,0.024580128914203435,0.6833406429960719,1
2009-01-28,NEOG,4.119362831115723,4.172709941864014,4.057681083679199,4.101025104522705,256736,0.007783527817045277,0.03753680112544844,-0.007664447495644322,0.06080214309717591,0.03465673649726318,0.046942101132416765,0.015186499378287014,0.06679153328867414,0.027813638243167134,0.037937350437774305,0.03542411104300787,0.38960996784914004,0.7326890455088206,-0.004451592963480431,0.028048806152870896,0.37680997210166106,0
2009-01-29,NEOG,4.076018810272217,4.106027126312256,3.909311056137085,3.935983896255493,247138,-0.04024389123714478,0.024739614531307463,0.004680863287146009,-0.021955232509021982,-0.011720436718328005,0.004338899779775248,-0.02460186636038086,0.025068800362890914,0.03190366792542594,0.036291979191958736,0.03556386868181087,-0.03738470646890191,0.7109570956905825,-0.034355806617921716,0.049978880849161286,0.13559054984504665,1
2009-01-30,NEOG,4.477786064147949,4.477786064147949,4.219388008117676,4.362757205963135,3126418,0.10842862190408176,0.14329398108910518,0.11361702474677449,0.04763821339524177,0.06616143498928354,0.10073600437341337,0.07850810240651239,0.13489507014935276,0.054597790752846535,0.049673176657228556,0.04253836985228178,11.650494865217004,6.527237814085236,-0.025688779351432146,0.05922815408501027,0.5548385310942978,1
2009-02-02,NEOG,4.3460869789123535,4.432775020599365,4.2610650062561035,4.3827619552612305,9664783,0.004585345540373487,0.0981618940014728,0.13318940973674498,0.006508294837265227,0.050927324092360865,0.09159597978076943,0.08307404264180474,0.13751407771933233,0.05439652911261707,0.04901471229832834,0.04135552659513397,2.091327839079739,10.357750702579915,0.008438619964770053,0.03917849431387316,0.7087353027753248,1
2009-02-03,NEOG,4.387763977050781,4.5344672203063965,4.317746162414551,4.4894561767578125,1490027,0.024344060340421247,0.10323635395535624,0.21415702715248308,0.03576935842527296,0.05525091248244008,0.09654312270475267,0.10731919748963308,0.16074597746526872,0.05442856512197859,0.04466272063306549,0.04165024941328786,-0.8458292338275986,1.5180586358371184,0.023176314915503562,0.048273342997270756,0.7923088601244893,0
2009-02-04,NEOG,4.491123199462891,4.527799129486084,4.352755069732666,4.454446792602539,835591,-0.007798134735453988,0.08617886481359793,0.12695054484877133,0.022188174761516022,0.02991055684086031,0.0748189470393954,0.09737562745070745,0.1468106213547554,0.05580174004212224,0.041909643260343944,0.041707589964722125,-0.43921083309228626,0.8352069718343506,-0.008166421901928192,0.03929647561266465,0.5809492936414107,0
2009-02-05,NEOG,4.434442043304443,4.471117973327637,4.287738800048828,4.439443111419678,367108,-0.00336824792873891,0.12791190930510443,0.15581601516658372,0.08252034510194961,0.003088740174722186,0.05594985366513253,0.089139262925127,0.1372954244671712,0.04810850874692001,0.03989189208015062,0.03921950927154751,-0.5606606581449537,0.3684858237679419,0.0011277784366999406,0.04130679652299143,0.8272712143826676,0
2009-02-06,NEOG,4.412769794464111,4.487789154052734,4.362757205963135,4.4361090660095215,491877,-0.0007510053235235681,0.016813188674842383,0.16251639850396793,0.07689204565843233,-0.0009761084626622185,0.03981868839262091,0.08410910971144765,0.13285143657577703,0.012534920477226728,0.03958283844760153,0.0392383899655328,0.33987001100493597,0.48831324113487357,0.0052890299364108315,0.028185048254927472,0.5866649377791168,1
2009-02-09,NEOG,4.409436225891113,4.472784996032715,4.3594231605529785,4.459447860717773,530267,0.005261095784835135,0.017497164171667245,0.11737661294788548,0.12679019244546197,0.000823034063901888,0.033936232108310586,0.08317128137111165,0.1343108175161695,0.012554491057342661,0.03822010468700333,0.03786894111308724,0.07804796727637187,0.5247065534761746,0.011341956718413176,0.025420598921744114,0.8823489822787366,0
2009-02-10,NEOG,4.424438953399658,4.4361090660095215,4.3377509117126465,4.361090183258057,432492,-0.02205602140258811,-0.02859277125018267,0.07169176925182508,0.06993867944559407,-0.01557913009057336,0.004338312791240389,0.05562614869591388,0.1058224636769388,0.01027117114683925,0.039520775483256075,0.037971744733362574,-0.1843882421497095,0.42709490841607317,-0.014317921618723098,0.02255357036056388,0.23728862860688799,1
2009-02-11,NEOG,4.366092205047607,4.399433135986328,4.279403209686279,4.392765045166016,627443,0.007263060513987174,-0.013847229590654875,0.07113829669600724,0.06292861346040679,-0.005660322331424134,0.004881454059503013,0.059957000058398206,0.11032459619598287,0.011635481872594536,0.03952087676732054,0.03791001612525104,0.45076209502141085,0.6083693729992585,0.006109087684307703,0.027324458528036877,0.9444464307705753,0
2009-02-12,NEOG,4.324413776397705,4.384428977966309,4.301074981689453,4.3677592277526855,694026,-0.005692500544923873,-0.01614704409266965,0.1096994659729078,0.11489381746294591,-0.008101642170035077,-0.01061124357236826,0.04823074702505598,0.09959305829598679,0.011713510713151937,0.03625172154501256,0.03567291074427308,0.10611800593838794,0.658958501933909,0.010023428283286947,0.019083926546872194,0.8000125853803646,1
2009-02-13,NEOG,4.379427909851074,4.379427909851074,4.33441686630249,4.3694257736206055,593852,0.000381556258259641,-0.015031932578001395,0.0015285213782596507,0.1153192121762936,-0.004708743695625209,-0.01038322463732199,0.04297652651477884,0.09611156469406414,0.011783331516496047,0.011950627757190215,0.03566961408561628,-0.1443375320232959,0.5598919233563949,-0.0022838910552608867,0.010301363584278675,0.7777848402987446,0
2009-02-17,NEOG,4.296073913574219,4.322747230529785,4.217720985412598,4.221055030822754,300525,-0.033956577016047595,-0.05345792513798986,-0.036896123058738683,0.09137911382623853,-0.02794848213506862,-0.04047300652392516,0.0033285164438067315,0.05579178776653316,0.0168842548804266,0.01593582399232594,0.03656170379056515,-0.4939395674343102,0.28348343578056656,-0.01746219554426873,0.024881515249213924,0.03174487868661921,0
2009-02-18,NEOG,4.132699966430664,4.206051826477051,4.034341812133789,4.064349174499512,596251,-0.0371248077030395,-0.06804285082150208,-0.09469008840293525,0.09918839091636955,-0.051066555635844724,-0.06707998932099249,-0.03811258423151051,0.013873122824040079,0.020376650318779336,0.015797933634195082,0.036108737929483825,0.9840312785957908,0.5560218204510871,-0.016539016257254614,0.042247850017563086,0.17475604134384146,1
2009-02-19,NEOG,4.08768892288208,4.204383850097656,3.9909980297088623,4.1843791007995605,492477,0.029532385419328344,-0.04743844531265606,-0.060628783859642765,0.058624903844628484,-0.013442411916867921,-0.03353747419971278,-0.012413758502646685,0.04026782506260164,0.027371707762020858,0.020134718231027957,0.03342717019509773,-0.17404415254649463,0.4553649816759046,0.02365399611898739,0.050995814492052045,0.9062508030681393,0
2009-02-20,NEOG,4.13603401184082,4.13603401184082,4.022672176361084,4.076018810272217,773207,-0.02589638460497956,-0.06679407043015417,-0.08186258772245925,0.06119792523398604,-0.025585847855334583,-0.050596081443944306,-0.04064981127157029,0.009896533084678109,0.028172323223592092,0.021041090900907933,0.033313545192122825,0.5700367732909355,0.695366367613272,-0.014510325929813283,0.027811901945605955,0.4705872455696841,0
2009-02-23,NEOG,4.067684173583984,4.067684173583984,3.807619094848633,3.81095290184021,544664,-0.06503059008559986,-0.12781379080794686,-0.14092443509998442,-0.0013105682496721283,-0.06395864703716117,-0.09921975013964393,-0.10298412744162704,-0.05801097903772486,0.03461605806465714,0.027350055152559217,0.036641376207547385,-0.2955780276174427,0.4841377518497138,-0.06311484883979372,0.06824148328093294,0.012819125919515362,0
2009-02-24,NEOG,3.855963945388794,3.955988883972168,3.677586078643799,3.7309329509735103,1335266,-0.020997360221392425,-0.11611364369104438,-0.16336437435709916,-0.06516291834760024,-0.06100521347911815,-0.10268228188307556,-0.11912300611882548,-0.07937598984997889,0.03440222232714909,0.026463426017807854,0.035315860939831224,1.451540766417461,1.1323057437338513,-0.03242535360446086,0.07462015774250932,0.19161758182282024,0
2009-02-25,NEOG,3.704258918762207,3.7509379386901855,3.5942320823669434,3.654247045516968,517071,-0.020554082977163213,-0.10090228751889752,-0.16207945904320287,-0.1020074529695637,-0.060920191447738706,-0.10592647242976133,-0.13297994470279167,-0.09923233470639292,0.03359890070407921,0.02643804787620405,0.03511591796230044,-0.6127580571960942,0.43238388208930145,-0.013501181840158864,0.04288321352424407,0.382978432064658,0
2009-02-26,NEOG,3.690922975540161,3.7376010417938232,3.5858960151672363,3.5858960151672363,327518,-0.018704545559826036,-0.14302793107774692,-0.1836813537037889,-0.125609835645086,-0.04923986096204017,-0.10498076117854648,-0.14396587564952898,-0.11572466954259387,0.019631366374676194,0.02500385075567545,0.03511606920097005,-0.3665898880424545,0.2730681893835172,-0.028455473351500723,0.04230603062245011,0.0,0
2009-02-27,NEOG,3.567559003829956,3.6225719451904297,3.5175459384918213,3.5425519943237305,455886,-0.012087361334565783,-0.13087938029237378,-0.18893148417742422,-0.09995770112424873,-0.03338799066023131,-0.09720457289305952,-0.15032294117451117,-0.1259964337338839,0.021295431146002675,0.024682544273820266,0.03422917812547848,0.39194181693830576,0.37681591026959865,-0.007009557369444847,0.029646990888741426,0.23809394090045424,0
2009-03-02,NEOG,3.515878915786743,3.529216051101685,3.33583402633667,3.3441689014434814,667633,-0.05600005114903617,-0.12248485153708688,-0.2346433891535301,-0.23347352521185893,-0.06366700249204858,-0.1248964771459122,-0.18798585300868798,-0.17343123432770083,0.01732717368870043,0.025810672882115995,0.02377440552636934,0.4644735745339843,0.6142553184833686,-0.048838432282824626,0.057826632106274124,0.04310056799198119,1
2009-03-03,NEOG,3.3758440017700195,3.5475540161132812,3.339168071746826,3.4291911125183105,578255,0.02542401821813778,-0.0808757065378155,-0.1875985772566665,-0.21757304012329892,-0.023359433811700893,-0.0836598611397539,-0.157588540846844,-0.15114337379852458,0.028976617826731773,0.03024706695110549,0.025007220236783482,-0.13387295115729747,0.9141333837518523,0.01580259950410034,0.06076825045000824,0.4320015010857701,0
2009-03-04,NEOG,3.467534065246582,3.532550096511841,3.3558390140533447,3.3958489894866943,927968,-0.009723028532851452,-0.07071170963859075,-0.16447902390058233,-0.24359457898994297,-0.018407814727034698,-0.07606474508397494,-0.1544209049502496,-0.15725454507879524,0.028991821636083385,0.029775310264564897,0.02352555314851811,0.6047729807783764,1.5351791907887395,-0.02067321457007519,0.05203737946109529,0.2264146361207804,0
2009-03-05,NEOG,3.349170923233032,3.405850887298584,3.1107780933380127,3.115778923034668,623244,-0.08247424055636843,-0.13110170795363774,-0.2553784329820169,-0.3005239330259787,-0.07420248660884898,-0.12688030975772419,-0.2110095590950385,-0.22431395569934282,0.0423897059148521,0.03119072618793094,0.02804851191850118,-0.3283777026794027,1.04949469690655,-0.06968650019601423,0.09470273766188132,0.016947783052216947,1
2009-03-06,NEOG,3.12911605834961,3.159122943878174,3.0424270629882812,3.1507880687713623,656236,0.011236081442709267,-0.11058805239276537,-0.2269937369202334,-0.2902740299416112,-0.04148484693357769,-0.09356855064611597,-0.18891072376580784,-0.21241457842683026,0.04559896731728634,0.03366138315036824,0.0286154369346234,0.052935928785515785,1.0787892118448568,0.006925920936656775,0.03703704544476001,0.9285760984599292,0
2009-03-09,NEOG,3.1341168880462646,3.140784978866577,3.0090858936309814,3.0324249267578125,446888,-0.03756620230560448,-0.0932201643736078,-0.20428695791713058,-0.31642236887434905,-0.0596567524520365,-0.10763339631206793,-0.20501722047495785,-0.23879106036499753,0.042856562676451354,0.031040922125994352,0.028726319503010623,-0.3190132818071547,0.737367823186031,-0.03244676727798897,0.04343028711889822,0.17721484614019906,1
2009-03-10,NEOG,3.160789966583252,3.2791531085968018,3.047429084777832,3.159122943878174,730017,0.041781089451676356,-0.07875564813353475,-0.15326193598470705,-0.29158877005690675,-0.003680412866006644,-0.054438445138952615,-0.15744079873027314,-0.20424295560703776,0.04743855823252193,0.03706289483441484,0.03135270793299501,0.6335569538676358,1.1850041380841803,-0.0005274069845520744,0.07335074574036766,0.4820124269359341,0
2009-03-11,NEOG,3.159122943878174,3.2191379070281982,2.982412099838257,2.989080905914306,537466,-0.05382571080159426,-0.11978391407618916,-0.18202549836325055,-0.3146023630996684,-0.03248429335068794,-0.0871600718810675,-0.187934430806512,-0.24364493320224434,0.050153366509635366,0.03897453524193854,0.03242935088025277,-0.2637623507397773,0.8650742445633485,-0.05382571080159425,0.07919685503378211,0.028171014200823987,1
2009-03-12,NEOG,2.9874138832092285,3.1774609088897705,2.9790780544281006,3.167459011077881,502074,0.059676573093297325,0.016586570908849296,-0.11668966482003262,-0.2789373029264366,0.02183508030681679,-0.020163870653647258,-0.12490775995199867,-0.19566493401911167,0.04911943463972845,0.046280661389770834,0.03646245905347712,-0.0658497467746797,0.8163457101502343,0.06026788885215962,0.06263154590725409,0.9495828516076618,1
2009-03-13,NEOG,3.189131021499634,3.257481098175049,3.1441190242767334,3.1957991123199463,492477,0.00894726692372294,0.014285646183158196,-0.09788222799817481,-0.26832067756531075,0.027992268886945074,-0.0006776735600432689,-0.1025490539738708,-0.18503902675509315,0.04904878728894071,0.046719653081088296,0.03681662815731187,-0.019114712173902704,0.8140805316152815,0.0020908801724856528,0.035472215215687254,0.45588516746411484,1
2009-03-16,NEOG,3.2291409969329834,3.3224968910217285,3.1974658966064453,3.215804100036621,404299,0.006259776354388125,0.060472782577629225,-0.038384664527994605,-0.2640213459051548,0.022365897881958044,0.009630467984919771,-0.082062345880711,-0.17595088860208727,0.04339830204505325,0.04385860173363527,0.03696776005987061,-0.17904998609072098,0.6789565438188352,-0.004130168645168978,0.03888016512382062,0.14666926001777209,1
2009-03-17,NEOG,3.2308080196380615,3.3958489894866943,3.2007999420166016,3.3958489894866943,658035,0.05598751784911982,0.07493410348820206,-0.009723028532851452,-0.19549757947012913,0.06359642506965135,0.06727440084679251,-0.019116867093311667,-0.1255183732092308,0.04616584669919106,0.04701299852067335,0.03984236892866254,0.6275949235590492,1.0728599457468257,0.05108349640258782,0.057437491500343704,1.0,0
2009-03-18,NEOG,3.4008500576019287,3.480870008468628,3.2424769401550293,3.292490005493164,538665,-0.030436861095273215,0.10150581704848527,-0.030436861095273215,-0.18990965979230734,0.011990164036202906,0.03816233479699822,-0.03825078401129601,-0.14756045956722844,0.037828982890668085,0.04793768687820248,0.039630735506332386,-0.1814037247258884,0.8823814150241953,-0.031862637362252165,0.07240510006586673,0.20979244779191372,0
2009-03-19,NEOG,3.2541470527648926,3.2541470527648926,2.750688076019287,3.104109048843384,1676581,-0.05721534654182303,-0.020000246889679274,-0.003745411494060047,-0.25816734715785106,-0.04218118056755834,-0.02087619927949491,-0.07874240587451417,-0.19108199991947092,0.043010661782347664,0.04370751442945275,0.039854775778060056,2.112474357903335,2.5035834680384816,-0.046106706761769936,0.1621911372389441,0.7019856416279135,1
2009-03-20,NEOG,3.1274490356445312,3.2007999420166016,3.084104061126709,3.169126033782959,802599,0.02094545775181489,-0.008346293868773391,0.00582012011323485,-0.22249474762082633,-0.020506908170478722,-0.0009458872364630208,-0.04661590997146785,-0.17010807280717122,0.04418291581478049,0.04407915863286194,0.040493814631276284,-0.5212882646290278,1.1958704423400053,0.013326195779186721,0.036822732717446925,0.7285773243056606,1
2009-03-23,NEOG,3.212470054626465,3.457530975341797,3.212470054626465,3.370842933654785,957960,0.06365063986774877,0.04821152930814354,0.11159979721535929,-0.11548554377906561,0.0319485876862663,0.05142740331259496,0.02082548716259062,-0.11381082462257215,0.053066867999580464,0.04571388851335951,0.041779784351501106,0.19357238172487135,1.3847216614925348,0.04929941021558733,0.07270018969695169,0.6462592181814644,0
2009-03-24,NEOG,3.315829038619995,3.42418909072876,3.237476110458374,3.267483949661255,398300,-0.030662652051089423,-0.03780057364825362,0.034300977742276695,-0.12421799249737997,0.00823052018753259,0.015754622970528397,-0.0034826282975975544,-0.13785509567144083,0.04848433199745809,0.04613378357372283,0.04202628008273566,-0.5842206355171407,0.6175590185168475,-0.014580090950304492,0.0571427383108471,0.16071640632282427,1
2009-03-25,NEOG,3.299158096313477,3.467534065246582,3.259147882461548,3.3625071048736572,876981,0.02908144513525568,0.021265698381370157,0.12493010751916289,-0.07983585592583775,0.03308738897500857,0.0332990719188507,0.030080098473696935,-0.10942942354582352,0.04851937093078525,0.04176346021875199,0.0425691613150506,1.201810193321617,1.322838187440126,0.019201568009416477,0.06197345501010148,0.49599844399823806,1
2009-03-26,NEOG,3.415853977203369,3.5508880615234375,3.3725099563598633,3.539217948913574,437291,0.05255329982315593,0.1401719118831588,0.11736819214881788,-0.013017127673593532,0.05906405302530247,0.0753177467020206,0.08498994704272089,-0.05967087749710537,0.03661334218465915,0.04092405014742171,0.04416288596007575,-0.5013677605330105,0.6541936463519127,0.03611511865949426,0.050400429625513894,0.9345765412231412,0
2009-03-27,NEOG,3.502542018890381,3.5708930492401123,3.347503900527954,3.3975160121917725,703624,-0.04003764073509508,0.07206718065932716,0.06311939292247715,-0.04094110188484201,0.002952732754403445,0.025976608619033958,0.043870164743191595,-0.09481764917407479,0.04766971639455105,0.04412473694801685,0.045008896246174754,0.609052095744024,1.033480254568819,-0.029985652172670022,0.06575072726972891,0.22387887662466568,1
2009-03-30,NEOG,3.337501049041748,3.4425270557403564,3.2774860858917236,3.4408600330352783,470282,0.012757561903451897,0.020771391832421715,0.06998434170666501,0.028913351700047496,0.01156631678970632,0.032051535824598965,0.055619392440751536,-0.08093479703522317,0.03937411509933962,0.04416024845351428,0.043185396215948385,-0.3316288244858049,0.7009069513762402,0.030968974233942594,0.047965034399567126,0.9898993401056293,1
2009-03-31,NEOG,3.46419906616211,3.6925899982452393,3.379178047180176,3.639242887496948,671232,0.057655020127822754,0.1137752911913259,0.071673946269043,0.061254029911555596,0.04700237544107029,0.08364350408577445,0.11289530878927734,-0.026758641082363074,0.03933260485201714,0.044365671263323636,0.044668927974952546,0.42729681340132086,0.9935185331143612,0.050529377207171926,0.08612009716137045,0.8297859715719113,1
2009-04-01,NEOG,3.634242057800293,3.6942570209503174,3.492539882659912,3.684253931045532,589053,0.012368243873808193,0.09568658626937343,0.11898712673349099,0.08492867098970502,0.04068556283709562,0.0843963482964736,0.12171337102724802,-0.014651064837677249,0.039333218072347874,0.042279372533284114,0.04458662116135574,-0.12243009868421051,0.8943132262035401,0.013761293950659309,0.054751149639992704,0.9504103122344295,1
2009-04-02,NEOG,3.7426021099090576,3.879302978515625,3.6475789546966553,3.757606029510498,823594,0.01990962073674174,0.061705179999994586,0.21052642493684703,0.2059925053510252,0.04846967143660496,0.08511457555227021,0.13297642065289197,0.0060164480841299285,0.03483590476827859,0.034557478173251076,0.03961048811790971,0.398166209152657,1.2316663792857212,0.004008953973951832,0.06166799339768899,0.474819455490724,0
2009-04-03,NEOG,3.767608880996704,3.800950050354004,3.6475789546966553,3.7209300994873047,397101,-0.009760451131693326,0.09519133570967164,0.17411868755679039,0.18095219934556472,0.019830052023335806,0.05766951345653963,0.11235698136466898,-0.0031620510623250157,0.024516794138174897,0.035788815403908214,0.03985775051043539,-0.5178437433978392,0.6055898809556035,-0.012389497685081035,0.04121848343200028,0.4782592474564151,0
2009-04-06,NEOG,3.712594985961914,3.712594985961914,3.5758941173553467,3.659248113632202,407298,-0.016577034291399784,0.06346903928093739,0.0855587713974908,0.20670691015080545,-0.00893981801504477,0.03167891025876427,0.08376328450400872,-0.018862875141396795,0.02930297471981751,0.03299018218349741,0.03882726222510541,0.02567860569477287,0.6230213563683596,-0.01436916025890985,0.03735763860813387,0.6097546937814481,0
2009-04-07,NEOG,3.6292409896850586,3.6292409896850586,3.46419906616211,3.46419906616211,469083,-0.05330303969918149,-0.04809896639111999,0.06020385089305447,0.09656987958481333,-0.052785157294375495,-0.028699674294711187,0.0213810775976169,-0.06852909544752586,0.02877499194447379,0.0365759033529788,0.04053447664001171,0.1516948278655923,0.7321416935155663,-0.04547560329887901,0.04764215923243526,0.0,1
2009-04-08,NEOG,3.4958739280700684,3.5192129611968994,3.369175910949707,3.5192129611968994,224944,0.0158806968029519,-0.04479630691519587,0.04660387366798746,0.1773562081353015,-0.028978851957704343,-0.0175912126785434,0.029555160946521438,-0.05092888283164091,0.029475837143269176,0.035900925835121174,0.03809767679986954,-0.5204601317890437,0.3598679931556865,0.006676165561758572,0.04263369449405646,1.0,1
2009-04-09,NEOG,3.5775609016418457,3.677586078643799,3.5175459384918213,3.677586078643799,403099,0.045002425028872306,-0.021295460524136778,0.03909567925103308,0.16105246059437484,0.01922014773111809,0.02266937488264928,0.06791888059571892,-0.005948081533029899,0.036804637164192536,0.034857246221637134,0.037198695029754786,0.7919971192830215,0.650028728083649,0.027959042417991735,0.04351771426407953,1.0,0
2009-04-13,NEOG,3.620904922485352,3.684253931045532,3.560889959335327,3.6742520332336426,316721,-0.0009065852814479358,-0.012544730754306177,0.081452455278745,0.1497130777304616,0.020937617043003613,0.013939444361160805,0.05958996425478225,-0.005442051432312024,0.03665594352422273,0.031334040970313067,0.03725280093206016,-0.2142848282928015,0.5180791416061613,0.014733087968427976,0.03357526119448977,0.9189236721772809,0
2009-04-14,NEOG,3.6175711154937744,3.657581090927124,3.5008749961853027,3.5708930492401123,289128,-0.028130618982760924,-0.024145688307641966,0.03779084733363258,0.11041995661347892,-0.002886045405314177,-0.018106692206948945,0.02453733792466058,-0.029258123377031764,0.03814020461989936,0.03329456292609744,0.038104676074130574,-0.08712084137142784,0.4774409529531718,-0.012903150971585215,0.04388428681031722,0.44681129454579754,0
2009-04-15,NEOG,3.5625569820404053,3.6075689792633057,3.38417911529541,3.53421688079834,403099,-0.010270867241340964,0.020211833471163843,-0.028859301218788436,0.040746185045337,-0.01697117638567361,-0.025376960144822627,0.012005639346840043,-0.03477540723083411,0.02775771318582205,0.02762688708165337,0.03636484432587306,0.39418873301790214,0.6799551474764973,-0.00795498889840466,0.0632077406402502,0.6716408830639351,0
2009-04-16,NEOG,3.5508880615234375,3.5558888912200928,3.4308578968048096,3.53421688079834,643639,0.0,0.004263430422334347,-0.04072386243057191,0.07341764892281533,-0.01779098352427561,-0.021327666186376937,0.008515303874359,-0.029712759871741417,0.02700174744893694,0.027156222360197404,0.03553583062615707,0.5967268586625123,1.0761746183143088,-0.004694932770689826,0.035377284029903706,0.8266668954917642,1
2009-04-17,NEOG,3.5525550842285156,3.739268064498902,3.4408600330352783,3.6709179878234863,476281,0.038679320380097026,-0.0018131705628958716,-0.023070018784887014,0.18259955757395185,0.020578452134795495,0.018972767680243807,0.03912045787842428,0.012171871917317162,0.024462497289656316,0.029523710179125678,0.033214187242140855,-0.2600184264781966,0.885172984067273,0.033317682847604536,0.081289757072604,0.7709509481357659,1
2009-04-20,NEOG,3.5958991050720215,3.7959489822387695,3.5208799839019775,3.732599973678589,614846,0.01680287766158295,0.01588022267312872,0.003136278801069592,0.17780105110651467,0.03437124820831057,0.03575892680758892,0.04822102518999085,0.0332066260656807,0.025577816647340504,0.02993390231676087,0.033148241727879696,0.2909311939800243,1.1629881186613094,0.03801576868876843,0.07369367204536072,0.7696977524067735,1
2009-04-21,NEOG,3.709260940551758,3.954322099685669,3.6409099102020264,3.8943068981170654,1131317,0.04332286491421411,0.09056945823280138,0.06423690801647819,0.15529171034223244,0.060179696483896004,0.07362807639511315,0.08565321217479077,0.0812111721578862,0.023415417457715332,0.032009784845713825,0.031653742531767275,0.8400005855124697,2.1053804008648807,0.04988755456438224,0.08047958152326935,0.808510314587698,0
2009-04-22,NEOG,3.857630968093872,3.91431188583374,3.7692759037017822,3.780945062637329,624444,-0.029109630659706842,0.069811273659939,0.0914341209687275,0.1571426580471207,0.01567392236499921,0.03335149609579015,0.046559889785430415,0.053707436825355996,0.029711854064100787,0.027577560864313178,0.03155638858215648,-0.4480379946557861,1.1381404470969212,-0.01987901540888835,0.03835971687744925,0.08045699256154218,0
2009-04-23,NEOG,3.7726099491119385,3.8192880153656006,3.672585010528565,3.714262008666992,984354,-0.01763661012408979,0.05094342932004281,0.05542405350875823,0.1046109027646358,-0.011798090292373956,0.009743946142371195,0.023121299173536974,0.03886901985433822,0.03267909717149522,0.0286803018430363,0.031626866123379845,0.5763687376289948,1.7767433213331973,-0.015466200119278493,0.0394972149231028,0.2840909644947217,1
2009-04-24,NEOG,3.754271984100342,3.834291934967041,3.724263906478882,3.784279108047486,554861,0.018850877837135238,0.030880864296075394,0.029011701459081163,0.0692416128848854,0.0007935140800988222,0.02580315087143137,0.03890153684171124,0.062067718613535855,0.029433076873315877,0.02574846575559296,0.029832565013493118,-0.43631965735903955,0.991000178603322,0.007992794361790168,0.0290750299718058,0.5454537574947331,1
2009-04-27,NEOG,3.784279108047486,3.9276490211486816,3.7376010417938232,3.790947914123535,756411,0.0017622394875334013,0.01563198329754112,0.03176044534625744,0.11579986687920152,-0.0005273692363721834,0.024370500228174573,0.03514208605987337,0.0673952115961091,0.02887323535375143,0.025715440423774945,0.028010159244977812,0.3632441278085863,1.3446366018661629,0.0017622394875335076,0.05013204709218416,0.28070212854040616,1
2009-04-28,NEOG,3.7492709159851074,3.985996007919311,3.7492709159851074,3.8993079662323,1016746,0.02858389367605363,0.001284199793717411,0.09196996730609852,0.13323643763347492,0.027770423540591692,0.04438287312990675,0.05810767136137508,0.10081979669899746,0.02414911706361378,0.024191096004809724,0.028435460966588406,0.34417135657731057,1.7236998687236542,0.0400176603956534,0.06070951409435323,0.6338029020129995,1
2009-04-29,NEOG,3.91431188583374,3.985996007919311,3.8442940711975098,3.91431188583374,412697,0.0038478416507166102,0.03527340942197754,0.10754716471999326,0.07558412747932386,0.024522215160689243,0.03783591982215158,0.058229676747746185,0.10697279056620318,0.01768196280952041,0.02333177485537956,0.025777566638338953,-0.5941001980829037,0.7153256913507533,0.0,0.03620098266431805,0.4941203787051525,0
2009-04-30,NEOG,3.92931604385376,3.9959990978240967,3.777611017227173,3.779278039932251,420495,-0.03449746720239355,0.01750442782807138,0.06933959272996137,0.025791954264062555,-0.01417638479114807,-0.004435493008217632,0.020412730499413802,0.07051109320109637,0.02403944720805861,0.02727549835612844,0.027071229935422134,0.018895218525940338,0.7396467137923677,-0.03818425452343006,0.0577856612531315,0.007633304439150817,0
2009-05-01,NEOG,3.7826120853424072,3.8693010807037354,3.699258089065552,3.7209300994873047,284329,-0.015438911831422764,-0.01674004658521777,0.01362387060394954,-0.009760451131693326,-0.02617803059525922,-0.02109558805717845,0.0051563501508823184,0.05675809959462669,0.023525629294776494,0.025623738539794827,0.02696818458363963,-0.32382311323559143,0.5250333467425077,-0.016306717279871166,0.04569905563708731,0.12745018311525658,0
2009-05-04,NEOG,3.767608880996704,3.807619094848633,3.5975658893585205,3.6759190559387207,541665,-0.012096718386294336,-0.03034303313856246,-0.015185371628239963,-0.012096718386294336,-0.032130589533759565,-0.031492915367499236,-0.006398678592490576,0.046352732130659685,0.02361865032729839,0.025352970874420937,0.02701704218989987,0.905064203792086,0.9870477375110668,-0.02433634380693127,0.057143044309083936,0.3730158099581511,0
2009-05-05,NEOG,3.669250965118408,3.7476038932800297,3.604233980178833,3.635909080505371,431892,-0.010884346152484126,-0.06755016223595123,-0.0663527103466427,-0.006378095281345808,-0.029199647173545316,-0.03546785378798054,-0.01690328390721201,0.03599626477147157,0.013728790298518619,0.01999487299600823,0.02686567091690824,-0.20265846971836832,0.7852545410925822,-0.009086836776770094,0.03943165517254054,0.22093268832617916,0
2009-05-06,NEOG,3.657581090927124,3.659248113632202,3.5758941173553467,3.627573966979981,302324,-0.002292442781388737,-0.07325372305959832,-0.040564222202786215,0.047160944766049484,-0.01636370855836431,-0.03374767426153066,-0.02131859964847694,0.034230475734811444,0.011907820136713394,0.018383050770094785,0.023780930978812016,-0.3000009261574653,0.5581387448985959,-0.008204089861897471,0.022977890192063855,0.6200044620894073,0
2009-05-07,NEOG,3.650913000106811,3.66758394241333,3.6008999347686768,3.609236001968384,395301,-0.005055159502885043,-0.04499325960333822,-0.028276413040743242,0.025580447038609178,-0.01222733851904474,-0.0359352563494544,-0.02744702316350013,0.02926644234089323,0.005362724721393242,0.017764686615084745,0.02362460571676172,0.3075409163678702,0.7184907479327994,-0.01141550021520863,0.01847593441057487,0.12500849145312898,1
2009-05-08,NEOG,3.6625819206237793,3.66758394241333,3.5925650596618652,3.6459109783172607,292727,0.01016142372759088,-0.020161389535476748,-0.03656393352064791,-0.008613013985037443,0.0019239722685916393,-0.02252628449407191,-0.017145054886327064,0.039369482570495606,0.008909552622710546,0.01677729738040897,0.0214329301279863,-0.2594832798298006,0.5374452517823608,-0.004551691311707044,0.020576169631571523,0.7110998817741505,1
2009-05-11,NEOG,3.5758941173553467,3.704258918762207,3.5758941173553467,3.6642489433288574,347313,0.005029734713945411,-0.003174746895204139,-0.03342144858351881,-0.002722483328390979,0.007609672030724825,-0.014261477921183575,-0.012068352116649339,0.04387293077209787,0.008306359090751309,0.016924313140596302,0.021463936830534654,0.18647408677709953,0.635879101076734,0.02470845698274088,0.035031681360122024,0.6883103857533697,0
2009-05-12,NEOG,3.6925899982452393,3.777611017227173,3.6225719451904297,3.650913000106811,370107,-0.003639475218059518,0.004126593726418104,-0.0637023205852345,0.02240894637931734,0.0031147639631050254,-0.011241968742463629,-0.01672458733560107,0.038259207177904646,0.006501415529023943,0.012736193429965511,0.020444078353251297,0.06562956180736101,0.6726253738352406,-0.011286657375509754,0.04246583581482422,0.18279943593615397,0
2009-05-13,NEOG,3.615904092788696,3.682586908340454,3.569226026535034,3.5725600719451904,632842,-0.021461187423345462,-0.015165478508654795,-0.08730827380551387,0.010849133610099537,-0.01543684386452037,-0.023423194296689386,-0.038323392991854686,0.015149143429838524,0.012074223728666024,0.012966970525412836,0.02092506132569891,0.7098893022828534,1.126595529823916,-0.011987049360614314,0.031730993887444166,0.02941089868971754,1
2009-05-14,NEOG,3.5958991050720215,3.705925941467285,3.474201917648315,3.6442439556121826,464284,0.0200651303892454,0.009699546836146489,-0.03573012699602518,0.031131953279841973,0.0023843724364221975,-0.00013733741959309463,-0.02047777872582351,0.03405852785933184,0.015687281614615134,0.012526145845015485,0.021363802563358597,-0.2663508427063943,0.8399350316899611,0.013444440215792107,0.06358630943521555,0.7338127275776535,0
2009-05-15,NEOG,3.669250965118408,3.682586908340454,3.584228992462158,3.620904922485352,304724,-0.006404355309662546,-0.006858657817106151,-0.026881767280641733,-0.013624130395728962,-0.00266328567725358,-0.003806893375690313,-0.026096386605203938,0.02449921814622838,0.015285072696415014,0.011883602401320772,0.019564865334498825,-0.3436689612392415,0.5599650632842075,-0.013175997797004341,0.027163904599512113,0.3728823419619333,1
2009-05-18,NEOG,3.6492459774017334,3.6742520332336426,3.584228992462158,3.665915966033935,286728,0.012430882476109906,0.0004549425355262482,-0.0027212486870800134,-0.017865297142713787,0.009641771924702495,0.008854310532145212,-0.013104867974339485,0.03421988948800625,0.01636905613423965,0.01224469013825608,0.019384907979519427,-0.05905672017957231,0.5432738250482375,0.00456806385084262,0.024556766059446285,0.907400737319373,0
2009-05-19,NEOG,3.627573966979981,3.702591896057129,3.584228992462158,3.604233980178833,208748,-0.01682580463562411,-0.012785574437575553,-0.008711741582420274,-0.07448640426322983,-0.004787368614809256,-0.007255105451752226,-0.025906823557672574,0.013548246859463632,0.01811144040469685,0.012944603304256416,0.016667142200359076,-0.2719650679389526,0.4334022077460461,-0.006434048489045381,0.03283996106964671,0.16901399939570955,0
2009-05-20,NEOG,3.615904092788696,3.690922975540161,3.584228992462158,3.589231014251709,380905,-0.004162594884136728,0.0046663854409148,-0.01056986103585733,-0.05070532504693248,-0.00984162176300726,-0.010342310277775504,-0.02744200566161338,0.006893562811878726,0.014944717401929382,0.012982030211816147,0.015564886036711998,0.8247120930499934,0.8113465182689555,-0.007376600112315414,0.029726139848439578,0.04688194821533518,1
2009-05-21,NEOG,3.567559003829956,3.680919885635376,3.5208799839019775,3.5958991050720215,274731,0.0018578048595467855,-0.01326608512739913,-0.003695213305278111,-0.0318671389683276,-0.005348997187504678,-0.008138974527102334,-0.024070168414142015,0.00534135274271691,0.010782921980994795,0.012925212994768235,0.015171411637557244,-0.2787414184639214,0.6330331354415928,0.007943835325958418,0.044506226970512576,0.46875260705304683,1
2009-05-22,NEOG,3.604233980178833,3.669250965118408,3.5092110633850098,3.6225719451904297,363509,0.007417571889263064,0.0004603884224425592,-0.006401427041315966,-0.042731299209187945,0.0019364975000595542,-0.00013809970930620734,-0.014668955353836596,0.010227707754315448,0.011328398872500093,0.01270583912000983,0.014567264889518945,0.32314518565433104,0.8564762728960362,0.005087895267744742,0.04417852955160164,0.7083288640995388,1
2009-05-26,NEOG,3.604233980178833,3.767608880996704,3.58256196975708,3.66758394241333,702424,0.01242542533424662,0.0004549958031905277,0.0009101453356612499,-0.03254172162339686,0.014292399640289631,0.012192438451763756,-0.0007493196887350393,0.020096001887670963,0.011326919271019227,0.013270636579230182,0.014906481058217035,0.9323428030667742,1.665599026663257,0.017576539864749236,0.05045471736847559,0.45946172290415555,0
2009-05-27,NEOG,3.657581090927124,3.7309329509735103,3.635909080505371,3.637576103210449,493077,-0.008181909309793567,0.009250820899802337,-0.0036530305969962873,-0.06712264465603335,0.004141720146608864,0.004280423509065238,-0.0053787716514859495,0.009381438026915186,0.008361007422115294,0.013491438274615544,0.013159807242199837,-0.29803508991720096,1.2465885340360332,-0.0054694584260342235,0.02612285427768043,0.017543199375751224,0
2009-05-28,NEOG,3.679253101348877,3.705925941467285,3.587563991546631,3.5958991050720215,626843,-0.011457354280957732,0.0018578048595467855,0.006532859534010171,-0.08134578696043204,-0.007728383354593728,-0.00786526091418044,-0.012475632998588065,-0.0032899777110588324,0.010127038378118871,0.01203943125234658,0.013162065677467954,0.27128825720932026,1.5430042309089709,-0.022655140589892136,0.032915815061024534,0.07042054926416971,1
2009-05-29,NEOG,3.605901002883911,3.6742520332336426,3.587563991546631,3.6742520332336426,949563,0.021789523530041155,0.021789523530041155,0.008234376728607051,-0.027789965593664312,0.009527318964418703,0.012914245341380082,0.010499333127079812,0.01627707781710406,0.014014892419163223,0.012355550636052488,0.012322621973679563,0.5148338579197662,2.1944974576024414,0.018955326365051612,0.023593384695148184,1.0,1
2009-06-01,NEOG,3.732599973678589,3.732599973678589,3.6409099102020264,3.6859209537506104,623244,0.0031758628453961713,0.017487301706812675,0.01795574108050091,-0.009408708253218268,0.009220222918341783,0.014313112212045747,0.014196788823879427,0.016233868607522208,0.013914486607177678,0.012095898700343853,0.011897009064860239,-0.3436517640219764,1.3860722692695646,-0.012505765487099585,0.024875754153995962,0.49090426859710434,1
2009-06-02,NEOG,3.654247045516968,4.000999927520752,3.654247045516968,3.9493210315704346,795401,0.07146113037280455,0.07681817064879959,0.07730811839724416,0.07437649509447519,0.06491063627895136,0.07838683725157265,0.08260036028309178,0.08419078912765804,0.033950407774489925,0.025171534721670028,0.019692709214029415,0.2762272881888954,1.7204021288922184,0.08074823140801694,0.08780063186352277,0.8509633268174149,1
2009-06-03,NEOG,3.934317111968994,4.0476789474487305,3.909311056137085,4.0476789474487305,379705,0.02490501913924792,0.11274069121917019,0.12303445606156083,0.11325087009219859,0.06781605965239607,0.09202129579679381,0.10333555668121307,0.10707847869070296,0.031339377719343246,0.024080043970280674,0.01991557168989689,-0.5226244372335463,0.8259394203056175,0.02881359896864097,0.03418450255271836,1.0,0
2009-06-04,NEOG,4.079352855682373,4.079352855682373,3.952655076980591,4.014337062835693,445089,-0.008237284884971552,0.1163653221452916,0.11843931106580263,0.10661756297079705,0.03614458987951776,0.07074571370392477,0.08850922383296511,0.09349177615159976,0.03050251429503964,0.024414630093134836,0.020082632446116275,0.17219683701821142,0.9533605397297817,-0.015937771295296343,0.03156132051658961,0.4868434670846749,1
2009-06-05,NEOG,4.046011924743652,4.166041851043701,3.9909980297088623,4.166041851043701,391702,0.03779074498065316,0.13384760037194376,0.15855359933972912,0.154272496664571,0.04867818620441602,0.09456446839708997,0.12118095174554441,0.12986952512696118,0.031224606899798082,0.025457287963873282,0.021179165872668375,-0.1199467971574224,0.8393315123982367,0.02966623147252679,0.04201681778376419,1.0,1
2009-06-08,NEOG,4.156039237976074,4.332749843597412,4.124363899230957,4.256063938140869,324519,0.021608541228316014,0.15468128360433497,0.17487354358593366,0.16735267631389594,0.04144562747783596,0.09990946857195283,0.1360804370660136,0.14981352960767014,0.02888323214751618,0.025376307429030763,0.02141092815213159,-0.1715155909339242,0.6930125574211106,0.024067313718025767,0.04896212730711045,0.6320005857895689,1
2009-06-09,NEOG,4.287738800048828,4.371092796325684,4.167708873748779,4.259397983551025,399500,0.000783363562816275,0.07851399000027337,0.16136346173123228,0.16242047126893433,0.026681592156224062,0.08418901533357201,0.1280103647685659,0.14538032812964885,0.018725648548795742,0.025848105034904787,0.02146270893503768,0.23105272726712456,0.848407430944785,-0.006609734832140427,0.047749452707244976,0.4508178849170158,0
2009-06-10,NEOG,4.331082820892334,4.331082820892334,4.1176958084106445,4.164373874664307,552462,-0.022309281558962946,0.0288300847796068,0.144821099684737,0.14063903317950155,-0.0018382043256364763,0.04597590687215685,0.09539770316769529,0.11548718428345146,0.02390387279098523,0.027604392087151926,0.02237169088207419,0.3828836045056321,1.1509625,-0.038491285695081735,0.0512410794285109,0.21874839387269415,1
2009-06-11,NEOG,4.186047077178955,4.324413776397705,4.186047077178955,4.232725143432617,308923,0.016413336272267376,0.05440202882282552,0.1770978605774427,0.18478767555837883,0.004033613004346887,0.04640626400778922,0.10379315289148972,0.13020262279763817,0.022767166672499742,0.02612113188629254,0.021433880954539835,-0.44082488931365416,0.6660636102681725,0.011150869876293702,0.03268974349384251,0.3373504355977062,1
2009-06-12,NEOG,4.226057052612305,4.432775020599365,4.222722053527832,4.432775020599365,645439,0.04726266657714362,0.06402556169445117,0.20644282986166318,0.21637713462427088,0.038347447148531784,0.0756907948509092,0.14419729722831304,0.17890653107856877,0.025765148630325998,0.027853119093911808,0.022996861636816843,1.0893199923605557,1.3649632937149925,0.048915091635897204,0.04738633612024178,1.0,0
2009-06-15,NEOG,4.434442043304443,4.4677839279174805,4.206051826477051,4.227724075317383,501475,-0.04625791842110161,-0.006658702321061916,0.14699260466111208,0.16758770689165625,-0.008367770025447417,0.012617875119123049,0.0827890627909313,0.12156819891003118,0.03583955607651469,0.034599625387839325,0.02602796074434669,-0.223048188907085,1.03889719346007,-0.04661645500569427,0.06190851076788425,0.08280317439496294,0
2009-06-16,NEOG,4.086021900177002,4.317746162414551,4.086021900177002,4.219388008117676,644239,-0.00197176235988894,-0.00939334046451179,0.06838314089646191,0.15097783124650532,-0.008462010573748263,0.004125942139219529,0.07304865531327936,0.11640417120446078,0.03582989018999826,0.028359823237723354,0.026100809918610624,0.28468816989879864,1.2869982094587642,0.032639596947558344,0.054918927055709214,0.5755379546918374,1
2009-06-17,NEOG,4.242726802825928,4.332749843597412,4.199382781982422,4.321080207824707,308923,0.024101172850514274,0.03763022674639949,0.0675451941533809,0.1988900364371755,0.008011152730214523,0.02167912529649347,0.08898408426623501,0.1393206110425097,0.035053194522481644,0.02830451461933801,0.02570498743870273,-0.5204838576987733,0.6110225281217064,0.01846769981668179,0.03086428744680236,0.9124998659234655,1
2009-06-18,NEOG,4.302742004394531,4.424438953399658,4.231058120727539,4.416103839874268,286128,0.021990712386567024,0.043324026537885585,0.10008297030114588,0.23037603941883544,0.021438984235418745,0.034321145935018095,0.10145524366586349,0.15855947045504915,0.03547763268006111,0.02811962366335567,0.02564276915794668,-0.07378861399118875,0.5712907471536093,0.026346417090301062,0.0437899197310598,0.9568979334186498,1
2009-06-19,NEOG,4.299407958984375,4.747854232788086,4.179378032684326,4.649496078491211,2571557,0.05285026056443187,0.048890606196960285,0.11604641641475388,0.2929995927675193,0.06474771625826868,0.07679248644953941,0.14462783633309254,0.21259824398358884,0.037036941178818734,0.03010967326135001,0.02720200842231271,7.9874356931163675,4.176733890857696,0.081427052944642,0.12226619627308809,0.8269792925738625,0
2009-06-22,NEOG,4.634491920471191,4.707843780517578,4.496123790740967,4.607819080352783,665834,-0.008963766703928955,0.0899053481882841,0.08264799291656488,0.27197448389408363,0.03714830183159724,0.05851724792791179,0.12077538339331949,0.19592600297729265,0.02445818905893646,0.030512682905321418,0.02763099884285349,-0.7410774872966066,1.0555350657777354,-0.005755288945610323,0.04594798235012336,0.5275613782603505,0
2009-06-23,NEOG,4.617821216583252,4.697841167449951,4.504458904266357,4.562807083129883,572257,-0.009768612099990248,0.08139073115615436,0.07123285984323724,0.24409070242778985,0.01138119608253481,0.04092180621151256,0.09787396246513379,0.17880638598060744,0.02620430096991891,0.030983780077836084,0.028074527996943075,-0.14054103575365628,0.9166466440491179,-0.011913439449713984,0.04238230099593475,0.3017245630646625,1
2009-06-24,NEOG,4.832874774932861,4.832874774932861,4.539467811584473,4.5828118324279785,580655,0.0043843074961593675,0.060570878580157306,0.10048040122175683,0.2598531831081923,0.004164121564666134,0.03559979105369045,0.09028879629277525,0.17781629675475558,0.02617183739851307,0.029247292528948823,0.02775319115880101,0.014675224593146075,0.9236202164909605,-0.05174206950320924,0.06402334943630913,0.14772662635153475,1
2009-06-25,NEOG,4.5378007888793945,4.791197776794434,4.527799129486084,4.789531230926514,562059,0.045107546645443364,0.08456037371233505,0.1315478961249874,0.331942607669629,0.03256190488428573,0.06886426631885106,0.12351652195537113,0.223052950965113,0.030102824895175483,0.03128272230161789,0.0281190862539759,-0.03202590178333087,0.8986707943623762,0.05547410601717572,0.05499466119096509,0.9936729140982681,1
2009-06-26,NEOG,4.781195163726807,4.997916221618652,4.65949821472168,4.922896862030029,1749762,0.02784523676186912,0.05880223983919097,0.11056772318762831,0.3398364667155065,0.04894846910542518,0.08674039649298251,0.1381329184516535,0.2482561970965646,0.024073546512430398,0.02946054116322992,0.028230627658609335,2.1131286928952298,2.629466822622772,0.02963729641874108,0.06874367194388488,0.7783233809675447,0
2009-06-29,NEOG,4.917895793914795,4.974576950073242,4.784529209136963,4.846211910247803,589653,-0.015577200565320082,0.05173658638454359,0.14629333038580317,0.31478997272487286,0.022223881129641045,0.05540234489570291,0.10557548221384594,0.22153131172150795,0.025625799910251813,0.023919422589313125,0.028950085296285556,-0.6630095978767399,0.8883472305899038,-0.014576129033821928,0.03921573064817992,0.3245642426842701,0
2009-06-30,NEOG,4.862882137298584,4.941235065460205,4.7345170974731445,4.831208229064941,559660,-0.0030959606102107795,0.05882368924327763,0.14500212347624486,0.22330096501266894,0.007649592499644712,0.038300391681068205,0.09117616333106808,0.21104240467649416,0.02446023786803582,0.02400531611006405,0.02581521267676235,-0.05086550903667075,0.8584044484387908,-0.006513402410208936,0.042788047665473915,0.46774420498294195,1
2009-07-01,NEOG,4.874551773071289,5.00124979019165,4.862882137298584,4.999582767486572,503874,0.03485143476298047,0.09094218796188014,0.15702151476689052,0.23517275762145884,0.024948627857824607,0.05904361706603116,0.11719553971224322,0.24634272851486919,0.025923134287182712,0.024742923231896655,0.02620139903952179,-0.09967837615695241,0.7655501374612477,0.02564974180928751,0.027675840030672725,0.9879522224289918,0
2009-07-02,NEOG,4.874551773071289,4.947904109954834,4.772860050201416,4.871218204498291,532667,-0.02567505509120982,0.01705531703067642,0.1030578947249079,0.21345520524310535,-0.004700518830466077,0.021999998619417066,0.07818907642685423,0.20777748934278192,0.0266180819969245,0.02765805668956329,0.02714624746371907,0.057143254067485216,0.8039475106117986,-0.0006838718159511267,0.03593434997261564,0.5619051251178172,0
2009-07-06,NEOG,4.869551181793213,4.936233997344971,4.75452184677124,4.77786111831665,329318,-0.019165038859361827,-0.029461462991847265,0.027608376834483694,0.14685864644390767,-0.017955075293599087,-0.0002790665746887714,0.05041323082967085,0.17841517928061745,0.024130187699759387,0.0245147374478947,0.02707235316196827,-0.3817563318170639,0.49938645394643866,-0.01882926373571817,0.03803211229332505,0.1284408966143414,0
2009-07-07,NEOG,4.79453182220459,4.851212978363037,4.687839031219482,4.687839031219482,892577,-0.018841503523837178,-0.03267972634325478,0.01736612255630754,0.10144939064689451,-0.030144114360216055,-0.020754900896554494,0.025753343600176067,0.1510815870649443,0.024504394659555,0.025238420762226686,0.02744923727314059,1.7103802403755641,1.297636789285309,-0.022253015506329177,0.034850588097316774,0.0,0
2009-07-08,NEOG,4.6895060539245605,4.759522914886475,4.6111531257629395,4.652830123901367,572857,-0.007468026757097901,-0.036922048627595294,0.019729749500987603,0.09236801582517074,-0.03022929728622209,-0.02989221322850824,0.01372951828770506,0.13766993175185027,0.024435586960418813,0.025129409496693653,0.0275807809772288,-0.3581987884518647,0.8224607060326473,-0.00782085140768716,0.031888073532142645,0.28089949028455363,1
2009-07-09,NEOG,4.6895060539245605,4.88288688659668,4.626156806945801,4.699508190155029,334116,0.010032187939525095,-0.06001992391905109,0.025463920840324894,0.1285029470447967,-0.008092939343846688,-0.02253817270934086,0.017965128240680483,0.1446042293691652,0.01406109382457628,0.025246240593079648,0.026846918750235392,-0.4167549667718121,0.48733468188713613,0.0021328762806688667,0.05462913761671938,0.28571402037882476,0
2009-07-10,NEOG,4.6895060539245605,4.799532890319824,4.62115478515625,4.697841167449951,242939,-0.00035472280026460634,-0.03559213111993953,-0.019143849169311222,0.10988571387371926,-0.0011342885833415838,-0.021017900269275407,0.012503584312739778,0.13984775385143564,0.01247554092325459,0.02041192407730687,0.026779583193442796,-0.27289025368434916,0.356059205382622,0.0017773969005573887,0.03797022904893146,0.42990916527215667,1
2009-07-13,NEOG,4.699508190155029,4.789531230926514,4.554471969604492,4.744519233703613,387503,0.00993606735303909,-0.0069784122617578825,-0.03623428101901349,0.07032710021500166,0.010222848342919245,-0.00760171783225872,0.019140149861664006,0.14580643177326477,0.012260734673843986,0.01819223286280094,0.024959409271358004,0.5950629581911508,0.5788787958936225,0.009577820003139337,0.04954332562343354,0.8085078759724519,1
2009-07-14,NEOG,4.741185188293457,4.849545955657959,4.741185188293457,4.812870025634766,155961,0.01440626300882264,0.02667134975894392,-0.006879988995638464,0.13840684488697508,0.01934893814536689,0.007397595137816365,0.027365594854218907,0.15621523388316155,0.008969512394774531,0.01845606322223801,0.02209017400879302,-0.59752311595007,0.2391574217259385,0.015119602903996847,0.022514791961416064,0.6615386646365881,1
2009-07-15,NEOG,4.851212978363037,4.99124813079834,4.8028669357299805,4.971242904663086,420495,0.03290612008734484,0.06843421579611242,0.028985435725101816,0.17819050893137045,0.03887961715881683,0.03750609514624038,0.05272448785356534,0.18687513406126863,0.012186402003610314,0.021207825605073196,0.022734281005114904,1.6961548079327526,0.6560601054935351,0.02474225040941224,0.03789418434807431,0.8938045481238482,1
2009-07-16,NEOG,4.936233997344971,5.0029168128967285,4.821205139160156,5.0029168128967285,485279,0.006371426389954138,0.06456178188545514,0.0006668647295606789,0.1577930916064314,0.03240667286537767,0.044043842155836135,0.051838221876114435,0.18669119944601734,0.012542961641104888,0.01815753245239156,0.02243661973173243,0.1540660412133319,0.7468616563208845,0.013508844108205605,0.036321146349695105,1.0,0
2009-07-17,NEOG,5.00124979019165,5.00124979019165,4.877885818481445,4.911228179931641,282529,-0.018327035286441085,0.04542235568971331,0.008213546130288796,0.11211791162761009,0.004637924001065939,0.02405457301581087,0.027214626328497978,0.15789151142144,0.018406965970628086,0.01711198409587616,0.02288133940024066,-0.41780089391875597,0.4349426458055204,-0.01799982285159168,0.025118761985911675,0.2702763293688373,0
2009-07-20,NEOG,4.936233997344971,4.971242904663086,4.7578558921813965,4.8345417976379395,540465,-0.015614502011341846,0.01897401180183511,0.011863191063464562,0.039799091347287874,-0.014677930634622513,0.006874480668001547,0.009222160505207007,0.13326399411920617,0.02140496239511865,0.0166796293972046,0.02042562410896885,0.9129540684319133,0.9862086080328746,-0.020601170803841138,0.044138001368805226,0.359374755589323,1
2009-07-21,NEOG,4.876218795776367,4.917895793914795,4.772860050201416,4.841209888458252,574656,0.0013792601448952002,0.005888349918560021,0.032716749917684806,0.050651035562707,-0.014457396819391302,0.005052877036079648,0.008158222153083676,0.12850315887645375,0.02059116375429952,0.015118573493656796,0.0202597043795995,0.06326219089117702,1.0573945914734755,-0.007179519374405203,0.029958573797668475,0.47126202484202495,1
2009-07-22,NEOG,4.907894134521484,4.994582176208496,4.752854824066162,4.902892112731934,398300,0.01274107623813947,-0.013749236004347853,0.05374406160801137,0.07453416798169066,0.0008848225568563318,0.012601534696333766,0.017400574585719367,0.13631966425099248,0.013677957312727222,0.014863844262309649,0.020157514783992282,-0.30688968704755537,0.7448114012430664,-0.001019178827507141,0.04930301270848104,0.6206880906775766,1
2009-07-23,NEOG,4.859548091888428,5.0029168128967285,4.859548091888428,4.9579057693481445,725819,0.011220654126439022,-0.00899696021979668,0.0549839618823158,0.08184798997549958,0.013978820576412655,0.018527984270119476,0.024828056273689288,0.14215041490878508,0.014620529023599848,0.014910141657345824,0.02022593261024672,0.8222922420286216,1.3390890392490598,0.02024008726735223,0.028917193605144016,0.6860469757139152,0
2009-07-24,NEOG,4.911228179931641,4.956239223480225,4.836208820343018,4.922896862030029,371307,-0.007061228862911273,0.002375919356805589,0.047906194900633636,0.02784523676186912,0.006338568633850276,0.006681598694231591,0.016190821124419184,0.12707331015400328,0.012066413775544585,0.015345538709631817,0.01789309183406719,-0.48843031113817637,0.6973073607357628,0.00237591935680559,0.02438206740892612,0.7222173667776356,0
2009-07-27,NEOG,4.917895793914795,4.917895793914795,4.81787109375,4.844543933868408,213547,-0.015916020659695662,0.0020688902173429113,0.021082157166578686,-0.015916020659695662,-0.010083140877688126,-0.011362926559071456,0.0008264610736262235,0.10307224023900827,0.012167617614823963,0.016516303961372502,0.017166085433735906,-0.4248775272214098,0.4686377012092581,-0.014915293678477153,0.02064687647180121,0.2666625350984664,1
2009-07-28,NEOG,4.8028669357299805,4.947904109954834,4.789531230926514,4.917895793914795,412097,0.015141128049965813,0.01584023564839998,0.02182185841725026,0.01479173527583666,0.0017658380275841772,0.0014597406401748309,0.01522837392998327,0.11319907320814786,0.013862408481428428,0.016578114836289976,0.017135599169069118,0.9297719003310747,0.9223334108478032,0.02395004061617447,0.03220338243528553,0.8105211181096672,0
2009-07-29,NEOG,4.9012250900268555,4.962906837463379,4.812870025634766,4.877885818481445,223744,-0.008135588290190343,-0.005100315013163659,-0.01877942558269896,0.009661680309221099,-0.005370841189748833,-0.004795755961150749,0.006483974287327149,0.09811744582787486,0.013416508443336165,0.012805917170786725,0.017233812891411106,-0.457059866973067,0.5203318585357062,-0.004761926072912165,0.030758573983046177,0.4333322739551883,1
2009-07-30,NEOG,4.912895202636719,5.059597969055176,4.809535980224609,4.981245040893555,388703,0.021189348471524205,0.004707485908607589,-0.004331827374644215,-0.003667851387974208,0.01473887164300661,0.016741531406375944,0.02800519891885161,0.11447619963849359,0.016141297655827457,0.01459185336190733,0.01603465476423712,0.7372666976544622,0.9162252048614954,0.01391233385563629,0.05020070018191864,0.686665980191374,0
2009-07-31,NEOG,4.946237087249756,5.004583835601807,4.85788106918335,4.85788106918335,293927,-0.02476569024359332,-0.013206815959956875,-0.010862274932832316,-0.0027379465987841245,-0.007763503574050453,-0.00735789747610477,0.0026839326295061508,0.08074026490563281,0.019874009553269786,0.015582243984487258,0.015959314803105275,-0.24382626323954282,0.7128839327108116,-0.017863280006162146,0.030198920955287815,0.0,0
2009-08-03,NEOG,4.906227111816406,4.912895202636719,4.784529209136963,4.854547023773193,271732,-0.0006863168041115753,0.0020648156031475295,0.004137977697292516,0.016050258380796434,-0.0088495080689206,-0.00844449215520042,0.0012034092213421194,0.07398393818963864,0.01841694741712412,0.014715652502132057,0.015314245333229396,-0.07551194684394424,0.6636874671263653,-0.010533570270064333,0.026442424570435715,0.5454545454545454,1
2009-08-04,NEOG,4.812870025634766,4.941235065460205,4.812870025634766,4.916228771209717,371307,0.01270597382916705,-0.00033897072547584006,0.015495895546754568,0.04871962080379322,0.0038123546953805665,0.0026178920819543558,0.01154233067898378,0.08143980949653333,0.017961135551818632,0.015217298547448008,0.014788697022065185,0.36644561553295163,0.9685490935967799,0.021475490720595403,0.02611046918263187,0.8051938885813946,0
2009-08-05,NEOG,4.917895793914795,4.936233997344971,4.692840099334717,4.724514007568359,244139,-0.038996306429853744,-0.03144227163579505,-0.036382221158886674,0.015406512113725235,-0.02925263862269122,-0.03296256432252265,-0.028620445893017866,0.034457495240515244,0.025289600455487442,0.019278198243947893,0.01736199908459719,-0.34248748340322155,0.6653589632305499,-0.039322058549048224,0.05151723491989926,0.13013435625369785,0
2009-08-06,NEOG,4.726181983947754,4.726181983947754,4.487789154052734,4.514461994171143,484079,-0.04446002553082229,-0.09370810769001614,-0.08944175137788168,-0.039375651344014884,-0.054271108589925676,-0.06749305136765223,-0.07003892860321717,-0.015315676255875299,0.024605278839622158,0.02234190548428999,0.019939307918187658,0.9828007815220019,1.2928548841641507,-0.04479725717200648,0.05280647620975012,0.11188608369703928,1
2009-08-07,NEOG,4.5828118324279785,4.8345417976379395,4.454446792602539,4.727849006652832,427093,0.04726742915483717,-0.026767238777292035,-0.039620544740960995,0.006387580621243005,-0.004143458765095573,-0.01946536225897689,-0.02638297996025836,0.026160672239151014,0.03800229584400378,0.0286167217656697,0.02276608603224313,-0.1177204547191677,1.1132821613094352,0.031648075358139384,0.08039491204151117,0.7192996762081351,0
2009-08-10,NEOG,4.6811699867248535,4.737851142883301,4.442777156829834,4.66616678237915,187153,-0.013046572381411714,-0.03880490609556908,-0.03682021546800629,-0.016514307870831524,-0.009273625405590761,-0.028664559869747242,-0.03830948645279164,0.008430669397414915,0.0380670118745775,0.028494360814314862,0.022848069567177942,-0.5617980158888112,0.500922603545988,-0.003205011650559609,0.06323691368421612,0.7570630964019941,0
2009-08-11,NEOG,4.632824897766113,4.709510803222656,4.542801856994629,4.5828118324279785,261535,-0.01786368851322362,-0.06781965492213982,-0.06813563676998524,-0.047800624571498807,-0.012997373080725062,-0.039315132666401915,-0.05324432058577402,-0.013408282163494519,0.03647081198924811,0.028018364931182912,0.022873176175415493,0.3974395280866456,0.6902566487364715,-0.010795371386095426,0.03637700004359655,0.23999897029295167,1
2009-08-12,NEOG,4.599483013153076,4.671167850494385,4.567809104919434,4.622821807861328,498475,0.008730442552809858,-0.02152437256914197,-0.052289869035827996,-0.07008732091423953,-1.0314849432595605e-07,-0.02571859077654355,-0.04152920006370062,-0.007672487547040724,0.03428334392995392,0.028425627673840746,0.021519138170481657,0.9059590494580074,1.3022006858513828,0.005074221307375271,0.022358366787831777,0.5322501026485636,1
2009-08-13,NEOG,4.657831192016602,4.709510803222656,4.594481945037842,4.672834873199463,186553,0.010818730943313648,0.035081229885821186,-0.06191427347223377,-0.06597789890216976,0.0039398485475240054,-0.008734989668368434,-0.02783313377397507,0.00037832207893148315,0.025782488087051633,0.027539661903347078,0.021648084387694944,-0.6257525452630524,0.5071331872624762,0.0032211732380033947,0.024616503965194658,0.6811588795894425,0
2009-08-14,NEOG,4.6811699867248535,4.692840099334717,4.546136856079102,4.642827033996582,352712,-0.006421763237341782,-0.017983225043060935,-0.04426910254163963,-0.05465051431163492,0.0011503130329210526,-0.010586939262358043,-0.03137175328026388,-0.008713413568229338,0.012850905340887004,0.02675269380886329,0.021371691977165132,0.8906798604150028,0.9497662892369451,-0.008190890917656646,0.03159782653572858,0.6590868461510958,1
2009-08-17,NEOG,4.626156806945801,4.747854232788086,4.599483013153076,4.687839031219482,197351,0.009694954581186188,0.004644550838211137,-0.034340586616490754,-0.030344709500729317,0.009912501330560916,0.0025671384536009654,-0.020481968044818,-0.001328146444765453,0.012675669872972525,0.02710310947292441,0.021309032556821022,-0.4404755154346889,0.5571559022160351,0.013333362194093975,0.031650237699482796,0.5955064485131301,1
2009-08-18,NEOG,4.722846984863281,4.809535980224609,4.632824897766113,4.746187210083008,241740,0.012446711261829835,0.035649593225492104,-0.03458780480731527,-0.019627878271046284,0.015335370258667779,0.01875059331733413,-0.007304698197784723,0.008994985675642794,0.007658913585163683,0.02708636801431428,0.02152551175230455,0.2249241199689893,0.7161273666322387,0.004941982091423236,0.03723221917649673,0.6415121832753178,1
2009-08-19,NEOG,4.68450403213501,4.92789888381958,4.68450403213501,4.924563884735107,295726,0.0375831518556935,0.06527227079370701,0.04234295354956741,0.004420201690120029,0.04006747030952896,0.052518942939684156,0.029770533437333203,0.04396370010710168,0.015790577717251997,0.02665809905714651,0.023011617247467378,0.22332257797633814,0.8895701876701733,0.05124552160769258,0.04942465107195224,0.986297988386399,0
2009-08-20,NEOG,4.88288688659668,4.921229839324951,4.76952600479126,4.861215114593506,197351,-0.01286383355447307,0.04031390933038903,0.07680940073702569,-0.01950231796506119,0.01858316774261911,0.03133618151488141,0.017552425430864153,0.027498597920482627,0.019628150755083586,0.021607762688010148,0.023049690744051502,-0.33265590445209414,0.6449093512362443,-0.004438311291351421,0.031206978287850743,0.6043954662324844,1
2009-08-21,NEOG,4.92789888381958,4.971242904663086,4.852880001068115,4.902892112731934,365309,0.008573370475483122,0.056014380210818615,0.037023835962778806,-0.00406361332742744,0.016240439638978206,0.036329647914951683,0.02649119612019638,0.0333801389963629,0.017928980935770757,0.016608071720455902,0.023088826260930624,0.8510623204341503,1.1949384661103617,-0.005074530074014812,0.02414144567603342,0.42253197703696244,0
2009-08-24,NEOG,4.897891044616699,4.949571132659912,4.84287691116333,4.889555931091309,103774,-0.0027200642669646946,0.043029826435689644,0.04787423149034087,0.009291276503494927,0.00507167000764558,0.028653666987687714,0.02321693882947282,0.02858872102663995,0.01899776907456275,0.01574523817219877,0.02279524750142815,-0.7159281594485765,0.3456540927637605,-0.0017017760194056985,0.02182084078804448,0.43750279324615426,1
2009-08-25,NEOG,4.9095611572265625,4.96790885925293,4.872885227203369,4.921229839324951,181155,0.006477870113364981,0.03688068369281239,0.07384505828983134,0.0006779414509516801,0.004354884871927945,0.02799825540749424,0.029809280270063385,0.03223993704018381,0.01888311361305374,0.013586108482599751,0.022587949365143994,0.7456684718715672,0.6275333165441482,0.0023767260911320173,0.01930891975218028,0.508764094560892,0
2009-08-26,NEOG,4.902892112731934,4.934566974639893,4.804533958435059,4.917895793914795,142164,-0.0006774821577147927,-0.0013540469727648663,0.06382984210026854,0.008202318980440104,0.003947699820545544,0.021008496617772498,0.028680974971222375,0.02852674754433853,0.008492769578506516,0.013794942546593766,0.022503170245448484,-0.2152355717479506,0.4995240670290714,0.003060169556637694,0.026440783142605742,0.871792709177518,0
2009-08-27,NEOG,4.874551773071289,4.917895793914795,4.7128448486328125,4.784529209136963,176356,-0.027118627633967884,-0.01577504875814484,0.02390290668692585,-0.03949129788670347,-0.020210303127205516,-0.008977929268737197,0.0028477795199995464,-0.0013014741653924792,0.014238243795415679,0.017206248869476203,0.02277341836542755,0.24051095917391185,0.6436783790733355,-0.01846786496999416,0.042857078788525085,0.34959292875032266,0
2009-08-28,NEOG,4.8028669357299805,4.849545955657959,4.7045087814331055,4.707843780517578,193152,-0.016027789834146988,-0.03978230149259243,0.014003697756758582,-0.030885335916837064,-0.02815053530712219,-0.026173270634803833,-0.01167159925063718,-0.018503794495602983,0.013426393507427175,0.018008945815559483,0.022389541692225325,0.09523917530449766,0.718189890192264,-0.01978467371342236,0.030807558828748603,0.022994098597800536,0
2009-08-31,NEOG,4.701175212860107,4.732850074768066,4.609486103057861,4.6678338050842285,326318,-0.008498577543911368,-0.0453460660092283,-0.004267472923456972,-0.03846151201638626,-0.027507573576827957,-0.034049690749884856,-0.01814669309105914,-0.02691951917302922,0.013101641271576318,0.018012196388899854,0.022445812174976713,0.6894362988734262,1.201146529216655,-0.007092143191062775,0.026428526991650048,0.4729719805344146,1
2009-09-01,NEOG,4.761189937591553,4.9862470626831055,4.741185188293457,4.88288688659668,1284879,0.046071280703742,-0.007791335495423879,0.028801998417437247,-0.006782004289200838,0.018924300192257302,0.007602540544511606,0.027448835696211465,0.016745499582622343,0.028194601559044293,0.023078450247181182,0.024701052374953448,2.937505745928818,4.048766868956016,0.02556019621151416,0.05018790729359982,0.5782282480950788,1
2009-09-02,NEOG,4.88288688659668,5.386346817016602,4.872885227203369,5.271317958831787,2746113,0.0795494717072669,0.07186450866939942,0.07041315377622137,0.11573760822541401,0.08399044090452241,0.0800287482571388,0.10283735864090071,0.09439792323556329,0.0458822804850221,0.03210146258017993,0.02875455919167728,1.1372541694587586,6.206614812902899,0.07954947170726696,0.09740668155920235,0.7759737817454753,0
2009-09-03,NEOG,5.331333160400391,5.331333160400391,4.984579086303711,5.00124979019165,1181705,-0.051233518969891256,0.04529611411731338,0.028806516950413474,0.10782852899172157,0.019367908723157294,0.021763492711217646,0.041034009369442084,0.036527132498784635,0.052219367802933805,0.03673494528968255,0.029411019325475445,-0.5696808543566853,2.475652624061264,-0.061913851616046914,0.06933348435759533,0.048076447065165374,0
2009-09-04,NEOG,5.00124979019165,5.009585857391357,4.924563884735107,5.00124979019165,503874,0.0,0.06232280070300367,0.020061154762981426,0.05782773162892907,0.00731980262320059,0.019714413918409383,0.038080168975259614,0.03561828552744562,0.05069397805880969,0.03670184784036721,0.027732442832601813,-0.5736042413292657,1.0471855306781026,0.0,0.017000145208302408,0.9019539662598708,0
2009-09-08,NEOG,5.00124979019165,5.00124979019165,4.924563884735107,4.9579057693481445,225544,-0.008666637872899563,0.062142736090553985,0.013978741468569478,0.06252219446392027,-0.012943913757492407,0.009470122851100335,0.0259771246422025,0.026494128344695778,0.050711995859653976,0.03684519802268995,0.027614657119150968,-0.5523801585316964,0.4668784839573139,-0.008666637872899544,0.015467398741349107,0.43478504184750844,1
2009-09-09,NEOG,4.971242904663086,5.00124979019165,4.919562816619873,4.994582176208496,213547,0.00739756029392491,0.02287484682850538,0.014905285727034201,0.08985102571020498,-0.010044855909725453,0.01542119367774738,0.029181982974288253,0.03345275076978398,0.04726658368789451,0.03685879680887631,0.02716529789581575,-0.053191395027134436,0.44425106497973016,0.004694856395674739,0.016355116542258564,0.9183760434300391,1
2009-09-10,NEOG,4.992915153503418,5.009585857391357,4.947904109954834,5.00124979019165,226143,0.0013349693223418946,-0.051233518969891256,0.01694911803133259,0.08186081965927983,0.0020039733631773797,0.015056609996666926,0.026553441778578924,0.034104697459366375,0.023626599968328093,0.03684756320275803,0.02715724656974613,0.05898467316328482,0.4841702576447851,0.0016692926741172823,0.012333266688157114,0.8648535823618541,0
2009-09-11,NEOG,4.996249198913574,5.0312581062316895,4.96790885925293,4.972909927368164,178755,-0.0056665561634345885,-0.0056665561634345885,0.039372884979247846,0.06421691806182772,-0.0025412418590834047,0.005460471038935198,0.01760254815427534,0.02835831557053809,0.00627401434047646,0.03554730909503767,0.02719867738739315,-0.2095488253008052,0.3830326941133968,-0.004671358576446755,0.01273886877180709,0.07894439719088014,1
2009-09-14,NEOG,4.959572792053223,5.00124979019165,4.947904109954834,4.992915153503418,184154,0.004022841038233249,-0.001666510779881114,0.060552428303918715,0.07540408396508314,0.0018063298793989115,0.0037200488826112463,0.01804963674776876,0.0319758242868486,0.0066972355651660435,0.03482352666613071,0.027099009513651753,0.030203350955217978,0.4018587883833364,0.00672282933393379,0.010684275337501966,0.843761731948442,0
2009-09-15,NEOG,4.981245040893555,5.0029168128967285,4.9579057693481445,4.969575881958008,149963,-0.004674477900757701,0.002353839131435942,0.06464284922593433,0.060099514693710665,-0.0033433372379258627,-0.006995272393342057,0.01038865604275321,0.026338499805809264,0.005600984055873294,0.0346619843447361,0.027130094884928454,-0.1856652584250138,0.3289483930306276,-0.0023426189315620613,0.009057320909817696,0.25927220721436517,1
2009-09-16,NEOG,4.97624397277832,5.00124979019165,4.85788106918335,4.989581108093262,347313,0.004025539927437816,-0.0010012985949168218,0.021850643681600168,0.05128198430377484,0.0008695128679123455,-0.005118908803816943,0.011952163031537595,0.02918734719254332,0.004689017369688385,0.03180302711270641,0.027045318545554663,1.315991277848536,0.753121308599584,0.0026801610588025613,0.028733618695114923,0.9186106842808964,1
2009-09-17,NEOG,4.95123815536499,5.00124979019165,4.889555931091309,4.997916221618652,179955,0.001670503664500167,-0.0006665471057926142,-0.05186591652189487,0.014895194498525832,0.0026755642449383696,0.0020053797302781065,0.01288920475631249,0.02944109665095331,0.004718633081567503,0.016922737595103644,0.025780091099176682,-0.48186506119840034,0.39517875549929926,0.009427554237738165,0.02234808551155906,0.9701544149351731,0
2009-09-18,NEOG,4.997916221618652,5.042926788330078,4.931232929229736,4.996249198913574,567458,-0.00033354354718218016,0.004693282582289182,-0.0009998683304887068,0.027777845895914366,0.0014033551308496699,0.0017715990805636872,0.011167765151006015,0.02784128049750357,0.0036298193060285756,0.00495298043499398,0.025575634103605395,2.153332777638854,1.1974680170603815,-0.00033354354718219626,0.022355542058356385,0.5820935027898856,1
2009-09-21,NEOG,4.974576950073242,5.151288032531738,4.974576950073242,5.084603786468506,422294,0.0176841834819097,0.018363747459387847,0.01666663329640672,0.03706213996932539,0.015380376643807975,0.017786099112587717,0.027160709363452683,0.04435591392849027,0.008458432281647084,0.0074936456730206255,0.025785245316820662,-0.25581452724254483,0.8858122865147375,0.022117827807175385,0.03475414995535575,0.6226368763323349,0
2009-09-22,NEOG,5.084603786468506,5.0862717628479,4.9579057693481445,4.982912063598633,500275,-0.01999993060236116,0.002683565349920869,0.00504372116248919,0.01909296750522871,-0.005456893095165334,-0.0030685677253837473,0.0056692586801424276,0.022467568301237324,0.013509050987608316,0.009749654802787503,0.026241799662087707,0.18466044982879226,1.0074898926273852,-0.019999930602361188,0.025761239986051572,0.1948046641382154,1
2009-09-23,NEOG,4.974576950073242,5.159623146057129,4.939568042755127,5.081270217895508,556661,0.019739090925446012,0.01837611370892911,0.01735641513717545,0.032520403191026226,0.010476081183356554,0.014849829368177626,0.023866714683236385,0.04150294727500235,0.016084707902412138,0.011361234052124296,0.026546171091177875,0.11271000949477794,1.0802005661796303,0.021447706788553095,0.043307105087031054,0.6439395088506985,1
2009-09-24,NEOG,5.167959213256836,5.334667205810547,5.009585857391357,5.309660911560059,863784,0.044947559147748395,0.06237493309570574,0.06166681015878428,0.07966112623411381,0.04296293193593304,0.05397269705263927,0.06568078451579616,0.08680822908264961,0.024254003856680407,0.017747332224418676,0.028218062306294873,0.551723580419681,1.5664943182699183,0.02741927566682992,0.06122450262528641,0.9230768102442996,1
2009-09-25,NEOG,5.324664115905762,5.583062171936035,5.304658889770508,5.5080437660217285,760610,0.03736262216477071,0.10243575665109805,0.10760979918588154,0.15121959241111504,0.06060611347084875,0.08185987058559414,0.09752860299425968,0.12508773429614178,0.025145838035243617,0.019677640054084806,0.028133603371042145,-0.11944421290507812,1.3099852684569047,0.0344396653242742,0.05054485657556939,0.7305405118402888,1
2009-09-28,NEOG,5.5430521965026855,5.63474178314209,5.468033790588379,5.561389923095703,495476,0.009685136745473777,0.0937705584643691,0.1138562847785225,0.1813029876034431,0.05156973318334426,0.08027582699210918,0.09881416925802376,0.13297509547034697,0.025576534714650847,0.019553400173405795,0.027587167317016915,-0.34858074440251907,0.8316969260385867,0.003308236318717605,0.029975958323187356,0.5599979405741222,0
2009-09-29,NEOG,5.581395149230957,5.611402988433838,5.428023815155029,5.466366767883301,311922,-0.017086224222075175,0.09702252380017318,0.09996645543312588,0.17107142116527507,0.015044612884393405,0.051669437560149314,0.07158619472151125,0.11075737567263223,0.024494721243321797,0.021000067568555922,0.02793393867278752,-0.37045992136854256,0.5242199333217091,-0.020609252395166047,0.0335468110841412,0.20909109820216656,0
2009-09-30,NEOG,5.466366767883301,5.466366767883301,5.334667205810547,5.383011817932129,293927,-0.01524869323458311,0.059383104439895806,0.07885044882840164,0.10242402557148544,-0.0115105277731015,0.027852851309392652,0.050098281772633854,0.09141662350739563,0.02882117062895546,0.02242219289937834,0.02691567218566731,-0.05769070472746396,0.5388472935402104,-0.015248693234583081,0.024465776135588344,0.36708255791219213,0
2009-10-01,NEOG,5.378011226654053,5.506377220153809,5.334667205810547,5.346336841583252,674231,-0.006813096011921038,0.00690739590231515,0.06971317735529348,0.014231522996212886,-0.01956581665187751,0.01410328722932184,0.04218127597295286,0.082034996580632,0.022628335080129614,0.022838274722939866,0.020535674023486685,1.2938722880170928,1.5258253069190462,-0.005889609325064035,0.0321173205937417,0.06796129985393028,0
2009-10-02,NEOG,5.334667205810547,5.38801383972168,5.212969779968262,5.232975006103516,538665,-0.021203646316861224,-0.04993946518999537,0.04738070455761445,0.046333461761162154,-0.030574393079885506,-0.011836511089401362,0.017784512735009698,0.057914012043492454,0.012256193947493976,0.024477035248190247,0.01737769219952894,-0.2010675866283217,1.3146907011744755,-0.019062519888076165,0.03345019984793624,0.11428680392488028,1
2009-10-05,NEOG,5.234642028808594,5.296323776245117,5.146286964416504,5.23797607421875,433092,0.0009556835470074798,-0.058153420880247775,0.03016405883156703,0.04733342543525065,-0.01787948023008987,-0.013748511128031854,0.016417301191564676,0.0575777447687808,0.008885543459834661,0.024075089647220466,0.017372032857018674,-0.19599008660299078,1.0662341580613628,0.0006369194668532243,0.02864404298581899,0.6111107579850628,1
2009-10-06,NEOG,5.216303825378418,5.269650936126709,5.206302165985107,5.259647846221924,666433,0.004137432415898479,-0.037816511485456616,0.05553695892907928,0.0608607930266194,-0.006111438974850734,-0.014801458388957715,0.017643387916824013,0.06017629369522304,0.010667028886514256,0.02265498751589421,0.01717535477268094,0.5387792893888597,1.5562396069989017,0.008309335938721218,0.012044298780783554,0.8420949628157649,0
2009-10-07,NEOG,5.259647846221924,5.316329002380371,5.227973937988281,5.249646186828613,249538,-0.0019015834682725163,-0.024775281127795812,0.03313659020536042,0.05106813775837038,-0.002976118242278704,-0.0197664491310278,0.013208157333113004,0.056746981543596114,0.009929783273834886,0.02218814429730017,0.017178670835788,-0.6255617593966685,0.5802771395507479,-0.0019015834682724764,0.01683067034379824,0.2452858700227746,0
2009-10-08,NEOG,5.279653072357178,5.30299186706543,5.107944011688232,5.1246137619018555,477481,-0.023817305105335418,-0.04147196225214567,-0.034851029611951856,0.024666628719913986,-0.01845595366239315,-0.03979520432335154,-0.012099819127694401,0.030554445601347086,0.01312027324194026,0.01820876300836519,0.01817064434521255,0.9134600742171533,1.078810892966743,-0.02936543525313543,0.038060986532731544,0.08546492439707122,0
2009-10-09,NEOG,5.107944011688232,5.2546467781066895,4.979578018188477,5.084603786468506,1034741,-0.0078074128690044375,-0.028353129808943445,-0.07687665485981765,0.022460462934516423,-0.020552423362303826,-0.039672640294022316,-0.020866890776752262,0.022083594558512793,0.011047377614258582,0.011247061338803106,0.018220542102362156,1.1670830881228782,2.1317344001677796,-0.00456939723033737,0.05409836665154611,0.38181641677977884,1
2009-10-12,NEOG,5.084603786468506,5.294657230377197,5.084603786468506,5.2229719161987305,508673,0.027213158692612316,-0.0028644953332013223,-0.0608513360107279,0.04607664172580361,0.006683352684511297,-0.0071933881597214715,0.003555457195605164,0.048358959865267274,0.018631715888562578,0.015025129916728221,0.019120783721612716,-0.5084054850440836,1.0140511450196024,0.027213158692612257,0.040217226375892125,0.6587282129512343,0
2009-10-13,NEOG,5.234642028808594,5.267983913421631,5.099607944488525,5.161290168762207,253737,-0.011809703062967136,-0.018700430206628482,-0.05580975665839305,0.038577595223008077,-0.0014191385594797654,-0.013195624533133882,-0.010119420741698274,0.03470402308248948,0.01901429279691501,0.014687536224997853,0.019325721361663287,-0.5011785567545358,0.5006518179376903,-0.014012774826377502,0.032622844953025726,0.366336269151256,0
2009-10-14,NEOG,5.2229719161987305,5.261314868927002,5.107944011688232,5.141284942626953,425894,-0.0038760126792196647,-0.020641628091725317,-0.04490550708061325,0.030404122359615204,-0.001101228757692266,-0.01245640283736593,-0.015388582863462424,0.029764281322836015,0.018990051291825585,0.014295010444529565,0.01936436722243079,0.6784859914005446,0.8338724995097823,-0.015639941183376874,0.029831230704051248,0.21738765459734735,0
2009-10-15,NEOG,5.129615783691406,5.23797607421875,5.081270217895508,5.10460901260376,329918,-0.007133611622866742,-0.003903659910297619,-0.04521372972599824,0.02134745487001255,-0.007455436680477735,-0.01492733052218178,-0.023410142459548956,0.02086396651764393,0.015847414374743275,0.01430115032451565,0.019464285877036098,-0.22535184811244113,0.6366117661587622,-0.004874979363396093,0.030698895044913466,0.148933774753831,1
2009-10-16,NEOG,5.091272830963135,5.181294918060303,5.062932014465332,5.137950897216797,274731,0.0065317215345412905,0.010491891401698261,-0.018158716366099004,0.028361615416227837,-0.003040675495285097,-0.006671596434832255,-0.0183619253577228,0.02497586617099641,0.015530025971295767,0.013365860589453524,0.019495684345354536,-0.16727489861117006,0.5455296585621862,0.009168250809460519,0.02303698613762294,0.6338040084600665,1
2009-10-19,NEOG,5.1246137619018555,5.191298007965088,5.042926788330078,5.151288032531738,364709,0.0025958082476353894,-0.013724730827035292,-0.016549911732833045,0.013114934587567406,0.002335621140409957,-0.0024212101999012484,-0.016440330675853577,0.025903297745942817,0.007370371733570998,0.013412742251409057,0.019128093607809506,0.32751309462710787,0.7283620207423277,0.005205128009487961,0.028802741896396884,0.7303387036126457,0
2009-10-20,NEOG,5.171292781829834,5.1979660987854,5.106276988983154,5.1229472160339355,452887,-0.005501695171930443,-0.007428947312502432,-0.025990453008404746,0.028103075199398475,-0.0016892932235329668,-0.0052762601568912375,-0.023157495938073834,0.018406202751449503,0.005802544171760051,0.013301562691676266,0.018563797231288374,0.24177632029919738,0.9087629212479846,-0.009348835549549298,0.017897726823199563,0.18181250845095326,1
2009-10-21,NEOG,5.097940921783447,5.319663047790527,5.096273899078369,5.296323776245117,620245,0.03384312835950043,0.03015565862392111,0.008891568642019676,0.042322795113753475,0.025897682038622805,0.027457077875385833,0.0078355266125358,0.04989389037211476,0.016521722822575063,0.017602722240968503,0.019533745565860343,0.369535888643304,1.2366940911566038,0.038914310209830424,0.04217815189360123,0.8955219101735182,1
2009-10-22,NEOG,5.289656162261963,5.368009090423584,5.227973937988281,5.343001842498779,353912,0.008813295452785752,0.04670148669690577,0.042615520065238055,0.006279295701563825,0.025468673525157786,0.03213959171988216,0.01639545620061482,0.05613141138375609,0.014784216933827612,0.015368879456795615,0.016865962118429067,-0.4293996727099775,0.7434484123324646,0.01008490506763009,0.026209078073200144,0.8214216395675492,1
2009-10-23,NEOG,5.339667797088623,5.37134313583374,5.336334228515625,5.369676113128662,286128,0.004992375338094268,0.0451007065944109,0.05606578971183751,-0.025121015513100198,0.021502054165767222,0.03161142613410568,0.022815790223373107,0.05848804993261832,0.014870915882531413,0.014771085730247885,0.014528113023706239,-0.19152783742851331,0.6325829009301,0.0056198844535610745,0.00651974282629817,0.9523828981598769,1
2009-10-26,NEOG,5.359673023223877,5.49970817565918,5.359673023223877,5.463031768798828,452887,0.017385714464586588,0.06051762865876387,0.04596230966809656,-0.01768589429207379,0.027079475445396586,0.04472845915189176,0.04157388132947264,0.07341958068629674,0.014761908313856884,0.013437632502479,0.014927535405694935,0.5828125873734833,1.0059962786620822,0.019284524471379082,0.025633230477459343,0.7380914275985357,0
2009-10-27,NEOG,5.45969820022583,5.486371994018555,5.3213300704956055,5.339667797088623,278930,-0.02258159515285585,0.0423038871797059,0.0345606665182312,-0.023177912528496214,-0.004228090976321765,0.017665340838159328,0.01928458607470823,0.04649941551101735,0.020613689476375208,0.015212365579563965,0.015289538553786224,-0.38410685226116004,0.621864883450776,-0.021984805521345886,0.03090865008735861,0.11110950600662202,0
2009-10-28,NEOG,5.349670886993408,5.349670886993408,5.127949237823486,5.131282806396484,280730,-0.039025834304852736,-0.031161420037964627,-0.0019454545589450145,-0.04676360001608648,-0.03716211651828316,-0.021863439280554196,-0.018134799555000608,0.004143182851973956,0.023731719752018987,0.020313434513953142,0.017249539770759888,0.006453231993690078,0.6268000154506327,-0.04082271324912495,0.043209789351998124,0.015034925932935327,1
2009-10-29,NEOG,5.152955055236816,5.349670886993408,5.027924060821533,5.314661979675293,446288,0.03573749103249857,-0.005304108749891956,0.041149668182791865,-0.0059245915187376985,-0.0016909619361771004,0.009052384390747887,0.017262878174548357,0.03844327716583323,0.030144903075542098,0.022990092504609337,0.019173857410483625,0.5897410323086238,1.0224684490812257,0.031381396248379455,0.06053947125938056,0.8911911339277245,0
2009-10-30,NEOG,5.269650936126709,5.369676113128662,5.224638938903809,5.284654140472412,605249,-0.00564623664075703,-0.015833724579472186,0.028552869848383233,0.0098756700172693,-0.004146781452783355,0.0005681162458991192,0.011019134218311152,0.03087415887872447,0.030018000934528534,0.02317926630986029,0.01857998168518661,0.356184795468397,1.3761596907210987,0.0028470964258461413,0.027444969977143702,0.41379185639373367,0
2009-11-02,NEOG,5.284654140472412,5.358006000518799,5.184628963470459,5.249646186828613,283729,-0.0066244550188613305,-0.03905991965650468,0.019093895289045593,0.002227981274542934,-0.002723488355079888,-0.007907636776686072,0.004209581735667656,0.02266170015482398,0.027816066885804038,0.02338233024928921,0.018650708257515216,-0.5312193824359892,0.6562605529881437,-0.006624455018861339,0.03302642328226684,0.37500481300777233,0
2009-11-03,NEOG,5.249646186828613,5.267983913421631,5.112945079803467,5.209636211395264,448688,-0.00762146133462005,-0.024351999156999482,0.01692170379776825,-0.009508551958014477,-0.005410496750046034,-0.017079122240977757,-0.0029670434647419155,0.013603488929403091,0.026582734022435325,0.023468745837434205,0.01870783766433985,0.5813963324157911,1.064617257250037,-0.007621461334620002,0.02976001151079242,0.6236575013840192,0
2009-11-04,NEOG,5.212969779968262,5.294657230377197,5.027924060821533,5.03959321975708,194951,-0.03264008939170093,-0.017868745516249285,-0.048473350069630494,-0.040012785547063556,-0.034493793607472796,-0.044533632695153494,-0.03356773760062844,-0.01993202236289455,0.024596651355250024,0.02283105361614005,0.02005916800453388,-0.5655087722426274,0.465581978069637,-0.03325869274696567,0.05292751972718171,0.0437484357681719,1
2009-11-05,NEOG,5.0879387855529785,5.334667205810547,5.072935104370117,5.3079938888549805,319720,0.053258399516387556,-0.0012546594394550192,-0.006552113339235999,0.035784185008524094,0.017187413162543193,0.007021359717254903,0.016116239220588722,0.03070097186372011,0.031763096350502756,0.029197064239926823,0.022829071865694963,0.6400018466178681,0.7782155152154496,0.043250344113187955,0.049309043476854775,0.8980892415994404,0
2009-11-06,NEOG,5.3079938888549805,5.3079938888549805,5.217970848083496,5.306326866149902,130767,-0.00031405889682323274,0.004101067941515879,-0.01179759181822404,0.04360675659162694,0.01602400379436299,0.007916458581847918,0.013645921982128502,0.02829349290602054,0.03160917817825276,0.029138826421719097,0.022720786629083087,-0.5909952458401101,0.35763998144069287,-0.000314058896823208,0.016965227179229943,0.9814822661977203,1
2009-11-09,NEOG,5.334667205810547,5.418021202087402,5.294657230377197,5.401350021362305,369508,0.017907520137625532,0.028897915999428037,-0.011290753934254605,0.03415260660512942,0.028244915968864203,0.027169196026933556,0.030042879427757276,0.04390183792822762,0.03199040373429884,0.02917546961487134,0.02227641390740915,1.825697614841665,1.030187319965072,0.012499901676926828,0.02283946998848461,0.8648618353155814,0
2009-11-10,NEOG,5.364675045013428,5.456364154815674,5.344669818878174,5.384679794311523,217146,-0.0030863074943949798,0.03359996280227384,0.008429737379438196,0.043281741240076554,0.018285030594380833,0.023123254262150506,0.024681247231010773,0.03780443425323808,0.031564917695654005,0.028189638773692616,0.022078070267431492,-0.4123374866038083,0.6085063269430352,0.0037289768961291546,0.02074298569350326,0.35820952868852457,0
2009-11-11,NEOG,5.434691905975342,5.469700813293457,5.259647846221924,5.331333160400391,230342,-0.009907113505150167,0.057889581147061886,0.038986421437253505,0.03696512056698653,-0.0028063301149239615,0.009151188233974285,0.01269838408781622,0.025749670733689226,0.02547249208083815,0.02488346692776614,0.022208398053963685,0.06077017306328458,0.663669700848452,-0.019018326588359162,0.039399707493755265,0.34127256176321696,0
2009-11-12,NEOG,5.3079938888549805,5.398015975952148,5.167959213256836,5.167959213256836,349113,-0.03064410762340819,-0.02638184567095503,-0.027603404878708826,0.012410392352608879,-0.028274026467035095,-0.019049357104641708,-0.01892514284282748,-0.0052878907899317346,0.01754890840834496,0.024356378120704545,0.0233147059303738,0.5156289343671585,1.0031031540112576,-0.026381845670955032,0.04451597878426971,0.0,1
2009-11-13,NEOG,5.192965030670166,5.219637870788574,5.1012749671936035,5.1779608726501465,188353,0.001935320884045355,-0.024191120663641708,-0.020189262151548815,0.007787146322286276,-0.021670731382319106,-0.015156410566653558,-0.017399610936622154,-0.004040310803354625,0.017733618051487335,0.024366656890776505,0.02327862305610669,-0.4604812768358669,0.5479932304202825,-0.00288932390867327,0.022858979916236997,0.6478880048343237,1
2009-11-16,NEOG,5.191298007965088,5.593064785003662,5.191298007965088,5.546387195587158,444489,0.07115278234005773,0.02685202285562549,0.05652590635595023,0.07669910138207481,0.04222798477150116,0.04899742233222388,0.048584190067010584,0.06459243623244686,0.03853483539856263,0.03338896654218429,0.0281244360672919,1.3598721549431123,1.2783578863691467,0.06840084831910084,0.07243756392597865,0.8838191904254384,0
2009-11-17,NEOG,5.541385173797607,5.611402988433838,5.389680862426758,5.486371994018555,394101,-0.010820593559777603,0.018885468327097366,0.053119982162665114,0.07094056656433279,0.027025353728743512,0.032243934624109474,0.033686756407601305,0.05094085772037921,0.039135795440769575,0.03354896695541204,0.028244617245213068,-0.1133616354960415,1.14310435144293,-0.00992769462032383,0.04041325055042015,0.43609148682215554,1
2009-11-18,NEOG,5.503042221069336,5.668084144592285,5.379677772521973,5.616404056549072,217146,0.023700919783106844,0.05347084632903942,0.11445583237366841,0.06043442467387816,0.04026425617262872,0.045364231566092934,0.05500491163466727,0.07329226227137611,0.0389621225043775,0.03103442809882097,0.027763891059350516,-0.44900926412264874,0.6689466414732685,0.020599848397621082,0.051350716431096684,0.8208080921644357,0
2009-11-19,NEOG,5.568058967590332,5.613070011138916,5.429690837860107,5.523046970367432,312522,-0.016622216856492122,0.06870947359641022,0.04051494519690224,0.03369737334480316,0.009691484627302115,0.023889619511638375,0.035716978040943,0.05335106321554174,0.035566140493065064,0.028287391566880267,0.028078759546666412,0.4392252217402117,0.9689422391407436,-0.008083965612594808,0.03320253734264529,0.5090879778664185,1
2009-11-20,NEOG,5.479702949523926,5.571393013000488,5.418021202087402,5.536384105682373,210547,0.0024148147546994014,0.06922092341898689,0.04335527104446779,0.031046191435292636,-0.0009626541672433756,0.02200336651034928,0.03659772922685316,0.05363013647140559,0.035526542349469115,0.02825074925352008,0.028070345712808198,-0.3262970286891803,0.6605182640372719,0.010343837372310793,0.027702523521745875,0.7717383193841638,1
2009-11-23,NEOG,5.63474178314209,5.69809103012085,5.578061103820801,5.614737033843994,200950,0.014152364912904503,0.012323308100670838,0.03950623670707243,0.027769427575289773,0.010682996914431414,0.03240042980981513,0.04977712726722379,0.0660184630291922,0.016795386955497822,0.028078687569705614,0.02798563441164434,-0.045581271640061316,0.656348757501916,-0.0035502512924275465,0.021377657684864583,0.30555654871862103,0
2009-11-24,NEOG,5.589731216430664,5.674752235412598,5.501375198364258,5.593064785003662,146363,-0.0038598867070173126,0.019446875111900574,0.038699606782984564,0.04745557168429104,0.0029295666743193493,0.02448999980181883,0.04325378578735473,0.05939561008469961,0.01565849652312168,0.02810213237373105,0.027437154939351036,-0.271644687733267,0.48863388631248894,0.0005963736795070273,0.030998574790909797,0.5288450431520525,0
2009-11-25,NEOG,5.60973596572876,5.6580810546875,5.516378879547119,5.519712924957275,221945,-0.013114788200390692,-0.017215843201140224,0.0353344574216663,0.07569844290721739,-0.0067794854565756645,0.00757730416493219,0.025855446828278287,0.04340641882348188,0.012362372671411215,0.028298040008504124,0.025935220252988018,0.5164010029857273,0.7483078404502289,-0.016047643119294207,0.025672019010205622,0.023528540806471696,0
2009-11-27,NEOG,5.413020133972168,5.513044834136963,5.363007068634033,5.393014907836914,222544,-0.022953733073236227,-0.023543537331507935,0.043548272208256966,0.01474278674001539,-0.025015054977218256,-0.019578128365332476,0.001578978556853932,0.017935823403008772,0.014236762467273727,0.027345546012273868,0.025467537143781662,0.002698866836378322,0.7797381053447399,-0.003695760525570727,0.027820758530613516,0.2000019068685405,1
2009-11-30,NEOG,5.361340045928955,5.439692974090576,5.281320095062256,5.424689769744873,495476,0.005873312506874395,-0.020174600209342475,0.04764981875354479,0.02649854191970702,-0.01531193366842024,-0.01822346690520281,0.00615320794167187,0.022261104242580952,0.014742216188596844,0.027331284148570407,0.025438767336800578,1.2264181465238333,1.7700628751071734,0.011816024216561591,0.029194826939526294,0.9052665807570484,1
2009-12-01,NEOG,5.45969820022583,5.54472017288208,5.394681930541992,5.444694995880127,510472,0.003687810176137507,-0.030284951359058065,-0.018334854044798732,0.03715465806836504,-0.005541604421313445,-0.012785937609342964,0.008040316411053806,0.02464041330372515,0.012014903218072982,0.014500312399091992,0.025367503547314513,0.03026584536889776,1.7526505357894218,-0.002747991518117713,0.027556776358201574,0.3333354520694225,0
2009-12-02,NEOG,5.439692974090576,5.576394081115723,5.394681930541992,5.4196882247924805,205749,-0.004592869041620928,-0.030998489535834728,-0.012154438178595184,0.04031990044482581,-0.003799737374779524,-0.016130497689212746,0.0014632043085744408,0.018260411639268375,0.011985578750224492,0.014198245693146825,0.025315246562885772,-0.5969436129699572,0.7371604477371303,-0.0036775511767629045,0.033528155686610224,0.13761487149612414,0
2009-12-03,NEOG,5.449696063995361,5.518045902252197,5.383011817932129,5.398015975952148,326918,-0.003998799920111984,-0.022047695352937047,-0.03888396888793455,0.07112136646067335,-0.0033243592736566002,-0.01616434525794803,-0.0058336400457824865,0.012982924683216334,0.011351131494323308,0.011200994751172236,0.024012688180223913,0.58891659254723,1.1442359705371086,-0.00948311381705284,0.02501550290359226,0.11111385762764533,1
2009-12-04,NEOG,5.491373062133789,5.6064019203186035,5.418021202087402,5.526381969451904,262734,0.02378021741165992,0.02472959261083929,0.000603833192505121,0.04114324265810976,0.015376168384577152,0.0071702614000889505,0.015765093206190635,0.036229020081856585,0.0114909756596357,0.013209329923242733,0.02159410761552787,-0.19633057831015732,0.9288506562893029,0.006375255682321423,0.034087531276793814,0.5752221797536089,0
2009-12-07,NEOG,5.509710788726807,5.589731216430664,5.351337909698486,5.496374130249023,151162,-0.005429924925340779,0.013214462678392325,-0.007226734032467985,0.035815219999255854,0.007209610969153065,0.0024323485926268764,0.008488177860924729,0.030647478010199607,0.012344090688634428,0.013291830105648402,0.02165609692206683,-0.42465763852413463,0.5324874330260427,-0.0024205732368150416,0.043372831085167936,0.6083904893918756,0
2009-12-08,NEOG,5.458031177520752,5.533050060272217,5.394681930541992,5.428023815155029,185354,-0.01243552812713955,-0.0030619126944140262,-0.03325413417645606,0.00493835683435262,-0.0047074505235147526,-0.006650786889155318,-0.004296562483230391,0.018340165764840884,0.014011395967443236,0.01264640565311536,0.021544023432392662,0.22619441394001139,0.6748211407598829,-0.0054978363790426634,0.025491437481151267,0.2409650594977583,0
2009-12-09,NEOG,5.403017044067383,5.5047101974487305,5.3746771812438965,5.426356792449951,70182,-0.0003071141103736519,0.0012304338148023675,-0.02980619731076506,0.007739921356596957,-0.005256385644224134,-0.0039169881616979456,-0.004982708726377383,0.018180272173299743,0.01383105405097037,0.012678929398953834,0.021528892625750574,-0.6213623660670933,0.2625362342423831,0.004319762124051756,0.0239632263742328,0.39743453404669615,0
2009-12-10,NEOG,5.424689769744873,5.45969820022583,5.296323776245117,5.391347885131836,256136,-0.006451641249765494,-0.001235285491932303,-0.023255745646669324,0.01125698262063568,-0.011432434601262012,-0.008005904616878296,-0.01194586766182061,0.011579693144770335,0.014064145142632479,0.012253274566117921,0.021453863075897472,2.6495967627026875,0.9535509849121114,-0.006146320993136756,0.030303075865548205,0.5816339337051728,1
2009-12-11,NEOG,5.4230217933654785,5.514711856842041,5.314661979675293,5.496374130249023,232742,0.019480517183249724,-0.005429924925340779,0.019165387854187532,0.06354827958969533,0.0089356648029648,0.009398995539266973,0.004279683992961859,0.030705470086204632,0.012247892433216076,0.011631255182081272,0.020496954135688385,-0.09133429115782243,0.8856434263687276,0.013526100332711944,0.036396699428771315,0.9083342271800923,1
2009-12-14,NEOG,5.503042221069336,5.668084144592285,5.438025951385498,5.659748077392578,500875,0.029723949511448744,0.029723949511448744,0.04333119821131448,0.09304574070600236,0.03273098946459439,0.03493471149868433,0.029599031690350833,0.05964602830065705,0.017883245362285905,0.014591412764742379,0.021326122438603545,1.1520610805097489,1.7989884719274294,0.028476222792416,0.04064813310785627,0.9637653974261452,1
2009-12-15,NEOG,5.666417121887207,5.893139839172363,5.654747009277344,5.846461772918701,491877,0.03298975377931335,0.07708845281691534,0.07379050201022852,0.05410270988117993,0.05075505232179401,0.06128009003412374,0.06067023659547401,0.09211513388418825,0.01771259222424149,0.01716059695706825,0.016141505597351273,-0.01796456201647123,1.7517626622766678,0.03177398471708875,0.04077557318501166,0.8041968532601521,1
2009-12-16,NEOG,5.948987007141113,6.176544189453125,5.718929767608643,6.086522102355957,1247288,0.04106078834710525,0.12165903112462817,0.1230391583252024,0.10938924830319707,0.06854372988302061,0.09164305940044366,0.09824336893927675,0.13345677763750427,0.018373447267766806,0.019557619040857774,0.017915391641317963,1.535772154420719,3.8562110699952483,0.023119078096783166,0.0751848780221056,0.8032796109564889,0
2009-12-17,NEOG,6.119029998779297,6.119029998779297,5.8964738845825195,5.943985939025879,443489,-0.023418326744415463,0.10250461770758634,0.10114270974854378,0.058325910881505516,0.023657062522592098,0.05574058427126464,0.0693639269291835,0.10405796166617451,0.0254571273334352,0.02210359909303881,0.0184655790845079,-0.6444373713208176,1.32477213578131,-0.02860650459114239,0.03744223429863137,0.2134834830974388,0
2009-12-18,NEOG,6.014004230499268,6.014004230499268,5.628907203674316,5.731432914733887,1926318,-0.03575934170645534,0.04276615436187803,0.03710401242900674,0.037730250255791686,-0.020875464145257854,0.014293926616381472,0.02919494764762965,0.06218314224833966,0.0356623000792767,0.025678901718986766,0.01997034319946995,3.3435530531760653,4.636634849823465,-0.046985553208020024,0.06719035755176965,0.2662334526570473,1
2009-12-21,NEOG,5.908977031707764,6.004001140594482,5.858964920043945,5.901474952697754,432292,0.02966832910610151,0.042709829483530415,0.07370328381019009,0.06594391574830638,-8.481628661441007e-05,0.03695233310693123,0.056267027196681065,0.0903949000965647,0.03565419590943525,0.026635906541381784,0.020905061861938096,-0.775586377742408,1.0134774124924715,-0.0012696070689991457,0.024576266393240623,0.29309942366428526,1
2009-12-22,NEOG,5.9389848709106445,6.041510105133057,5.936483860015869,6.0265069007873535,273532,0.021186559138481664,0.03079557087034024,0.11025800659926377,0.07333733787732721,0.014907808860749614,0.04790205895305733,0.07468547297927723,0.11020006907844619,0.03401419369595497,0.02595961065353751,0.0211530986536673,-0.36725176501068724,0.6358659923323765,0.014736866952700106,0.017427383199953857,0.8571480459102135,0
2009-12-23,NEOG,6.051513195037842,6.119029998779297,5.966492176055908,6.019004821777344,421894,-0.001244846995699933,-0.011092916355709748,0.10921656131273627,0.0761550336258805,0.015954767056357337,0.03592230638508183,0.0692866973563152,0.10532504114099263,0.028015488273681343,0.026005912624412063,0.021111583826315606,0.542393577351096,0.9503209772204664,-0.00537194123399656,0.02534269821009148,0.34425983525844417,1
2009-12-24,NEOG,6.046512126922607,6.119029998779297,5.988996982574463,6.074018955230713,66783,0.009140071337760514,0.021876400371523053,0.12662345013601062,0.10042298174007436,0.02075985233908167,0.03325068203483363,0.07377314767710581,0.11161968200677634,0.025432194155855053,0.02532012096989167,0.02075171629978529,-0.8417066846174631,0.15310499979538775,0.004549205844742952,0.021408068885404863,0.65384911569166,0
2009-12-28,NEOG,6.0715179443359375,6.126532077789307,6.001500129699707,6.0715179443359375,211947,-0.00041175553010441845,0.05933682460590073,0.10464058676821852,0.12581145205310862,0.008808372159000396,0.022818222269573432,0.0669322670705194,0.1072432962757985,0.013543147252243252,0.025472749956396746,0.019741102684142257,2.173666951170208,0.4864952336793975,0.0,0.020593194195570277,0.5599993898043941,0
2009-12-29,NEOG,6.099024772644043,6.099024772644043,5.953988075256348,6.049012184143066,163159,-0.0037067765259372054,0.02500006059974358,0.06877763840856677,0.1150890541022691,0.00016534736728699746,0.012388018668381445,0.05717820610829795,0.09948546131607182,0.01028637189104781,0.02482484004301498,0.01986343185762332,-0.2301896228774175,0.3893589986663728,-0.00820009597686798,0.023976922673076405,0.6551728672689733,0
2009-12-30,NEOG,6.011503219604492,6.049012184143066,5.898974895477295,6.049012184143066,225144,0.0,0.003734382740484765,0.03464495605916662,0.11099192676912328,-0.0005784429801143508,0.008967650085443027,0.0516247989940372,0.09590900904420134,0.004902744180744209,0.023112971045028942,0.01989967010537551,0.37990549096280324,0.5562149692887781,0.006239531639316331,0.024803601662281412,1.0,0
2009-12-31,NEOG,6.056513786315918,6.064015865325928,5.88897180557251,5.903975963592529,147563,-0.023976843844146334,-0.019110943019787774,-0.029991863283100217,0.08935712142714491,-0.02081952527876767,-0.012216560545632431,0.022107402847950642,0.06661404782078618,0.012252336158922291,0.020409045235652887,0.020863924064670112,-0.3445839107415698,0.3671913851625198,-0.025185746801738074,0.029648504809783278,0.08571646499261769,1
2010-01-04,NEOG,5.936483860015869,6.1165289878845215,5.921480178833008,6.089022159576416,246338,0.031342640472283856,0.0024700621542814716,0.02440049859443416,0.1280111408900344,0.009368254729491028,0.0162771085183066,0.04787517206671283,0.09690281858868285,0.019805623834476104,0.021590166342700227,0.02159069167840336,0.6693751143579352,0.6191879181717194,0.025695058414618367,0.032032862410387795,0.8589746410559178,0
2010-01-05,NEOG,6.051513195037842,6.076519012451172,5.83896017074585,5.921480178833008,316721,-0.027515416490956457,-0.024711738790609727,0.03315876970496556,0.07149310553723609,-0.013497767266309696,-0.01481114829160278,0.015589777801492732,0.06450245334877949,0.023527977811820363,0.020065249282807972,0.022430498067622946,0.28571718533072454,0.7907354025742261,-0.02148768613963517,0.040118151970600674,0.34736660397393,0
2010-01-06,NEOG,5.901474952697754,5.968992233276367,5.803950786590576,5.85646390914917,259135,-0.01097973272227537,-0.03183135843214935,-0.007627083722181682,0.06551405897178841,-0.0180293652505781,-0.024898030828967348,0.001346774823370014,0.05097509116568056,0.023670105139983424,0.018193317816448958,0.02258315698718811,-0.18181932994654604,0.6383603228519004,-0.0076270837221816875,0.02818107466315255,0.3181814242004871,1
2010-01-07,NEOG,5.8264570236206055,5.936483860015869,5.801449775695801,5.921480178833008,174356,0.011101625604192256,-0.021083112651743674,-0.01742746232326131,0.09090902702015602,-0.0028634071919901834,-0.01234570650507018,0.008210122059428577,0.060896999407735894,0.024889390055183397,0.017096911965962955,0.0223252570745156,-0.32716151812761685,0.4300960152919958,0.016308908626147253,0.022804109824223134,0.8888896736078987,1
2010-01-08,NEOG,5.88897180557251,6.024005889892578,5.866466999053955,5.9414849281311035,194751,0.003378335938639898,0.00635317026523774,-0.01287918782948394,0.09493075287601505,-0.0007570388777155262,-0.007726099910065311,0.007199255107901708,0.06219051520569278,0.022270691047627588,0.017170685671378354,0.022297848748472914,0.11697331895661756,0.4731364350840709,0.008917197142785193,0.026515070347603652,0.47618672873604273,1
2010-01-11,NEOG,5.981494903564453,6.034008979797363,5.921480178833008,5.981494903564453,252337,0.006734002680695905,-0.017659199325272823,-0.015232756490919708,0.10946186946312886,0.009623473448120758,0.0005018738676852006,0.008934964365382554,0.06610242394513102,0.015795021694092318,0.017026526713401297,0.022142661867234233,0.2956903944010556,0.6133213652335208,0.0,0.018812822342671905,0.5333276833764142,0
2010-01-12,NEOG,5.931482791900635,6.011503219604492,5.931482791900635,5.971492767333984,139965,-0.00167218001381364,0.008445960636624728,-0.016474492527073226,0.08644219367640371,0.006236335638249624,0.0005027788654683894,0.0032278524223893768,0.06183354844364887,0.008495513645303439,0.01702303519194006,0.021940965636504457,-0.4453251009562609,0.3440734023258295,0.006745358089545961,0.01340040603274198,0.4999970205285582,1
2010-01-13,NEOG,6.014004230499268,6.056513786315918,5.981494903564453,6.041510105133057,110772,0.011725265444863187,0.031596915622548405,-0.001240215556132629,0.06745212375536602,0.011725297760281575,0.012361187978373444,0.011746440565174432,0.07140000692429053,0.005584764851907209,0.01749661873493556,0.021203557922192473,-0.20857357196441972,0.2860233619829218,0.0045736373935848715,0.012417240300190252,0.8000012712456936,1
2010-01-14,NEOG,6.019004821777344,6.094024181365967,5.996499061584473,6.061514854431152,140365,0.0033112167239610635,0.02364859315052925,0.002066894545337483,0.03678345807520622,0.010336752689331558,0.015500583625019358,0.013271951443522726,0.07186118591726065,0.004943976267959792,0.01752763391526254,0.020036169587505738,0.2671523489690535,0.3796650567901729,0.007062634756497149,0.01608923216779718,0.6666568879110133,0
2010-01-15,NEOG,6.099024772644043,6.099024772644043,5.873968124389648,5.923981189727783,313922,-0.022689652340425748,-0.002946020837391261,0.003388432855861545,-0.026705055842195624,-0.012010938818439962,-0.007873285321656962,-0.008371654220170699,0.04490123081189441,0.01332353454417388,0.01733281816512262,0.018507337938885836,1.2364692052862183,0.9717769502551006,-0.028700257736512694,0.037990776987044464,0.22222434096504498,1
2010-01-19,NEOG,5.948987007141113,6.079020023345947,5.923981189727783,5.993998050689697,241939,0.011819224052116217,0.0020903047359939197,-0.015605807697262386,0.008413901408389712,-0.0007504114743001956,0.005452989693157489,0.002928815513010367,0.053703487501222884,0.014181966463568453,0.014304423665580804,0.01794864065380667,-0.22930218334490737,0.7730627698313834,0.007566169415827117,0.02586567968608608,0.4516085378606139,0
2010-01-20,NEOG,5.973992824554443,5.973992824554443,5.778944969177246,5.876469135284424,223144,-0.019607766704520357,-0.01591287735779756,-0.007601316256952262,0.025305403152794614,-0.017229805778816904,-0.013516873526750996,-0.017928013894847283,0.030982111505009617,0.016879985208970206,0.01284976731792022,0.016535632862166364,-0.07768487097987509,0.9795483333293094,-0.016324708136436893,0.03319133494738535,0.5000012223593981,0
2010-01-21,NEOG,5.901474952697754,5.996499061584473,5.776443958282471,5.776443958282471,413896,-0.017021305600222747,-0.04387415434849262,-0.013663526678904137,-0.021186397539165625,-0.02531645141864993,-0.02900376965885509,-0.03363454593158981,0.011764473756527614,0.01540411479063802,0.013512365281284387,0.015601128584539548,0.8548381314308249,1.8242694532405779,-0.021186397539165614,0.03809525460495105,0.0,0
2010-01-22,NEOG,5.79144811630249,5.868967056274414,5.633907794952393,5.641409873962402,293527,-0.023376680410177264,-0.0693069291353201,-0.0472973473544247,-0.06390053693867648,-0.03441196900466477,-0.04721686338983965,-0.05317502645007386,-0.012717472830364764,0.014752002578274762,0.0143701210981108,0.015454099238451736,-0.29081943290101864,1.2880606662456902,-0.025906861173070263,0.04166675823483838,0.03191569210171314,0
2010-01-25,NEOG,5.658915042877197,5.658915042877197,5.448862075805664,5.516378879547119,315121,-0.022163075757419493,-0.06880547002536885,-0.07154878851433888,-0.08350648605757471,-0.0424515965925877,-0.06159604981286656,-0.07023793053454691,-0.035043500012157926,0.014677714078506572,0.01502193060274582,0.01601378094300323,0.07356733792802705,1.4159925497962764,-0.02518789595710339,0.03807805295070269,0.32142751746259474,0
2010-01-26,NEOG,5.486371994018555,5.558889865875244,5.441359996795654,5.513877868652344,261535,-0.00045337910056331143,-0.0801001565194217,-0.07817728551995429,-0.09221918645742733,-0.026662015113596983,-0.05450029695067142,-0.06625173526793207,-0.03609657383657087,0.009311017523190954,0.014436710968634575,0.015733495434271695,-0.1700489653180841,1.1259381652074838,0.00501349063894628,0.021315283341289442,0.6170165288585594,1
2010-01-27,NEOG,5.471367835998535,5.596398830413818,5.471367835998535,5.596398830413818,119170,0.014966048165597767,-0.047659623223231584,-0.06281409884175904,-0.07825376096686876,-0.002229144317456303,-0.03413750010338388,-0.048449167607397314,-0.02313404065842568,0.016506472218530986,0.016110416438152975,0.01631935365677665,-0.5443439692584167,0.5234951217476488,0.02285187144476913,0.022341330238259297,1.0,0
2010-01-28,NEOG,5.613903045654297,5.626407146453857,5.386346817016602,5.3888468742370605,211547,-0.03708669851205204,-0.06709960086943445,-0.10802981697265934,-0.10913605226925627,-0.025768529299509627,-0.05936273639894907,-0.07856763008614713,-0.06005477480592868,0.020672354200149113,0.017371032355990166,0.017922486530882707,0.7751699253167743,0.919520095417591,-0.04008907342841475,0.04454762494457462,0.010414287218215369,0
2010-01-29,NEOG,5.381344795227051,5.42885684967041,5.306326866149902,5.313827991485596,236341,-0.01392113832555053,-0.05806737850918109,-0.12334983595709159,-0.12153789251486202,-0.02781592064453632,-0.06019197850823574,-0.08564793765883995,-0.07238732963052341,0.01997782188660277,0.01660611530336847,0.017963497430610174,0.11720326924985947,1.024797043650385,-0.012546455637137147,0.023058703389879937,0.061218692112513816,1
2010-02-01,NEOG,5.3213300704956055,5.4088521003723145,5.198800086975098,5.391347885131836,268333,0.014588333263788611,-0.022665410977997902,-0.08991137674770755,-0.0868276025549336,-0.009100033056068824,-0.03741399633583983,-0.06819944838180307,-0.05854266972039492,0.02185318647750941,0.018277668204165265,0.0180363308010221,0.13536373291134418,1.133829754194559,0.013157953689895675,0.03896094592161165,0.9166672341893846,1
2010-02-02,NEOG,5.4088521003723145,5.461365222930908,5.33383321762085,5.40385103225708,201550,0.0023191134001434577,-0.01995452910206652,-0.09845632471714139,-0.11252564194428882,-0.002768756825844471,-0.02490744482549849,-0.06047557820743487,-0.05565830449750439,0.022012366081703535,0.01728206565176138,0.016071811525092697,-0.2488810545106267,0.8597766372388863,-0.0009246080355737829,0.023600207435176285,0.5490215139799741,0
2010-02-03,NEOG,5.37134313583374,5.43635892868042,5.326332092285156,5.398849964141846,207548,-0.0009254637267721577,-0.03529928303150709,-0.08127655572540693,-0.08826006317801449,0.0036259462071387186,-0.017340956180421103,-0.057061041024453925,-0.05612254285043266,0.019639968482660915,0.01715849838058862,0.015262710013917975,0.029759364921855713,0.9064707919674252,0.005121033531557439,0.02037968032563257,0.6590925835236605,0
2010-02-04,NEOG,5.37134313583374,5.376344203948975,5.213802814483643,5.218804836273193,238340,-0.03334879262518475,-0.03155443862708407,-0.09653674925898215,-0.10888124348889161,-0.02367138333164978,-0.04037147070333127,-0.08340281431223205,-0.08658542108033639,0.01822914672402676,0.018780031668863946,0.01652972805798446,0.1483608611020102,1.0457042610232976,-0.028398539378897802,0.03114532820533765,0.030773834320012673,1
2010-02-05,NEOG,5.218804836273193,5.348836898803711,5.136283874511719,5.283821105957031,210747,0.012458076460714507,-0.005646943329111309,-0.06338641864258099,-0.10768575653691459,-0.01039714855157855,-0.021985601242074798,-0.06675788557501317,-0.07413354328307972,0.019245653689644694,0.01934176597382494,0.01660454586209235,-0.11577158680876054,0.9173183020120352,0.012458076460714467,0.04022714244665813,0.6941196529042795,0
2010-02-08,NEOG,5.263815879821777,5.323831081390381,5.128781795501709,5.261314868927002,179955,-0.004259462343389253,-0.024118832428424164,-0.046237580157122427,-0.11447812582738459,-0.009789248667747377,-0.02153193790420757,-0.06511746478524179,-0.07700413505150934,0.01716718450804422,0.018527571255131887,0.016475766898165205,-0.1461088414069951,0.7858204291914461,-0.00047513267026734794,0.03707234612408788,0.6794850482095011,1
2010-02-09,NEOG,5.298824787139893,5.328832149505615,5.213802814483643,5.323831081390381,118770,0.011882241230722679,-0.014807949069846282,-0.03446699252125662,-0.1099497421258625,0.00500379214003003,-0.0063937651601071056,-0.04844904219064337,-0.0653945459058516,0.018622850691264455,0.019229204072442697,0.01672241322947683,-0.3400016670834375,0.534219486079685,0.004719215157137842,0.02160649601075085,0.9565235414576718,1
2010-02-10,NEOG,5.293822765350342,5.39634895324707,5.196299076080322,5.3888468742370605,206748,0.012212219330914653,-0.001852818650494803,-0.03708669851205204,-0.09757122980776045,0.017661454754459207,0.00965137658742351,-0.03178706765803667,-0.05396709479691992,0.01984686189104255,0.01895580289153008,0.017179199809169418,0.7407426117706493,0.9161782920144375,0.01794999815798142,0.03712294704886574,0.9624989571787813,1
2010-02-11,NEOG,5.3888468742370605,5.573893070220947,5.311327934265137,5.566391944885254,232742,0.03294676482588499,0.06660281798548273,0.03294676482588499,-0.0786422851207561,0.037568823237889626,0.03945839106447446,0.0043994125466669835,-0.023284313864938563,0.013209036934763673,0.018131872381221985,0.018840283137747705,0.12572793932710358,1.0042284757639302,0.0329467648258849,0.04716971757568593,0.9714313733680324,1
2010-02-12,NEOG,5.513877868652344,5.633907794952393,5.46886682510376,5.621405124664307,173557,0.009883094888710087,0.06389013025567425,0.05788240298171954,-0.07260721788796942,0.034800200314586416,0.043736607441703136,0.018369595421088843,-0.014242642101016655,0.013287747836155429,0.01714142719399677,0.019029356568969084,-0.2542944548040319,0.7435344458267786,0.01950120379402669,0.02935938011734896,0.92424505079222,1
2010-02-16,NEOG,5.663916110992432,5.691422939300537,5.571393013000488,5.691422939300537,211947,0.012455571709112823,0.08174915987517228,0.05565863315855446,-0.039257087924334244,0.0313576374172971,0.05088190399096873,0.03323047510675459,-0.0029147090297957736,0.009596856920403438,0.017032516864607376,0.018793951805219165,0.22119534216424586,0.9282776559595327,0.00485650348081969,0.021089616354324256,1.0,1
2010-02-17,NEOG,5.688921928405762,5.793948173522949,5.656414031982422,5.778944969177246,215146,0.015377881912860492,0.08548616228222006,0.06941233847512196,-0.03587806997830212,0.03022471691769133,0.059702898218646126,0.05117131542966434,0.011068871573225092,0.009357522559427558,0.01725537910877304,0.01894622350320214,0.015093395990507075,0.9478498849254041,0.015824270732558994,0.02379917827113488,0.8909128731407967,1
2010-02-18,NEOG,5.771442890167236,5.8289570808410645,5.708927154541016,5.811452865600586,209148,0.005625230313963003,0.07842234177851948,0.0764242207505621,-0.011063832411448704,0.020641179224909368,0.05766167513996498,0.05770983313061975,0.01574315801576144,0.010517131660052904,0.017049748845666134,0.018523141257018528,-0.027878742807210033,0.9242746043236049,0.00693240428689233,0.02065403076923077,0.8541679081204985,0
2010-02-19,NEOG,5.81645393371582,5.81645393371582,5.728931903839111,5.766441822052002,172357,-0.0077452307692307265,0.035938877310025985,0.10493532579959108,-0.0017315386945159217,0.005669454946191766,0.03911322968951254,0.04961316388351253,0.006925390017668735,0.009048550330957967,0.01112201096993825,0.018198125577774702,-0.17590892573679884,0.80463029941442,-0.008598385241893991,0.015177822403758175,0.42857687676725853,1
2010-02-22,NEOG,5.8089518547058105,5.841460227966309,5.751438140869141,5.8264570236206055,135566,0.010407666186641018,0.036476982962252436,0.10269763241071916,0.03280157864655031,0.008920103874389547,0.03976087628727454,0.05875411536136008,0.015991408355627134,0.00909154548557866,0.011092233385331596,0.017460026611905058,-0.213458113102456,0.6571036370792465,0.0030134814941897045,0.015450570858450707,0.8333386302240585,1
2010-02-23,NEOG,5.801449775695801,5.943985939025879,5.778944969177246,5.906476974487305,352312,0.013733895323057688,0.03778563594382911,0.12262373981275854,0.07071633465687754,0.015215354466109738,0.042043539955188586,0.0695042553806357,0.028223246304389847,0.00929121624471524,0.009943961083115765,0.016699764951404947,1.598822713659767,1.6924411274646265,0.018103612519666672,0.027942370817920396,0.7727293739671093,1
2010-02-24,NEOG,5.936483860015869,6.041510105133057,5.911478042602539,6.019004821777344,231942,0.019051601788358186,0.041540428898438675,0.13057772302674375,0.09161010910248168,0.026089155983521666,0.04903028112350876,0.08491842587965885,0.04552775347072269,0.010175138837765491,0.01021507887372589,0.017019779571547107,-0.341657394582075,1.1221825328284185,0.013900646191810587,0.021603581718367952,0.8269251220218777,1
2010-02-25,NEOG,5.943985939025879,6.119029998779297,5.943985939025879,6.099024772644043,366708,0.013294548390654137,0.049483651282051344,0.13178661687386084,0.08981238783388479,0.029635224164733815,0.04998060333244746,0.09438448912082231,0.0572141241367386,0.01026487523356234,0.010218661821829155,0.01696987276326889,0.5810331893318157,1.6739673850524865,0.026083310964825798,0.02870033591903793,0.8857131960751197,0
2010-02-26,NEOG,6.121530055999756,6.124031066894531,6.009002208709717,6.059014797210693,932167,-0.006560061144989304,0.05073717626697194,0.08849949072991392,0.12436202746408775,0.012875154615477006,0.03432082634604224,0.08070738585433684,0.048826959186316826,0.009761253611521253,0.00900105790383812,0.01418123240497786,1.541987085092226,3.6541783060664956,-0.010212358383798319,0.018984746206226255,0.43478296916259385,1
2010-03-01,NEOG,6.069016933441162,6.186546802520752,6.041510105133057,6.169042110443115,624644,0.018159274554515603,0.058798183086850475,0.09741994637177331,0.16094124994784154,0.019589978750469014,0.04334949745521936,0.09200358979594568,0.06668164144536456,0.010437225460011879,0.009503466248334418,0.01361550776747187,-0.32990118723361805,2.2754760413367245,0.016481281581338145,0.023510408065163538,0.8793085309241068,1
2010-03-02,NEOG,6.1590399742126465,6.2715678215026855,6.096523761749268,6.241559982299805,546263,0.011755126737411858,0.05673145078866337,0.09666072067855813,0.15769935743020191,0.020274636933600394,0.0458830103126646,0.09658845713790758,0.07864230713081156,0.010370345730595507,0.009480833958599926,0.013553325975810332,-0.1254810740197616,1.8940642565727668,0.013398193295166479,0.028044921501967225,0.8285697941126796,1
2010-03-03,NEOG,6.286571979522705,6.301575183868408,6.214054107666016,6.261565208435059,462284,0.0032051644447839145,0.04029908495505907,0.08351355512674541,0.15872276475758595,0.015491922358501494,0.04081798632992165,0.09187629714551943,0.08091306188299217,0.0097509697901043,0.009396264457197984,0.01353715773196123,-0.15373364112158427,1.5335623085572454,-0.003977807168851516,0.013977507745905365,0.5428532512462884,1
2010-03-04,NEOG,6.289072036743164,6.289072036743164,6.234058856964111,6.2715678215026855,99575,0.0015974620936873851,0.028290268574174382,0.07917382564102571,0.1616488443200439,0.011453473918913347,0.03456808827018207,0.08536188003406003,0.08062459441651851,0.009555609201657276,0.009597949218045545,0.013466273593608106,-0.7846021060646702,0.33634987007082345,-0.002783274724508194,0.008771838453286697,0.6818177878322975,1
2010-03-05,NEOG,6.3140788078308105,6.379095077514648,6.2590651512146,6.379095077514648,324719,0.017145195439535188,0.05282711645650817,0.10624459144280984,0.22232872805989645,0.0182820384913481,0.04177731258976844,0.09299689806018005,0.09734595974546759,0.007693940917657289,0.00828847561922627,0.009546636392372283,2.261049460205875,1.0810818909070086,0.010297031706858613,0.01881613690367091,1.0,1
2010-03-08,NEOG,6.376594066619873,6.429107189178467,6.299075126647949,6.4041008949279785,139165,0.003919963115375458,0.03810296319536377,0.09914153128832659,0.2120207642359302,0.014659266029622392,0.03608704352125144,0.08685040116371177,0.10021823185107999,0.006656483820903297,0.008519282145467646,0.009627671558532275,-0.5714294513102097,0.4689072841266806,0.004313717953616951,0.020304499361261226,0.8076913204032314,1
2010-03-09,NEOG,6.369091987609863,6.554139137268066,6.369091987609863,6.549137115478516,550662,0.02264739780496039,0.049278887658046555,0.1088060012368024,0.24477193983528944,0.02762299023896523,0.048648632965694556,0.09945003187211988,0.12308957705788046,0.009543437990956326,0.009426015897622465,0.009452043831679914,2.95690008263572,1.74635316190385,0.028268570813375565,0.028255195515887833,0.9729689335999505,1
2010-03-10,NEOG,6.529131889343262,6.619154930114746,6.489121913909912,6.564140796661377,484679,0.0022909401526196582,0.04832267622458253,0.09056912081407176,0.2329731534132511,0.020289151673731416,0.04195607733856729,0.090614442236891,0.12377345944070127,0.009706421903824782,0.009208604712529813,0.009648849352292583,-0.11982486534389514,1.452802626248608,0.005361954377925215,0.019809601931599453,0.5769218075607171,0
2010-03-11,NEOG,6.506627082824707,6.559140205383301,6.426607131958008,6.434109210968018,399100,-0.019809384003386277,0.02591718595596504,0.05494065868152043,0.19396771909184052,-0.004950020240509521,0.01591198577836685,0.05980733518309632,0.10014636304024348,0.01645191675892613,0.01268545189788239,0.011782811717555103,-0.1765684091945391,1.1627630875307715,-0.011145232535012201,0.020598511632250217,0.056605334925991756,0
2010-03-12,NEOG,6.419105052947998,6.429107189178467,6.239059925079346,6.28407096862793,457486,-0.023319194222616302,-0.014896173788295552,0.03714402076074186,0.1289307384116427,-0.02528897184197827,-0.011291656534433061,0.029011307301095943,0.073628812713493,0.01890097548227174,0.015286614207363226,0.01245448893332958,0.14629416186419442,1.2906148832620747,-0.021036278921475735,0.03024269857038489,0.2368413129331239,0
2010-03-15,NEOG,6.261565208435059,6.321579933166504,6.189046859741211,6.226556777954102,211547,-0.009152377648336096,-0.027723504030751744,0.009323111510881832,0.10765131490606317,-0.02886114388805205,-0.02122639140552492,0.014566581272790391,0.06315757352189012,0.01863190686439658,0.014861878625769407,0.012874908252472532,-0.5375880354808672,0.5936147695581724,-0.005591003098362146,0.021285130474445007,0.28302307675702126,0
2010-03-16,NEOG,6.226556777954102,6.226556777954102,6.066516876220703,6.131533145904541,326718,-0.015261023939587837,-0.06376473147691342,-0.017628098857863206,0.07732867708090096,-0.031059810623055406,-0.03449358802350565,-0.004486275752881865,0.046119773171108956,0.010081792418697482,0.015147989700847433,0.013528382016321781,0.5444227523907217,0.9022632386786976,-0.015261023939587852,0.026101123148994883,0.40625037243614953,1
2010-03-17,NEOG,6.151537895202637,6.226556777954102,6.106526851654053,6.164041042327881,267533,0.005301756616133302,-0.06095234193285326,-0.015575045992621939,0.06663778167201717,-0.013447559218685314,-0.02788185387371712,-0.0023272325257506217,0.05139690475427644,0.011249454748594675,0.015237264099977397,0.013260196942216702,-0.1811501049835026,0.7335122334063328,0.002032523791326214,0.019472603358059233,0.47916542521283484,1
2010-03-18,NEOG,6.154038906097412,6.234058856964111,6.134034156799316,6.214054107666016,190352,0.008113681429877007,-0.03420133169746031,-0.009170548015039914,0.06927721025641032,0.0016123173123109135,-0.01910468871191764,0.002501292194485331,0.05887076306366129,0.013405751318461489,0.01551945129626068,0.013294651069572066,-0.2884915131965029,0.5232484384146358,0.009752164795243747,0.016096528680269888,0.8000019068776308,0
2010-03-19,NEOG,6.126532077789307,6.25156307220459,5.931482791900635,6.089022159576416,865783,-0.020120833504708835,-0.031038606983476047,-0.045472424287999025,0.05594096801441806,-0.012330701710082017,-0.03441988980522439,-0.02021932044629702,0.0367437238164384,0.012467731879367547,0.015199240155895506,0.01410584742800191,3.548326258720686,2.172821504779962,-0.0061225368179947046,0.05256677869049199,0.49218704609411895,1
2010-03-22,NEOG,6.131533145904541,6.25156307220459,6.019004821777344,6.209052085876465,284329,0.01971251264232521,-0.002811295664983615,-0.03045686072903564,0.0656651307483791,0.007710990058805789,-0.01233099031079317,-0.003971313485663155,0.05614630027968391,0.016727629671535373,0.016900987920162227,0.014516738531748329,-0.6715932283262664,0.7004930297828225,0.012642668338782668,0.03745471083359713,0.817202845953538,1
2010-03-23,NEOG,6.21155309677124,6.326581954956055,6.144035816192627,6.296574115753174,162759,0.014095876257149254,0.026916754084395533,-0.03856431698893936,0.06604565512586813,0.016470193135504914,0.00563119283049732,0.006918054901406285,0.06974136238852155,0.015322783868532816,0.015629913337514345,0.01453067015963163,-0.4275680637571264,0.4105713437048893,0.013687562137418972,0.028991342817155454,0.835615042826133,0
2010-03-24,NEOG,6.296574115753174,6.329082012176514,6.189046859741211,6.201550006866455,161560,-0.015091398455706506,0.006085125696114524,-0.055238118898872646,0.030328134051105016,-8.069722773805036e-05,-0.003776087141726407,-0.009723142598577433,0.05281026754850795,0.017865487472792093,0.015840575880841142,0.014588642634321672,-0.007366720119931891,0.41119705147585917,-0.015091398455706465,0.022580669716482746,0.08928577509151273,1
2010-03-25,NEOG,6.2490620613098145,6.396598815917969,6.199049949645996,6.376594066619873,318720,0.028225856368102598,0.026156830329709946,-0.008939099798010886,0.0455104388525871,0.022781978864896923,0.025290482257083607,0.015976719920829635,0.08103982721221159,0.02163729430027429,0.018151665109202433,0.01556798417436287,0.9727655360237684,0.816179676301481,0.020408183509594984,0.030980310838053714,0.8987351854980811,0
2010-03-26,NEOG,6.374094009399414,6.461615085601807,6.304076194763184,6.3340840339660645,262734,-0.006666573441822088,0.040246507233387296,0.007958704729436716,0.045398343783877415,0.008038927746739312,0.017636966594258785,0.006996977736328099,0.07276879233235532,0.018246463488384948,0.01654366841011694,0.015571207908930563,-0.17565888554216869,0.7358865038458889,-0.00627696663625447,0.024871613637241347,0.19047892900058416,1
2010-03-29,NEOG,6.35408878326416,6.584146022796631,6.2590651512146,6.476618766784668,468283,0.02250281683259514,0.04309299989878146,0.04016055706999122,0.04985808993277563,0.02201873360475488,0.036373028071882786,0.027145938882798544,0.09536893879849424,0.018728433922937517,0.017409020511095212,0.015831607600177794,0.7823464035868977,1.3409684159403779,0.019283643603349672,0.050192991634648645,0.6692292121382807,0
2010-03-30,NEOG,6.344086170196533,6.419105052947998,6.141534805297852,6.329082012176514,509473,-0.02277990413219877,0.005162791039338366,0.032218510700528835,0.014022460750983567,-0.002286366987917314,0.009573158194016365,0.0030515163031416387,0.0689517899891516,0.02283926487580114,0.01846742145713093,0.01663811968452091,0.08795963124862527,1.466645152811941,-0.0023650621409442045,0.043856320255627815,0.675674747082581,0
2010-03-31,NEOG,6.294074058532715,6.486621856689453,6.2290568351745605,6.27656888961792,405898,-0.00829711519894416,0.01209679558632959,0.018255531804107328,0.0023961550640165807,-0.01289919148274723,-0.0005972840329487143,-0.005389168326700903,0.0590716927091501,0.021803455143182847,0.018803672991007426,0.01675003978674587,-0.20329831021467282,1.1780397107853273,-0.002781214321916599,0.04103595866539937,0.1844662530801458,0
2010-04-01,NEOG,6.319079875946045,6.321579933166504,6.164041042327881,6.25156307220459,277931,-0.003983994735514251,-0.019607802081960002,0.0060361502955534885,-0.003189752525597722,-0.012950059729025144,-0.005173055674989061,-0.009194648283310208,0.053518787986816856,0.016435783920290086,0.018753549656184025,0.016772937651494846,-0.31526886064971993,0.7862895896430703,-0.010684594128721466,0.025199920246996334,0.5555582460356616,1
2010-04-05,NEOG,6.25156307220459,6.371592998504639,6.206552028656006,6.346587181091309,363909,0.015200056016264174,0.00197394714976884,0.042299898861397844,-0.0050960043749661565,0.0016576795292187086,0.0058257945155607595,0.006124833924019787,0.06748103909874463,0.018300689547686943,0.017679333783174454,0.01667347378588823,0.30935016245039226,1.0238525868800714,0.015200056016264243,0.02600468017525187,0.8484872123796646,1
2010-04-06,NEOG,6.341585159301758,6.441609859466553,6.2490620613098145,6.411602973937988,209947,0.010244213305756533,-0.010038539427411286,0.032621869692840866,0.0011714492218495298,0.013999844469969309,0.012878262152643028,0.016371352557337734,0.07562970070912316,0.01517504217625198,0.017002280284767517,0.016813576136815167,-0.4230782970467891,0.5848592146171485,0.01104105880113101,0.030031148051339177,0.8441587708827594,0
2010-04-07,NEOG,6.416604042053223,6.431608200073242,6.25156307220459,6.30907678604126,358310,-0.015990726237023578,-0.0031608416665743766,0.001985630607731048,-0.03665526086938797,-0.0015829827893766417,-0.00351521451588632,0.002025416066148022,0.05562195504752105,0.012988497243315307,0.017541903519499538,0.01630994600371556,0.7066688259417853,1.0256401448908845,-0.016757657992802637,0.028537476080018484,0.31944054536498034,0
2010-04-08,NEOG,6.27656888961792,6.369091987609863,6.261565208435059,6.26906681060791,123569,-0.006341652953387955,-0.0011952516003479463,0.010887085271698016,-0.044952415737874785,-0.007678978192055719,-0.010889354526599285,-0.001990521366948122,0.0462834687475196,0.012724244552081524,0.01689309648646082,0.016311904258542845,-0.6551338226675225,0.3729855125483309,-0.0011952516003479168,0.0171519593622544,0.0697649667405765,0
2010-04-09,NEOG,6.256564140319824,6.256564140319824,6.154038906097412,6.196548938751221,212347,-0.011567570429139695,-0.008800060531736542,-0.028235312768481013,-0.03692201428782649,-0.017446486008732446,-0.01954579828294475,-0.011666195681309686,0.03211292511140945,0.013705970201835664,0.014312200621807969,0.015942776991539037,0.7184488018839676,0.6595458930535961,-0.009592357757805332,0.016545537723627473,0.41462994916539153,1
2010-04-12,NEOG,6.214054107666016,6.2715678215026855,6.151537895202637,6.239059925079346,231942,0.006860429369366372,-0.016942531937845895,-0.015002028450705529,-0.007162720436050707,-0.0073207066663448115,-0.011332973907085602,-0.0045284695994032564,0.03625869552387164,0.01145994659363888,0.014540223124330582,0.01520590161874788,0.09227820501349204,0.7465570927462211,0.00402407461861033,0.019238463445039333,0.7291684047020313,1
2010-04-13,NEOG,6.25156307220459,6.376594066619873,6.214054107666016,6.371592998504639,190352,0.021242474830630353,-0.006240245317120086,-0.016216141795878714,0.023293165986064013,0.015058605429609066,0.011351934726341207,0.015442880218505614,0.05456593621803034,0.015176590973803892,0.014313561109979306,0.01577746391950771,-0.17931206939665956,0.6147874613097338,0.019199986453583156,0.025510097552057114,0.9692317621622256,1
2010-04-14,NEOG,6.376594066619873,6.456614017486572,6.301575183868408,6.456614017486572,264734,0.013343761756579031,0.023384916121442112,0.0201501584376218,0.053017877233390465,0.023790637994250317,0.022776773662330427,0.026334079673193306,0.06488276367917566,0.013597676392562836,0.01284048643876068,0.01549402511501233,0.39076027569975613,0.863666948591991,0.012549011279483322,0.024012405449399546,1.0,0
2010-04-15,NEOG,6.434109210968018,6.4491119384765625,6.391598224639893,6.436608791351318,317521,-0.0030984082494436294,0.02672518666732171,0.02549799174484013,0.04421900294818615,0.015224379187019726,0.017029467569956366,0.02094236036355015,0.05797917465634696,0.013003191752176138,0.012474085450985637,0.015533594854650674,0.19939637522947562,1.0275007349784877,0.00038848895804252556,0.008935406158899917,0.7826058118807777,1
2010-04-16,NEOG,6.436608791351318,6.501625061035156,6.401599884033203,6.484120845794678,550262,0.007381535212641843,0.046408397623566744,0.03719994038356189,0.04346063511025622,0.01352406205555988,0.0207857511498939,0.026280363184742788,0.06199979008025143,0.008975085090920496,0.012325356145540532,0.015519980483600362,0.7329940381896001,1.6826650141589998,0.0073815352126417755,0.015426174092178611,0.8250019068685405,1
2010-04-19,NEOG,6.4466118812561035,6.5366339683532715,6.399099826812744,6.5341339111328125,332317,0.007713160585304468,0.04729462284331465,0.029550800247457598,0.07310069497059613,0.012006261629370171,0.025631038391593787,0.030566034649526754,0.06559990466309787,0.008928779952573667,0.011765717132246488,0.014631508053120345,-0.39607496065510617,1.1064514673715897,0.01357643852132379,0.02104856487654739,0.9818222792358631,1
2010-04-20,NEOG,6.539134979248047,6.584146022796631,6.499125003814697,6.561639785766602,181555,0.004209567022635419,0.02982720134612582,0.023400826975482625,0.056786075396622504,0.010318737609132501,0.02752861515576842,0.032034685410116844,0.06564424214671703,0.0060149918807468755,0.011503500980686554,0.014137249177216002,-0.4536692375051532,0.6150109000100438,0.0034415571157307076,0.01295728228885099,0.7352861998182858,1
2010-04-21,NEOG,6.546637058258057,6.68917179107666,6.544136047363281,6.681670188903809,169558,0.018292744962558727,0.034856686617430244,0.059056723431692326,0.06115961887706156,0.021719177099338165,0.04025538155669629,0.04774039894427979,0.08015454958041121,0.007711911903290582,0.010485419771776366,0.014342460846126472,-0.06607914956900118,0.5737108356361326,0.020626335238092743,0.021706510440194803,0.9482775626146593,0
2010-04-22,NEOG,6.571642875671387,6.651662826538086,6.471618175506592,6.6491618156433105,171557,-0.004865306478982534,0.03302251716425486,0.06063023676701618,0.07217740859643995,0.010181559817415588,0.029104371343918446,0.03899650497485887,0.07031293030294371,0.008302457982053021,0.010304242243660576,0.013834210590424218,0.011789476167447077,0.5794945007692218,0.011795975745867682,0.02707779657398437,0.9861089408630201,1
2010-04-23,NEOG,6.66416597366333,6.67166805267334,6.5366339683532715,6.65666389465332,219945,0.001128274392775408,0.026610091477635933,0.07425342080729624,0.04392153947819155,0.006046859322221637,0.022980539032557222,0.03789766875067586,0.0671647971164878,0.008610465538253934,0.008536396154495205,0.012561993172476188,0.2820520293546751,0.7555464103945213,-0.0011257341188166462,0.020285549406892648,0.8888861423723546,0
2010-04-26,NEOG,6.621654987335205,6.694173812866211,6.619154930114746,6.63916015625,167558,-0.0026295061130214847,0.016073476078940496,0.06412828791118974,0.04816420506074559,0.00022613213009992105,0.014055536145581643,0.03271235699898322,0.06071023819570143,0.009112228683028377,0.00909043302195009,0.012443450648066158,-0.23818227284093751,0.5851543085276537,0.002643624433510336,0.01129945369382952,0.266669209158054,0
2010-04-27,NEOG,6.63916015625,6.694173812866211,6.531632900238037,6.5366339683532715,310722,-0.015442644172427689,-0.003810909807571594,0.025902622764411687,0.009266440364900097,-0.014477459313980496,-0.004114601980858353,0.016290179705340465,0.04128488807211867,0.012272787209201157,0.009755580305101964,0.012109884981315688,0.8544145907685696,1.1158171776636185,-0.01544264417242774,0.024866148757159433,0.030768057311667395,1
2010-04-28,NEOG,6.576643943786621,6.651662826538086,6.524130821228027,6.576643943786621,115971,0.006120883565923219,-0.015718561699079925,0.01859022793912879,0.03911498241511535,-0.005295016729410785,0.00015210885262207115,0.02054673357306368,0.0447120580174654,0.008040125052176184,0.009118608938308093,0.010839558419444568,-0.6267692664182131,0.44811873479130704,0.0,0.019391654223663162,0.41176426600462135,1
2010-04-29,NEOG,6.591648101806641,6.821704864501953,6.5791449546813965,6.814204216003418,351112,0.036121808364163455,0.024821534643933107,0.05866372136201026,0.08565752018986061,0.025515669524338282,0.03036272477223615,0.053018121483010036,0.078900381990274,0.019110905270852976,0.01391304269621322,0.01296588848212145,2.0275844823274785,1.371231560914714,0.03376334882558113,0.035596219621785836,0.9690771302475992,0
2010-04-30,NEOG,6.794198989868164,6.794198989868164,6.574143886566162,6.586647033691406,240340,-0.03339453516488178,-0.01051831098429834,0.015811887275855252,0.05360002892343063,-0.00663747562169192,-0.005587376266783233,0.015224579944417406,0.040317289754178094,0.025912440950949932,0.01858866210795185,0.015384739907411763,-0.31548907471120324,0.9455637895571737,-0.030548407028741616,0.03340927518605392,0.05681825568973475,1
2010-05-03,NEOG,6.614153861999512,6.7116780281066895,6.521629810333252,6.701674938201904,156361,0.01746380273940873,0.009416067767706204,0.02564089278666848,0.055949401935031506,0.00880817426824172,0.009226078529900728,0.030135244825748503,0.05536733763188229,0.02728221259356833,0.01918384998074715,0.01548931178062271,-0.3494174918864942,0.6413520974245177,0.013232391932281758,0.028358316320312077,0.9473655158570855,0
2010-05-04,NEOG,6.621654987335205,6.67917013168335,6.529131889343262,6.556639194488525,275131,-0.02164171569805995,0.0030604782571745925,-0.0007620947570031733,0.02262089857093197,-0.0136182437830041,-0.012540944278495548,0.0067191625174145096,0.03015826646398425,0.028400841814273926,0.02064412389222968,0.016306486734270684,0.7595883884088743,1.1136282867761522,-0.009818662097471256,0.02288340686280392,0.18333529316421582,0
2010-05-05,NEOG,6.541635036468506,6.566641807556152,6.409101963043213,6.436608791351318,182754,-0.018306696399903122,-0.02129279821627006,-0.036676667752841396,0.020214051854975157,-0.027578451925269868,-0.02702707339188849,-0.012677203244365772,0.0096175978864739,0.029370022767733376,0.020304961351643423,0.01644298050033816,-0.3357564214864919,0.7669703425040415,-0.01605504503563467,0.024475597262431283,0.1746023578552295,0
2010-05-06,NEOG,6.429107189178467,6.429107189178467,6.171543121337891,6.254064083099365,295126,-0.028360385751147854,-0.0822018412052492,-0.05942068241058729,-0.002393135686982739,-0.03889008659698204,-0.04894086459003788,-0.0405676617846774,-0.019738398258774624,0.020054489299224626,0.02178047519268764,0.01766151845545342,0.6148812064305023,1.1955282029261731,-0.02722665852791127,0.04118347116662955,0.3203900390816642,0
2010-05-07,NEOG,6.241559982299805,6.264066219329834,6.016503810882568,6.121530055999756,399500,-0.021191664386324693,-0.07061513624648885,-0.08039069526754805,-0.012106558584944138,-0.04561406915460638,-0.0614577106677702,-0.06035893208620315,-0.040579459805010834,0.01819358028744042,0.022121851789944583,0.018119272130524,0.35365911508982606,1.5592318821743694,-0.019230757477367355,0.04044126324343175,0.42424149036165,1
2010-05-10,NEOG,6.2490620613098145,6.371592998504639,5.876469135284424,6.341585159301758,299525,0.035947728964644154,-0.05373131078732396,-0.044821180683238926,0.016432801648576634,-7.888533665943358e-05,-0.023263013408560785,-0.02734632128329865,-0.00697003535157249,0.026341778985157285,0.026178561650994935,0.01982429881827391,-0.2502503128911139,1.153816299655945,0.014805917605585493,0.07807572567151816,0.93939326816584,1
2010-05-11,NEOG,6.27656888961792,6.554139137268066,6.189046859741211,6.466617107391357,109173,0.01971619791405055,-0.013729913211152467,-0.010711455054833507,0.014913712930034961,0.02253862135446685,-0.002930227285058951,-0.008891535275650491,0.011665921502301547,0.028459436945830505,0.026863094271800995,0.01974506037330978,-0.6355128954177447,0.4272312209507776,0.03027899814623185,0.05645800137285911,0.7602742230824889,1
2010-05-12,NEOG,6.461615085601807,6.7366838455200195,6.436608791351318,6.72918176651001,217945,0.04060309351214575,0.04545452188298493,0.02319386970424353,0.042215276967964455,0.054301753063956945,0.03511935295894651,0.029200781131536766,0.051138950334464396,0.032196736290032474,0.02988639417752537,0.021509397242755943,0.9963269306513516,0.8607736318786209,0.04140863814441883,0.04459309684011265,0.9749993246496521,1
2010-05-13,NEOG,6.72918176651001,6.849212169647217,6.68917179107666,6.801700115203857,307923,0.010776696366675553,0.08756482582012448,-0.001835005292355918,0.056721067830485694,0.047685061097901604,0.04647580419413792,0.03739579673145677,0.060676919682291816,0.024600242506074194,0.027733919341436757,0.02155023123738286,0.41284727798297727,1.2184510919834162,0.01077669636667553,0.02352946702440144,0.7031245810105802,0
2010-05-14,NEOG,6.751688003540039,6.791697978973389,6.531632900238037,6.67917013168335,553462,-0.018014611265588787,0.09109488487066186,0.014047070917672988,0.03008106889543427,0.011435988563274942,0.026163191261089798,0.017194492272169386,0.040246819552365996,0.023372023657296497,0.026041098882698812,0.022020442825109336,0.7974038964286527,2.188663054234919,-0.010740702446361109,0.03893673519434778,0.5673088911543173,1
2010-05-17,NEOG,6.72918176651001,6.751688003540039,6.541635036468506,6.694173812866211,293927,0.0022463391240312713,0.05559945103745556,-0.0011192911331664446,0.02449290202955945,0.0029974109696639492,0.028586840799782475,0.01823857738144098,0.041561338544146724,0.021626476147268814,0.025455561231188084,0.02197591886996549,-0.46893011625007675,1.171223385656322,-0.005202408681844121,0.031378475214941554,0.726191962552751,0
2010-05-18,NEOG,6.731682777404785,6.791697978973389,6.539134979248047,6.574143886566162,212347,-0.017930506385918976,0.016627979883315103,0.0026697659514878236,0.0019056365798506558,-0.01815053376885062,0.009872135943836666,-0.00011404388633570393,0.022344645384830258,0.024255412141521528,0.02512704343391569,0.022382878730693643,-0.2775519091475094,0.840988709364097,-0.02340260170419941,0.03841762579024745,0.13861455302711348,1
2010-05-19,NEOG,6.559140205383301,6.724181175231934,6.506627082824707,6.601650238037109,187553,0.004184020299153213,-0.018952011239702693,0.025641056033660403,-0.011976040212159478,-0.010272215417117609,0.011532975938747065,0.004680874260915682,0.026454509179742028,0.013365024651520875,0.024242810590558977,0.02200618195163977,-0.11676171549397918,0.7401559452652482,0.006481037349822042,0.03295450145991264,0.4367794425789709,0
2010-05-20,NEOG,6.481619834899902,6.501625061035156,6.164041042327881,6.174044132232666,307123,-0.06477260842155508,-0.09227927905380451,-0.012794872230833199,-0.0714552746021081,-0.056625346789888745,-0.05282532275397818,-0.05698562725437314,-0.038865694040806406,0.027776116734562182,0.03118361285704669,0.02630669423028187,0.6375264591875363,1.180448229248863,-0.0474535240421095,0.05467794066207911,0.029631408332332812,1
2010-05-21,NEOG,6.1165289878845215,6.3140788078308105,6.014004230499268,6.294074058532715,377506,0.01944105415013353,-0.057656275489059716,0.028186417603855096,-0.054470203371968395,-0.026832628008052535,-0.03696045108869565,-0.035983001508407594,-0.01975284718946899,0.03267847938531677,0.03088342869741258,0.02678579650185794,0.22916876951579668,1.4083262280829216,0.029027095432698925,0.04767573030456157,0.9333340748956781,0
2010-05-24,NEOG,6.30907678604126,6.401599884033203,6.151537895202637,6.169042110443115,121570,-0.019865026519682694,-0.07844608118985374,-0.027208189202593713,-0.07080986672151945,-0.03041980510967572,-0.05359270856483878,-0.05171919951024643,-0.03888111894678491,0.03186170189400881,0.02931505941515035,0.027067544894855546,-0.6779653833316557,0.4574539079534403,-0.022195747547084733,0.04053497842189389,0.06999950421228868,0
2010-05-25,NEOG,6.021504878997803,6.059014797210693,5.928981781005859,6.016503810882568,381105,-0.024726415678428593,-0.08482322341972093,-0.06960568238906684,-0.07957155930542881,-0.03752306831975672,-0.07057602267296839,-0.07145481607470501,-0.06203223194076731,0.03211982222104242,0.028962814037169653,0.027364449119112063,2.134860574154808,1.4153124323408945,-0.0008305345948780058,0.021612720658404982,0.67307544215417,1
2010-05-26,NEOG,6.059014797210693,6.3615899085998535,6.036509037017822,6.299075126647949,552262,0.04696603287348866,-0.045833253880339764,-0.06391663277735016,-0.042205237125678474,0.017531126738585773,-0.020416067180496957,-0.025758001902232968,-0.018492339655988187,0.04305870527177398,0.03016502657528892,0.02957692305380295,0.4491072014274282,1.8972387145091376,0.039620357017079604,0.05160771463207217,0.8076946771808773,1
2010-05-27,NEOG,6.399099826812744,6.546637058258057,6.366591930389404,6.526631832122803,357910,0.03612541538236069,0.05710806277677727,-0.04044110713822768,-0.04220190278495628,0.042415536007272464,0.01933215684448619,0.011686743596810503,0.015817197889561926,0.03249380743394775,0.03270540241472936,0.02957716606431167,-0.3519199220659759,1.228128539156355,0.019929678980110485,0.02758622402791368,0.888887711808296,0
2010-05-28,NEOG,6.4916229248046875,6.559140205383301,6.409101963043213,6.429107189178467,258335,-0.014942568456878247,0.021454010453323402,-0.037439223372778385,-0.023918063880925544,0.022429001292086442,0.008037600864207314,-0.002212151101047163,-3.112457882566801e-05,0.03401896004501292,0.0325694676280758,0.028815674260082337,-0.2782123997653041,0.8837195619014192,-0.009630216719357834,0.02333733719553372,0.133334180827769,1
2010-06-01,NEOG,6.464116096496582,6.816703796386719,6.456614017486572,6.5341339111328125,493477,0.01633612862002476,0.05918127873882728,-0.023907341847891894,-0.024999873705310427,0.02720343949951952,0.027082300797373792,0.015407977414564258,0.014899231989799365,0.031217707642602944,0.0331372035135027,0.028779107580515377,0.9102212243791976,1.5960692496701787,0.010831769354232156,0.055109029566508885,0.21527935028596476,1
2010-06-02,NEOG,6.546637058258057,6.796699047088623,6.386597156524658,6.769192218780518,837391,0.03597390424570501,0.1251039526537816,0.02966900870741873,0.032417983968168196,0.039554495590022165,0.060778210213261595,0.050201713684120505,0.049582793866151324,0.02445943166452884,0.034595349789397434,0.029465938802536975,0.696920018562162,2.4826613561928004,0.03399534120220175,0.060583578853939744,0.9329268434479085,1
2010-06-03,NEOG,6.809202194213867,6.944235801696777,6.651662826538086,6.891723155975342,679030,0.018101264262355032,0.0940849279317566,0.043939455663207116,0.0707071657416165,0.03945087098888436,0.0750926539943615,0.06545020529519872,0.06661303739174217,0.020851110261328406,0.03490572008555481,0.029268674454619153,-0.189112374028381,1.8752062566709793,0.012119035300728323,0.04245280440567631,0.8205143667389214,0
2010-06-04,NEOG,6.751688003540039,6.871717929840088,6.569141864776611,6.584146022796631,444289,-0.04462993161761464,0.008812231508257273,0.06642354375521164,0.052778790768911454,-0.00865965322675296,0.020582174698146632,0.015308666311248595,0.017804818156583788,0.031938463867382895,0.03077790387504904,0.030414143901219857,-0.3457004845146754,1.202185851494307,-0.02481482862590255,0.04595524826087571,0.049588053228439774,0
2010-06-07,NEOG,6.591648101806641,6.65666389465332,6.266567230224609,6.266567230224609,551062,-0.04823386229170068,-0.025281886608990778,-0.00437027401525647,0.02369296122016129,-0.051834978411225086,-0.02823010955395325,-0.034743013242472316,-0.030958202110023154,0.03907096107817896,0.03487598660436622,0.03210133834868431,0.24032330307525052,1.4611380348313616,-0.04931708528143865,0.062250455488168266,0.0,1
2010-06-08,NEOG,6.279069900512695,6.459115028381348,6.2290568351745605,6.381595134735107,497476,0.018355807938308155,-0.02334491127245042,0.034454785765228646,0.0063091442325997615,-0.029952919663640228,-0.01364362216840537,-0.01732774442461392,-0.013315639669052068,0.03934955368716326,0.034536288178595005,0.03134462974006999,-0.0972413267472626,1.2853238901177206,0.01632809251160602,0.036050264604624835,0.6630422391583258,0
2010-06-09,NEOG,6.489121913909912,6.584146022796631,6.2715678215026855,6.306577205657959,612647,-0.011755357006091649,-0.06834124341144787,0.04821294956228739,-0.02474862808105227,-0.027681340428638953,-0.02958938276941185,-0.027681326132340194,-0.024401480937173647,0.03237245103529051,0.033570399283417214,0.031133507608645184,0.2315106658411663,1.4862244885582108,-0.028130879751335085,0.049563842810568484,0.11200200145227329,1
2010-06-10,NEOG,6.409101963043213,6.409101963043213,6.301575183868408,6.384096145629883,322319,0.01229176103677565,-0.07365748722876808,0.013497381325435542,-0.05128195861754836,-7.834515319464872e-05,-0.018944785111718647,-0.013104493096321196,-0.012577724908960782,0.031024944696207386,0.030423793562348405,0.029766095488530635,-0.47389116407980447,0.7721404757666869,-0.003901610172145966,0.016842913502862922,0.7674456762749445,1
2010-06-11,NEOG,6.301575183868408,6.476618766784668,6.2590651512146,6.469117164611816,334716,0.013317628219013056,-0.017470581269999785,-0.00881230456847748,-0.04889703235351661,0.01690246914705504,-0.005000037770729034,0.0026159819405111185,-2.3213617047870918e-05,0.027743117745094213,0.028345380440818788,0.029829767986705447,0.038461896444205834,0.7992734051801282,0.026587317592005243,0.03362956799733937,0.9655183750764396,1
2010-06-14,NEOG,6.509127140045166,6.634159088134766,6.459115028381348,6.474119186401367,269933,0.0007732155195632195,0.03312051854733222,0.007001282743996695,-0.03070006321733021,0.011091222730304322,-0.004919601551609266,0.004988137094895992,6.190019126780647e-05,0.012109832612920651,0.02788879151582005,0.029596352325098964,-0.19354617048482892,0.6671619720172249,-0.005378286963919392,0.027037509615376116,0.08571646499261769,1
2010-06-15,NEOG,6.506627082824707,6.744185924530029,6.434109210968018,6.714179039001465,431092,0.03707992480341327,0.052116108472018086,0.027554551271423033,0.0029884533468198526,0.03780150547638185,0.029129976287476243,0.04209121384839968,0.03596763020508048,0.018079182612055614,0.029854079738751992,0.030806157686014787,0.5970333379023685,1.047720279013258,0.031898547978049134,0.04618237192675852,0.9032275426817453,0
2010-06-16,NEOG,6.681670188903809,6.7366838455200195,6.556639194488525,6.644161224365234,163959,-0.010428350842226486,0.05352888067467276,-0.018470593000505464,0.010650411522350245,0.01637210791852291,0.02035329265633236,0.03066389855713069,0.02442901087931948,0.01767901987433364,0.027710701103879905,0.03061366308703523,-0.6196658717860688,0.40084075369571637,-0.00561371086541581,0.027098176120597544,0.4861129135205426,0
2010-06-17,NEOG,6.66416597366333,6.706676959991455,6.601650238037109,6.626657009124756,103174,-0.0026345259618757444,0.03799455051454914,-0.038461519833507096,0.0037879575842361124,0.006227222038803011,0.0218246446236394,0.02774924902573774,0.020730503043246733,0.01856156548379915,0.026842123753630126,0.030614066235346297,-0.37073292713422257,0.25486464561428473,-0.005628455936843261,0.01584912600874412,0.23809912965308708,0
2010-06-18,NEOG,6.676669120788574,6.676669120788574,6.509127140045166,6.5791449546813965,439890,-0.007169837578425486,0.017008161588333515,-0.0007595621509485229,0.065613528794495,-0.004314289979819321,0.014576568002698449,0.017185049846886468,0.012444891570007666,0.019238766870795964,0.022785077524378458,0.026580199341166438,3.2635741562796827,1.0691028215210259,-0.0146067094748675,0.025465616261303614,0.4179120619533756,1
2010-06-21,NEOG,6.67166805267334,6.751688003540039,6.464116096496582,6.716679096221924,321520,0.020904561685126666,0.03746608655738748,0.0718275013194396,0.06714332144158597,0.009091547193943523,0.028645789308155898,0.03506740086201334,0.031957624271940335,0.020578994524020296,0.01592638032301286,0.02662831135279868,-0.26908999977267045,0.786770644440086,0.0067465951832762485,0.04281459675588995,0.8782603360737015,0
2010-06-22,NEOG,6.756689071655273,6.829206943511963,6.676669120788574,6.709177017211914,314321,-0.001116932773255419,-0.0007449938049752802,0.05133228848909166,0.08755571725705114,0.008115977010408863,0.022367795106802764,0.029626151968187426,0.02931805886641899,0.012301487888518174,0.015580328033443638,0.026083509795775974,-0.022390520029858196,0.7514330781548159,-0.007031854498481419,0.022735698034507628,0.21311367792556932,0
2010-06-23,NEOG,6.694173812866211,6.749186992645264,6.654163837432861,6.68917179107666,154761,-0.002981770503883263,0.006774454320338297,0.060665963951960444,0.11180379857441114,0.003752280107091066,0.01341103144677593,0.021284620096654154,0.02524980873983642,0.011131961925840934,0.01474891362688082,0.025239394784793902,-0.5076339156467433,0.3802685254394461,-0.0007472201842050902,0.014205518736888028,0.36841497807083573,0
2010-06-24,NEOG,6.636659145355225,6.739184856414795,6.621654987335205,6.63165807723999,139565,-0.008598032108159237,0.0007546894472352239,0.03877791404811015,0.05279869566645812,-0.005027348021764611,0.0009435830522793366,0.00993945375360518,0.015889571638959182,0.01196094097805358,0.015230820580959663,0.023442458841614756,-0.09819011249604226,0.3612460263648902,-0.0007535520516726334,0.017722546565383877,0.08511104439341442,1
2010-06-25,NEOG,6.651662826538086,6.876718997955322,6.546637058258057,6.874218940734863,1464434,0.03657620170849096,0.04484989889810942,0.06262087481412237,0.053256736024438256,0.022313194214092842,0.031248861721245982,0.04411572808551262,0.051636990864918346,0.01909032508908832,0.01829410584676489,0.023476340099594806,9.492845627485401,3.315677976894717,0.033458718519051654,0.0480173736889997,0.9924259496816097,1
2010-06-28,NEOG,6.874218940734863,6.976744174957275,6.789196968078613,6.916728973388672,217945,0.006183980030357361,0.029784045701881867,0.06836602389356528,0.07584595650092352,0.022550814186331196,0.030781802363207753,0.046696382024733994,0.056741556379378354,0.01788408950293755,0.018194180165837147,0.023105470493700722,-0.8511745834909596,0.4957238148841334,0.006183980030357342,0.027115014568335503,0.6799994915017226,0
2010-06-29,NEOG,6.806702136993408,6.811703205108643,6.611652851104736,6.651662826538086,437890,-0.03832247119561827,-0.00857246582200466,-0.009311073193049135,0.01798691563468391,-0.014960752434499255,-0.007795904159737484,0.005690057902120194,0.015879783121995488,0.0270059583917236,0.019796404166876592,0.02473436155684194,1.0091766271306981,1.002333184624192,-0.022777448951777513,0.030075239713860263,0.19999952328286488,0
2010-06-30,NEOG,6.67166805267334,6.686672210693359,6.509127140045166,6.514129161834717,267533,-0.020676583929457815,-0.026168057079270945,-0.019570877066268144,-0.03767998436181963,-0.030300705951404588,-0.02642290587661078,-0.013201434550342686,-0.004980741435627125,0.028384612218562047,0.02060149811766003,0.023765420095437934,-0.38904062664139394,0.6551115168356361,-0.023613118877444324,0.027255380763464544,0.028173250720445617,0
2010-07-01,NEOG,6.546637058258057,6.571642875671387,6.201550006866455,6.441609859466553,554261,-0.011132616588728883,-0.02865772263284916,-0.027924660866466722,-0.06531215580221428,-0.035639499349927425,-0.034591389202097415,-0.020848874134051197,-0.015335782194454573,0.028488105067680722,0.020814671123167493,0.023382733732401566,1.0717481581711414,1.378280936695203,-0.016042923696070875,0.05745347465603576,0.6486476039791739,0
2010-07-02,NEOG,6.481619834899902,6.521629810333252,6.279069900512695,6.421605110168457,170357,-0.0031055512107267536,-0.06584221923516753,-0.023945337212982643,-0.024686711392092442,-0.025426974291865183,-0.035311827696953596,-0.022682354337268926,-0.017710342015742203,0.017093322193592844,0.020755845813156943,0.021248111280465623,-0.6926411925067792,0.4385639840105138,-0.00925921702601247,0.03777247365093641,0.5876288862459086,0
2010-07-06,NEOG,6.504126071929932,6.6241559982299805,6.3140788078308105,6.35408878326416,267133,-0.0105139331593882,-0.08134483688593352,-0.053983569523474384,0.013966426884789662,-0.018918877609664545,-0.04022658261122908,-0.03360143253510734,-0.027137514016644264,0.013577592601106834,0.01918374046936251,0.0183088097715219,0.5680776252223272,0.7137892879635684,-0.023068016672261674,0.048799631383161145,0.12903230767101506,1
2010-07-07,NEOG,6.394099235534668,6.571642875671387,6.376594066619873,6.569141864776611,233542,0.03384483422373208,-0.012406065056731586,-0.02087218031005178,0.02938869139796796,0.01687693015043059,-0.00563993481975931,-0.0023167358700373957,0.006004550320711339,0.021155845517812872,0.02287536101684396,0.019384170271991887,-0.1257463510685688,0.646841874357429,0.02737565101729399,0.02969167252991673,0.9871775126085756,1
2010-07-08,NEOG,6.621654987335205,6.6241559982299805,6.486621856689453,6.596649169921875,227543,0.004187351363616587,0.012667849537069342,-0.013831700551959258,0.04599514995292164,0.018532850734253127,-7.580650225508045e-05,-0.0003410568336634767,0.010031385234493045,0.01851929383400242,0.022948958614077638,0.019131044837641522,-0.025687028457408112,0.6657306263648556,-0.0037763697234538835,0.020849091409564258,0.8,1
2010-07-09,NEOG,6.5816450119018555,6.716679096221924,6.546637058258057,6.70417594909668,315921,0.016300211881069115,0.04076094258398166,0.010935104164307319,0.05013705874180818,0.02680965386325297,0.015107332854556454,0.013495614203903187,0.026094384400345918,0.017445505170778548,0.023398052431363784,0.01926042339709539,0.3884013131583921,0.925167179394069,0.01861706867709312,0.025363600128480913,0.9264702583257619,0
2010-07-12,NEOG,6.69667387008667,6.699174880981445,6.569141864776611,6.571642875671387,90377,-0.01976873435774762,0.02336452692572899,-0.04401606461360841,0.01584848572853481,0.0019062175289282196,-0.000380366165954788,-0.007309206983248487,0.006557160667457288,0.021297719178843204,0.02058336218477674,0.019709313777838595,-0.713925316772231,0.2744872516970378,-0.018670611237883834,0.019786987617087953,0.01923366055614432,1
2010-07-13,NEOG,6.6691670417785645,6.814204216003418,6.5816450119018555,6.806702136993408,239540,0.035768721120288616,0.07123182712230469,-0.015907351121979718,0.051371150424696976,0.02361619707462684,0.03711048895880827,0.025621768273534764,0.04185810390113283,0.02296507694744367,0.024085857675710327,0.02118882357584621,1.6504531020060416,0.7308889206893678,0.020622529673235662,0.03416620845469908,0.967741207925989,0
2010-07-14,NEOG,6.7366838455200195,6.814204216003418,6.686672210693359,6.769192218780518,143564,-0.005510733018421643,0.030453042135772046,0.017669174657128695,0.008193582485586326,0.011886942005494231,0.029551581252026365,0.01954727447846657,0.03590259267164915,0.02116536455950565,0.020448610029239932,0.01963721740222356,-0.4006679468982216,0.45814179470037003,0.00482557501672229,0.01884006262316388,0.6470533250577669,0
2010-07-15,NEOG,6.756689071655273,6.764191150665283,6.551638126373291,6.6241559982299805,141565,-0.02142592732824855,0.004169818281912763,0.016890490449574358,-0.003010948328871277,-0.010607317937759209,0.005809323331073685,-0.0021471396569251434,0.013497985172692375,0.024594644781532997,0.020541855251985014,0.020110277382229477,-0.013924103535705279,0.453382602841772,-0.019615091359061847,0.03208756320786947,0.34117544127280397,0
2010-07-16,NEOG,6.556639194488525,6.564140796661377,6.376594066619873,6.384096145629883,312322,-0.03624006630644616,-0.04774334771299138,-0.00892846898390598,-0.0366038053819403,-0.03725770583148397,-0.029794005887562747,-0.03654921695957537,-0.023074267761531726,0.027512979925477757,0.023611903707956,0.021687606179657603,1.206209161869106,0.9678424985249421,-0.026315776076817114,0.029377178188314975,0.0400011186990547,1
2010-07-19,NEOG,6.21155309677124,6.499125003814697,6.21155309677124,6.441609859466553,239540,0.00900890471018978,-0.01978698761708797,0.0031152257036826114,-0.020904706639269355,-0.024759677049523646,-0.021351038306984108,-0.026859655646511736,-0.014838703267450083,0.02781922598947236,0.023781876925517167,0.02177205008620673,-0.23303513681392918,0.766082568951109,0.03703691477979892,0.044642863091257076,0.7999973469611098,1
2010-07-20,NEOG,6.389097213745117,6.746686935424805,6.3615899085998535,6.741684913635254,337916,0.04658386035716089,-0.009551941902201877,0.0609994829458429,0.003722943593865491,0.022684122141645238,0.018242188696206085,0.01828064269315519,0.02910181591978311,0.03179030536719201,0.027404721395142377,0.02378542291802851,0.41068715037154546,1.0778768203660907,0.055185840517749656,0.05712177767995078,0.9870110090675291,0
2010-07-21,NEOG,6.751688003540039,6.836709022521973,6.606651782989502,6.6491618156433105,386703,-0.01372403177799253,-0.017731865081950793,0.012181187819334749,-0.008945240439272806,0.012335310693504633,0.003055512319827749,0.004761126907637409,0.014026202478557225,0.032257043955481644,0.026188928105375115,0.02399534825208148,0.14437611714153809,1.2194193628543841,-0.015185267423934884,0.03459943462215358,0.1847802431264444,1
2010-07-22,NEOG,6.741684913635254,6.906726837158203,6.709177017211914,6.899225234985352,944964,0.03760826195472089,0.04152517495494834,0.04586814567054809,0.03140201066280013,0.04168249366943887,0.03604964443034538,0.04089647233535551,0.05077547511030567,0.034617202466602874,0.028589874676256424,0.025419911057085184,1.4436427956338584,2.649698602826593,0.02336809319454663,0.028633623808153368,0.9620267830419125,1
2010-07-23,NEOG,6.884221076965332,7.094274044036865,6.834208965301514,7.079269886016846,461485,0.026096357909654033,0.10889148980985053,0.05594929783588176,0.06749621339994438,0.046890064909940465,0.05713220791581795,0.06446581110879401,0.07704833201598699,0.02400947803615932,0.029187012888723583,0.025849415872920813,-0.5116374803696225,1.2381322242098267,0.0283327346508596,0.036736144111278866,0.9423061408591189,1
2010-07-26,NEOG,7.119279861450195,7.296823978424072,7.079269886016846,7.294323921203613,413097,0.03037799641055461,0.13237592470520654,0.10996961630517621,0.061113121954745386,0.05215702939361317,0.07761651549212356,0.09334888516023818,0.1081058880603378,0.023204267722959318,0.028600322435670046,0.025467421576373668,-0.1048528121174036,1.290283386520298,0.024587326690337686,0.029825120841539026,0.9885083420275116,1
2010-07-27,NEOG,7.301825046539307,7.4793701171875,7.271818161010742,7.326831817626953,439890,0.004456601704901475,0.08679535034457375,0.07641434429849925,0.059291443371007446,0.039301931256893935,0.07416507264337811,0.09485643891357202,0.1108583604723132,0.021140666464378448,0.02725184076713826,0.025459972071283386,0.0648588588152419,1.327941147836356,0.0034247288764469126,0.028327653935965553,0.26505968736502566,0
2010-07-28,NEOG,7.276819229125977,7.354339122772217,7.126781940460205,7.306827068328857,335916,-0.002730340998133518,0.09890949730510012,0.07942378236161174,0.09849630970121748,0.017480339195017243,0.06285470333272526,0.08654834985391256,0.10577109240119716,0.01739016825929827,0.027115662419913384,0.023580069911586555,-0.23636363636363633,1.0299165942197726,0.00412375768285852,0.031143091273960623,0.7912082846138694,0
2010-07-29,NEOG,7.3768439292907715,7.3768439292907715,7.126781940460205,7.219305038452148,222744,-0.011978117048379255,0.046393586607913706,0.08984526336354337,0.1082532843758992,-0.0035894257558494727,0.041110739272257626,0.06793426634420176,0.09039682345465856,0.018352997350154478,0.026122838529710563,0.023158582011777843,-0.3369056549851749,0.6876533948301891,-0.02135586605175328,0.034637958570618986,0.37000064833777635,1
2010-07-30,NEOG,7.121779918670654,7.564391136169434,7.121779918670654,7.466866970062256,700225,0.034291656924249514,0.05475099696523822,0.16960440440320812,0.15916162775505427,0.019669443095519896,0.06025639696646573,0.09624248702594207,0.1248483998222661,0.020477258259826887,0.021717329634912946,0.023673038846198372,2.14363125381604,2.1140961278580943,0.048455169259992416,0.059276697880568906,0.7796617838601284,0
2010-08-02,NEOG,7.599400043487549,7.599400043487549,7.3768439292907715,7.426856994628906,392702,-0.005358335108120449,0.018169343020267847,0.15295045130906826,0.15654215219005874,0.01054781005611095,0.040025236386460064,0.08238127399438637,0.1146138555100811,0.01806669178373002,0.022684839616631872,0.023732325877198215,-0.43917740726195154,1.147129656393039,-0.022704825100832354,0.0299663928304705,0.224721147377307,0
2010-08-03,NEOG,7.386847019195557,7.48687219619751,7.356839179992676,7.364340782165527,177556,-0.008417586673419297,0.005119397506618828,0.0923590877513325,0.15899242729535645,0.0010196513828799646,0.02235639331285506,0.06542693980925024,0.10169232437941396,0.018839256963069855,0.020633323898864686,0.023652777066132724,-0.5478607188147756,0.5255381293073136,-0.003046798853630554,0.017657115558766555,0.0576899805279814,1
2010-08-04,NEOG,7.384346008300781,7.574394226074219,7.334333896636963,7.4793701171875,167558,0.015619773503765977,0.023613949973788628,0.12485909120018412,0.13856121106037977,0.011908807016049473,0.026494620999359245,0.07499059851248918,0.11453104024216826,0.019661014430306052,0.019059227271934306,0.022931292852123395,-0.05630899547185109,0.5008363313330727,0.012868317489443434,0.032096329727766805,0.6041657148872861,0
2010-08-05,NEOG,7.406851768493652,7.434359073638916,7.276819229125977,7.276819229125977,168758,-0.027081276215501604,0.0079667212242025,0.05472991260321236,0.10310841787758096,-0.017024737171633567,-0.0064529532341802125,0.04079114142370045,0.08029044542802213,0.023645624732349355,0.020335902349329714,0.024149313327699592,0.007161699232504537,0.508894066546317,-0.01755570969042368,0.021649547632346732,0.0,0
2010-08-06,NEOG,7.254313945770264,7.254313945770264,7.101775169372559,7.151788234710693,364709,-0.017182094329736497,-0.04219691292410099,0.010243760989687267,0.06676619006014084,-0.025620035739163428,-0.024490059613124306,0.01964422608960637,0.05904748131763608,0.01590818670076471,0.020075691805522204,0.02449691321102512,1.1611360646606381,1.091758266676705,-0.014133067830535438,0.02132876021934892,0.32787115852915155,1
2010-08-09,NEOG,7.226807117462158,7.336833953857422,7.134284019470215,7.324330806732178,345914,0.024125794327083394,-0.013804788212682051,0.004113730875227262,0.11453573258633498,0.0006832555522478407,-0.0013638456567461807,0.038670851909701515,0.08204153170283593,0.02174880496096102,0.01914165332488678,0.0242658477069004,-0.05153423688474923,0.9973491595676771,0.01349471318175529,0.027654394610499122,0.9382712852360527,0
2010-08-10,NEOG,7.256814002990723,7.259315013885498,7.031757831573486,7.06676721572876,350312,-0.0351654776115079,-0.04040735963189146,-0.0354948234614213,0.038207207176282454,-0.026591297678903888,-0.03305271122406856,0.0003009356381282646,0.042027779603776835,0.026345347935635297,0.02211816479361662,0.024819479992955838,0.012714142821626195,0.9941539055316541,-0.02618873615661634,0.03220102988613088,0.15384873287484652,0
2010-08-11,NEOG,6.941734790802002,7.0017499923706055,6.851713180541992,6.876718997955322,476681,-0.026893233068501332,-0.08057511659267846,-0.0588638633912415,0.015884728295420647,-0.03677761886363317,-0.05348665044388327,-0.027340604600835143,0.012980853535379746,0.023554642448369915,0.02332527758597603,0.02561542164882764,0.36073271826257747,1.2917209365092635,-0.009365928662792978,0.021818080958844504,0.1666645479103766,1
2010-08-12,NEOG,6.759190082550049,6.989246845245361,6.7541890144348145,6.886722087860107,251937,0.0014546311849821247,-0.05360819459475896,-0.04606855491222572,0.03963766700245075,-0.024718427810642058,-0.04775072999938044,-0.027731148414377432,0.01410322702093582,0.023787411609443095,0.023316990312685273,0.025061441842409916,-0.47147673181855376,0.6726455423619687,0.018867941832158747,0.03413203376173784,0.5638317726675214,0
2010-08-13,NEOG,6.846712112426758,6.989246845245361,6.821704864501953,6.876718997955322,340715,-0.0014525183065566827,-0.03846160257099651,-0.07903555460048772,0.07716407163802752,-0.01848814891235279,-0.04131082640093314,-0.032507773040060556,0.012674972310235632,0.023761246512472623,0.019069125180305443,0.023402279065083267,0.35238174623020835,0.9062386209820513,0.004382670840519505,0.024363650862166103,0.32836029041356324,1
2010-08-16,NEOG,6.876718997955322,6.969242095947266,6.7791948318481445,6.951737880706787,175956,0.010909109820216756,-0.050870575873350865,-0.06397310655984423,0.07919262922925285,0.002885980253641135,-0.02439025859209021,-0.025450484669537435,0.022615229092022293,0.01974764627459566,0.01999426765172181,0.023427605204314545,-0.48356837826335797,0.47200156443265573,0.010909109820216655,0.0273380940651633,0.9078954631446364,1
2010-08-17,NEOG,7.0017499923706055,7.12428092956543,6.944235801696777,7.06676721572876,204349,0.01654684583853694,0.0,-0.04040735963189146,0.04821974124539952,0.019480579962528128,-0.004087906734348568,-0.011577014559393764,0.03709473446370325,0.016734804470358567,0.021235492398195922,0.021437494078601193,0.16136420468753543,0.5581650578769602,0.00928585331224333,0.02547772161900556,0.6805594546350197,0
2010-08-18,NEOG,7.074268817901611,7.146787166595459,6.936734199523926,7.039259910583496,211147,-0.0038924877961226123,0.02363640461046934,-0.0588432180395293,0.05866876243294494,0.010771983574692832,-0.0017730526427112633,-0.018103186198856577,0.031067552209078236,0.008676357065316154,0.020107927336238878,0.0211549296767332,0.0332666174045384,0.5909007271274582,-0.004948766892986075,0.02984020617788519,0.4880945624760223,0
2010-08-19,NEOG,7.009252071380615,7.031757831573486,6.909226894378662,6.939235210418701,329918,-0.014209547798399669,0.0076252710489310704,-0.046391700560056814,0.0057991983259892965,-0.005091030360225931,-0.011223908971588698,-0.032325522431459974,0.01453625051131227,0.012242271783001945,0.018979058544373914,0.019833773699895314,0.5625038480300455,1.0102258737525394,-0.009989205731064942,0.017657700521644504,0.2449039950810613,1
2010-08-20,NEOG,6.901724815368652,7.094274044036865,6.901724815368652,7.094274044036865,332717,0.022342351702589136,0.031636460083104945,-0.008041931442361094,0.0021194499237351394,0.01083163740015596,0.01169678340139473,-0.010808884423978142,0.035053981852735235,0.015067510120876438,0.020141995236439614,0.01959487329564829,0.008483926308961554,1.039285775084998,0.027898711382906387,0.027141498548404867,1.0,1
2010-08-23,NEOG,7.1542887687683105,7.231808185577393,7.096774101257324,7.141785144805908,309523,0.006697105366119782,0.0273380940651633,-0.024923186396562325,-0.02091198280272355,0.012119846422018491,0.021130469305006522,-0.003124026278296154,0.039944598386342546,0.01486451922385985,0.018445081110737293,0.018357359802583476,-0.0697108954456791,0.9827332782260427,-0.0017477102709337494,0.01890760945367787,0.333330979176304,0
2010-08-24,NEOG,7.036758899688721,7.0992751121521,6.961740016937256,7.006752014160156,177156,-0.018907475919232808,-0.00849259636500066,-0.00849259636500066,-0.043685976617717115,-0.005324795493928697,0.002683868258000611,-0.0197827329582422,0.018701684342720185,0.016627408861801852,0.015752890595621207,0.018738275077254153,-0.4276483492341442,0.5869500718380688,-0.004264304910303498,0.019628937193280842,0.32727644644144893,1
2010-08-25,NEOG,6.951737880706787,7.266817092895508,6.891723155975342,7.246811866760254,335116,0.03426121719663455,0.029484911597695618,0.05381823350859216,-0.008213579027857021,0.02272726508011121,0.031573697681025206,0.014226470549921192,0.0519743728759357,0.02288589219298782,0.01633181223655977,0.020419288160758515,0.8916435232224706,1.1104474664301183,0.04244607479697817,0.051759855756798444,0.9466660903678863,0
2010-08-26,NEOG,7.254313945770264,7.269317150115967,7.104276180267334,7.164290904998779,237141,-0.011387209062233672,0.03243234848736276,0.040304924984263524,-0.007620419577832993,0.004699078770160499,0.015813317552083244,0.003063415771825347,0.03842721313834476,0.022288702372637362,0.01715828895557021,0.020401791090247468,-0.29236145096026456,0.7839255283805695,-0.012409587101475482,0.023036609210477187,0.36363531301644536,1
2010-08-27,NEOG,7.256814002990723,7.399350166320801,7.064266204833984,7.371842861175537,352312,0.028970341786643816,0.03912575344787861,0.07200001386815891,-0.012726101759641617,0.025819460870848722,0.03795503962700675,0.03280954134270987,0.06620756436824354,0.02361648597415992,0.01869454407704625,0.019958387550039768,0.48566464677133014,1.2357105014453253,0.01585115150221682,0.04545457191600838,0.917909215877687,0
2010-08-30,NEOG,7.321829795837402,7.344336032867432,7.134284019470215,7.146787166595459,325919,-0.030529095481043655,0.0007003881646017174,0.028057629507291182,-0.03771041077483972,-0.00563630476834303,0.003511275333298316,0.003247087171801766,0.03196273987353365,0.02928796286148565,0.02205507709334942,0.021047988765335153,-0.07491371284543247,1.1566857614569628,-0.023906951421003856,0.029391110788777,0.0595240527478315,1
2010-08-31,NEOG,7.121779918670654,7.329331874847412,7.10927677154541,7.306827068328857,657436,0.022393265393635176,0.042826555522768706,0.03397025050800995,-0.007809757252944194,0.008212023295548598,0.022536420092654826,0.0261272937007557,0.05327666407157424,0.02825852659786069,0.02252684252596287,0.021650113400490334,1.0171760468091766,2.1501440491464487,0.02598327268904764,0.030116369423305745,0.8977310401764722,1
2010-09-01,NEOG,7.4218549728393555,7.7944488525390625,7.384346008300781,7.711927890777588,838590,0.055441413716307064,0.06418215797083571,0.09555947482245086,0.031093229770201347,0.05062339843786188,0.06916273105392182,0.08125161011912484,0.1084673165684746,0.03403701842189323,0.02758738620243852,0.02478302189058299,0.2755462128633053,2.4714181765455314,0.03908361440634027,0.05317773325249944,0.7987798355440626,0
2010-09-02,NEOG,7.679419994354248,7.799449920654297,7.51938009262085,7.684421062469482,2642939,-0.003566790133113118,0.07260036818267523,0.1073873171112496,0.05601373629181983,0.032247206420053555,0.05445559370491403,0.0743252433712249,0.10136261925203142,0.032794486522615976,0.026763765677519154,0.023881014846330453,2.1516462156715437,5.707991383174557,0.0006512299260765862,0.03644644479482016,0.5892850758237437,1
2010-09-03,NEOG,7.776944160461426,7.951988220214844,7.731933116912842,7.944486141204834,330717,0.03384315833570106,0.07767980012775011,0.11984483428330761,0.11083911889991893,0.051012289128641995,0.07757011849458921,0.10456321788728917,0.13436736020293433,0.033397319760482415,0.02756100782146926,0.024332978442475346,-0.874867713556764,0.7168854478325735,0.021543420820121655,0.02769909839236363,0.9659081798266047,0
2010-09-07,NEOG,7.9394850730896,7.981995105743408,7.831957817077637,7.854464054107666,461485,-0.01133139204941902,0.0990202829629423,0.0997900237617868,0.07237975200249225,0.020003935608939673,0.05515994258425021,0.08803717133341964,0.11838268756943915,0.027333268003706966,0.028499852524647793,0.024199584234081594,0.39540755389048643,0.9879720395895298,-0.010708631378388398,0.019102167586763117,0.1500042904678517,1
2010-09-08,NEOG,7.881969928741455,8.03450870513916,7.831957817077637,7.999499797821045,355511,0.01846539021813065,0.09479801875899718,0.14168444689559645,0.1319885817119133,0.02047975915944162,0.060500556210442404,0.10101528632214407,0.1355326737921617,0.027280543348006357,0.026692894364973473,0.02257418306133673,-0.22963693294473275,0.760673844167251,0.014911230332282718,0.02532044417535901,0.8271599416168369,0
2010-09-09,NEOG,8.064516067504883,8.107027053833008,7.681920051574707,7.779445171356201,247938,-0.02750854828757965,0.008754915960684118,0.0734989833307298,0.13127280228685945,-0.009298747635462616,0.024096411255783542,0.06411727545357207,0.10077138570156129,0.02431338863821759,0.028481951124317634,0.022622396330456977,-0.3025869804309853,0.5438118151165288,-0.0353487913921264,0.05464489984755446,0.22941311073073445,1
2010-09-10,NEOG,7.816954135894775,7.974493980407715,7.701924800872803,7.789446830749512,207548,0.0012856520192643384,0.013667362502163272,0.08725998623458175,0.13108191841815775,-0.010671480983971521,0.017043149013082723,0.05894742467490257,0.09822301654745741,0.02413278858111262,0.02782356331140608,0.022624382602431593,-0.16290362913308976,0.4574497640711239,-0.003518928813839717,0.03499210989654898,0.32110024334390563,1
2010-09-13,NEOG,7.879469871520996,7.999499797821045,7.871967792510986,7.969491958618164,293927,0.023113981233931602,0.003147568888519414,0.081071871538418,0.1589090612816606,0.01155330935344897,0.03249418990060855,0.0754356562075532,0.11878727565591118,0.02096878681114608,0.027409133196626755,0.022840407017581534,0.41618806252047724,0.6511925710161737,0.011424891339776233,0.016002526380887578,0.7647034630254175,0
2010-09-14,NEOG,7.961989879608154,8.054513931274414,7.909477233886719,7.93198299407959,196351,-0.0047065690929033455,0.009869411768634206,0.10986696667758444,0.14100720283100499,0.004815020505758369,0.017286168019457517,0.06334119769982824,0.10881950988074665,0.020205615476104066,0.024411589040568164,0.02298943952221593,-0.33197358527797716,0.4340332502923382,-0.003768767102482329,0.018285048958873246,0.1551728672689733,0
2010-09-15,NEOG,7.9269819259643555,7.961989879608154,7.766942024230957,7.846961975097656,243939,-0.010718759614763762,-0.019068420098583894,0.07392195021420322,0.11040334788903028,-0.002098796043850411,-0.0005414211339699988,0.04647093224955769,0.09237498157195329,0.01844565816509923,0.024896599572548972,0.023192683710242364,0.2423618927329121,0.5368771685412547,-0.010094630164930571,0.02485648025263559,0.41025804006894107,0
2010-09-16,NEOG,7.831957817077637,7.894474029541016,7.704425811767578,7.756938934326172,573057,-0.011472343189271594,-0.002893038839440254,0.005836548809333486,0.10195376117077992,-0.012982067007335818,-0.012573644994589567,0.029538617879650664,0.07628354362284488,0.01417144354628275,0.018806790622656694,0.02341515739456546,1.3491815576845032,1.2129165943504452,-0.009578560623486207,0.02450041432354612,0.27631473303894016,1
2010-09-17,NEOG,7.869466781616211,8.074519157409668,7.844460964202881,7.974493980407715,557461,0.028046507510689933,0.02375613489365036,0.037748181103055556,0.14918917410879184,0.00994430987425277,0.011385665331523746,0.05119165343672358,0.1022550123752232,0.0191819193142315,0.020576122402211107,0.023485174689876594,-0.0272154427919038,1.1521618289880013,0.013346164575833394,0.02884925285190633,0.5652179320036397,1
2010-09-20,NEOG,7.95698881149292,8.229557037353516,7.946987152099609,8.209551811218262,449088,0.02947620643868487,0.03012235332523283,0.033364734395927576,0.15720815974382174,0.033429801390729486,0.037708946049583594,0.07428002868431867,0.13004259318294673,0.02083586420080962,0.019905467732225183,0.023779011971074602,-0.19440463099660787,0.9171468150097507,0.03174102737967216,0.034419648203910184,0.9292025542025542,0
2010-09-21,NEOG,8.167041778564453,8.2395601272583,8.119529724121094,8.127032279968262,605849,-0.010051648755933007,0.02459022996320792,0.034702332836834326,0.13795530321699845,0.018042911137839568,0.023751095673427595,0.05667008802503801,0.11391404580376537,0.021651675099893724,0.01980362363117745,0.0241049262316966,0.3490652166167878,1.2009518825548988,-0.004898897260597093,0.014769278501952227,0.0625054623751599,0
2010-09-22,NEOG,8.127032279968262,8.152037620544434,8.047012329101562,8.102025985717773,436691,-0.0030769281318254738,0.03250481032399066,0.012816574846924222,0.15631693106080324,0.008466183046442794,0.019284672503092924,0.045971129151085026,0.10655743155166864,0.020498793957828894,0.019167518288831432,0.0234694071213939,-0.27920818553798055,0.843927658815839,-0.0030769281318255006,0.012962843075054234,0.5238134154203783,0
2010-09-23,NEOG,8.274568557739258,8.41710376739502,8.052013397216797,8.064516067504883,806598,-0.0046296961129245195,0.03965186986552305,0.03664411662650546,0.11283640527433625,-0.0038302594573098874,0.010940091923163822,0.03566208778207822,0.09755099558777718,0.01917777615046856,0.016509523713373095,0.02273934249203037,0.8470680641460437,1.4908705210121125,-0.025385310275532317,0.0452712062474915,0.03424541239469732,1
2010-09-24,NEOG,8.209551811218262,8.36959171295166,8.109526634216309,8.319580078125,459485,0.031627937558196484,0.04327372978964128,0.06805788124552592,0.16125659726074693,0.018989289045783845,0.03602903988836355,0.060550532583930256,0.12706307703571543,0.02015773728160292,0.018659337546686586,0.02307950155448651,-0.43034200431937597,0.8321862100522863,0.013402469396244735,0.03125939966839804,0.8076956926710134,1
2010-09-27,NEOG,8.349587440490723,8.469616889953613,8.299574851989746,8.464615821838379,303924,0.017433060605393624,0.031069176062885173,0.06212740608700784,0.14823606271072687,0.03031588299387517,0.04763079015264046,0.0715754999772062,0.14028344921577837,0.017608258937717062,0.018186631245960247,0.02266168912615855,-0.3385551214947169,0.5528678871063435,0.013776534729109417,0.02008857124090208,0.9705892250227143,1
2010-09-28,NEOG,8.464615821838379,8.69217300415039,8.342085838317871,8.672167778015137,440290,0.024519949935740915,0.06707682205108756,0.09331648649373281,0.21343585248339347,0.04175424873260903,0.06357527039397533,0.08735181846463351,0.16126435176579074,0.016343823338455854,0.018584499521185512,0.021132449413965033,0.44868453955594156,0.7926851663146343,0.024519949935740953,0.04036904898450276,0.9428564423729137,0
2010-09-29,NEOG,8.622156143188477,8.667166709899902,8.554638862609863,8.564640998840332,336316,-0.01239906583073691,0.057098682963749425,0.09145947514722663,0.1721422881298802,0.017528219606916064,0.04122330573681227,0.06546793238748858,0.14129381020556472,0.01898029865995059,0.01879021230952164,0.021481571820209627,-0.2361489018601376,0.6235172933925515,-0.0066706219874690656,0.013138653132720396,0.08888587555299422,0
2010-09-30,NEOG,8.58964729309082,8.627157211303711,8.364590644836426,8.464615821838379,358310,-0.011678852273609208,0.04961236991586593,0.09123146301701301,0.09760048871319227,-0.003825797706555115,0.02028509954845575,0.04811737636723064,0.12253352001077884,0.020648779681101462,0.018815244449487647,0.01878473957105726,0.06539682917256395,0.6952464553704204,-0.0145560658064519,0.031019312865903925,0.38095168911924626,0
2010-10-01,NEOG,8.464615821838379,8.492122650146484,8.152037620544434,8.16954231262207,607848,-0.0348596457803827,-0.01803429549256097,0.024459023066988772,0.06313048780238084,-0.03514469564342962,-0.01759134113795041,0.008551224817671904,0.07976439488281693,0.024252689873000933,0.0219648339237018,0.02072436284843486,0.696430465239597,1.4695926771806695,-0.03485964578038266,0.041628406658303745,0.0514715161032515,1
2010-10-04,NEOG,8.152037620544434,8.309576988220215,8.097023963928223,8.28707218170166,321520,0.014386346821168239,-0.020974801913474117,0.009442704335877128,0.04312249205395058,-0.017142120460459678,-0.00438618320781404,0.020901735685681336,0.09181243832509108,0.023628753220380275,0.020376982992036375,0.019642019723242917,-0.47105197351969574,0.7782033358763549,0.01656451643659224,0.025648747788310774,0.8941214476081085,1
2010-10-05,NEOG,8.372093200683594,8.544635772705078,8.33708381652832,8.497123718261719,358310,0.025346893565602713,-0.020184579477022235,0.04553832512830902,0.08182094408057794,0.011972074828063032,0.016330622667391468,0.0426510585201054,0.11594965649586174,0.02387989796837314,0.021274183563725922,0.020011492854031348,0.11442523015675543,0.8782149816647409,0.014934200394223524,0.024426142664098732,0.7710835623110359,0
2010-10-06,NEOG,8.469616889953613,8.524630546569824,8.294573783874512,8.432107925415039,284329,-0.007651505968655048,-0.015474445857478258,0.040740666628215294,0.054079397278293584,0.007409181469344096,0.004587979285893345,0.03193425991377921,0.10420525828663764,0.02354659435709965,0.021507111142350172,0.019878489555290983,-0.20647204934274788,0.7030208143899097,-0.00442864949217079,0.02728342245263527,0.5978269881276116,0
2010-10-07,NEOG,8.50212574005127,8.539634704589844,8.342085838317871,8.409602165222168,227143,-0.0026690550443545513,-0.006499250264173528,0.04279067644341028,0.08100281960803524,0.006042823636101687,-0.0021955956692147707,0.02522671806302167,0.09808655571585971,0.023045403023325174,0.02142636232349246,0.01861971981805879,-0.20112616018766993,0.5630725098116208,-0.010882404901782083,0.02349086941222192,0.3417702575490598,1
2010-10-08,NEOG,8.437108993530273,8.562141418457031,8.292073249816895,8.50212574005127,170757,0.011002134585121226,0.04071016645759373,0.021941691793585072,0.09149287809352469,0.009081767029863894,0.006602167575311346,0.0320231004626599,0.10646110235614578,0.01331800392951269,0.01941281797519446,0.018670046495012412,-0.24824009544648085,0.4252344576951394,0.007706045586332012,0.031764781761332565,0.7777758159802534,1
2010-10-11,NEOG,8.519630432128906,8.70717716217041,8.484621047973633,8.649662017822266,474681,0.017352869421348505,0.04375367176374123,0.02186114525203542,0.08534672758764361,0.017831900179388783,0.021830936296319152,0.045615266129435755,0.12220659309222769,0.01372875979556764,0.019405907255641366,0.018411233800012715,1.7798626117816547,1.1560741928802025,0.015262585241137832,0.025730035894837255,0.741570144879096,0
2010-10-12,NEOG,8.609651565551758,8.687171936035156,8.524630546569824,8.579645156860352,152362,-0.008094751080174878,0.00971169084207646,-0.010668915030603965,0.08165198579777266,0.007635865148355495,0.014668521514092175,0.03310703356616868,0.10980290851652663,0.011549934426063954,0.017949123817471036,0.018513423248671567,-0.6790223328930376,0.3730724374439731,-0.0034852059299897184,0.018945001395000896,0.3384652393553043,1
2010-10-13,NEOG,8.594649314880371,8.877219200134277,8.542136192321777,8.829707145690918,453886,0.02914595933266706,0.04715300418267687,0.030948891714956517,0.1252389362548212,0.0274091961600945,0.04097875413112926,0.0569640837010043,0.13783565430040998,0.015061809859577363,0.01971933761328622,0.018974878832481227,1.9789973878001077,1.0835310259545794,0.027349321909339433,0.03794950413231174,0.8582081056466302,1
2010-10-14,NEOG,8.799699783325195,9.06226634979248,8.799699783325195,8.97724437713623,555861,0.016709187406890758,0.06749929434968305,0.06056134927887569,0.15731791279288498,0.03095745203989065,0.05201466860233103,0.0668330943231694,0.15239917731878982,0.013621019714567518,0.019375265842126007,0.01864576204021634,0.22467095261805836,1.3296982349224211,0.02017621034611539,0.029248013692932878,0.6761888849742664,0
2010-10-15,NEOG,9.09477424621582,9.09477424621582,8.81970500946045,8.889721870422363,372707,-0.00974937330844805,0.04558814374447917,0.0881542111224034,0.1147694000726871,0.01189794234351653,0.03303978896154782,0.050718157548596696,0.13645801281658215,0.017166862744736625,0.014494178746321284,0.01836664256305139,-0.32949604307551705,0.9117149005834793,-0.022546175445616566,0.03094238951058456,0.2545426809184866,1
2010-10-18,NEOG,8.904726028442383,9.06226634979248,8.887222290039062,9.049761772155762,193552,0.018002801894835274,0.046256114228406586,0.0920336608311636,0.10234541181521783,0.0208168313508578,0.042398706152465604,0.06434908928840642,0.1513303556807402,0.017247504427439497,0.014698881352514752,0.017750719164942048,-0.48068590072094164,0.48874182035066577,0.016287502080369855,0.019342394215502136,0.9285632562776837,0
2010-10-19,NEOG,8.87471866607666,8.914729118347168,8.514629364013672,8.58964729309082,353512,-0.05084271726142209,0.0011657983573447606,0.010888811072651938,0.05692299441984816,-0.03130285573474347,-0.011652992275026622,0.00749387847136098,0.08928660511054919,0.03213519790641447,0.022776063762807414,0.021518722782281546,0.8264445730346366,0.9220350017122927,-0.03212173632900797,0.04657929955463024,0.18749806333202235,1
2010-10-20,NEOG,8.609651565551758,8.849712371826172,8.602150917053223,8.687171936035156,192352,0.011353742431634117,-0.016142688234606073,0.03024913970222487,0.07222217644683893,-0.017144755644941608,-0.0033565364428441696,0.015448055741801763,0.09714504171068873,0.029025998885870485,0.02273711784278186,0.02154637166560421,-0.4558826857362692,0.5182075942014694,0.009003891724674048,0.02849735870266852,0.343433993227704,0
2010-10-21,NEOG,8.714678764343262,8.847211837768555,8.379594802856445,8.592147827148438,353512,-0.010938439987880355,-0.04289696635290219,0.021706813038217865,0.06542633869496406,-0.0193504118403474,-0.016318357301705937,0.0012530165534888665,0.08046234705850776,0.026911711986337076,0.023122256690610993,0.02172044848996253,0.8378389619031774,1.014286027845008,-0.014060293042144985,0.05442376508404443,0.4545450837391808,1
2010-10-22,NEOG,8.614653587341309,8.684671401977539,8.587146759033203,8.639659881591797,139565,0.005529706355055453,-0.028129337731314874,0.016176441721232226,0.03847307201338146,-0.008266818693872736,-0.01243388357273382,0.004915520796946829,0.08166830305393044,0.027584190053712182,0.02296008193805222,0.02069507504563651,-0.605204349498744,0.41969784702056334,0.002902762600603402,0.011288018773994574,0.538460034030236,0
2010-10-25,NEOG,8.714678764343262,8.917228698730469,8.619654655456543,8.634658813476562,610247,-0.0005788501149089909,-0.045868937672634114,-0.001734542264748562,0.020088683906891447,0.0006955500842701008,-0.012836241866643063,0.0033415996397849444,0.07630448958824644,0.024752919418298137,0.02230541222246894,0.020382018724247348,3.372493103571812,1.7543243841507763,-0.00918220315751702,0.03446274481737326,0.050421595428630034,0
2010-10-26,NEOG,8.577143669128418,8.752187728881836,8.577143669128418,8.599650382995605,203549,-0.004054408082264649,0.0011645518801257637,0.0023317078701392546,-0.00836208395360738,-0.0035927024436046987,-0.017063415219580755,-0.0003051615742177236,0.06755495708009472,0.008595983704184847,0.022177639827602437,0.019649225467523554,-0.6664481759025445,0.6057718391046615,0.002624033680139412,0.020354787922487967,0.12857742158684152,0
2010-10-27,NEOG,8.564640998840332,8.644660949707031,8.322080612182617,8.474618911743164,275931,-0.014539134230348583,-0.02446745912905246,-0.040215176799045294,-0.01051090023614032,-0.013219178652630528,-0.02740705339322059,-0.014324108266571704,0.04836916716143801,0.008024034000798692,0.020104407383751532,0.019724639559230595,0.35559988012714383,0.8286298332686179,-0.010510900236140326,0.0380642883041524,0.4728691796008869,1
2010-10-28,NEOG,8.552138328552246,8.644660949707031,8.372093200683594,8.482121467590332,174356,0.0008852971355173267,-0.012805454674610806,-0.055153105869202634,0.0020680969013135986,-0.009808432425422895,-0.02098295363283874,-0.01355191594893303,0.0455647866553918,0.007532777134211597,0.018886989976038025,0.01954379648069193,-0.3681173916667573,0.5384698532114058,-0.008187058987125493,0.032134384076542906,0.4036730952247663,0
2010-10-29,NEOG,8.38459587097168,8.494624137878418,8.344586372375488,8.357089042663574,254736,-0.01474070200532962,-0.0327062457088485,-0.05991557840869577,0.022956822165146384,-0.017925423530050735,-0.02944767348684466,-0.02915162083410678,0.026564084423981747,0.007550905314704806,0.019076967155982148,0.018104306086389188,0.4610108054784463,0.8320806524001497,-0.003280638534212113,0.017953352505516634,0.0833301552190992,1
2010-11-01,NEOG,8.362091064453125,8.48712158203125,8.232057571411133,8.359589576721191,318320,0.0002992111301975964,-0.031856410623434916,-0.07626412858270892,0.008750665304889438,-0.011239342329692075,-0.021312772747197194,-0.02927002269386756,0.023689040498703677,0.007734098482509641,0.017345680269564595,0.017840191115977896,0.24960743671879904,1.0403178734532657,-0.00029914619592787096,0.03051154704178177,0.5,1
2010-11-02,NEOG,8.464615821838379,8.744686126708984,8.402100563049316,8.744686126708984,353512,0.046066442192349344,0.016865306989707785,0.018049499394797275,0.029134848056314944,0.030772838726716375,0.021916989001551465,0.013990575356261668,0.06665934208022103,0.024935280753778058,0.017671037472134225,0.019842774769631748,0.1105554159336517,1.1562371726627059,0.03308718443523863,0.03917642768369986,1.0,1
2010-11-03,NEOG,8.727182388305664,8.862215995788574,8.657163619995117,8.817204475402832,339115,0.00829284752397852,0.04042489311052688,0.014968339561496347,0.04567025865822738,0.03099415997659468,0.028828204485156876,0.02012182408638285,0.07077568239858033,0.022781963600558206,0.0175154585619282,0.019770648739002597,-0.040725633076104883,1.0992995395529346,0.010315137588713243,0.023255939721652966,0.7804876914419128,1
2010-11-04,NEOG,8.929732322692871,9.102275848388672,8.892223358154297,9.08977222442627,503474,0.030913170924391498,0.07163900672228452,0.05791618199415738,0.08088017076680964,0.04797323593300772,0.054509548442851795,0.04753531551247908,0.09895755391968146,0.024292411985234137,0.01910833854256221,0.020718865607871628,0.4846703920498945,1.562131602189083,0.017922138755121882,0.02310866378696669,0.9404738122911521,1
2010-11-05,NEOG,9.124780654907228,9.172292709350586,9.037259101867676,9.122281074523926,239940,0.0035764207611603815,0.09156202930876867,0.055861133371746696,0.072941209461449,0.03348637143636781,0.0523886830879806,0.047538429713073434,0.0976909389924698,0.0198110851877015,0.019121470989163517,0.020655119406034195,-0.5234312000222454,0.7365579102310454,-0.00027393320210478757,0.014802614212362153,0.6296356458299492,0
2010-11-08,NEOG,9.067267417907717,9.17729377746582,9.012252807617188,9.104776382446287,192352,-0.0019188941816893346,0.08914155400645574,0.054445413434979884,0.052616433299506715,0.014375669017465528,0.04470331790323968,0.04280335838158179,0.0910344229580012,0.02032006986724345,0.019174300289857758,0.020434467692930836,-0.19833291656247398,0.617220943065931,0.00413674404975539,0.018126855939792925,0.5606097377757638,0
2010-11-09,NEOG,9.107276916503906,9.107276916503906,8.882221221923828,8.952238082885742,310722,-0.016753656888776947,0.023734637603839204,0.04100023654302509,0.04342754498738932,-0.007210217414475176,0.023061743018009156,0.02314947261697499,0.06813381332600799,0.01735868712582606,0.02026528897326151,0.020765725856206143,0.615382215937448,0.9723430697923598,-0.01702362133484794,0.02513960112503305,0.31110903944268353,1
2010-11-10,NEOG,8.924731254577637,9.227307319641112,8.882221221923828,9.227307319641112,297526,0.03072630935511289,0.04651166312206256,0.08881678524269176,0.045029825722388894,0.014070604814149781,0.045503523012307,0.05219640315572139,0.09593115558281726,0.02099780641748907,0.02066397297220702,0.020875839231190234,-0.042468830658916934,0.9543980351704238,0.033903100993464504,0.03739835314498935,1.0,0
2010-11-11,NEOG,9.102275848388672,9.22480583190918,8.964740753173828,9.122281074523926,142764,-0.011382111972539244,0.0035764207611603815,0.07547163871439522,0.016156037565055348,0.0018125073902145337,0.0261603818944398,0.03936070537843015,0.07983950419337446,0.018487883222924936,0.02152781332135721,0.02080817348556253,-0.5201629437427318,0.4904509713927648,0.0021978268367680073,0.028508777202847134,0.6057726862683261,0
2010-11-12,NEOG,9.01475429534912,9.154788970947266,8.989747047424316,8.989747047424316,161560,-0.014528605950296924,-0.014528605950296924,0.07570315471463518,0.011251778003849022,-0.009860146701608646,0.0041057474403164524,0.023676925635204245,0.06087249632789663,0.019562100208982514,0.021503548856622683,0.0209650570012539,0.13165784091227484,0.5759101928012296,-0.0027740354429520745,0.018358906279819738,0.0,1
2010-11-15,NEOG,9.01475429534912,9.212303161621094,9.012252807617188,9.03225803375244,121969,0.004728830088751357,-0.007964868729083863,0.08046668450140393,-0.0019341656547443575,-0.00358622349164185,0.0013306552124950416,0.028620231083534432,0.06315968871113505,0.019858192192633097,0.021383356636056217,0.020597636217450335,-0.24505446892795246,0.4403996812429071,0.0019416767035293262,0.02214843212586959,0.10000095343426137,0
2010-11-16,NEOG,8.95473861694336,9.0797700881958,8.654664039611816,8.77219295501709,237141,-0.02879291952948182,-0.020111744817516652,0.003145547811497895,0.021251822769615014,-0.028416350437338266,-0.027797046315184766,-0.00203407611833493,0.030322245607538604,0.022704801608491317,0.019593998809683003,0.018174754235470773,0.9442727250366896,0.8746325362005206,-0.02038537021961455,0.04846063587108546,0.27646963809797287,0
2010-11-17,NEOG,8.777194023132324,8.852212905883789,8.592147827148438,8.612153053283691,287528,-0.018244001534629573,-0.06666671489829012,-0.023255831561031393,-0.008635593183125567,-0.03296456293956597,-0.043359915588097486,-0.01982270176364305,0.010071388755538304,0.012187178994252883,0.02020664394464412,0.01850705198297876,0.21247696518105252,1.042179890279112,-0.01880338630018509,0.0301974520339246,0.07692392316775334,1
2010-11-18,NEOG,8.684671401977539,9.029756546020508,8.639659881591797,8.967242240905762,301125,0.04123117476258509,-0.016995621199520583,-0.013479983930867023,0.04365548886067172,0.010425522014885958,-0.002558937888553232,0.01841731121890989,0.04879566230043993,0.02759810382888897,0.022244213091686053,0.020494461381149236,0.04728930747614135,1.1019257032198004,0.03253673349850404,0.04350241177261964,0.8397466299633782,1
2010-11-19,NEOG,8.979744911193848,9.167291641235352,8.864715576171875,9.03225803375244,313522,0.007250366511801776,0.004728830088751357,-0.009868479170511035,0.04544138977011558,0.016777379815599947,0.005679903954315569,0.02351939093791729,0.05333760697422301,0.02706100945167471,0.022360723802499042,0.020512178500325193,0.04116894977168939,1.1119005977420604,0.005847952595304894,0.033499493031840646,0.5537201283433189,1
2010-11-22,NEOG,8.972243309020996,9.114779472351074,8.95473861694336,9.084771156311035,158360,0.005813952874503814,0.005813952874503814,-0.002197223226022449,0.05212856148200773,0.021481179251630834,0.011752241724047525,0.02685130920005483,0.05671287037105717,0.027100360077251175,0.022450045785765545,0.020512767232110436,-0.49489987943429803,0.6105443429226629,0.01254177393705984,0.017616388201098187,0.8124959032267676,1
2010-11-23,NEOG,9.027256965637209,9.154788970947266,8.942235946655273,9.12978172302246,205549,0.004954507486977899,0.040763896763220675,0.0198323188562346,0.06164568516356206,0.018353157169552645,0.01475852730074478,0.028856360823387314,0.05899748065929988,0.021257186799167684,0.021686054097885266,0.02045451198290118,0.29798560242485483,0.7921723510271313,0.011357243709303607,0.023281282153329013,0.882348190489856,1
2010-11-24,NEOG,9.164791107177734,9.432357788085938,9.117279052734377,9.39734935760498,212347,0.029307122853528877,0.09117305503783468,0.018428132072930925,0.10888164476436835,0.030153518653116183,0.04252781701546677,0.05353162511877416,0.08612717148470526,0.01659338248903413,0.021482137349736304,0.020800863486213503,0.033072406092951034,0.8285228128893205,0.02537518288279476,0.033528468865167534,0.8888898978158742,0
2010-11-26,NEOG,9.31732940673828,9.494874000549316,9.22480583190918,9.319829940795898,46788,-0.008249072569207816,0.0393195243774882,0.02165564343590254,0.09876166904782013,0.013818632576723982,0.03166695138311925,0.039957583781776135,0.07329013565362417,0.013532102474733798,0.02128669122269658,0.021004131633353917,-0.7796625334947045,0.1872137805475807,0.00026837454687504995,0.028977800062419738,0.35185230960460756,1
2010-11-29,NEOG,9.252312660217283,9.432357788085938,9.20980167388916,9.387347221374512,144764,0.007244475597464328,0.039313445906344446,0.04422818260099026,0.12327955026581527,0.013334822621184364,0.03458733833342803,0.041504865292580795,0.07755903218699527,0.013532164222209393,0.02046649183270079,0.020489611373349186,2.0940412071471317,0.5922782567141903,0.014594682012622038,0.023708094411382632,0.7977563237304331,0
2010-11-30,NEOG,9.252312660217283,9.387347221374512,9.187296867370604,9.28982162475586,529468,-0.010389047546530694,0.022570790713025257,0.02851596910107479,0.11127723909138676,-0.0016125340546504505,0.020940888116167164,0.02539322691139585,0.06372612625381344,0.01586921211919205,0.021001087313129153,0.020784130690861487,2.657456273659197,2.076538093932652,0.004054009620735744,0.021534359009736683,0.512494756111518,1
2010-12-01,NEOG,9.48237133026123,9.722431182861328,9.447361946105955,9.604901313781738,569458,0.03391665650352671,0.052040629795252924,0.09492590541894042,0.0983700472044835,0.02181432942892157,0.045995497017846866,0.05516181136644039,0.09609448042014557,0.020618174002001617,0.01977547456502533,0.019684251571733313,0.07552864384627589,2.1426432121173815,0.012921871465787896,0.028638424047177414,0.5727262326171625,0
2010-12-02,NEOG,9.647412300109863,9.744935989379885,9.407352447509766,9.577393531799316,277931,-0.002863931766061145,0.019159038080097668,0.11207888115128095,0.08621656200864658,0.014999674051958645,0.0321501971410603,0.047764864188019625,0.08928735379404833,0.018094942251803497,0.017906433234144307,0.01974059604254564,-0.5119376670448039,1.0579206925847993,-0.007257777125348889,0.03524795558930079,0.5037007531456376,0
2010-12-03,NEOG,9.502375602722168,9.542386054992676,9.402351379394531,9.489871978759766,303124,-0.009138347792534307,0.018245186773155453,0.05828210321674265,0.04401647747105675,0.0021124736368796355,0.016990005346558743,0.03592286427156761,0.07584489336728704,0.01824831987886854,0.015296018440289032,0.01891590725223123,0.09064480032813904,1.1995556732195765,-0.001315841899453059,0.014756223889170495,0.6249923384433079,1
2010-12-06,NEOG,9.49987506866455,9.734933853149414,9.404850959777832,9.529882431030272,220745,0.004216121393424199,0.015183758126173785,0.05509412988626661,0.04468195544255549,0.0033172261295423538,0.015860344945212726,0.037981237395191776,0.07742413627220526,0.01815351500287299,0.015293807840733207,0.018918676251161448,-0.2717666697457146,0.8768868639372457,0.0031587112618670656,0.034636617582688996,0.37878809766639066,1
2010-12-07,NEOG,9.592397689819336,9.679920196533203,9.537384033203123,9.664916038513184,306723,0.01416949353364827,0.04037692314325603,0.0638590529381835,0.061521517117853364,0.00956014019004692,0.023922439079998643,0.04948746454494774,0.08973309237767826,0.01685069324644937,0.015540264934718736,0.019068764271290076,0.38949013567691226,1.1913622421255385,0.007559981460194596,0.01474779116156783,0.8947343770908618,1
2010-12-08,NEOG,9.689922332763672,9.734933853149414,9.632408142089844,9.704925537109377,343514,0.0041396633386945325,0.01041387309041042,0.06299644739989607,0.08407813188777546,0.011625456880817377,0.021934283362592736,0.049542910272950685,0.09170175818580024,0.008735728995649644,0.015550334725187893,0.018483678342441773,0.11994861813427748,1.3258210395943115,0.0015483307121023976,0.01056429651804497,0.7073093594776279,1
2010-12-09,NEOG,9.797449111938477,9.862465858459473,9.694924354553224,9.749937057495115,337116,0.004638007804761202,0.018015708044460288,0.03751990976102171,0.05663946368639339,0.012674660637526706,0.02287631914481512,0.05143933123170225,0.09384815168833978,0.008302527867331074,0.01327362739639091,0.017402489771665475,-0.018625150648881816,1.2912621210473014,-0.004849431101965749,0.01718385492319186,0.3283526867030788,1
2010-12-10,NEOG,9.79494857788086,9.927481651306152,9.787446975708008,9.924981117248535,236341,0.017953352798196542,0.045849842807429875,0.06493156852612669,0.08799334685776494,0.0216216395567897,0.03467155340194145,0.06570363127882783,0.10984966496428236,0.00656541719339571,0.013223880296274254,0.01737150884293661,-0.29893271158888923,0.8893236273518726,0.013275469323169063,0.014109314057512869,0.9821434652029121,0
2010-12-13,NEOG,9.927481651306152,10.07001781463623,9.877469062805176,9.90247631072998,531867,-0.0022674911168791834,0.03909742668876004,0.05487483068513188,0.10153002731786254,0.01154601440310729,0.026811282767814675,0.05810218657370361,0.10305800491549928,0.00819122584682033,0.013494803833429351,0.016878904691393637,1.2504220596510973,1.8709989481793654,-0.0025187999791348834,0.019444505171137397,0.1298748897980208,1
2010-12-14,NEOG,9.972493171691896,10.002500534057615,9.927481651306152,9.994998931884766,290727,0.009343382225972086,0.03415269124493725,0.07590859497772517,0.10658917122769096,0.014158150641285968,0.02888183378162263,0.06252329477766712,0.10914401311517688,0.007497159661955596,0.012314531020040055,0.016906793455161086,-0.45338402269740363,0.993235895703176,0.0022567837155060264,0.007505641897784244,0.9000038137371023,1
2010-12-15,NEOG,10.002500534057615,10.465115547180176,9.987497329711914,10.34008502960205,650637,0.03452587639768878,0.06544712682894605,0.07654255799228493,0.17873433503172476,0.03582163732762272,0.056410015774392905,0.09012300068525025,0.1427639752093533,0.01417884782171267,0.012460867749147267,0.016113904275047324,1.2379655140389438,2.07618058106137,0.03375001024943618,0.046190937124880045,0.7382207943388729,0
2010-12-16,NEOG,10.392598152160645,10.46761703491211,10.250062942504885,10.312578201293944,618245,-0.0026602129701409627,0.057707156516082936,0.07676249984441297,0.1974448360926313,0.02155064563551008,0.045745021239696974,0.07756426527737688,0.13500631380680547,0.01554405000337239,0.012442245632559551,0.01510399184670275,-0.0497850567981839,1.873937897514091,-0.007699706049931765,0.021095994441033935,0.2873550117919219,1
2010-12-17,NEOG,10.297574043273926,10.43510913848877,10.027506828308104,10.39759922027588,1028143,0.008244399928164281,0.047619043043415576,0.09565221148902636,0.15950912676868212,0.02041814719713547,0.04474985760148859,0.07838941750452616,0.13937784872338757,0.015118039322985818,0.010990235414940305,0.013083017481846307,0.6630025313589274,2.807074974653154,0.009713470044654685,0.03920157928243852,0.9079742256704508,0
2010-12-20,NEOG,10.492623329162598,10.492623329162598,10.247562408447266,10.265066146850586,293127,-0.012746507209745905,0.03661607710464465,0.07714509818363346,0.136489470129318,0.00029240125853727966,0.023869499634610963,0.05788063629055809,0.12052539746643198,0.017659100888713416,0.012979175978717263,0.01384558655856963,-0.7148966632073555,0.8025408440878776,-0.021687348832922677,0.023873291921311088,0.07142606969820793,1
2010-12-21,NEOG,10.360090255737305,10.390097618103027,10.09502410888672,10.277568817138672,466283,0.0012179824376408188,0.028271127108627114,0.06338935342885166,0.13129639044336527,-0.003974448804798465,0.018890331262653316,0.0526989434364695,0.11791708155336493,0.017802100030304274,0.012889354478558884,0.013895754787031244,0.5907200633172651,1.224981764497799,-0.007965320432699256,0.028710438671473357,0.6186414657716189,1
2010-12-22,NEOG,10.325080871582031,10.492623329162598,10.190048217773438,10.395098686218262,513072,0.01143557111323834,0.005320425940281481,0.07111575936052517,0.13859224695428018,0.006342606167724953,0.023538678364400805,0.057881953795562165,0.12625304519316566,0.00953605458962689,0.012963605020662532,0.013938774075583632,0.10034464048657155,1.2955676592907952,0.0067813332899834405,0.02910747848794469,0.6776845177496982,1
2010-12-23,NEOG,10.375094413757324,10.502626419067385,10.375094413757324,10.472618103027344,337516,0.00745730455756588,0.015518903091888303,0.07412161137765283,0.11442255730890571,0.010715334831709793,0.023885775549417745,0.05997141214938626,0.1306268128664249,0.009612285302118509,0.012937923364481116,0.012881712399466828,-0.342166401596657,0.8390088034573976,0.009399788125369115,0.012177662171524654,0.7646997240646883,1
2010-12-27,NEOG,10.482621192932127,10.620155334472656,10.42010498046875,10.47511863708496,286328,0.0002387687618334855,0.007455511139332183,0.055429578488602305,0.1239602764887362,0.009446243648133318,0.01865135127530441,0.054061878342282536,0.12725099512197688,0.00920375100195503,0.012515486686605931,0.012539860363202707,-0.15166095829531046,0.6911853756290336,-0.0007157137236082271,0.019097669528597983,0.2749990465657209,1
2010-12-28,NEOG,10.455114364624023,10.525131225585938,10.342585563659668,10.48512077331543,256736,0.000954847059684738,0.021437234141190364,0.05883825866405923,0.1169418288311892,0.0061428965486745556,0.013879450307817634,0.04927301280701534,0.12446627988327667,0.004951256929084159,0.012334048396346721,0.012584049402612223,-0.10335000419099771,0.6114872263653849,0.002870022043272533,0.01740997227145415,0.7808194845700135,0
2010-12-29,NEOG,10.465115547180176,10.577644348144531,10.377593994140623,10.457613945007324,229543,-0.0026234154954237754,0.01751826050227101,0.04628464858027992,0.12570664620077188,4.7806313986476314e-05,0.006716232022358764,0.04044083079579907,0.11813991964906136,0.005771544974836654,0.012531134596902653,0.012177346719341389,-0.10591814159292035,0.5669705092244506,-0.0007168198133151877,0.01912963655532686,0.3999990465657351,1
2010-12-30,NEOG,10.480119705200195,10.605151176452637,10.412603378295898,10.47511863708496,181954,0.0016738705568675183,0.007697853890775264,0.013059235692581606,0.09060138099020087,0.00019102410354840271,0.00709220625470269,0.037690285317832604,0.11551386219664532,0.003687887249529343,0.0068201977067691355,0.010273502093967515,-0.20732063273547874,0.47201489246235123,-0.0004771957053844185,0.018381443191971422,0.3246739738782777,0
2010-12-31,NEOG,10.425106048583984,10.550138473510742,10.260065078735352,10.260065078735352,342314,-0.020529940118124812,-0.020296073264673753,-0.005092142966925839,0.07127947125378076,-0.016350182567252538,-0.01308507434346273,0.012961385127590815,0.08896439507871146,0.009351845246533305,0.009708269830506868,0.011603818902719137,0.8813216527254142,0.8806575204317438,-0.015831107048647233,0.028272081370768934,0.0,1
2011-01-03,NEOG,10.400099754333496,10.655163764953612,10.360090255737305,10.567642211914062,884179,0.029978087937881037,0.008832699469535576,0.016354062898153332,0.11357057667021886,0.011343555436760603,0.014840831473413604,0.0378065522804566,0.11692571607819048,0.018116888108325846,0.013548534324817858,0.01261208842803278,1.58294723557903,2.116498765426188,0.01610969717004446,0.027922359907646955,0.7033906795903173,0
2011-01-04,NEOG,10.765191078186035,10.787696838378906,9.62740707397461,10.360090255737305,1828743,-0.019640327711205274,-0.011924566276463544,0.009257038145426222,0.08711627144567813,-0.0061411280545972235,-0.005998045181882083,0.013292929748004837,0.09102115925685567,0.02055944561104454,0.014507080943235471,0.013808146205634619,1.06829499456558,3.6710291607799492,-0.03763062072066733,0.1119961058024317,0.6314656943809733,0
2011-01-05,NEOG,9.944986343383787,10.222556114196776,9.909976959228516,9.98499584197998,1176506,-0.03620570907184917,-0.04519368428712944,-0.028467138519257862,0.033117701404888455,-0.03335919590907581,-0.039289780973775015,-0.024920359039043924,0.04853783908529662,0.025590595527563965,0.018677023062934655,0.01628132697756559,-0.35665864476309683,2.1720997654273453,0.004023082306474031,0.03130488584222353,0.2399996338818001,0
2011-01-06,NEOG,9.98499584197998,10.002500534057615,9.647412300109863,9.752437591552734,778205,-0.023290770883398815,-0.06899024923438335,-0.06182347220210249,0.0048956639864656815,-0.0424748789653734,-0.055827275839936706,-0.04785160280327479,0.02164306946312538,0.02543579262457413,0.01897730220669487,0.017199462358742406,-0.3385456597756408,1.38131677231193,-0.023290770883398867,0.0364102031532423,0.29577237824873853,0
2011-01-07,NEOG,9.792448043823242,9.792448043823242,9.60240077972412,9.739934921264648,551062,-0.0012820046445531919,-0.0506946255680879,-0.06996179699810656,-0.0010258667488297624,-0.03383439747760513,-0.05030111492837793,-0.04902582887620243,0.01763553367770579,0.025644355166414456,0.018473077631167685,0.017173335167109498,-0.2918806741154323,0.9599105624268826,-0.005362614366048878,0.01951216980764455,0.7236838803888042,1
2011-01-10,NEOG,9.717429161071776,9.819954872131348,9.704925537109377,9.797449111938477,455486,0.005904987162517861,-0.07288220820981839,-0.06469325538207615,-0.012849596770357796,-0.0130485215445967,-0.03833882305111216,-0.04281440481039392,0.02083885435595251,0.01706682624265727,0.01880615472391945,0.016719000045321782,-0.17343964925906707,0.7785637629561991,0.008234683221284761,0.011740743300396865,0.8043476458542298,1
2011-01-11,NEOG,9.87246799468994,9.947486877441406,9.739934921264648,9.84246063232422,420295,0.004594208132287836,-0.04996381408225925,-0.06129258354627398,-0.006060673767098956,0.0019346565249278125,-0.027788056197087806,-0.03813490605651184,0.02236422889916701,0.018743873324344414,0.019000787291974085,0.016751485766397737,-0.07726033291912371,0.7253280474473386,-0.0030394995842841963,0.0210874052668419,0.4939761250539983,1
2011-01-12,NEOG,9.914978981018066,10.257563591003418,9.772442817687988,9.87246799468994,509872,0.0030487663082106042,-0.011269693955899274,-0.05595405925237329,-0.012259224641229638,0.007297042018222768,-0.019154807102987025,-0.03462441120273405,0.022268251533696982,0.012094056779986755,0.019201107588655637,0.016621960891925587,0.213128873767235,0.8635863446611799,-0.004287551835411129,0.04913875371146905,0.20618613447194956,0
2011-01-13,NEOG,9.90497589111328,9.994998931884766,9.7474365234375,9.81745433807373,350312,-0.005572432004418704,0.0066667175165839865,-0.06278347022084374,-0.05054413866347429,0.00035673069485425447,-0.018205456615638247,-0.037544574937391155,0.01431827418705925,0.004717135699894434,0.01903315084004635,0.014453577162261885,-0.312941287225029,0.6088189169876991,-0.008836119744427964,0.02521655817508386,0.2828289443271646,1
2011-01-14,NEOG,9.812453269958496,10.072518348693848,9.799949645996094,9.994998931884766,315521,0.01808458564686033,0.026187445058103,-0.025834743231790247,-0.030795331992666042,0.0131812646331263,0.0022065340208985208,-0.01861124315560693,0.030154667336019392,0.008478633629536336,0.01972961273127611,0.015167459059271663,-0.09931432551554042,0.5631690366532601,0.018603468154609785,0.02727050843679834,0.7155967796675402,0
2011-01-18,NEOG,9.994998931884766,10.117528915405272,9.834959030151367,9.939985275268556,301525,-0.005504118308678474,0.014548293305896909,-0.059394226645739345,-0.04401150066593762,0.00470126504391908,0.0030027348846165354,-0.021815324045476276,0.022692225905182363,0.009693694622050136,0.0161107758016198,0.01501562081857807,-0.04435837868160919,0.5755074232870697,-0.005504118308678517,0.02842759596002219,0.37168237168238033,0
2011-01-19,NEOG,9.95248794555664,10.0,9.702425956726074,9.749937057495115,525069,-0.0191195673343999,-0.009400451603051696,-0.05889458326912678,-0.05018273452758182,-0.012661474232382081,-0.010079497775267975,-0.03807964244794967,0.001844861316529215,0.013664055414444733,0.016062506280648366,0.015317141136331766,0.7413779951911119,0.9804733121759436,-0.020351784314589953,0.03052061172489009,0.1596614417249619,0
2011-01-20,NEOG,9.654913902282717,9.7474365234375,9.117279052734377,9.14478588104248,948563,-0.062067188011991736,-0.07370822716658632,-0.08414725196028627,-0.11021895900197576,-0.06009049632891393,-0.06353232430218014,-0.09271344477238527,-0.06041408734622292,0.02960488446627809,0.022335082419194987,0.020257618541050886,0.8065492344815635,1.6949519606397003,-0.05283610256945184,0.06890893662250373,0.043650721584577674,0
2011-01-21,NEOG,9.212303161621094,9.32733154296875,8.929732322692871,9.042261123657228,1128918,-0.01121128025510032,-0.07896071504098301,-0.07282040630648479,-0.13014186814355255,-0.055578718553872274,-0.06724785782995023,-0.09682408407509806,-0.07111988122777761,0.02926928938072284,0.021766915785253724,0.019883384979427397,0.19013497258484668,1.9120192177816815,-0.018458146131389692,0.04397121636264648,0.2830206781750674,0
2011-01-24,NEOG,9.02475643157959,9.157288551330566,8.894723892211914,8.909727096557617,336716,-0.014657177589448622,-0.10858148587340544,-0.08523751251093947,-0.14923593996213214,-0.04783541309416972,-0.07298038709790342,-0.10306114610282979,-0.08413706140073328,0.022664918042237626,0.021766125705202394,0.019665101615877315,-0.7017356442186236,0.5703258180767417,-0.01274597668026363,0.02946943899326585,0.05714098917982413,1
2011-01-25,NEOG,8.834709167480469,8.937233924865723,8.689672470092773,8.917228698730469,1015746,0.0008419564473247654,-0.10289316817025718,-0.08984179485407418,-0.14872289205767164,-0.025736341047087254,-0.0636242453390697,-0.09521096030780926,-0.08297936415038679,0.023994150597905283,0.021446483797408256,0.019678635978211498,2.0166252865916676,1.6203629739022027,0.00934037891747979,0.027762151576105044,0.9191908685720009,1
2011-01-26,NEOG,8.939735412597656,9.454863548278809,8.939735412597656,9.389846801757812,897775,0.05300055869315434,-0.0369325723452224,-0.04598584108936654,-0.10445983362872491,0.03403641807024312,-0.009287163094029865,-0.04193302773855669,-0.03517071690531372,0.04114049491560668,0.02902037377506795,0.023891849339222056,-0.1161422245325111,1.3625046136437589,0.05034952024708363,0.054860121422291845,0.8737852933716683,1
2011-01-27,NEOG,9.434859275817873,9.47736930847168,9.227307319641112,9.424856185913086,359910,0.0037284297491115836,0.03062622881648913,-0.045339403380958876,-0.09875653897008674,0.03152884047370496,-0.0008747862320003234,-0.03326749106017185,-0.03235412317462775,0.0272175743946749,0.029040326677004374,0.023970394074816444,-0.599108908133998,0.5408654252554593,-0.001060226720119236,0.0265321808521943,0.7899995804873227,0
2011-01-28,NEOG,9.47736930847168,9.47736930847168,8.97724437713623,9.052263259887695,379905,-0.03953300917018643,0.0011061543228716442,-0.077941903454391,-0.13583191050075016,-0.009467467970960198,-0.032525289965858684,-0.0646598762962577,-0.07114225693972,0.03390824038737431,0.031123475276435063,0.025118055813664792,0.05555555555555558,0.5625462828529592,-0.0448548573710205,0.05524860656136661,0.1500002860308265,0
2011-01-31,NEOG,9.12978172302246,9.137284278869627,8.967242240905762,8.992247581481934,383504,-0.006629908640826021,0.009261842032872059,-0.10032530841038745,-0.12356817305974521,-0.017808387357029217,-0.02852823679696796,-0.06473514158450105,-0.07801967509986166,0.033183034773474424,0.02980685943768517,0.024914638875217915,0.009473420986825687,0.5661489840573518,-0.01506434060670995,0.01890984833580864,0.14705387488643018,1
2011-02-01,NEOG,9.05726432800293,9.31732940673828,8.947237014770508,9.282320976257324,348713,0.0322581637290269,0.040942347657723976,-0.06616350837536467,-0.12162800460898027,0.005853079597988673,0.00998564125978165,-0.028068651899041487,-0.048892797073380026,0.03571967605632866,0.03270690626592219,0.02509383551534693,-0.09071874087362841,0.5359725294731633,0.024848192578257027,0.03987067382332588,0.9054062411420664,1
2011-02-02,NEOG,9.227307319641112,9.36484146118164,9.227307319641112,9.30482578277588,161560,0.0024244805341380182,-0.009054569342496155,-0.045652733150421954,-0.10185861772555793,0.010153072586714561,0.017361558393989077,-0.020299652448874602,-0.047119106542584326,0.025764145180866168,0.03248027150757696,0.02495475558334662,-0.536696366352846,0.2848086008107596,0.008400984214513426,0.01478094751597799,0.5636306902888235,1
2011-02-03,NEOG,9.302326202392578,9.339835166931152,9.169792175292969,9.332332611083984,345114,0.0029561895031953167,-0.009816974710700865,0.02050859719201248,-0.06536439686354201,0.015178683154421805,0.018281005977962516,-0.014015700627596881,-0.044786542786684216,0.02572687694942626,0.02532563899855391,0.023896186977200147,1.1361351819757366,0.6564989859489996,0.003225688718988218,0.018220845604690946,0.9558784765259137,0
2011-02-04,NEOG,9.309826850891112,9.354839324951172,9.22230625152588,9.292323112487791,204349,-0.004287191666172974,0.02651931850721212,0.027654807288890026,-0.04717943332069929,0.005574522103469063,0.011156492297254472,-0.015850718932113587,-0.04919809518440534,0.015610347390125316,0.025007303289164083,0.023424301866522574,-0.40787971510863075,0.4111685059681094,-0.001880135762314946,0.014262641518263857,0.5282972706535699,1
2011-02-07,NEOG,9.28982162475586,9.632408142089844,9.28982162475586,9.494874000549316,197950,0.02179765873501749,0.05589552717637125,0.06567506475229501,-0.025160426912124834,0.016436483547896397,0.026660227519755216,0.006908115270640328,-0.02866669535369583,0.01533325757623278,0.02480192698985748,0.02403003995140438,-0.03131407542977949,0.4129635291347908,0.022072800111363377,0.03608120732451683,0.59854187312793,1
2011-02-08,NEOG,9.472368240356444,9.587396621704102,9.427356719970703,9.582395553588867,187953,0.009217768770231949,0.032327537272098805,0.07459345019973496,-0.0219499541046414,0.019257376590305107,0.02872484066921349,0.01734964029825902,-0.020239510113885043,0.009834963074860918,0.0247250858923649,0.02409145901828059,-0.050502652184895136,0.4033642120037299,0.011615607674927484,0.01670145015809321,0.9687511173084487,1
2011-02-09,NEOG,9.55738925933838,9.702425956726074,9.487372398376465,9.67741870880127,319520,0.00991643004935372,0.04004297713075866,0.030625835875152108,-0.016768360035998242,0.021269808163279395,0.03572856711287544,0.02833905867795756,-0.011110365694015273,0.00964253975316104,0.01900674386523948,0.02418376191715378,0.6999994679520944,0.6932151072382206,0.012558811429136873,0.022222202512951702,0.8837161862527716,1
2011-02-10,NEOG,9.609902381896973,9.79494857788086,9.609902381896973,9.699925422668455,375906,0.00232569392153259,0.03938916741435916,0.02918551024327587,-0.017477146759481976,0.015764159247103594,0.03509011512356267,0.0316764328571535,-0.009640562363431231,0.009727433477144805,0.019007463031950337,0.024178614554534038,0.17647095643465205,0.8275739997087356,0.00936773727702656,0.019077074092903736,0.48648955085421774,0
2011-02-11,NEOG,9.62740707397461,9.729931831359863,9.609902381896973,9.689922332763672,192352,-0.0010312543106162364,0.04278792455479241,0.07044194966153561,-0.01299033343251399,0.006336661866060207,0.027034186213972692,0.031311958362711494,-0.010833606358076418,0.008779252182862896,0.01205115028025004,0.02415078294835787,-0.4882976063164728,0.43096513341240067,0.006493467899374229,0.012387039373581533,0.6666693151120292,1
2011-02-14,NEOG,9.70992660522461,9.727432250976562,9.59739875793457,9.692422866821287,215946,0.00025805511868348674,0.020805843896458454,0.07786432468577154,-0.030272746112882443,0.0024829183463911907,0.019731633252513085,0.03324179860595052,-0.010810656471580431,0.005105240399329298,0.011369824584941872,0.023759453766752526,0.12266053901181162,0.48928548042515946,-0.0018026643367112447,0.013415994620614173,0.7307664099743171,0
2011-02-15,NEOG,9.65991497039795,9.699925422668455,9.402351379394531,9.402351379394531,500275,-0.029927654974662432,-0.0187890567851694,0.012931076553399201,-0.05408799721380875,-0.02388361864465177,-0.01203417586456651,0.005199866196024664,-0.040243319503266504,0.015267564501523627,0.013228793006840088,0.024601493364030447,1.3166671297453991,1.1085512728922957,-0.0266631323145909,0.03164889624589699,0.0,0
2011-02-16,NEOG,9.434859275817873,9.497373580932615,9.28982162475586,9.329832077026367,283929,-0.0077128900465357475,-0.03591728768114422,0.0026874543203996293,-0.04308796846496554,-0.024371159641917058,-0.01991177296680513,-0.000308163034094045,-0.0472567094974029,0.013240304570673319,0.013523715779713506,0.024326287210867638,-0.43245415021738043,0.6464241302169113,-0.011131824621984228,0.022246054855352512,0.19277318801290405,0
2011-02-17,NEOG,9.30482578277588,9.359840393066406,9.214803695678713,9.299824714660645,345514,-0.0032162810775139272,-0.041247812799960926,-0.0034833623894555688,0.016953795926437865,-0.019302800361071636,-0.022730282642445778,-0.004350460215044729,-0.04961234551328712,0.012450059697442535,0.01353247124481287,0.019806992661062738,0.21690281725360916,0.8446169462895501,-0.0005374703655917562,0.015595637749929999,0.586203495482695,0
2011-02-18,NEOG,9.372343063354492,9.372343063354492,9.249812126159668,9.25731372833252,550662,-0.004571159955424675,-0.044645208658526725,-0.0037675599235483803,0.02378305622170651,-0.014796728559820543,-0.026839517746549812,-0.010041362528416165,-0.05309042399268228,0.0120249244567447,0.013542141538137426,0.019646073207721108,0.5937472866511921,1.4484817708734063,-0.012273274062249494,0.013236122355863508,0.06122210720484422,1
2011-02-22,NEOG,9.14228630065918,9.319829940795898,9.132283210754396,9.277318954467772,531067,0.002161018490064226,-0.042827672508437775,-0.02291289448063849,0.04125736444297812,-0.0038664176380669856,-0.02250094685425546,-0.00984816421740594,-0.050125738867303045,0.012416290478001177,0.011204751333722717,0.019281043209419757,-0.035584441998903094,1.362120638910441,0.014770118695457591,0.020215617352595534,0.7733312315350978,0
2011-02-23,NEOG,9.269817352294922,9.284820556640623,9.12728214263916,9.12978172302246,375506,-0.01590300303023018,-0.028989520320354623,-0.04723389136205003,0.02383621991463003,-0.013936181582408919,-0.03343663648586264,-0.026698538908102882,-0.06370697266594409,0.0066573557421819776,0.011161960284844575,0.019702030682807826,-0.29292160876122975,1.0492789989675035,-0.015106622272098403,0.0172554414531292,0.01586648183011282,0
2011-02-24,NEOG,9.14228630065918,9.232308387756348,9.044760704040527,9.099775314331056,400300,-0.00328665126962846,-0.024658189000185682,-0.05968982141331414,-0.030892036212183283,-0.012268532608222886,-0.03068558121785186,-0.028395158582610287,-0.06524526171643796,0.006641724478569165,0.009946403120038347,0.015512036860474525,0.06602823922919998,1.20211383444433,-0.004649929452007873,0.020610144452737768,0.2933366555136423,1
2011-02-25,NEOG,9.119779586791992,9.399849891662598,9.11227798461914,9.399849891662598,191552,0.032976042480846735,0.010755598096840346,-0.030935859599970694,-0.0026532282039342103,0.018092217525149022,0.004489347602087096,0.0037785274740520488,-0.033238683000377627,0.018376674522556126,0.015817680329694352,0.01730161049266216,-0.5214788908318762,0.5901555199915214,0.030710205461130454,0.03059324461112142,1.0,0
2011-02-28,NEOG,9.407352447509766,9.422355651855469,9.244811058044434,9.34983730316162,316721,-0.005320573102485238,0.009994646130002671,-0.03509677559046609,0.03287288877164363,0.010649803946195871,0.0027892513758054046,-0.003145997886162325,-0.036419679261596435,0.018449387119636427,0.01581575398151448,0.014678726734504802,0.653446583695289,0.9853815720351882,-0.006113850274991156,0.018989057034286466,0.5915485392304741,0
2011-03-01,NEOG,9.34983730316162,9.34983730316162,9.134783744812012,9.202301025390623,806598,-0.015779555620834884,-0.008086164703976384,-0.05056752559862299,0.023359392855381467,-0.0036819930919781557,-0.007818760538050347,-0.019973311716634936,-0.04944924137173515,0.020110517604180055,0.01620580212796279,0.015089500596457927,1.54671461633425,2.354519537145732,-0.015779555620834936,0.02336954178702048,0.3139556541019899,1
2011-03-02,NEOG,9.202301025390623,9.384845733642578,9.154788970947266,9.357338905334473,189153,0.01684772966196979,0.024924712245659286,-0.0047873635268199655,0.008081807262324991,0.008136164393205815,0.00938711569205237,-0.003860008064851983,-0.03135292715703829,0.01955736567660041,0.014930306317316476,0.013758193392054151,-0.7654928477382785,0.5653169856754265,0.016847729661969877,0.024585703801340435,0.8804346023744777,1
2011-03-03,NEOG,9.417353630065918,9.974993705749512,9.36984157562256,9.89747428894043,523869,0.05772318274141308,0.08766139240307314,0.060841632220993036,0.06369259564876506,0.048310200265176115,0.061154467109152705,0.05032707025108889,0.025340793084320842,0.029520854159945462,0.02333408735926357,0.01879980328064649,1.7695516328051895,1.4852607709750567,0.05098254538745096,0.06114207649957287,0.871900943663836,1
2011-03-04,NEOG,9.89747428894043,10.220054626464844,9.827457427978516,10.100025177001951,678230,0.020464906717449605,0.07448792197845511,0.08604468222716455,0.08226159502782626,0.054128842265053836,0.0736596215291045,0.0674736639694941,0.046709336075577874,0.028366484794268763,0.023477665281767483,0.019188685055214216,0.2946557249999522,1.8361924543462935,0.020464906717449594,0.03887091285478013,0.6942681967021924,1
2011-03-07,NEOG,10.06251621246338,10.195049285888672,9.844961166381836,10.115029335021973,351112,0.001485556496847673,0.08184014406342732,0.09265275347257251,0.0885361187482343,0.03909786625516488,0.06553928727539575,0.06443173386138236,0.04887314858466307,0.027303741419131226,0.023178313270228467,0.019098573394707278,-0.482311310322457,0.9320590407765212,0.005218687001323733,0.03461068751374763,0.7714291162481545,1
2011-03-08,NEOG,10.107526779174805,10.327582359313965,10.075018882751465,10.292572975158691,285529,0.017552459242208718,0.11847818787494924,0.10943398902998736,0.08401364510610931,0.03417083589651086,0.07276895726427378,0.07858807817707728,0.0676821177390709,0.020870744902505622,0.023174646085220213,0.01891802622208519,-0.1867865524391078,0.7492533812037061,0.018307762128827544,0.024538419807376297,0.8613838206863219,0
2011-03-09,NEOG,10.2525634765625,10.295074462890623,10.137534141540527,10.165040969848633,327518,-0.012390682642509199,0.0863174961049773,0.11339364710281874,0.060803732532367594,0.005043729153637873,0.048166641261049255,0.06198156120839835,0.055131581332280286,0.026340051103897227,0.022749780782633358,0.019231358244952,0.14705686637784599,0.8439816272076476,-0.008536646167950565,0.015498247554278357,0.1746018293753387,0
2011-03-10,NEOG,10.010003089904783,10.020005226135254,9.68242073059082,9.867466926574709,418695,-0.029274259115785406,-0.003031820188636569,0.08436379863518506,0.01963831714758779,-0.023798922215047563,0.00949116665996091,0.0298704298138473,0.025558408067606887,0.02084876799802553,0.025840881862523805,0.02046065585438592,0.2783877527342009,1.0653228562188806,-0.014239372560616302,0.034211869982078494,0.5481477924081153,0
2011-03-11,NEOG,9.819954872131348,9.89747428894043,9.674919128417969,9.782445907592772,553862,-0.008616296321496852,-0.031443413639434925,0.040702353797109625,0.008507331894683334,-0.026090399963981943,-0.0031088881129835238,0.020557273983183695,0.018150815524208365,0.0173192071161878,0.02477613086856755,0.020574075142406487,0.3228292671276227,1.3780421203748512,-0.003819667709983575,0.022750461655987476,0.483146645183952,0
2011-03-14,NEOG,9.749937057495115,9.899974822998049,9.674919128417969,9.777443885803224,315921,-0.0005113262916859318,-0.033374638672564405,0.04573412015383527,0.009032224411502643,-0.020001038843195696,-0.007941591481110887,0.01956996591100272,0.019110232462976294,0.017118127728014226,0.024615456515339192,0.020572204704777997,-0.4296034030137471,0.7741303282704557,0.002821231372664459,0.02301784568734361,0.4555528247199053,0
2011-03-15,NEOG,9.507376670837402,9.832457542419434,9.507376670837402,9.654913902282717,357111,-0.012531903527303379,-0.061953320555994784,0.049184750166644475,-0.003869926545092217,-0.019752186449188282,-0.02485223116136922,0.006989747970451438,0.007609948474869104,0.010488854073335446,0.024334319597351352,0.020782676745625207,0.13038069643993278,0.8601846726605552,0.01551818514752496,0.0336699917650402,0.4538477786383213,0
2011-03-16,NEOG,9.609902381896973,9.71492862701416,9.424856185913086,9.507376670837402,342714,-0.015281050969334076,-0.06469863731607017,0.01603423441437979,0.011170109178544108,-0.02166642479525683,-0.041206454038263354,-0.008940914008799452,-0.0055867170705596264,0.010549436965105024,0.024725096826071866,0.01991210450376021,-0.0403151961154935,0.8414740638553774,-0.010668756766219301,0.030510250213482377,0.28448233348566393,1
2011-03-17,NEOG,9.62990665435791,9.749937057495115,9.52488136291504,9.637409210205078,239940,0.013677015634242506,-0.023314769441998062,-0.02627590344194697,0.03296705992555693,-0.0035679278340868693,-0.025537309221936786,0.003005889414873683,0.00954007133695984,0.011660652209195082,0.016079991902044448,0.020008356389296867,-0.2998827010276791,0.5923293424216084,0.0007790891559444938,0.023352302436401944,0.5,1
2011-03-18,NEOG,9.712428092956545,9.76244068145752,9.56239128112793,9.742436408996582,516271,0.010897866480577667,-0.004089927915178704,-0.03540474025942131,0.04759355234278617,0.008125111315601957,-0.011343087795198978,0.011606557739707434,0.02106077956948059,0.01317035716796346,0.014792054947936468,0.020070546953578926,1.151667083437526,1.248187481859708,0.0030896821837784645,0.020533816381378245,0.9000033370358541,1
2011-03-21,NEOG,9.812453269958496,10.0,9.812453269958496,9.997499465942385,291127,0.026180623227908928,0.022506452883731543,-0.011619330521628446,0.07995685998460722,0.02982844126892934,0.015752040003999778,0.034117078801239195,0.04725483685407001,0.017864323944453753,0.017525557689222707,0.020668072627091326,-0.4360965461937626,0.7266552149836337,0.018858300864516748,0.018759363846970245,0.9866671412662751,1
2011-03-22,NEOG,10.042510986328123,10.375094413757324,9.95248794555664,10.277568817138672,529068,0.02801394010075975,0.06449098574651613,-0.0014577655224046193,0.10781669441139563,0.04526952439824038,0.04436646333387484,0.057615546734949265,0.07538130351380103,0.017344922853711208,0.01900760035299711,0.02134098476006373,0.8173099712496608,1.3208872974811372,0.02340628067328544,0.041119303185394716,0.7692283389937604,0
2011-03-23,NEOG,10.187546730041504,10.212553024291992,9.76244068145752,9.90497589111328,583854,-0.03625302176562062,0.04182007656175646,-0.02558426272031311,0.08490829152421275,-0.0007064248523462295,0.009171941624673408,0.015224486697100869,0.036162325752701716,0.026118874658596646,0.022000488941204165,0.02283991828901889,0.1035519063712036,1.4207171183864016,-0.027736887635073773,0.04544305284360282,0.3166658544801932,0
2011-03-24,NEOG,9.92998218536377,9.959989547729492,9.60240077972412,9.622406005859377,449488,-0.028528074006462067,-0.0015567673861782705,-0.024835241155492738,0.05743336219579387,-0.028920372179640476,-0.017163833289220234,-0.016372449338105464,0.0070662630777722215,0.030483940748693608,0.021900135422966018,0.023953126418333855,-0.2301363011985873,1.0872518075892685,-0.03097449459252229,0.037162095196110634,0.05594478329631672,0
2011-03-25,NEOG,9.63490867614746,9.63490867614746,9.469866752624512,9.487372398376465,450287,-0.01403324775536241,-0.02618072111659664,-0.03016357176964113,0.009311053657516055,-0.0375931681149676,-0.02802679453347538,-0.030609584591064967,-0.006265127134456663,0.03030694554629212,0.022139543073703947,0.02315693841478014,0.0017775780443527456,1.05613559080331,-0.015312680455004276,0.017395957130468535,0.10606787280638509,0
2011-03-28,NEOG,9.442360877990724,9.517378807067873,9.32733154296875,9.389846801757812,367108,-0.010279516026517665,-0.06078046478067933,-0.03964196456378544,0.004279165219555736,-0.03559693227539233,-0.034183047057823324,-0.04077051766357032,-0.015598436362116375,0.02484634084652422,0.022240794463566933,0.02325133314953413,-0.18472440909908572,0.8559835055969399,-0.0055615409018434595,0.020239655460997017,0.3289458497884844,1
2011-03-29,NEOG,9.402351379394531,9.527381896972656,9.362340927124023,9.489871978759766,348713,0.010652482315603784,-0.07664233170254797,-0.017094085477440624,0.03124989636566844,-0.009293623115193158,-0.0222348631898947,-0.03197423240706537,-0.004057295323158605,0.018121799943947157,0.022438533171199267,0.023029342688063233,-0.05010787016354856,0.8589445007555819,0.009308373600782223,0.01739127463658388,0.7727235955575588,1
2011-03-30,NEOG,9.512377738952637,9.87496852874756,9.457364082336426,9.827457427978516,588253,0.03557323533703438,-0.007826214216665961,0.033666569467360796,0.05024062154850828,0.027612225367633327,0.009219130884064052,6.36731895567572e-05,0.0316152675058401,0.024933060320422914,0.02462339290016651,0.024032552680128695,0.6869259247576087,1.3810911797264127,0.03312312627532082,0.04249364084979148,0.8862294183470697,1
2011-03-31,NEOG,9.827457427978516,10.480119705200195,9.82245635986328,10.347586631774902,1407248,0.05292612128907237,0.07536375262839057,0.07368966141002042,0.04547749554019398,0.06583554482133032,0.054939424091369225,0.050587087760763656,0.08485345495612781,0.028993653722327845,0.029126255468687273,0.02347217901074821,1.392249593287242,2.9934921632507976,0.05292612128907243,0.06355717219292399,0.7984788503646995,0
2011-04-01,NEOG,10.37259292602539,10.450113296508787,10.092522621154783,10.337583541870115,695026,-0.0009667075290841209,0.08961502803865318,0.06108812086512039,0.023520571553533376,0.04647625584435637,0.04756347076243559,0.04830725947860934,0.0811007919357503,0.02617837034862025,0.029214662519158947,0.023094366263211975,-0.5061097972780917,1.4758200182718795,-0.0033751815389799784,0.03459132145396081,0.6853112723723267,1
2011-04-04,NEOG,10.337583541870115,10.74518585205078,10.2525634765625,10.540135383605955,650237,0.019593732027939348,0.12250344506502531,0.054277163956059304,0.04202716912664872,0.04269745642620496,0.06224803329575044,0.06654862461104956,0.09884098487244238,0.021157631543329405,0.028788482507503925,0.023449524308556315,-0.06444219352945069,1.3382156973112698,0.019593732027939414,0.046737765461200856,0.5837572983939646,1
2011-04-05,NEOG,10.48512077331543,10.747687339782717,10.44261074066162,10.605151176452637,367508,0.006168402063203793,0.11752310254438525,0.031873526233917815,0.03036929658389198,0.02647884148593177,0.06528346237915465,0.07143307747585094,0.10172441404804661,0.021922510404615077,0.027713333942959904,0.023197127480611257,-0.4348091542006991,0.7500202296971137,0.011447689133222355,0.02876683170707461,0.5327856553379845,0
2011-04-06,NEOG,10.680170059204102,10.747687339782717,10.560139656066896,10.577644348144531,367108,-0.0025937233567382423,0.07633580971109089,0.0679121750952234,0.04059042944536628,0.009161191666240366,0.05538922127199608,0.06643136097760141,0.09508892957614892,0.02292357822825504,0.024167891101383395,0.02298525931470437,-0.0010884116808341782,0.746189430216192,-0.00959963282337572,0.017730571906467894,0.09333462152568488,0
2011-04-07,NEOG,10.577644348144531,10.717679023742676,10.415103912353516,10.417604446411133,235941,-0.015130013495062489,0.006766584047841917,0.08264029184255328,0.05575265910999039,-0.007433510816159244,0.031239184220998875,0.04739158682311165,0.0762299517743878,0.012733233999885117,0.02228679397244365,0.02216762268172145,-0.35729812480251044,0.48865331474191465,-0.01513001349506251,0.02904459589972216,0.00826417627721237,0
2011-04-08,NEOG,10.5076265335083,10.5076265335083,10.07001781463623,10.160039901733398,271532,-0.024723970467746548,-0.017174578509340788,0.07090134919464575,0.038599139490007595,-0.028687557265415806,-0.0009098236107689925,0.01956060348725688,0.04802929825506106,0.017415519464733777,0.023683940275881617,0.022890697027628838,0.15084703379234643,0.5793019434196441,-0.03307946191906096,0.04307155514196456,0.20571365060823857,0
2011-04-11,NEOG,10.13503360748291,10.257563591003418,9.957489013671877,10.045010566711426,278330,-0.011321740478828946,-0.04697518569492409,0.06977363728990382,0.02736570866918564,-0.03050639638281043,-0.01854435995403845,0.006665937190077743,0.034045974588373086,0.011831932485535006,0.023771157666755287,0.02308348333650905,0.02503572322967451,0.5961958961809876,-0.008882362334252,0.029872997677670016,0.2916660045574261,0
2011-04-12,NEOG,9.992498397827148,10.035009384155272,9.847461700439451,9.84996223449707,271532,-0.01941743424947051,-0.07120963476997533,0.0379446905651899,0.020201975303812736,-0.0352681900581541,-0.04097583553790665,-0.01384474486765981,0.012180061861634223,0.008379648626695477,0.02512369629809207,0.02335512569212178,-0.02442424460173176,0.5870146687730408,-0.014264316856039964,0.019040446983540776,0.013332790936559218,0
2011-04-13,NEOG,9.91247844696045,9.949987411499023,9.772442817687988,9.84246063232422,237541,-0.0007615868969098605,-0.06950353893769101,0.0015266618508049667,0.03524462878541912,-0.021917378819152466,-0.041846179098430414,-0.016245928261528157,0.010246206708820108,0.009051113955871593,0.02254715242999086,0.02303747654591409,-0.12518229895555588,0.5194360182774932,-0.007063603215974596,0.018038638958630955,0.394367483308187,1
2011-04-14,NEOG,9.702425956726074,10.10252571105957,9.702425956726074,10.027506828308104,589053,0.01880080631221026,-0.037446000192243645,-0.030932797651958,0.04047743637262502,0.004257467449559146,-0.020780921637239484,0.0002993448162931677,0.027714990367029128,0.01725133012563654,0.015044233064867017,0.023202256881103122,1.479795066956862,1.2407352116458537,0.03350511233292861,0.039900222576163845,0.8124995530766161,1
2011-04-15,NEOG,9.974993705749512,10.21505355834961,9.82245635986328,10.195049285888672,500675,0.01670828656108103,0.0034457919943109427,-0.0137879665401629,0.04645787335846796,0.020321399001573863,-0.0030321751672749476,0.014721865765944076,0.04304184274921034,0.016846530717195586,0.016300127572697266,0.023352262867462108,-0.1500340376842152,1.0563177103238957,0.022060723708760013,0.03850861211919177,0.9490463188783197,0
2011-04-18,NEOG,10.002500534057615,10.147537231445312,9.829957008361816,9.977494239807127,568658,-0.021339283409121945,-0.006721379380928094,-0.05338082703130698,-0.0020010229761359133,-0.00010025603997261477,-0.018908756373736367,-0.006832695098043655,0.01935496319703885,0.01909448098690481,0.015604000156636943,0.023236495692729273,0.13578269336395876,1.1656219637681458,-0.00250000429046158,0.03182965737193301,0.4645668109078732,0
2011-04-19,NEOG,10.04751205444336,10.052513122558594,9.767441749572754,9.807452201843262,625844,-0.01704255937181598,-0.004315755902588925,-0.07521806727098457,-0.045742006077493014,-0.016302964475366343,-0.02800491947405615,-0.02146925323178629,0.0013429942433206047,0.018549860767354646,0.015423715640252746,0.02256783928829536,0.10056308009383486,1.2702416577497562,-0.023892467239582445,0.029066812370725816,0.14035240315938433,1
2011-04-20,NEOG,9.959989547729492,10.132533073425291,9.879969596862791,10.132533073425291,337516,0.03314631209937802,0.029471536837894607,-0.04208037820796262,0.022974026874328368,0.010423401804462983,0.00866274790555713,0.009819068679077347,0.033372947841274196,0.023946979435762173,0.020150415617366385,0.02237441784038998,-0.4607026671183234,0.7026022529252368,0.017323665338095914,0.02492599577344594,1.0,0
2011-04-21,NEOG,10.17754364013672,10.17754364013672,10.035009384155272,10.12753200531006,170357,-0.0004935654370916698,0.009975079420497801,-0.027844447597643485,0.05249477096924582,0.007913987640441517,0.01108449687138027,0.006786504950614285,0.031915507061026784,0.022911753393399483,0.019789204421339107,0.02125270248582388,-0.4952624468173361,0.3652411484116308,-0.004913919958980232,0.01407393784652721,0.6491255068313594,0
2011-04-25,NEOG,10.07001781463623,10.132533073425291,9.87246799468994,10.107526779174805,547863,-0.0019753308234193856,-0.008584804669361401,-0.005168594126252812,0.06536629477140199,0.00767848666030235,0.009616578116242868,0.0017099939500969177,0.02902239859392631,0.021428752599881112,0.01821387447711015,0.020919255345086596,2.2159699924276666,1.1624453654624745,0.0037248161054945655,0.025729843157198513,0.9038460128053812,1
2011-04-26,NEOG,10.160039901733398,10.440110206604004,10.147537231445312,10.232558250427246,239940,0.012370135047284903,0.025563934640271846,0.018670730356157295,0.08974709241386924,0.014981647754411074,0.020194471066379824,0.009884146319712201,0.04060179565667402,0.018781910837225073,0.018171798773734434,0.020753505364881582,-0.5620437956204379,0.5160624269064806,0.007137604713685754,0.028592358626101683,0.29059764981990643,1
2011-04-27,NEOG,10.262565612792969,10.440110206604004,10.232558250427246,10.40510082244873,267933,0.016862114810270556,0.060938213952563824,0.056359463593415926,0.09644269656507798,0.020002904854678514,0.03168694978685377,0.0222958886457139,0.056616957118675273,0.014338245121731954,0.017004948482462447,0.020896215702641066,0.1166666666666667,0.5813196761369892,0.013888847587788586,0.01994713551731954,0.8313223117711387,1
2011-04-28,NEOG,10.487622261047363,10.685171127319336,10.390097618103027,10.57014274597168,587853,0.01586163616664593,0.04318857578606017,0.07393294632620973,0.07557247878568862,0.02736731803041826,0.04054354994645154,0.0347360195724187,0.07083688733193981,0.009078962593237663,0.017123075138444546,0.01980574161209353,1.1940298507462686,1.2754880694143167,0.007868369290035373,0.02791575443281144,0.6101704227764724,0
2011-04-29,NEOG,10.477619171142578,10.615154266357422,10.32258129119873,10.477619171142578,251937,-0.008753294733352845,0.03456786566055392,0.04488776228641278,0.012566460566599824,0.011490909712271128,0.026885251883542332,0.025026282521850934,0.059000731236776884,0.011546325541032281,0.017281188022944132,0.01624032520568133,-0.5714285714285714,0.6249689918019286,0.0,0.02792361226150449,0.5299118275013446,0
2011-05-02,NEOG,10.44261074066162,10.615154266357422,10.335083961486816,10.425106048583984,495876,-0.005011932739760638,0.03142007697308391,0.02256553708021225,0.008466437669826687,0.00028791119948948034,0.01944001131915749,0.019452475133075818,0.05130169135330485,0.012190009515999472,0.016942744288599442,0.016287946036181306,0.9682539682539681,1.2612520497291573,-0.0016762754556650156,0.026864983777181498,0.32142674725461823,0
2011-05-03,NEOG,10.425106048583984,10.530133247375488,9.909976959228516,9.96749210357666,747813,-0.04389537553620193,-0.02590419134330546,-0.001002469757442892,-0.05432978412402367,-0.038730495192895016,-0.025213348973683252,-0.02256005161553144,0.003716751113686516,0.024698667635328728,0.02137143621499799,0.018426945823689325,0.5080645161290323,1.8787359577731413,-0.04389537553620193,0.06221788607431557,0.09274298341793778,0
2011-05-04,NEOG,9.957489013671877,10.130032539367676,9.772442817687988,9.779945373535156,293127,-0.018815839339788032,-0.060081632997233236,-0.002804686450874172,-0.07781179062772281,-0.0453058324247073,-0.04329741793792619,-0.0370552351814264,-0.016164938398465334,0.02179070901885413,0.02153626379190115,0.01864487770730287,-0.6080209892045203,0.7433706687779729,-0.017830161790080686,0.03656357045176721,0.02098090462982718,0
2011-05-05,NEOG,9.67741870880127,9.959989547729492,9.527381896972656,9.657414436340332,320320,-0.012528795664482617,-0.08634966731922256,-0.04689041068427979,-0.08699762267632116,-0.04016303440987007,-0.05087244328631019,-0.044792352975755755,-0.029521435267271398,0.015452861256359193,0.018310669681243417,0.018741008887028603,0.09276866341210455,0.8171802764948038,-0.002067108292291241,0.04479539048556895,0.3005784551895631,1
2011-05-06,NEOG,9.79494857788086,9.98499584197998,9.662416458129885,9.712428092956545,139965,0.005696520220691781,-0.0730310069193505,-0.040987667295039776,-0.06769083593853686,-0.019785998783382552,-0.041555622660695096,-0.035989079138383576,-0.025193379374496623,0.018598912032848428,0.01856915057956393,0.018690386668304644,-0.5630463286713286,0.36149549341300274,-0.008424800219029631,0.03321305246872618,0.15503667416607378,1
2011-05-09,NEOG,9.684921264648438,9.88747215270996,9.639909744262695,9.852462768554688,139965,0.014418091362724761,-0.05492925226473622,-0.02523505662588421,-0.030273220986684835,0.00597452735568868,-0.025283293492440278,-0.020594883802545896,-0.012036140380849457,0.022750715941817365,0.01947133516344173,0.01837919997761616,0.0,0.36774355768935185,0.017299211767245252,0.025126957011945162,0.858583601707327,1
2011-05-10,NEOG,9.927481651306152,10.242561340332031,9.862465858459473,10.212553024291992,303924,0.03654824831072445,0.024586016037815295,-0.0019550561693033597,0.01667917186028567,0.03754889356479355,0.010540895176424874,0.014355956916499931,0.022303428238075636,0.022129788658612044,0.022734125577073466,0.02005614340308033,1.1714285714285713,0.7958529880492694,0.02871537646693441,0.03721845859389401,0.9210505847314953,0
2011-05-11,NEOG,10.160039901733398,10.217554092407228,9.837458610534668,9.882471084594728,202749,-0.03232119714944126,0.010483260094377389,-0.05022822428846074,0.003300403526807827,0.0019268281023825818,-0.01703763974718914,-0.018587687178489156,-0.012083923546591128,0.026219400717767686,0.023976249080189006,0.02093639584434804,-0.33289572393098277,0.5357416769048221,-0.02731965817292846,0.03846158300074073,0.1184241229027613,1
2011-05-12,NEOG,9.852462768554688,10.225055694580078,9.79494857788086,10.147537231445312,219945,0.026821848966882555,0.050750933216728855,-0.03998106030189841,0.030995968438946253,0.018676601879043138,0.013587799838513237,0.006211363144928606,0.012813701032588195,0.02653599695128364,0.025246623670368475,0.02175037306634294,0.08481422843022646,0.5825344546041198,0.029949310118926854,0.042385369660571194,0.8197694013303769,0
2011-05-13,NEOG,10.147537231445312,10.147537231445312,9.91247844696045,10.072518348693848,279930,-0.007392816704233973,0.037075204294015895,-0.03866344212666728,0.004488804760389042,0.0038879577578192197,0.010182085069263743,-0.0014502124255685739,0.004974997811935458,0.02771485324689208,0.02522052318672486,0.021456443635280598,0.2727272727272727,0.7730534548251289,-0.007392816704233951,0.02333664495288256,0.6808505458927202,1
2011-05-16,NEOG,10.04751205444336,10.35508918762207,10.002500534057615,10.115029335021973,569858,0.0042204923194444355,0.02664984102302803,-0.029743267082077196,-0.007848902798092139,0.002876013038021552,0.017610102223773183,0.003162056625709692,0.009186271546117496,0.027463118090283404,0.02533378180489331,0.021137540994327894,1.0357160718751115,1.5588262286714136,0.006719800903225072,0.0348578972819844,0.31915037488234554,0
2011-05-17,NEOG,10.105026245117188,10.140034675598145,9.917478561401367,10.075018882751465,273932,-0.003955544857588977,-0.013467165478933896,0.010787746612432203,0.009774462465259592,0.0016407895488107136,0.0124896290816474,-0.0012889747998494475,0.0052746487261495605,0.02133245574563172,0.020878459170753094,0.020571556298284492,-0.5192977899757483,0.7808059889574038,-0.002969548186994804,0.022089895491689417,0.7078678647795104,1
2011-05-18,NEOG,10.110028266906738,10.357588768005373,9.974993705749512,10.315078735351562,277931,0.02382723599764991,0.04377525085109579,0.05471741828584187,0.05175926663327446,0.016761125362853135,0.03106954586843329,0.019941389795541192,0.029181342415478925,0.01578323590922083,0.020674224361158726,0.02074675323588997,0.01459851349970065,0.8335345209450549,0.020281888737741522,0.03709085234072345,0.8888902736926027,1
2011-05-19,NEOG,10.380094528198242,10.915228843688965,10.202550888061523,10.722681045532228,906973,0.03951519136579562,0.05667816741826304,0.11030557052448264,0.05824288633754615,0.045088970090528646,0.06051989267226055,0.05716014286849509,0.06866047248809108,0.019907817838572546,0.022122067133049372,0.021280185155396748,2.2633027621963726,2.506076449212241,0.033004180877479125,0.06646452996234462,0.729824955807399,0
2011-05-20,NEOG,10.652663230895996,10.762690544128418,10.325080871582031,10.642661094665527,374706,-0.0074626812573188595,0.05660379323564224,0.09577759472768577,0.05086422724562856,0.02588826365901791,0.04300945627074093,0.04661317096774281,0.059048987088892585,0.019924185697801605,0.022835156690632234,0.021397994235801424,-0.5868609098617048,1.0069304296651411,-0.0009389329235021232,0.04111844478123351,0.7257157302660684,0
2011-05-23,NEOG,10.417604446411133,10.63515853881836,10.300074577331545,10.447611808776855,797401,-0.018327116137000443,0.0328800305702881,0.060406119180846485,0.033646710716883854,0.0006706021153122906,0.017956745032778443,0.025716545838276355,0.0382652070251037,0.02403464078643931,0.024337487487046117,0.02189276229670731,1.1280710743889877,2.073304508872635,0.002880447469481355,0.03207278061435212,0.4402992933194036,0
2011-05-24,NEOG,10.48512077331543,10.547636985778809,10.267566680908203,10.282570838928224,498275,-0.01579700441300691,0.020600651829257632,0.006856053963165243,0.0048875938232642024,-0.019037165411968208,0.001193049576678383,0.009265517688880778,0.020838832865965076,0.025863324521257947,0.022642533434202663,0.022087801594118994,-0.3751261912137055,1.2534568958870438,-0.019317844664478605,0.02723738151263715,0.053572827104799055,1
2011-05-25,NEOG,10.242561340332031,10.617653846740724,10.152538299560549,10.547636985778809,209947,0.02577819798207326,0.022545465371023088,0.06730764962429014,0.013698681614171315,0.00180504270660853,0.02039333767969269,0.03455887163403755,0.04530135354591213,0.026242549072008063,0.020522046733666015,0.022521661332697833,-0.5786523506096031,0.5320213921522493,0.029785093328705197,0.04409665859825123,0.8494635120532903,1
2011-05-26,NEOG,10.515129089355469,10.772692680358888,10.207551956176758,10.72768211364746,455886,0.017069712212451238,0.0004664009023485072,0.057171003069038884,0.014904185445917317,0.018808780268668227,0.03201905071722888,0.05140616914108913,0.06057910714211255,0.01997931826425825,0.01967504240107939,0.02256541831483308,1.1714337428017547,1.1748942717313149,0.020214019484283762,0.052680599424471605,0.9203551172558508,1
2011-05-27,NEOG,10.810202598571776,10.810202598571776,10.605151176452637,10.75268840789795,151962,0.002331006268229796,0.010338327252342072,0.06752730902617832,0.026253028695008007,0.019053949377462097,0.027700104841715187,0.05243835985384411,0.06071222608664573,0.019508401960633758,0.019187708965690754,0.022449559198033563,-0.6666666666666667,0.3967425039015154,-0.005320361958935443,0.019069781838793605,0.7195133294885929,1
2011-05-31,NEOG,10.817704200744627,11.230307579040527,10.615154266357422,11.21280288696289,1133317,0.042790645614447786,0.07324076470215046,0.10852895385483663,0.07555768111211658,0.04746772612382094,0.06054868115552461,0.09325851719745193,0.10290135587175074,0.022361424602476556,0.022260068334245903,0.024192752176674704,6.457897369079112,2.7315668999699443,0.03652333978507817,0.05486168970278995,0.9715441797731906,0
2011-06-01,NEOG,11.127781867980955,11.380345344543455,10.715179443359377,10.765191078186035,903774,-0.03991970725689764,0.04693575632182223,0.06850331532540865,0.080030058345683,-0.00333381618031359,0.011608205187361512,0.045550002612689225,0.057277138998866696,0.03132167311291285,0.027221261495782533,0.02379215634095565,-0.20254086014769035,2.1381265209719507,-0.03258428266267851,0.0617885828828373,0.07518670866565982,1
2011-06-02,NEOG,10.80770206451416,10.877718925476074,10.700175285339355,10.800200462341309,188353,0.003252091291367165,0.02394502928978559,0.04703034648946991,0.1043211439163041,-0.0047469489392325485,0.010292424027440754,0.04377880071777296,0.05962770816696969,0.030007144144632132,0.02657636906333329,0.023175991770281484,-0.7915928097068515,0.45119283928723924,-0.0006940977950791414,0.0164389208103856,0.563383610502342,0
2011-06-03,NEOG,10.605151176452637,10.787696838378906,10.550138473510742,10.62515640258789,391902,-0.016207482478104995,-0.009557116809896682,-0.00909517335545229,0.10020714888303828,-0.019023865842725213,-0.005174310028375851,0.022082168660514698,0.04098273036947837,0.030377999313364126,0.024258126295785103,0.02333836507326839,1.0806783008499998,0.9308067802004466,0.0018863687846027992,0.022358105223778516,0.3157873607977583,0
2011-06-06,NEOG,10.647662162780762,10.762690544128418,10.425106048583984,10.472618103027344,297926,-0.014356334512251934,-0.026046537781648338,-0.01597748816068334,0.07826982118118209,-0.02808076491110903,-0.01789274726013786,0.0037388379059820447,0.02433153517361331,0.030759205488263937,0.024569220854021186,0.02373622508295359,-0.2397946425381856,0.6945750010258017,-0.016439670706804542,0.032234966674364575,0.14074122203608647,0
2011-06-07,NEOG,10.572643280029297,10.652663230895996,10.377593994140623,10.465115547180176,222744,-0.0007163973491021158,-0.06668157349417514,0.0016753817737193977,0.062182704265662636,-0.015108786381729248,-0.018757394884597583,8.35585001069808e-05,0.02164363960337021,0.016956397396560175,0.023836440832735884,0.023629013051656367,-0.2523512550096333,0.5143350957433728,-0.010170373671097993,0.026284395572630848,0.3181800846649676,0
2011-06-08,NEOG,10.43510913848877,10.590147972106934,10.287571907043455,10.377593994140623,255936,-0.008363171208667142,-0.03600466366368693,0.00924118653796735,0.01616059857472063,-0.01616805975326747,-0.02782986668880891,-0.00906176048502096,0.011149405378755407,0.008440283244122939,0.02338606688008473,0.022403773276551773,0.14901411485831262,0.5942707954202308,-0.005511695525637382,0.029156668225247418,0.29751886382117493,1
2011-06-09,NEOG,10.42010498046875,10.615154266357422,10.31757926940918,10.447611808776855,132767,0.006747018111882719,-0.03264649159002908,-0.009483183497575376,0.05718617533453707,-0.0028639485627010406,-0.02035265521302978,-0.005060442874507893,0.016075283051673085,0.009595972358691869,0.02188692286167088,0.021001237185110055,-0.48124921855463865,0.3108036376341449,0.0026397841825647394,0.028482585531963835,0.43697400890939975,1
2011-06-10,NEOG,10.367591857910156,10.572643280029297,10.367591857910156,10.455114364624023,365908,0.0007181120417265596,-0.016003720935576227,-0.02540788831509866,0.030310520293099996,0.0011014965355056001,-0.017137155834831795,-0.0058020158338100555,0.015565089504863605,0.008239918374171776,0.021001663515133953,0.020239702448910997,1.7560161787191095,0.8421912236340527,0.00844193212014709,0.019612547024158208,0.426831990772608,0
2011-06-13,NEOG,10.5076265335083,10.535134315490724,10.315078735351562,10.31757926940918,303524,-0.013154814994679409,-0.014804209615296382,-0.04046514899187237,0.024329657413541428,-0.009125837933699737,-0.02608285563039986,-0.02002234395571076,0.0022639463523742407,0.00784086705164541,0.021186435729923205,0.02041600058094878,-0.17049094307858803,0.6967134938945408,-0.01808660247802582,0.02132821802412603,0.011363193135279113,1
2011-06-14,NEOG,10.447611808776855,10.480119705200195,10.320079803466797,10.395098686218262,229543,0.007513333775774456,-0.0066905005153794495,-0.07292594090772542,0.02768843687151601,-0.0003366740274559458,-0.011132787362038554,-0.013970930759729964,0.009681466069896422,0.009177783537273604,0.014391751197712561,0.020453191131477637,-0.2437401984686549,0.5483125111149835,-0.005026327884280539,0.015395707781550748,0.46875111730844865,0
2011-06-15,NEOG,10.2525634765625,10.415103912353516,10.2525634765625,10.32258129119873,237141,-0.00697611414845678,-0.005301103798525331,-0.041114903002900105,0.024571905157527274,-0.0062589829313402226,-0.01387920785099304,-0.021997882723343996,0.003061729760995422,0.008928799882032955,0.008828198748551825,0.020507174862286936,0.03310055196629835,0.5689620672761098,0.006829298330733787,0.015746103731786674,0.4307716679574738,1
2011-06-16,NEOG,10.327582359313965,10.505125999450684,10.175044059753418,10.432607650756836,240740,0.010658802915111565,-0.0014361328018920316,-0.034035739694481926,0.011393894164130947,0.0046233283556057275,0.0001437947921052367,-0.01212355869974874,0.014093219487405124,0.009899285548642622,0.009778220763151354,0.019953576353591563,0.015176624877182743,0.5801855104247942,0.01016939761784167,0.03163944727407819,0.780301979683112,0
2011-06-17,NEOG,10.502626419067385,10.537633895874023,10.172542572021484,10.255064010620115,583454,-0.017018145997644285,-0.019134210016946263,-0.03483171239508853,-0.04361008528804022,-0.008654011813386266,-0.013376288702832001,-0.02678071408826817,-0.00253923615594568,0.012342690597848965,0.009898691087155326,0.018091074278955545,1.4235856110326495,1.4631697287819274,-0.023571476178360754,0.03560107703613079,0.22602958001807122,1
2011-06-20,NEOG,10.200050354003906,10.537633895874023,10.200050354003906,10.425106048583984,241939,0.0165812751424832,0.010421706135431696,-0.004536788602042541,-0.020441790276549243,0.005693033955473762,0.003441869880138532,-0.009621116102594824,0.013985138234100969,0.013785232516752241,0.010909818581208618,0.018508080964862724,-0.5853332053598056,0.6169993799122951,0.022064174858875598,0.032381784923518384,0.6666666666666666,1
2011-06-21,NEOG,10.525131225585938,10.645160675048828,10.385095596313477,10.607651710510254,313522,0.017510197121789917,0.02044742726433113,0.013620123226301573,0.015318323906230003,0.019123563899775986,0.019613480881442345,0.006955141405631374,0.030842634071435008,0.015388931070537274,0.012286886760066316,0.018463738643530517,0.2958720999921467,0.8521286773499163,0.00784032836794607,0.024516743746184122,0.8557708527381939,0
2011-06-22,NEOG,10.520130157470703,10.735183715820312,10.520130157470703,10.537633895874023,211947,-0.006600689440704022,0.020833219774074596,0.015421676915069238,0.024805378046137028,0.008230426765363457,0.011327590983339244,-0.0009009876594994309,0.023058829822823382,0.015321835834535964,0.012142729185550606,0.018137079299167712,-0.3239804543221847,0.5993779615827083,0.0016638328748138454,0.02040814479556107,0.08139246119733924,1
2011-06-23,NEOG,10.40260124206543,10.79269790649414,10.375094413757324,10.747687339782717,187153,0.019933644116345572,0.03020143185419455,0.028721925785352598,0.018966366995150974,0.022165189808481523,0.028524973066143343,0.018049215946555976,0.04163640821330765,0.016786705055590604,0.01341355160638451,0.01776661402876751,-0.1169820757076061,0.5309728236492044,0.0331730583233209,0.038855195497830605,0.8922169773618471,0
2011-06-24,NEOG,10.787696838378906,10.787696838378906,10.357588768005373,10.577644348144531,593452,-0.015821356377643148,0.031455711752784055,0.011719621540927427,-0.013986037609378221,-0.0001418186896550978,0.011066757058142156,0.0026547815657963366,0.02369749767850704,0.01637856420203012,0.014675115889090025,0.017731814218168315,2.170945696836278,1.6514586606602695,-0.019471486210761935,0.04066199015747589,0.5116285773202257,1
2011-06-27,NEOG,10.567642211914062,10.815203666687012,10.265066146850586,10.815203666687012,275131,0.022458622234179382,0.0374190551429463,0.048230731674943295,0.005813918939857388,0.014829411618053028,0.028879998964276,0.024869366934149227,0.04509492313925924,0.017473372319593512,0.015102641816459608,0.018460434724510588,-0.5363887896577988,0.7527345796057083,0.02342636605295418,0.05086705130953375,1.0,1
2011-06-28,NEOG,10.817704200744627,11.235308647155762,10.70517635345459,11.22030544281006,266733,0.03745669416941655,0.05775583032131215,0.07938421572522936,0.0006691061925196973,0.04087411625817093,0.05910403275163702,0.06321979022241357,0.08209660226146183,0.02201736888690463,0.018320633228477018,0.01784483368395511,-0.03052364146533837,0.8279019658143931,0.03721688397041958,0.0472475813072343,0.9716991314734762,1
2011-06-29,NEOG,11.252813339233398,11.35783863067627,11.080269813537598,11.230307579040527,745813,0.0008914317245147796,0.06573332211111627,0.08793597863121172,0.043205596396424184,0.028583196454803006,0.0510426236299711,0.06182764115156932,0.08045036379155542,0.020693945630839216,0.01777553722863011,0.015146956952426759,1.796103219324193,2.3730739394695326,-0.0020000118649799183,0.024716047640289673,0.5405425834558772,1
2011-06-30,NEOG,11.240309715270996,11.347837448120115,11.21030330657959,11.305326461791992,411897,0.006680038122150345,0.0518845686871785,0.08365298880686312,0.046770057760685324,0.02498413606144945,0.04949163173309826,0.06637420169589697,0.08454198674066812,0.02042830878606704,0.01776898736329792,0.015178548572130243,-0.44772080937178627,1.2655895404208093,0.005784248670004604,0.012165428570801768,0.6909059390493449,1
2011-07-01,NEOG,11.34033489227295,11.477869033813477,11.235308647155762,11.335333824157717,459485,0.002654267655793907,0.07163121117284454,0.1053401336567843,0.06683924402250252,0.013776438580680795,0.0418294658648298,0.06563543474718146,0.08491694482143052,0.015619721978718745,0.01562565531450855,0.014534060906807334,0.11553373780338294,1.3973000362640846,-0.00044099827410213564,0.021398609906024407,0.41237226894391377,1
2011-07-05,NEOG,11.377843856811523,11.702925682067873,11.352837562561035,11.570392608642578,291127,0.020736820646949816,0.06982660384674033,0.10985850452947243,0.1048233111162431,0.02100709725911174,0.0523562599971118,0.08214933500557985,0.10436446830684101,0.015404898147124084,0.015868346051220186,0.014402969040537377,-0.3664058674385453,0.8862372898692168,0.016923131856461746,0.0302572377056019,0.6214293886579427,1
2011-07-06,NEOG,11.505375862121582,11.83045768737793,11.505375862121582,11.690423011779783,399500,0.010373926555227397,0.04189882096935005,0.10207455248523112,0.11708494369465106,0.023110281054387817,0.052904244621608525,0.08714613166585085,0.11245958048014804,0.007879653954825845,0.015681922041878443,0.014380947479616484,0.37225334647765407,1.1842805799328622,0.016083537980486177,0.027807533134496583,0.5692325294171088,1
2011-07-07,NEOG,11.767942428588867,11.88547134399414,11.680419921875,11.847962379455566,210347,0.013475933891959224,0.054998921095250175,0.12434750500248426,0.14168682896489693,0.02580758628462625,0.05464665366861366,0.09431481260724194,0.12399536249244884,0.0068812854545444455,0.014584853670409032,0.014087124057296067,-0.47347434292866086,0.6277962663869922,0.006799825148047964,0.01730689341778304,0.8170753260283147,1
2011-07-08,NEOG,11.71292781829834,11.982995986938477,11.69792366027832,11.952987670898438,175556,0.008864418039087107,0.05728814743168287,0.11214508693924174,0.14408803558885497,0.023423061614160526,0.05270106979677365,0.09639308514644522,0.13063834861556553,0.0066199600533499055,0.014323756443403514,0.014095126315325522,-0.16539812785540087,0.5206355005818581,0.020495290018356288,0.023849462118513923,0.8947343770908605,0
2011-07-11,NEOG,11.770442962646484,11.872967720031738,11.640410423278809,11.71042823791504,281530,-0.02029278701373949,0.03309072494697318,0.10709226482635681,0.12006696718100995,-0.003744163769997733,0.02115137433396517,0.06799553808918199,0.10531016800139845,0.015729870123523,0.015283943768931078,0.015306867118739404,0.6036478388662307,0.845494594666834,-0.005098765180027663,0.019858991663513653,0.301077694030042,0
2011-07-12,NEOG,11.672918319702148,11.800450325012209,11.575393676757812,11.650412559509276,277131,-0.005124977258427754,0.006915923562258897,0.07722544286381527,0.1291808141520021,-0.010197595343548176,0.008572526704254275,0.05610335800964746,0.09721632394193289,0.014099750231427299,0.015340774590719303,0.014883069619222122,-0.01562533300181157,0.8355950823297741,-0.0019280320119165486,0.019317483145324416,0.3333333333333228,1
2011-07-13,NEOG,11.707926750183104,11.847962379455566,11.49787425994873,11.722930908203123,404299,0.0062245305325825395,0.002780728840229507,0.044796059069420746,0.12773637481145705,-0.004586371590324999,0.010453718099107681,0.05631979043105039,0.10135367800103738,0.013555489735578189,0.011201209087238699,0.014879863492662387,0.4588732404530709,1.1877353608610708,0.0012815384260740166,0.029863531760804092,0.6428571428571378,0
2011-07-14,NEOG,11.757939338684082,11.822956085205078,11.505375862121582,11.602901458740234,215546,-0.010238860094184954,-0.020683803076575358,0.03317753116531641,0.12403100846811776,-0.010660933788842248,-0.003093799474440153,0.0395080859049018,0.08673764606825142,0.011995975186666485,0.012110042331022327,0.015048089927239711,-0.4668648698116987,0.6352384553472569,-0.013185803692128854,0.027370759306437894,0.30708964075830236,0
2011-07-15,NEOG,11.607901573181152,11.732933044433594,11.440360069274902,11.562891006469728,366708,-0.003448314407631825,-0.032635912892177155,0.022782583550171154,0.108341403563748,-0.0074697406698640625,-0.008725098250476933,0.030704947745805226,0.07938525443567115,0.009712212107618043,0.01222225000335951,0.015147050739813555,0.7012980987816986,1.0610349422114587,-0.0038775799766786645,0.025302753004848827,0.4188047003601932,0
2011-07-18,NEOG,11.510377883911133,11.510377883911133,11.252813339233398,11.425355911254885,195551,-0.011894524919234262,-0.02434345874194188,0.00794172350754363,0.11411843938007782,-0.01445216306139281,-0.021271176445565483,0.013160622571850722,0.06303769595265317,0.007129865489533933,0.013018352118463562,0.014789451446930935,-0.4667392039442827,0.5994481916789782,-0.00738654920922183,0.02254324037503399,0.6699003243531519,1
2011-07-19,NEOG,11.55038833618164,11.602901458740234,11.507877349853516,11.59289836883545,308323,0.014664090894142001,-0.004936665579871047,0.0019451163805850324,0.11201730848676439,0.0009932169317827743,-0.0071104280009865834,0.022722263952599363,0.07486495248518166,0.01126477027314667,0.01209759873195218,0.014720040597597234,0.5766884342192062,0.9356232696395297,0.0036803985646652014,0.008196751654630807,0.894731031714171,0
2011-07-20,NEOG,11.607901573181152,11.607901573181152,11.385346412658691,11.482871055603027,185554,-0.009490923644099425,-0.020477801539554696,-0.01775401591265069,0.0825083033434808,-0.004379677855510992,-0.014782537658027402,0.009119896604764977,0.06145434465229016,0.010954638374123742,0.011881397607261564,0.014791356754830558,-0.39818307424356925,0.574223210031963,-0.010771155905301177,0.019381490869730345,0.43820436567451987,1
2011-07-21,NEOG,11.530383110046388,11.770442962646484,11.525381088256836,11.660414695739746,322319,0.015461607056023396,0.004956797849574812,-0.015829530657611612,0.10654961170223842,0.010006897086895521,0.002062965304538793,0.019691837561754133,0.0749886581721877,0.013152415807258363,0.012176616004649303,0.014775946504362723,0.737063065199349,0.9807132191466655,0.011277299674462808,0.021016565944192735,0.5510184226707036,1
2011-07-22,NEOG,11.687921524047852,11.767942428588867,11.530383110046388,11.69542407989502,235941,0.003002413299079798,0.011461932258216123,-0.021548051256716327,0.08818052760096973,0.01071878377430359,0.007301161522326533,0.018532643417747362,0.07462399813214525,0.01291404922367966,0.01175452996081959,0.014365384879660794,-0.26798916601255274,0.7126035364544817,0.0006419067609011141,0.020312159432581352,0.6947358279238353,0
2011-07-25,NEOG,11.572893142700195,11.822956085205078,11.387846946716309,11.422856330871582,465084,-0.023305503687719553,-0.00021877483753829363,-0.02455690784324882,0.07990550210504233,-0.012793876541559002,-0.013731716432111398,-0.008852588484924012,0.047125268288338656,0.016555312372749976,0.01229826552756626,0.015001384822350836,0.971187712182283,1.4324436077199385,-0.01296450334229964,0.038091097873028223,0.08046115573869303,0
2011-07-26,NEOG,11.247812271118164,11.247812271118164,10.677668571472168,10.680170059204102,711822,-0.06501756217140586,-0.0787316752543078,-0.08327966888290528,-0.012485535330124309,-0.06218436879990326,-0.0700662028444392,-0.0727513621075968,-0.02204576380151633,0.031021362728291476,0.02336722566849863,0.02091139620262552,0.5305235183321722,2.0542414966467377,-0.05046689953846751,0.05338339150832621,0.004387468867036108,0
2011-07-27,NEOG,10.67266845703125,10.67266845703125,9.832457542419434,9.9199800491333,1294076,-0.07117770652122468,-0.13610629248572115,-0.15379693637946867,-0.11589037395679846,-0.10435293380997146,-0.12248103913886049,-0.13386171152401993,-0.09132972394708314,0.03907204401000722,0.029891715022042877,0.02437769767498922,0.8179769661516503,3.252424189225683,-0.07052485617147335,0.08469885125275275,0.10416730512755029,1
2011-07-28,NEOG,9.9199800491333,10.37259292602539,9.90247631072998,10.022505760192873,1114521,0.010335273917061016,-0.1404674686351679,-0.1362069396320591,-0.10754841845131768,-0.06751664056382123,-0.10084127461119075,-0.12027129273701359,-0.0818500379975642,0.037682219540811926,0.03102974407639623,0.024605510111890966,-0.13875151073043623,2.677104414833113,0.010335273917060918,0.046906095795185974,0.25531845835201705,1
2011-07-29,NEOG,10.020005226135254,10.367591857910156,9.892473220825195,10.342585563659668,523069,0.03193610571301231,-0.11567246360574002,-0.10553636128951394,-0.08515816870800219,-0.012887849981055103,-0.06185498127401472,-0.08832413001954369,-0.05257565144006591,0.04531799429753663,0.0342301884409981,0.025872295385650952,-0.5306782016669045,1.2398688756809046,0.03219362966827855,0.04593809102767942,0.9473683154087331,0
2011-08-01,NEOG,10.497624397277832,10.502626419067385,9.92998218536377,10.020005226135254,554261,-0.031189525630597847,-0.12281088583290345,-0.12300279273884573,-0.11603792340188968,-0.017362287831638408,-0.07937965686892806,-0.1116087177591166,-0.08094220807874836,0.04544885926294826,0.03485263576959452,0.02650541545255584,0.05963266796541178,1.2992118739865675,-0.04549783389720353,0.057150093316317124,0.1572058801487519,0
2011-08-02,NEOG,9.96999168395996,10.172542572021484,9.479869842529297,9.529882431030272,547863,-0.0489144250969642,-0.10770311912613406,-0.17795514738152707,-0.17635617447312324,-0.043855697236104906,-0.10749415791649222,-0.14735100757498604,-0.12410940804451923,0.04237262679785586,0.03514893894232146,0.027395307555976176,-0.011543298193450346,1.2467014169187147,-0.044143392179328424,0.07268428907756241,0.07220233505892464,1
2011-08-03,NEOG,9.624905586242676,9.769942283630373,9.34983730316162,9.734933853149414,657436,0.021516679098944058,-0.018653887917854606,-0.1522212688786323,-0.16727274596136787,-0.01964240242833378,-0.07311730291939204,-0.12131813478699353,-0.10408946969220277,0.03500666379343723,0.03736292551127043,0.027924409189932296,0.20000073010953479,1.453389141540391,0.011431620385347653,0.04315437442164464,0.9166674233619027,0
2011-08-04,NEOG,9.59739875793457,9.789946556091309,9.252312660217283,9.26231575012207,545864,-0.048548671224349804,-0.07584829864504594,-0.20566154876926002,-0.2182355536355367,-0.052733865617573455,-0.09750986391007152,-0.15410614100852563,-0.1459809807668805,0.038968770174534616,0.03690473792341823,0.028760044694154243,-0.1697077738365408,1.1635847082223905,-0.034913940356544305,0.058045299942073296,0.01860576496674382,1
2011-08-05,NEOG,9.409852027893066,9.454863548278809,8.849712371826172,9.274819374084473,739015,0.0013499457694732264,-0.1032397733625684,-0.20697023804136183,-0.22405848400014805,-0.030276046109203814,-0.07446219545130056,-0.14247726557185691,-0.14281614709566698,0.03142067538467289,0.03678316783765935,0.028523547852632055,0.353844547359782,1.486067694338368,-0.0143501357309684,0.06524668050609576,0.7024806673106957,0
2011-08-08,NEOG,8.97724437713623,9.689922332763672,8.847211837768555,8.912227630615234,1087728,-0.039094210770549975,-0.11055658859644057,-0.21978992184915125,-0.23894946883667567,-0.04608966549808636,-0.08779119559767298,-0.16520277606906614,-0.17355376286075896,0.032239833142130636,0.03716789307251646,0.029107880681995737,0.47186187019208004,2.023282683744615,-0.007242394635773149,0.09455666191696482,0.07715080473402244,1
2011-08-09,NEOG,9.139784812927246,9.469866752624512,8.532133102416992,9.424856185913086,798200,0.05751968829172105,-0.011020728311947448,-0.11753688062384304,-0.19102811700686517,0.011052081078563184,-0.022764997503534584,-0.10788677706019542,-0.12385921054711915,0.04372671840355663,0.041985769204849595,0.033111778094167814,-0.2661768383272288,1.4161044177419326,0.031190162440436993,0.09949580467966274,0.9520006915594156,0
2011-08-10,NEOG,9.1597900390625,9.442360877990724,8.624655723571777,8.657163619995117,435491,-0.08145403502977633,-0.11071161339279367,-0.1273002992832143,-0.26151883963273503,-0.049319048411483,-0.09045536898006785,-0.1684881219498067,-0.19138228387561448,0.05338636700719874,0.04369619574592163,0.036481254889596325,-0.45440866950638936,0.7704824292760359,-0.05487313758545784,0.0944541642403899,0.03975503425368478,1
2011-08-11,NEOG,8.73968505859375,9.199799537658691,8.602150917053223,8.987247467041016,609848,0.038128405738285576,-0.029697571374354137,-0.10329335975676557,-0.22543102697204231,-0.0070725366736708924,-0.045392908325147245,-0.12580262826968763,-0.15775357816190202,0.056604564561456586,0.0461366756401404,0.03832798214583881,0.40036877914813385,1.0425933742576297,0.02832623907927174,0.06649962881262911,0.6443527797280909,1
2011-08-12,NEOG,9.08977222442627,9.132283210754396,8.894723892211914,9.12728214263916,435491,0.01558148655766911,-0.015907288917944684,-0.1175047973778115,-0.21064012991800962,0.011696918017789559,-0.017840300928102532,-0.10153843692830666,-0.14193961408133346,0.05733851720877098,0.044759173114626474,0.03878444454764852,-0.2859023887919613,0.7401616169066945,0.004126607057555635,0.026027388529242048,0.9789481290571146,1
2011-08-15,NEOG,9.217304229736328,9.359840393066406,9.12728214263916,9.334834098815918,253137,0.022739732697333315,0.04741872466867303,-0.0683803163627299,-0.18297213922059408,0.025098885460262038,0.011954812830318585,-0.0715546767724531,-0.12029331412931994,0.05386408117753489,0.045369380837733765,0.03951020566337613,-0.4187319600175434,0.42813713235545947,0.012751002478622963,0.02491294949277621,0.8924729859957762,0
2011-08-16,NEOG,9.20980167388916,9.319829940795898,9.002250671386719,9.154788970947266,365109,-0.019287448064180368,-0.028654783652771076,-0.039359715379243654,-0.2103105988095625,0.011325975407043373,-0.0035112412838822285,-0.0782864682571057,-0.13511238465984926,0.047703249606552686,0.043178600421856665,0.03915425118438911,0.4423375484421479,0.6145669997438947,-0.005973277698027074,0.03468996067708583,0.48031566998792813,1
2011-08-17,NEOG,9.237309455871582,9.47736930847168,9.14478588104248,9.217304229736328,374306,0.006828694685093728,0.06470255551685256,-0.05317238218784859,-0.19729968358054706,0.005784718718728719,0.008978405402754628,-0.061286358173324985,-0.12714840086512214,0.021291570424572023,0.042490439646182064,0.03935678356226205,0.025189737859105055,0.6201954984602647,-0.0021656983812031795,0.036082505159831656,0.21804558710095515,0
2011-08-18,NEOG,8.832207679748535,8.929732322692871,8.442111015319824,8.532133102416992,942164,-0.07433530566441293,-0.05064001701222398,-0.07883370286695901,-0.2682821902093846,-0.05964062520167619,-0.0584989006494867,-0.11700008234768562,-0.18919818133829414,0.03947888460687937,0.046082956603008464,0.04134928693467246,1.5170956383279992,1.4848421952107833,-0.033975036390911324,0.05715116038624772,0.18461475275176606,0
2011-08-19,NEOG,8.35208797454834,8.599650382995605,8.149537086486816,8.259565353393555,747413,-0.031946026363117164,-0.09506847445768829,-0.10946348168544628,-0.29377803686553505,-0.07193028849796171,-0.07824966518792657,-0.12973596050965738,-0.2118223887859814,0.03754598810668804,0.04659637397571073,0.04130160780149381,-0.20670605117580376,1.132281131091908,-0.011077783356297628,0.05449600278589162,0.2444457156901381,0
2011-08-22,NEOG,8.467117309570312,8.467117309570312,8.089522361755371,8.172042846679688,465484,-0.010596502717653,-0.12456474746388102,-0.08305272425862065,-0.28458849433361055,-0.057126401237158085,-0.08042098886641859,-0.12395456294239761,-0.21676151819939155,0.030543486445006828,0.04551432662340297,0.04128780691418109,-0.37720644409449666,0.7051560266250617,-0.03484945963334,0.04620569848925336,0.21854234385773494,1
2011-08-23,NEOG,8.187047004699707,8.792198181152344,8.187047004699707,8.697174072265625,846588,0.06425948021054473,-0.04998639511340808,-0.0772088294286225,-0.18567082508480692,0.014171548222871512,-0.013249391085372486,-0.0576441435285479,-0.16383379523183006,0.05102730988564897,0.0466235051077217,0.04324694003578785,0.8187263149753805,1.269526786405164,0.06230904345279607,0.06958020748169227,0.8429745944744834,1
2011-08-24,NEOG,8.699674606323242,8.80470085144043,8.507126808166504,8.749687194824219,176356,0.006037952342020203,-0.05073251606511053,0.010687516014529663,-0.11797330725592836,0.03154478652705127,-0.008332430806452623,-0.04590511406856183,-0.15611511939323267,0.05096656509464971,0.038623952806937575,0.04081191638702709,-0.791686156666525,0.2886505200279164,0.0057487884046405115,0.034009677905965874,0.815126158145557,0
2011-08-25,NEOG,8.847211837768555,8.899724960327148,8.507126808166504,8.519630432128906,272732,-0.026293141408689436,-0.0014653627806795466,-0.05203117379676081,-0.1499500587999707,0.004718425161215296,-0.029261715235093237,-0.06331614831529457,-0.17543583489434772,0.0386958462600435,0.03722775224740063,0.040887735528143766,0.5464855179296424,0.47942110585270736,-0.037026513171212944,0.04608159418278207,0.031848402478690405,1
2011-08-26,NEOG,8.472118377685547,8.657163619995117,8.349587440490723,8.587146759033203,350712,0.007924795264555362,0.039660852795971646,-0.059178118432720694,-0.16972920299489525,0.004916305224842044,-0.015509890711717845,-0.046693700746336296,-0.16592181957985416,0.03424353481122615,0.036840975284362525,0.0400186800090879,0.285921710690348,0.625980906361494,0.013577286838983032,0.035818204595238975,0.772359286487224,1
2011-08-29,NEOG,8.689672470092773,9.072267532348633,8.682170867919922,8.919730186462402,411897,0.038730376545543566,0.0914933210471971,-0.04446826884755983,-0.10980783091839075,0.025884405158339983,0.02750974125021608,-0.0036869276808147405,-0.13136437657410807,0.03455460806200604,0.038510501106325555,0.040973844895558276,0.17445938547868334,0.744650059830962,0.02647484323044603,0.04373413279033552,0.6089755186458247,0
2011-08-30,NEOG,8.852212905883789,8.852212905883789,8.60465145111084,8.742185592651367,711022,-0.019904704525759875,0.0051754190512616205,-0.0450696766037203,-0.08265546233960697,0.004424516662298702,0.011866857719581625,-0.019203530027860672,-0.14585461325048546,0.025876582731300952,0.03853844693136221,0.039834810766433665,0.7262131066747268,1.266742282843041,-0.012429356862767067,0.02831802781458312,0.5555555555555556,0
2011-08-31,NEOG,8.809701919555664,8.87471866607666,8.622156143188477,8.682170867919922,554261,-0.006864956605576178,-0.007716427502029499,-0.058057469784927984,-0.10814279800051296,-0.0009207986921774151,0.011183623010384204,-0.020150114301447912,-0.14851453726279273,0.02592916831303192,0.03835656580692698,0.039398271159061686,-0.22047278424577577,0.9966197415079523,-0.014476205074844858,0.029089789492785303,0.23762323897126847,1
2011-09-01,NEOG,8.67466926574707,8.994749069213867,8.547137260437012,8.742185592651367,597051,0.006912410000267988,0.02612263082247912,0.024618988910858786,-0.0561555200127839,0.0008588511135267766,0.01568854652261319,-0.01047269305649099,-0.13959864901859706,0.021853632651500497,0.02974706559707779,0.038099297196370834,0.07720189585772763,1.068642800857884,0.007783158623798242,0.05120136195153709,0.43575332104696873,0
2011-09-02,NEOG,8.55713939666748,8.679670333862305,8.424606323242188,8.427106857299805,545464,-0.03604118581243754,-0.018637145285195666,0.020284542435082598,-0.09139935588970394,-0.031664854329396676,-0.022820190987084613,-0.041538089105516984,-0.16680264976094916,0.028421677404873356,0.030301958549420215,0.03882699563367522,-0.08640300409847734,0.9935181186497389,-0.015195795386752267,0.030267091059747668,0.00980355500385113,0
2011-09-06,NEOG,8.154539108276367,8.459614753723145,8.127032279968262,8.354589462280273,892177,-0.008605254003242524,-0.06335849990618003,0.022337941568032038,-0.06257000959214343,-0.02736529147481006,-0.033275386722807346,-0.04676302546867199,-0.17032534302439592,0.016062211441317625,0.030213357479505695,0.0379680073448849,0.6356294824223048,1.6544923955273403,0.024532392493018664,0.039808356264116045,0.6842127901175095,1
2011-09-07,NEOG,8.477119445800781,8.792198181152344,8.477119445800781,8.769692420959473,411097,0.04968562016761302,0.0031464475349536336,0.008338150770731412,-0.0695144575184985,0.02030719652684383,0.013906133373696852,0.004353039061993325,-0.12554981583490524,0.0313504888131794,0.02710063787405316,0.0373512544738692,-0.5392203564987665,0.7907384254361499,0.03451325382746849,0.03592813980551104,0.9285709961741488,0
2011-09-08,NEOG,8.689672470092773,8.774694442749023,8.362091064453125,8.389596939086914,334716,-0.043341939902491244,-0.03369824589769943,-0.041154643328313756,-0.030906968223427644,-0.0172242725863427,-0.025983523432218065,-0.03770317746109022,-0.15870091960520386,0.03731927343951261,0.030409452809940958,0.03395143559604615,-0.18579799901239857,0.6501217584690724,-0.03453243284354257,0.04918035768483585,0.06666420121762365,0
2011-09-09,NEOG,8.309576988220215,8.312078475952148,8.0670166015625,8.077018737792969,591452,-0.037257832952337866,-0.07608702055210703,-0.051951982877893044,-0.10128003402444785,-0.03886216756590252,-0.05742973849680765,-0.06869465639025572,-0.18489101799479554,0.03862145636043871,0.03148989101980608,0.03355892097929147,0.7670263745981667,1.1508383073267845,-0.02798677366572622,0.030340634625865826,0.04081473813656281,0
2011-09-12,NEOG,7.994499206542969,8.164541244506836,7.951988220214844,8.062015533447266,485079,-0.0018575175857277193,-0.04332344777808128,-0.06115316767278123,-0.1167123567064261,-0.03223869176482548,-0.05337953243176934,-0.06468037485980735,-0.18104412360779257,0.03698114897412606,0.031198638525921668,0.033226704694321464,-0.1798506049518811,0.9393276690449087,0.008445347877330357,0.02636475003182063,0.5176464253986486,1
2011-09-13,NEOG,8.094524383544922,8.167041778564453,8.017004013061523,8.089522361755371,908573,0.0034119046526253083,-0.03172712456089444,-0.09307544144855961,-0.1334048065426796,-0.02271763996665127,-0.04079938942107838,-0.05466022707680372,-0.1727950684596789,0.03734308175465621,0.02735265803459407,0.032632979711209036,0.8730412984276787,1.6544095120266453,-0.0006179512905933322,0.018547172353742345,0.48333396895618014,1
2011-09-14,NEOG,8.192048072814941,8.402100563049316,7.999499797821045,8.329582214355469,479080,0.029675405031948765,-0.05018536403308116,-0.04719682211308007,-0.0901393532074406,0.017099243020202777,-0.007478941967234048,-0.021890762694905544,-0.14256445743369223,0.030310526222735033,0.02963270880707863,0.033459345635621536,-0.4727116038006852,0.8633920197692768,0.016788737116537455,0.048333848549380595,0.8198752835138544,0
2011-09-15,NEOG,8.42210578918457,8.42210578918457,8.112028121948242,8.294573783874512,274731,-0.004202903528657487,-0.011326307557123716,-0.04464287675765022,-0.10010849407410871,0.015180296440656806,-0.007064581556831502,-0.020696159812103262,-0.14015677205871835,0.023877799304665662,0.02962034196189216,0.03335911248009141,-0.4265446272021375,0.4995995198784803,-0.015142531868197568,0.0373831947627195,0.5887094789936642,1
2011-09-16,NEOG,8.362091064453125,8.372093200683594,8.219554901123047,8.35208797454834,579855,0.006933953711478313,0.034055787869885945,-0.04462243611379535,-0.021102006462797585,0.015382740717492543,0.004511274435429498,-0.012856520141872163,-0.12787359102145907,0.013516633079268018,0.029621237712399252,0.029113903113876863,1.1106282145080097,1.0903895732689968,-0.0011962426416650548,0.018263492916427974,0.8688511266161503,1
2011-09-19,NEOG,8.252062797546387,8.624655723571777,8.094524383544922,8.522130966186523,679830,0.020359339144458533,0.05707201019774222,0.011276006166268893,0.03178927722692948,0.024592672306005092,0.02379240733237806,0.005680606924019564,-0.10369564175215203,0.013613695185903961,0.028212374662217286,0.028499035046878517,0.17241379310344818,1.2865630213479986,0.0327273525742481,0.06220642960431741,0.80660498702065,0
2011-09-20,NEOG,8.524630546569824,8.667166709899902,8.479619979858398,8.519630432128906,541465,-0.0002934165254604437,0.05316853716938175,0.019754527806993716,0.04253374486288264,0.013807099704687336,0.021466754764440973,0.0033277908431935625,-0.09790397795195033,0.014232818347967581,0.028003899455598915,0.028353085077855188,-0.20352882338231615,1.0173956782597144,-0.0005865491077416763,0.022013481868208135,0.21333590973115626,0
2011-09-21,NEOG,8.492122650146484,8.712178230285645,8.317078590393066,8.329582214355469,745014,-0.022307096450655317,0.0,-0.05018536403308116,-0.04226566639414153,-0.008807993050784226,0.003978521512827877,-0.01692567270039379,-0.1117807339613428,0.015635628002191402,0.023336675919539387,0.024808941423521316,0.3759227281541744,1.4133449889419691,-0.019140142280942195,0.04743330814499325,0.03164676122155388,1
2011-09-22,NEOG,8.21705436706543,8.569642066955566,8.167041778564453,8.477119445800781,738615,0.017712440750154546,0.022007841111879367,0.01043226597765412,-0.031151713536076153,0.004384923690666893,0.020684687367701505,0.0020987990461931276,-0.08974716196351289,0.017128972713070758,0.01989057831131174,0.025139809751982167,-0.008589100339054023,1.330259833947826,0.03164942899461782,0.047492581762611,0.7701873947370291,1
2011-09-23,NEOG,8.464615821838379,8.694673538208008,8.36709213256836,8.544635772705078,532267,0.007964536460288052,0.023053851772574463,0.05789475672801081,0.00293502643986443,0.007786173727547577,0.023053840090942527,0.009930786934153227,-0.07643162123387207,0.017172014719221095,0.014611211379004129,0.024504990516485296,-0.27937152643799545,0.9367304338705275,0.009453465172069696,0.038337667555833344,0.5419832660832503,1
2011-09-26,NEOG,8.60465145111084,8.92223072052002,8.462116241455078,8.899724960327148,517870,0.0415569717736084,0.0443074620231505,0.1039081881453141,0.036400705620307505,0.04039990615479433,0.05498739927141266,0.04996090706104438,-0.03248081188239602,0.02347024831935591,0.01812937460457784,0.0261453246993089,-0.02704845500472508,0.8981819909888691,0.034292325597710914,0.051699853772562865,0.9510866073186656,0
2011-09-27,NEOG,8.252062797546387,8.53463363647461,7.7969489097595215,8.22205638885498,3788253,-0.07614488925141538,-0.03492804595745447,0.016383418102184466,-0.0782169172186723,-0.03208704415520165,-0.026873358442622817,-0.0259797030369614,-0.09988329309542227,0.04529040695669222,0.03285588881853104,0.030010262588238162,6.315065556993067,5.082218307213799,-0.003636231258483413,0.08972022226885011,0.5762725778375049,1
2011-09-28,NEOG,8.472118377685547,8.872218132019043,8.237058639526367,8.477119445800781,1793551,0.031021808277980067,0.017712440750154546,0.017712440750154546,-0.03032035227819907,-0.005515137646179651,0.0015658692051269984,0.005815342223879745,-0.06558542067255209,0.046815502113234465,0.03298383970064803,0.030709122678273332,-0.5265493091406515,2.2432845805430395,0.0005902972423528141,0.07492633512523028,0.3779535834886106,1
2011-09-29,NEOG,8.689672470092773,8.834709167480469,8.474618911743164,8.654664039611816,777805,0.020943976895239302,0.020943976895239302,0.043412749722879784,-0.0031681970703596463,0.011101391741180888,0.018210723403896328,0.027048714548812955,-0.04002970313554571,0.04706648268799153,0.03339242212772034,0.03106115089464646,-0.5663323763862862,0.9594272091091958,-0.004028739932540089,0.04160649727004951,0.5,1
2011-09-30,NEOG,8.529631614685059,8.764691352844238,8.517128944396973,8.687171936035156,840190,0.0037561130362258055,0.016681362099177477,0.0401197835209508,-0.006292895069907378,0.011530377603687289,0.018021969218882387,0.031243047524288026,-0.03002618600051292,0.047039366959906036,0.03338471102627864,0.031033826466284765,0.0802064784875387,1.0210678878469601,0.01846976850428898,0.028497468482274985,0.686869192720773,0
2011-10-03,NEOG,8.639659881591797,8.639659881591797,7.981995105743408,8.022006034851074,1101725,-0.07656875057634294,-0.0986231517702778,-0.05868543129879222,-0.048071162417718805,-0.046430041660062274,-0.05438463419196361,-0.0454227108271533,-0.09688747954317233,0.05290191224725921,0.04137045187640612,0.034635385356065924,0.3112807817279424,1.2951303814740722,-0.07149052800755905,0.08198258303362121,0.0608378775585964,1
2011-10-04,NEOG,7.96449089050293,8.389596939086914,7.889472007751465,8.382096290588379,951362,0.04488780663750647,0.019464704955117096,-0.016143205111557868,0.0032924213011655823,-0.007402976255748707,-0.01033356709730486,-0.00273704063577093,-0.049843456456532514,0.04789886845027014,0.0443313857379025,0.03612207707759197,-0.1364796115183008,1.1144944539561505,0.0524334079637674,0.0596658537431742,0.985002450330747,1
2011-10-05,NEOG,8.38459587097168,8.564640998840332,8.202051162719727,8.459614753723145,491077,0.009248099812669164,-0.002064933989612272,0.015610931739598266,-0.03535787258573009,0.0021921455142644808,-0.0027121515106451593,0.00834572127416187,-0.03620433306187411,0.04586650894801796,0.04374304828451682,0.034328774774309775,-0.48381688568599546,0.5726007447306546,0.008947227022734372,0.04286127048055312,0.7103442108557797,1
2011-10-06,NEOG,8.459614753723145,8.579645156860352,8.349587440490723,8.53463363647461,785803,0.008867884050919539,-0.013868869154000207,0.006784638466114545,0.017287683596809433,0.013963127785400773,0.005449962466449984,0.016409046373651752,-0.024578466457775623,0.04482388079006553,0.043488564745816166,0.03291342516142921,0.6001624999745458,0.8927754935539595,0.00886788405091951,0.02695578113469655,0.804346834802867,0
2011-10-07,NEOG,8.529631614685059,8.667166709899902,8.359589576721191,8.404601097106934,466683,-0.01523586657685616,-0.03252736805589096,-0.016388606761387092,0.040557335565062136,0.0052640701971538644,-0.008232797320573238,-0.0010254526019873459,-0.03587432937524323,0.04502246543230656,0.04372673508305467,0.03190553212854381,-0.4061068741147591,0.5339980460932506,-0.014658372509648123,0.03659627977877337,0.14634221965905778,1
2011-10-10,NEOG,8.582145690917969,8.78969669342041,8.474618911743164,8.779694557189941,674231,0.04462953752940457,0.09445125309643743,-0.013486978942863326,0.0890198016569439,0.03143356021746503,0.03749882077780113,0.039126256774268044,0.010778512597944791,0.025959347912807205,0.04406665062773601,0.03323790667882154,0.44473014873050865,0.7632236396011315,0.023018586888011956,0.0358871005847487,0.9682550252282957,1
2011-10-11,NEOG,8.719679832458496,8.927231788635254,8.64216136932373,8.802201271057129,483079,0.002563496226500872,0.05011932169527267,0.07055958445973887,0.08809900973524365,0.023970292561704562,0.03307610161564126,0.037414779037564655,0.016219157124516347,0.021755467071276176,0.035179184678980485,0.03324032737516297,-0.2835111408404538,0.5603356731738103,0.009463815207004688,0.03238626458689089,0.5614047999785895,1
2011-10-12,NEOG,8.902226448059082,9.227307319641112,8.729681968688965,9.17729377746582,883779,0.04261348892828076,0.08483589910838663,0.0825957845871661,0.10177119827803338,0.05007147468397697,0.0683200075082555,0.07624625057845034,0.06038709516809242,0.026137375407512445,0.036219200015370386,0.03387048823645518,0.8294709560962079,1.0016090384953749,0.030898711801103436,0.05422353942444663,0.8994955902475703,1
2011-10-13,NEOG,9.092272758483888,9.392348289489746,9.03475856781006,9.329832077026367,589853,0.01662127237716793,0.09317311959980379,0.07801204464140388,0.12481151173367122,0.04844599002313688,0.07760731877470163,0.08753309560846716,0.07902220104867987,0.025785079664759646,0.03608064756014594,0.03387932924557677,-0.33257861976806424,0.6567675299169533,0.026127605809099272,0.03832756246065876,0.8251733518241937,1
2011-10-14,NEOG,9.377344131469728,9.48237133026123,9.252312660217283,9.454863548278809,515071,0.01340125633775524,0.12496279585873515,0.08837071694865384,0.13203591450317598,0.037994837322254844,0.08245059217676842,0.0950691126487722,0.09299566203400836,0.018697169750103538,0.03607940358280988,0.03391497105697517,-0.12678074028613906,0.5755779724378619,0.008266670788899639,0.024332309913222137,0.8804314483033081,0
2011-10-17,NEOG,9.34983730316162,9.487372398376465,9.139784812927246,9.24731159210205,749013,-0.02195187218905359,0.053261196259859034,0.1527430360844555,0.08509381383515979,0.004891292035616099,0.044042892104121836,0.06655126313694265,0.06907035252131342,0.02341561307175532,0.023668980068067044,0.03434031055174142,0.4541936936849482,0.8337788796677588,-0.01096550749871335,0.037587960780524204,0.3093516100002195,1
2011-10-18,NEOG,9.30482578277588,9.402351379394531,9.077268600463867,9.264816284179688,1154911,0.001892949307838565,0.05255674107835984,0.10531017098699369,0.08746692218485963,-0.0032283745649952567,0.03569733555641273,0.06399781830846621,0.07022155376889617,0.023475346517524344,0.021339051160421493,0.03432717497565632,0.5419104875349292,1.2431663637627939,-0.004299865417174664,0.035087881827270045,0.5769228512588229,0
2011-10-19,NEOG,9.189797401428224,9.36484146118164,8.982246398925781,9.042261123657228,413097,-0.02402154060005346,-0.01471377696768894,0.06887386564236353,0.08555998259714714,-0.02433753312303499,0.0042771315695260504,0.03420666395292135,0.04543725185497163,0.0192278289425376,0.023949120741037222,0.03440042313832133,-0.6423126976883933,0.4527528278762302,-0.016054355860779572,0.04231187940977258,0.15686225634379047,1
2011-10-20,NEOG,9.042261123657228,9.124780654907228,8.762190818786621,9.099775314331056,354711,0.006360598293645214,-0.024658189000185682,0.06621745020678937,0.07345135013270498,-0.0132327945128752,0.004360827173533793,0.03709195329839356,0.05101118308548456,0.01706073193983373,0.023939794982160187,0.034267607834836004,-0.1413372646133959,0.3971164663261109,0.006360598293645159,0.039846020763784316,0.9310368408455486,1
2011-10-21,NEOG,9.252312660217283,9.394848823547363,9.067267417907717,9.394848823547363,577856,0.03242646098652591,-0.006347497711098216,0.11782209708695124,0.099502550308604,0.020092308539823953,0.02571804046589353,0.06555865528842786,0.08407105170480796,0.02317774212279558,0.023834453204092037,0.03484374832642819,0.6290895968830963,0.6452915479242788,0.015405463321937993,0.03486819338897638,1.0,1
2011-10-24,NEOG,9.404850959777832,9.689922332763672,9.309826850891112,9.539884567260742,528668,0.015437794310203312,0.03163870626016019,0.08658501786354966,0.07193026860799323,0.029300609608341174,0.03297948500872051,0.07809469353903527,0.09975952287402556,0.020644864586063766,0.02093042326426187,0.033891479047460205,-0.0851215527743936,0.5900076101861543,0.01435786787695145,0.039842775789655074,0.6052629598127272,0
2011-10-25,NEOG,9.452363014221191,9.48237133026123,9.077268600463867,9.082270622253418,430292,-0.04796849917637125,-0.019703106497425016,0.03181810351431036,0.10462276013631588,-0.016198069380918247,-0.019544313849726644,0.02141541125958444,0.04761574750521019,0.03219141591292843,0.027576802367378615,0.030830375234417236,-0.18608275893377313,0.5909485408566524,-0.03915342559431595,0.04460368410568816,0.012347539084846074,1
2011-10-26,NEOG,9.22230625152588,9.34233570098877,8.932232856750488,9.312328338623049,391502,0.02533041856360696,0.029867221403200306,0.014713984801139945,0.09852508250736003,0.0028545460759873704,0.003827724634925069,0.04239270783153023,0.07376205024059591,0.031911284243748575,0.02529932323692611,0.030607344031199416,-0.09014808548613495,0.5949558336831119,0.009761342189463002,0.044038701098775945,0.9268296653210096,1
2011-10-27,NEOG,9.407352447509766,9.992498397827148,9.362340927124023,9.977494239807127,788603,0.0714285275386275,0.09645501071809637,0.06941841583360886,0.15284593302996008,0.054551209486710245,0.06807289813057729,0.10864126738529667,0.1484459738711945,0.04320305584419007,0.03348920992661436,0.03388382255549583,1.0143013317939626,1.1974378632177671,0.06060597766253401,0.06315788870004965,0.9761898275945539,0
2011-10-28,NEOG,9.964990615844728,10.272567749023438,9.764941215515137,9.824955940246582,615046,-0.015288237296290696,0.045781164207900016,0.0391430706617808,0.1309728888283881,0.02907279301862367,0.04759361830388655,0.08483464221757013,0.12753252803346118,0.04482653360411771,0.034124982108819056,0.0342655195885463,-0.22008158731326155,0.9501449132968783,-0.01405266507481559,0.051667054447427946,0.11822613825300356,0
2011-10-31,NEOG,9.632408142089844,10.122530937194824,9.53238296508789,9.664916038513184,372307,-0.016289121570287834,0.013106182823378054,0.045159551752079086,0.20480039487935997,0.009665608409268845,0.025960901252235418,0.057571259354464596,0.10559976912616872,0.0460555348607243,0.033683892932642616,0.028761685230067995,-0.3946680410896095,0.6094928486207353,0.003374846242373503,0.06106084830486741,0.22457600413693915,0
2011-11-01,NEOG,9.307327270507812,9.59489917755127,9.164791107177734,9.212303161621094,401500,-0.04683050272640732,0.014317183970390612,-0.005668015527546255,0.09904525577508472,-0.040225079231258856,-0.021539927685036417,0.0034866116246326235,0.051321859347740806,0.04573968150626515,0.037481938453352855,0.030142742762058233,0.07841109621898057,0.6882612121865604,-0.010209602190289607,0.046688440754466966,0.11046538699470733,1
2011-11-02,NEOG,9.34233570098877,9.584896087646484,9.234808921813965,9.56239128112793,565859,0.03800223607114028,0.02685289150166037,0.05752213416065666,0.13035777154266315,-0.008915544854019077,0.010063723737448552,0.03540249665886314,0.08912364194665352,0.047554921063970856,0.03817974173853228,0.03102085024313286,0.40936239103362393,0.9638316369530426,0.023554664184875097,0.03661083881010411,0.9357165622880306,1
2011-11-03,NEOG,9.669917106628418,9.76244068145752,9.432357788085938,9.717429161071776,485079,0.016213295961839957,-0.026065169518993292,0.06787572499377958,0.1385877326405942,0.012612026978677856,0.019786889937637685,0.045494880840058934,0.10434744720471152,0.03271906484456857,0.03830950776008989,0.031092520164283998,-0.14275641104939574,0.8479557107071498,0.00491338797628261,0.03396812962567312,0.8636357070008065,0
2011-11-04,NEOG,9.569891929626465,9.637409210205078,9.409852027893066,9.584896087646484,236341,-0.013638697152146162,-0.02443368235543175,0.0202288794283505,0.14043438551126908,0.003823571572053423,0.003876160667498459,0.024729300418518646,0.08665450862510066,0.032595440511561616,0.037710155430022006,0.031034490155108143,-0.5127783309522779,0.4216310025388023,0.0015678503091105626,0.023741225802677124,0.7692310916093558,0
2011-11-07,NEOG,9.582395553588867,9.582395553588867,9.26231575012207,9.474868774414062,268733,-0.011479239026308319,-0.019663622874923292,-0.006815155087914082,0.07917977245060581,-0.0037337022679641333,-0.00697137654304007,0.009215857942805493,0.07202272257598344,0.0322297715217108,0.037655756695459966,0.029976285905905772,0.1370562026901807,0.49740960454591726,-0.01122128371485698,0.03378197746982422,0.6640625931090374,1
2011-11-08,NEOG,9.529882431030272,9.7474365234375,9.409852027893066,9.717429161071776,232742,0.025600395365128703,0.0548316735336134,0.06993389266138905,0.10397716001155799,0.011031299924161488,0.011715679328563261,0.030031525023086394,0.09748586299625402,0.02281356008573556,0.034290292949498064,0.03034871194868504,-0.1339284717544924,0.4410095989914886,0.019679857689621917,0.03474010357562514,0.9111115505546824,0
2011-11-09,NEOG,9.44486141204834,9.50987720489502,9.119779586791992,9.267316818237305,496676,-0.04632010538730036,-0.030857811003088265,-0.00483354095227273,0.00980932320075989,-0.029842923281215704,-0.03469472582762589,-0.01814809976322818,0.04541017239019845,0.02831108411516957,0.037445903091914964,0.031113774271180072,1.1340196440693986,0.9769528691386388,-0.018798009421774082,0.042093911943891664,0.3782059274362115,1
2011-11-10,NEOG,9.377344131469728,9.539884567260742,9.252312660217283,9.427356719970703,279930,0.017269281375861922,-0.029850738944731225,-0.055137843892862914,0.010452990165222609,-0.007058579716794105,-0.012365093515746679,-0.0017079667542789412,0.06167872795549555,0.028520681882009725,0.028940131624010105,0.03113128897755531,-0.43639314160539266,0.5679281577879834,0.005333342554117849,0.030503980658149157,0.6086966614821889,1
2011-11-11,NEOG,9.49987506866455,9.86496639251709,9.49987506866455,9.862465858459473,331917,0.046153885061657185,0.028959079814202093,0.00381782050128443,0.04311033238072115,0.03273110736933492,0.03281223656112051,0.04211807978323152,0.10788386072367981,0.0359378775450654,0.03283809481620597,0.032643869447495734,0.18571428571428572,0.6861487229222608,0.03816795349140241,0.03701825984415288,0.9931509354119104,0
2011-11-14,NEOG,9.832457542419434,9.839960098266602,9.56489086151123,9.687421798706056,293527,-0.01774850856424237,0.022433347558962646,0.002328603797817852,0.04759331425361446,0.00990614929768276,0.01424231935198013,0.02124741968588227,0.08514796930210464,0.03680964976493817,0.03292594256935025,0.03249053960700744,-0.11566144548185242,0.6367665560617041,-0.014750711415499157,0.02839447300540913,0.4454548921579229,1
2011-11-15,NEOG,9.609902381896973,9.752437591552734,9.47736930847168,9.722431182861328,599450,0.0036139010856270914,0.0005147474405668984,0.05537464543779369,0.04939276556007366,0.0134501561195344,0.012500051023717484,0.02247181612864651,0.0857424288910782,0.03500096013898892,0.028381718380899614,0.032490215754347754,1.0422312087133383,1.3837981236025243,0.01170967159628343,0.028292129602927322,0.8909128731407967,0
2011-11-16,NEOG,9.59739875793457,9.757438659667969,9.474868774414062,9.56489086151123,225544,-0.016203799069085645,0.03211005397898181,0.0002613969989111453,0.0577985672728083,-0.009118741689482993,-0.0039322247877145835,0.003147088603600487,0.06625554372319675,0.02645808883740955,0.026665489649294938,0.032194802568976465,-0.6237484360663942,0.5321766628131693,-0.003387157004023013,0.029542405589901406,0.3185834435834436,0
2011-11-17,NEOG,9.52488136291504,9.587396621704102,9.227307319641112,9.269817352294922,437091,-0.03084964726609407,-0.01671087372158664,-0.0460627807373164,0.018686399618688343,-0.03654227666971025,-0.030139719692539747,-0.028665768289084726,0.03133796793358023,0.030113574755816476,0.027687430290233617,0.0330720606770408,0.9379411556060016,1.021400188323807,-0.026778707356209835,0.03884535027800122,0.11805413937672087,0
2011-11-18,NEOG,9.269817352294922,9.37484359741211,9.09727382659912,9.149786949157717,586653,-0.012948518679010368,-0.07226173652002654,-0.045395290101220676,-0.026084706522942702,-0.03471750246938515,-0.03832006438298435,-0.04001054300239548,0.015559454325606282,0.012356693912713481,0.02766258064614232,0.03238392919915798,0.3421758855707393,1.3694910743674322,-0.012948518679010371,0.030336200433447442,0.18918891061079382,0
2011-11-21,NEOG,9.029756546020508,9.117279052734377,8.86971664428711,8.894723892211914,353112,-0.02787639300926914,-0.08182754121432212,-0.06122985932731562,-0.0676277234279028,-0.04566427940014458,-0.05939282410295643,-0.06360235692084959,-0.014572234299018213,0.01371114331805384,0.028605886934660794,0.03268597510341715,-0.39809052369969977,0.8415539548593501,-0.014954185433504718,0.02783250064277198,0.10101391435659511,0
2011-11-22,NEOG,8.864715576171875,8.989747047424316,8.717179298400879,8.769692420959473,464284,-0.014056813091400944,-0.09799388074675608,-0.09752957540549467,-0.034416305601824404,-0.03944123338579812,-0.063226219061913,-0.07524358177252902,-0.029886259094287826,0.008343551943643706,0.026413812308431085,0.03106961173829481,0.3148349532159769,1.1020406613136455,-0.010719255953098158,0.031080650944154374,0.19266080725522028,0
2011-11-23,NEOG,8.719679832458496,8.752187728881836,8.297074317932129,8.427106857299805,1182904,-0.03906471826091551,-0.11895420665904588,-0.09066377867691289,-0.09505909254206302,-0.053370770868997906,-0.09166867919310265,-0.10720198196455374,-0.06798457614105141,0.011239345349647649,0.025381641837151015,0.031498774507977334,1.5478026380405097,2.5667044723952723,-0.03355317864649178,0.054005890592863974,0.2857145850664577,0
2011-11-25,NEOG,8.389596939086914,8.457114219665527,8.204550743103027,8.232057571411133,217945,-0.023145462516559245,-0.11195040219717722,-0.12679048688456596,-0.1749373767044876,-0.05320682424290553,-0.10111136839449052,-0.1197272986956522,-0.08943058837540253,0.010747246112185724,0.023876769040816107,0.02614093889579469,-0.8157542792990808,0.504114893183942,-0.018777942351653323,0.030680479864429053,0.10891055461575641,1
2011-11-28,NEOG,8.447112083435059,8.474618911743164,8.279569625854492,8.377094268798828,1121320,0.017618523209967485,-0.08444925380803747,-0.15060854060007478,-0.14736571647276175,-0.019091118969034912,-0.07019344960186347,-0.09722970653644858,-0.07343895763402732,0.021503220008552572,0.01658530941854299,0.026768566521457853,4.144967767097204,2.4501923649670476,-0.00828896478993533,0.023283644618295497,0.5,0
2011-11-29,NEOG,8.372093200683594,8.414604187011719,8.187047004699707,8.21705436706543,1292077,-0.01910446469839544,-0.07618780901561673,-0.15178108914768462,-0.14980592337049292,-0.02231476876470223,-0.07282524259443587,-0.1075138740156267,-0.09052663491308305,0.020770458482986108,0.01660612195699697,0.026824015274542222,0.15228213177326722,2.565506869867058,-0.01851852695637752,0.027693279385381454,0.1318673489487073,1
2011-11-30,NEOG,8.377094268798828,8.812203407287598,8.36709213256836,8.809701919555664,1497226,0.07212408802667913,0.004562246504856704,-0.0938787064818335,-0.04370256112963,0.04720286014677102,0.004390426146494224,-0.04104746838087545,-0.02555739638837488,0.044510772661597954,0.03235445558527861,0.03061962583150456,0.15877459315505194,2.68118022171464,0.051641731234673874,0.05052512318619838,0.9943800845451254,1
2011-12-01,NEOG,8.847211837768555,9.03475856781006,8.792198181152344,8.932232856750488,600250,0.013908635991739082,0.05994061876800916,-0.06614377664323745,-0.06589966942903758,0.04916877391893101,0.025758830451655033,-0.024363610308755758,-0.013319657110760285,0.03825053978563711,0.03303979800872623,0.029422127432575898,-0.5990919206586047,1.0716070025701607,0.0096099223733946,0.027155627327203283,0.5773188175023449,0
2011-12-02,NEOG,8.95473861694336,9.149786949157717,8.797199249267578,8.839710235595703,504274,-0.01035828584393228,0.0738154050689428,-0.046398661414050135,-0.09032419078414611,0.023688216099886857,0.020172624756473675,-0.029818960717211004,-0.02432154780407242,0.0356273583004006,0.03196885126716057,0.02910727496830805,-0.15989337775926693,0.89872425547113,-0.012845531987947675,0.03988679385330302,0.1205685460422211,1
2011-12-05,NEOG,8.97724437713623,9.074769020080566,8.904726028442383,9.00975227355957,531867,0.019236155194221505,0.07552236902921439,-0.015304692489155447,-0.06000522163492095,0.02831211030028401,0.04147997108279469,-0.008025561778929486,-0.0065732365455959466,0.035666247082248415,0.03261392632677133,0.029479520531743044,0.054718268243058255,0.9235788739973755,0.003621144201680958,0.018873214986964683,0.6176452443312788,0
2011-12-06,NEOG,9.002250671386719,9.104776382446287,8.974743843078613,9.004751205444336,753811,-0.0005550727659749954,0.0958612178028242,0.012369952633241477,-0.04961731715369311,0.009588440948059026,0.03957967632580911,-0.006003718314491126,-0.00735456387345142,0.03198582980494922,0.03123415700961793,0.02940905364185025,0.4172922929980616,1.256079516104844,0.00027776765487824413,0.014440436654047189,0.2307681024429987,0
2011-12-07,NEOG,8.962241172790527,8.987247467041016,8.677168846130371,8.877219200134277,520670,-0.014162746132614035,0.007663968792035902,0.012261180211727396,-0.0864642228937873,-0.0062146661277902,0.02358572042543094,-0.015516028082614524,-0.0228246273969197,0.014651319488696643,0.031240097259295115,0.028772508721630074,-0.3092830961607087,0.847270353234621,-0.009486686534878991,0.03492970196184344,0.6451600997720989,0
2011-12-08,NEOG,8.777194023132324,8.777194023132324,8.484621047973633,8.554638862609863,316321,-0.0363379939429157,-0.04227319195505075,0.015133545529873782,-0.07690229756955658,-0.03416147342895303,-0.015057693728991371,-0.04752621409856707,-0.05849389919735183,0.02026616180014731,0.03085476879192049,0.028080266489357793,-0.39247315958284523,0.5224054189812152,-0.02535607164840108,0.03420050569726012,0.2393174372932184,1
2011-12-09,NEOG,8.619654655456543,9.002250671386719,8.619654655456543,8.92223072052002,313922,0.042969886141752456,0.009335202481188132,0.08383968930268026,-0.05358087260882316,0.005466960477317506,0.019166520819397313,-0.0037971644237054175,-0.018615482388727105,0.030466853095550507,0.03195054079476815,0.029631936330336294,-0.007584068082738704,0.5169923168863401,0.03510303801695064,0.04288120627168412,0.790850015329739,0
2011-12-12,NEOG,8.77219295501709,8.902226448059082,8.689672470092773,8.889721870422363,312322,-0.0036435787322659507,-0.013322275628981917,0.061193963583871636,-0.0986309105651042,0.004520994232938589,0.009541604456693144,-0.002007270111043037,-0.02262673429709493,0.028954756988555843,0.03198625617452818,0.027346795655904203,-0.005096807487210198,0.5151885798836577,0.01339789446127664,0.02391008189733273,0.9411698724419977,0
2011-12-13,NEOG,8.972243309020996,8.979744911193848,8.662165641784668,8.70717716217041,247938,-0.020534355395224524,-0.033046337037497486,0.0596470186529896,-0.10118735995025807,-0.009444657006209903,-0.01666191303970953,-0.017092160959842714,-0.044136579287641135,0.030005375627794692,0.0321159089884646,0.027423052652528625,-0.20614622088741752,0.41052800728803196,-0.02954290668690176,0.03647327526410611,0.141733181984709,0
2011-12-14,NEOG,8.609651565551758,8.73968505859375,8.564640998840332,8.572142601013184,421095,-0.01550842008175779,-0.034366234768257065,-0.026965647726984843,-0.11831285408076431,-0.017990189453733776,-0.029307704400323695,-0.02601188683496622,-0.059353006156947496,0.03009895321260753,0.022734076045770886,0.0274414212516268,0.6983883067541079,0.7076854612522063,-0.0043566181805373,0.02042010590592936,0.042855508398393874,0
2011-12-15,NEOG,8.687171936035156,8.752187728881836,8.522130966186523,8.562141418457031,637041,-0.00116670744079439,0.0008770160807090033,-0.0414332501434691,-0.1048364751436136,-0.01930448520447957,-0.02635984678396131,-0.02157440588437916,-0.060661827600730966,0.025111365171022575,0.022013618377204603,0.027350812345067286,0.5128201474726606,1.0348190965928459,-0.0143925455256028,0.026869068315011624,0.17391556675731246,1
2011-12-16,NEOG,8.58964729309082,8.749687194824219,8.434609413146973,8.582145690917969,892577,0.002336363239436201,-0.03811659216790908,-0.02913721579250128,-0.07418394939644701,-0.00929506690146408,-0.021218331837847933,-0.01541990383786231,-0.05856533638261538,0.009817829432418079,0.021972599128255058,0.02671023152842567,0.4011295976240148,1.3981897471954225,-0.0008733306405823625,0.03671317092771756,0.468253511833236,0
2011-12-19,NEOG,8.612153053283691,8.654664039611816,8.297074317932129,8.339585304260254,583054,-0.028263373216141474,-0.06188456446455415,-0.07438239686855974,-0.08854868964703555,-0.024910807666389347,-0.041556465944281716,-0.038780200900543925,-0.08504294561469053,0.012947640353753934,0.021828485996214547,0.02720981101275082,-0.34677456398719664,0.9135906349180234,-0.03164919937407653,0.04287859751215852,0.11888201408150202,0
2011-12-20,NEOG,8.529631614685059,8.582145690917969,8.224555969238281,8.262065887451172,1067333,-0.009295356301407653,-0.05112004343417853,-0.0824770502869786,-0.0711273348591166,-0.02381373264952934,-0.04229105399726453,-0.0442303404257355,-0.09251707189816923,0.012184855709428219,0.021694678008011444,0.026673637107295273,0.8305903055291619,1.5837879614913855,-0.03136896636581955,0.04328090898219684,0.10489652229571154,0
2011-12-21,NEOG,8.252062797546387,8.33708381652832,7.904476165771484,8.027007102966309,2261035,-0.02845036431407333,-0.06359384385211264,-0.09577459765273211,-0.08468772704253047,-0.039209825244027025,-0.06027692004803099,-0.06741618454913481,-0.11683133989479995,0.014668285503775124,0.022571985602943535,0.027167321526580065,1.1183969763888122,2.960442113777941,-0.027272658982550966,0.05389401618904382,0.28323802637438217,0
2011-12-22,NEOG,6.816703796386719,7.854464054107666,6.399099826812744,7.749436855316162,5109922,-0.03457954429211518,-0.09491837653942015,-0.09412460540129086,-0.08041549887273891,-0.05402938358996684,-0.08413873733327445,-0.09610622981688353,-0.144683514526994,0.015533405265567731,0.022347918050041434,0.0268802399863251,1.2599924370918627,5.3222810123945425,0.13683051028619586,0.18780257900889055,0.9278344232861093,0
2011-12-23,NEOG,7.78194522857666,7.854464054107666,7.691923141479492,7.739435195922852,714621,-0.0012906304780648803,-0.0981934501399706,-0.13256724261533448,-0.05984194974523682,-0.035404830607850685,-0.07235340970464108,-0.09467184024550447,-0.14277797314081114,0.01428442053639394,0.013346740382004842,0.026495839182881294,-0.8601503114920346,0.7255523163079589,-0.0054626486572668664,0.021001650445216038,0.292308279036474,0
2011-12-27,NEOG,7.646912097930908,7.804450988769531,7.591897964477539,7.731933116912842,840190,-0.0009693315881709186,-0.07286359755046745,-0.13023903001529036,-0.07701490889137319,-0.021518987494541883,-0.0602109432170906,-0.0921236058503896,-0.1403278418982862,0.01566513546091426,0.013602527502709287,0.02606618358873303,0.17571411979216967,0.8653925681442959,0.011118346581352552,0.027490282323711958,0.658824558727196,0
2011-12-28,NEOG,7.711927890777588,7.754438877105713,7.521880149841309,7.53688383102417,681030,-0.025226457981383787,-0.08777248527253256,-0.1344055954472534,-0.08277546985297246,-0.028368842806549874,-0.0706996591953978,-0.11147802154104883,-0.1588149068135464,0.01585486104879464,0.013938478917036385,0.026291790596712487,-0.1894333424582535,0.7242496330656759,-0.022697834086694034,0.030856084885787928,0.06451566603992938,1
2011-12-29,NEOG,7.551887989044189,7.789446830749512,7.551887989044189,7.676918983459473,582254,0.018579980211300917,-0.043613779708437495,-0.10443405566397135,-0.12858357143522126,-0.0013012508247965046,-0.042868326072942727,-0.08888562647841816,-0.14013794321461065,0.021223418068399932,0.01734603795898403,0.020140015226943784,-0.14503913190314666,0.6508712196560975,0.016556256474761187,0.03094455499884295,0.5263158951177965,0
2011-12-30,NEOG,7.644411087036133,7.764441013336182,7.594398975372315,7.661914825439453,593452,-0.001954450483631187,-0.011293985809648688,-0.1051403555513577,-0.1422172990430941,-0.0009782184129384635,-0.03389571491004615,-0.08375953860351491,-0.1391566483946957,0.015527582447714083,0.01729898967141992,0.019592021998272362,0.019232156412837043,0.6636410314072972,0.002289743212921168,0.02219315169091735,0.3970538748864255,1
2012-01-03,NEOG,7.811953067779541,7.961989879608154,7.719429969787598,7.874468803405762,949762,0.02774162631782029,0.017447475696165338,-0.08245920227864512,-0.109193786500276,0.023133456965474804,0.001845277021873889,-0.05287534147711769,-0.11283277122205283,0.020554241935648896,0.020942518220372422,0.02109025153443227,0.6004023914318259,1.036280148783836,0.008002574398976784,0.03080333618385126,0.6391774870499425,0
2012-01-04,NEOG,7.816954135894775,7.966991901397705,7.666916847229004,7.694424152374268,952562,-0.022864355110991608,-0.0048511755044190474,-0.07736129895528587,-0.14598937698268621,0.0007155792643478291,-0.012959449117988256,-0.06715167633916326,-0.12978302002493342,0.02384854903694582,0.020436175033385892,0.020580615727879607,0.002948106999437705,1.0160167142803507,-0.015674901168712344,0.03899902685714395,0.09166808357818094,1
2012-01-05,NEOG,7.629406929016113,7.864466190338135,7.539384841918945,7.744435787200928,618645,0.006499724194594547,0.027538165749936283,-0.06265141277031527,-0.1399611593356863,0.0018114480407345423,9.684300367299921e-05,-0.053860063404579064,-0.12055524807518135,0.019537337578526284,0.020915195391380696,0.02076837765918818,-0.3505462111652575,0.6646470144145714,0.015077037999813251,0.04197611773816303,0.6307681024429955,0
2012-01-06,NEOG,7.761940002441406,7.779445171356201,7.644411087036133,7.699425220489502,497076,-0.005811987851434441,0.002931675725446725,-0.04080996544225701,-0.13267600507453503,-0.004590671155619956,-0.0014917085397024286,-0.052542466367528816,-0.12291192546543503,0.018504153824326044,0.019416937486788834,0.02070712452931981,-0.1965084984118517,0.5347159382087668,-0.00805401509574168,0.017538203236355788,0.40740923841843024,0
2012-01-09,NEOG,7.736934185028076,7.754438877105713,7.649412155151367,7.654414176940918,584654,-0.00584602645776755,-0.000978952216178497,-0.012261881753389381,-0.10523234237316514,-0.010217899957712948,-0.006104224851574244,-0.052835090401033846,-0.12473329519960519,0.018725399954405593,0.016255525721707187,0.01951280162912118,0.1761863377028865,0.6199776941048971,-0.010665724447655844,0.013721065979254283,0.04762618214177075,1
2012-01-10,NEOG,7.759439945220947,7.801949977874756,7.636909008026123,7.686922073364258,451487,0.004246947665997869,-0.023817064328248816,-0.006785136283104731,-0.13845289209061873,-0.0011697371725298202,-0.001202158836353838,-0.0414866932125004,-0.1163873265300551,0.011596984338246491,0.016342933393987926,0.016084451158808855,-0.22777061304634882,0.4752982542945197,-0.009345761081810207,0.021470358132094476,0.3030342428549966,1
2012-01-11,NEOG,7.656914234161377,7.759439945220947,7.631907939910889,7.7069268226623535,330717,0.00260243945589278,0.0016249000627588384,-0.003234158117041863,-0.1330519745162526,0.001104382615122287,0.0017226302990367987,-0.03185274021363168,-0.10975284921029999,0.005797390286105336,0.016372008827178066,0.016219254724009098,-0.26749385918088453,0.34782210870643804,0.00653168978670873,0.01654771197970227,0.5882357339953787,1
2012-01-12,NEOG,7.714428901672363,7.806951999664307,7.689422130584717,7.764441013336182,574656,0.007462662095701678,0.0025831741246167272,0.030192475751757764,-0.10827115737693749,0.00805137927891717,0.006222026576334799,-0.018817866645215075,-0.0991540025409024,0.00606314747109858,0.013896969546955788,0.016196702846376813,0.7376064732082113,0.5941696298583639,0.006482931180165073,0.015136938883007918,0.6382963185355285,0
2012-01-13,NEOG,7.659414768218994,7.779445171356201,7.626906871795654,7.736934185028076,391902,-0.0035426669171495506,0.004871657749042857,0.007817615595255178,-0.09743286537095053,0.0035028254443833597,0.0018780976555208544,-0.01710693590689212,-0.09926171759463505,0.005531256838053871,0.012876189860505085,0.016031115949992496,-0.3180233043768794,0.40582231410735337,0.010120801543576316,0.019715599992530287,0.7213094255633081,1
2012-01-17,NEOG,7.786946773529053,7.934484004974365,7.771943092346191,7.799449920654297,356711,0.008080168983109148,0.018947987443676872,0.017950486053198267,-0.0890771899841124,0.007819566799003723,0.0081778953739897,-0.004341444718214649,-0.08824096348733344,0.00467116377675901,0.013023224423704162,0.016278603259015836,-0.08979540803568242,0.37482163159542786,0.001605654628043348,0.020840048244650855,0.16923018250198754,1
2012-01-18,NEOG,7.801949977874756,7.989497184753418,7.694424152374268,7.961989879608154,526668,0.020839925970089768,0.03578386818789614,0.0111145371691026,-0.07226116097820301,0.021560511758194532,0.028025221562252463,0.0204473222238689,-0.06540417449644859,0.00899126757029242,0.011604652303157848,0.017189547338176535,0.4764557302690413,0.5642549702478571,0.020512807975858513,0.03706021193707826,0.9067779765454184,1
2012-01-19,NEOG,8.007001876831055,8.192048072814941,7.9269819259643555,8.004501342773438,431492,0.005339301331462654,0.03861130732889029,0.04029894690735092,-0.04017993092721761,0.019232034241943696,0.029392868483502105,0.028103443939062663,-0.056915048209387205,0.008729381591540127,0.007974869637602357,0.016269830597423512,-0.18071346654818599,0.4660704922276309,-0.00031229342718810856,0.033114635815495355,0.29245310172625943,1
2012-01-20,NEOG,7.974493980407715,8.132033348083496,7.974493980407715,8.077018737792969,339115,0.009059576844846262,0.04025759535295648,0.04294476185620821,-0.02239720091548314,0.0203436528093819,0.03429497520507965,0.038651938153558295,-0.04522619206137178,0.008750647094020179,0.008104516093292527,0.016349506493538748,-0.21408739907112995,0.38128618636289247,0.012856584710847331,0.019504643085528933,0.6507881737614413,0
2012-01-23,NEOG,8.044510841369629,8.079520225524902,7.919479846954346,7.9269819259643555,197950,-0.018575766220100487,0.02456370138239583,0.02955502507762353,-0.012461079916696427,-0.003395332525942229,0.01213284316093976,0.02001418354781712,-0.058978570720738824,0.014429046655806865,0.010511641208396452,0.015609398278474755,-0.4162747150671601,0.2517668513041701,-0.014609827461586638,0.020189320483544177,0.04687616385949962,0
2012-01-24,NEOG,7.89947509765625,8.014504432678223,7.7519378662109375,7.92448091506958,352712,-0.00031550606752150934,0.016030745204758556,0.03528248300728798,0.022587971619297376,-0.006832144671930694,0.00833649673949979,0.018545276661460674,-0.05626666480556886,0.014461992090670407,0.010135207914108,0.0133968694580707,0.7818236928517301,0.6431857454318406,0.0031655036700791966,0.03313359818533675,0.657140210881117,1
2012-01-25,NEOG,7.9294819831848145,8.174544334411621,7.8844709396362305,8.124530792236328,403099,0.025244540217936873,0.02041460929816874,0.05692899117429806,0.04975758392761609,0.014108220779308126,0.02806692921598019,0.04167998695183682,-0.02943078365095007,0.015865837539090676,0.01225584445629238,0.014412404414712745,0.14285592778244016,0.7565576784225875,0.024597925749138765,0.03570340271866286,0.8275831459344302,0
2012-01-26,NEOG,8.159540176391602,8.182045936584473,8.027007102966309,8.099525451660156,355911,-0.0030777581149752375,0.011871333992904853,0.05094100904699905,0.04754209965205747,0.008594461378779832,0.01983635413409872,0.036032508987940644,-0.028325196085841164,0.016152113643395756,0.012539556617868874,0.0144470137870019,-0.11706305398921857,0.6997956616566005,-0.007355160148005505,0.01914171818379629,0.4677431260380144,1
2012-01-27,NEOG,8.039509773254395,8.232057571411133,8.039509773254395,8.127032279968262,373507,0.0033961036942562473,0.0061920795034529075,0.046698953087452644,0.07830138584793578,0.010760760704365286,0.018649182296854427,0.03564208091577392,-0.021361361256040257,0.01576823924467889,0.012518594355155593,0.012898463917103881,0.04943932612366564,0.7572879744923428,0.010886547710288816,0.02369226447289197,0.4545495069365679,0
2012-01-30,NEOG,8.087021827697754,8.097023963928223,7.966991901397705,8.08202075958252,419095,-0.0055384941064757776,0.019558368502184065,0.04460249580799447,0.05276879657006539,0.0013012075086109483,0.008644663989766217,0.027254693377381164,-0.022921411543815128,0.012363043240600322,0.012678517882793278,0.012572684490439051,0.1220539374094729,0.8640089193337753,-0.0006184066547348617,0.01608905327004313,0.884619192730393,1
2012-01-31,NEOG,8.107027053833008,8.214553833007812,8.059514999389648,8.144536018371582,375106,0.007735102476065903,0.02776902432606465,0.04424492768437904,0.06298963169490057,0.003574253482682039,0.012087864215416723,0.032035210185831255,-0.011970432992803644,0.012193048738265178,0.012667990717768383,0.012572635284273385,-0.10496188215082503,0.7911269498009402,0.004626722507462209,0.019035931975553165,0.5483853109429784,1
2012-02-01,NEOG,8.18454647064209,8.444610595703125,8.107027053833008,8.432107925415039,502274,0.03530856839417029,0.0378578333991455,0.05904529557503291,0.07081609387646504,0.031192619634275807,0.04173744632383311,0.06471319698329576,0.02499876945629177,0.016371347502253046,0.015304779457142079,0.01343632157232197,0.339018837341978,1.1117989042801826,0.03024742490753158,0.04003548636428309,0.9629642185195857,0
2012-02-02,NEOG,8.424606323242188,8.499625205993652,8.30457592010498,8.342085838317871,341115,-0.010676107077073116,0.029947481257435626,0.04217433180259378,0.0841728598681104,0.01416673425991982,0.0263352521475085,0.04905663619968271,0.01605095867643726,0.017888559827234793,0.016178074709153088,0.012414591514233613,-0.320858734475605,0.8098750553782029,-0.009795174012660406,0.02338135685355191,0.1923099489546459,1
2012-02-03,NEOG,8.48712158203125,8.657163619995117,8.397098541259766,8.652162551879883,667833,0.03717016578008936,0.06461525607643726,0.07120743838265153,0.11721018672259342,0.038602334060540235,0.05700488160690737,0.08187539163046692,0.05444077935584618,0.022436698663699694,0.019255062500659788,0.014451082332974902,0.9577942922474825,1.5763642028636575,0.019446047550214667,0.030057812388053943,0.9807699359731278,0
2012-02-06,NEOG,8.594649314880371,8.73968505859375,8.414604187011719,8.592147827148438,397101,-0.006936384328378731,0.06311875244332699,0.08391162076519576,0.11594665589883846,0.01891938938845109,0.04121209323066004,0.06840793154427516,0.04758011095455087,0.022729139012834253,0.017831964754258984,0.014500145009540232,-0.40538877234278625,0.9485155148538087,-0.0002910517509542403,0.03783464601887781,0.5461522213616842,0
2012-02-07,NEOG,8.55713939666748,8.55713939666748,8.354589462280273,8.419605255126953,239940,-0.020081424981575058,0.03377346924795943,0.06248034986314632,0.09996729475277011,-0.008013625655772957,0.014217757289950388,0.04199552442501796,0.026561987776530266,0.02716466379154056,0.019864242310022682,0.015412210819083233,-0.3957708492297929,0.5977287354340366,-0.016072443741431755,0.02405693951790296,0.3209864917674644,0
2012-02-08,NEOG,8.404601097106934,8.464615821838379,8.307077407836914,8.419605255126953,273532,0.0,-0.0014827455244497134,0.036318954341657994,0.09531554694713185,-0.007721290919151944,0.010625550094384357,0.037292668667912296,0.02609271889630053,0.02206197339508912,0.018755911929517977,0.015450703391553404,0.14000166708343742,0.6968581108106607,0.0017852314281976242,0.018710902616905337,0.7142883086850979,1
2012-02-09,NEOG,8.429607391357422,8.464615821838379,8.194548606872559,8.43960952758789,303924,0.002375915717516053,0.01169056410592928,0.04198814831281594,0.09506807600288503,-0.007644845893135331,0.008908235529105047,0.03508552293116848,0.02837393125239246,0.021255891745914628,0.018614725525808923,0.01545238537280065,0.11110948627582884,0.7769372912337641,0.0011865482893928829,0.0319999656480562,0.9074071458334805,0
2012-02-10,NEOG,8.33708381652832,8.414604187011719,8.317078590393066,8.40710163116455,264334,-0.0038518246984148297,-0.028323661194054495,0.034461454261306645,0.08276972118463344,-0.005737285150971614,0.0016684389673876322,0.027050955174304975,0.02393857946103335,0.008796024520174466,0.018793014738406562,0.015551307741517202,-0.13026282886511098,0.7036409065977616,0.008398358008278593,0.011600382735606719,0.923070905410559,1
2012-02-13,NEOG,8.509627342224121,8.714678764343262,8.509627342224121,8.69217300415039,303524,0.03390840095581815,0.011641463696179244,0.07549501080462306,0.12346477251555532,0.025550236648111232,0.028159016458444742,0.055716691095490496,0.05896186687589439,0.019640615077566124,0.02071494127970589,0.016788460865538958,0.148259399093571,0.817579340339717,0.021451663461276606,0.023590352150288707,0.8902433352557066,1
2012-02-14,NEOG,8.672167778015137,8.709676742553711,8.639659881591797,8.694673538208008,299125,0.00028767651730166044,0.03266997379877834,0.06754682140216262,0.11478035331478997,0.01922963452074537,0.02180556215251065,0.05031036830559666,0.05987999990788121,0.0154614201880956,0.02083886371990828,0.016827295021174877,-0.01449308786125647,0.8120279769257822,0.0025951712154284627,0.008052845302843274,0.7857201231305674,0
2012-02-15,NEOG,8.72218132019043,8.72468090057373,8.559639930725098,8.619654655456543,346713,-0.008628142554381268,0.02375995005321352,0.022241974569161105,0.08260055410680267,0.005718612613595016,0.010761493654035878,0.03712838486848567,0.05129922110917352,0.016798092476112306,0.018667321325355677,0.01671057389154533,0.1590906811533639,0.9647797632579895,-0.011754704582505547,0.019147051296789033,0.36363531301644536,1
2012-02-16,NEOG,8.632158279418945,8.982246398925781,8.597148895263672,8.884720802307129,453087,0.0307513650425415,0.05274074271614482,0.06504787585579153,0.10996555835778143,0.025989005713743546,0.03525638208386362,0.06339035819995006,0.08395870395421944,0.020212762493614162,0.020002746479136337,0.017743386116636187,0.3068070709780135,1.2570042684162583,0.029258328533010202,0.04334379348894224,0.7467508989509762,0
2012-02-17,NEOG,8.939735412597656,8.939735412597656,8.777194023132324,8.872218132019043,333517,-0.001407210262008407,0.05532423910879558,0.02543359291040459,0.09845209229307317,0.013656388212387623,0.031155563209841263,0.05686456593723798,0.08278350478351626,0.019804459288067604,0.016911532885569874,0.017783390353066694,-0.26390075195271545,0.9259989624342619,-0.007552492043944565,0.0183202652422098,0.584614843021175,0
2012-02-21,NEOG,8.852212905883789,8.972243309020996,8.58964729309082,8.632158279418945,551862,-0.027057478640402532,-0.006904455848127822,0.004656629875953389,0.08895899600134416,-0.01241628099528645,0.0027887833927464126,0.023967755675783707,0.05411663798991076,0.02089815644004937,0.019217528713207813,0.018459813890571018,0.6546742744747645,1.4604718530175615,-0.024858713725534134,0.044322173383031314,0.11111194199127078,0
2012-02-22,NEOG,8.617154121398926,8.65966510772705,8.462116241455078,8.609651565551758,557061,-0.002607310146391595,-0.009778627372566406,0.022571878926162192,0.08646252768168372,-0.01307121678232624,-0.0020290663864880954,0.017164370028515858,0.051226988644055005,0.02088636297221705,0.01787242689465149,0.018497898681880266,0.009420833469236944,1.4354171659155386,-0.0008706535523760586,0.02294504774878338,0.7468295155567356,1
2012-02-23,NEOG,8.63715934753418,8.80470085144043,8.574644088745117,8.779694557189941,264334,0.019750275646292836,0.018566857737402298,0.04276795540310152,0.08064019716433068,0.002741747771621952,0.013451086320847535,0.03325481731626573,0.07236226804992965,0.022366845455545747,0.01865470011851974,0.018209272101367142,-0.5254846417178729,0.6935265407696157,0.016502556444840173,0.026203276343698366,0.891303807123433,1
2012-02-24,NEOG,8.744686126708984,8.952238082885742,8.744686126708984,8.86971664428711,231542,0.010253441792396512,-0.0016887596531027782,0.05096291662466834,0.0950909034391747,0.01337061378066147,0.018784407532516256,0.039139781486254466,0.08341061759836592,0.01757742635364887,0.018728156063238025,0.018178940927070657,-0.12405517262251542,0.6175667057765754,0.014297885111764391,0.02340006614646927,0.6024058740821746,1
2012-02-27,NEOG,8.894723892211914,9.252312660217283,8.894723892211914,9.042261123657228,830992,0.019453212125017938,0.01916578121817314,0.0755503525897896,0.11261538187129494,0.029085412424937947,0.03108078211607173,0.05370523859146738,0.10358305098088412,0.019584390263321413,0.018933805393017828,0.018470209959179865,2.588947145658239,2.088966443108236,0.01658705016965121,0.039546388134026715,0.4125891097426722,0
2012-02-28,NEOG,9.044760704040527,9.059764862060549,8.854714393615723,8.962241172790527,909772,-0.008849550988673127,0.038238744319433415,0.031070270749464335,0.10891093198002078,0.012372270504888688,0.018818664230270846,0.039051483161834835,0.09277628496441076,0.01294165269063352,0.017032490230824118,0.018588914378966256,0.09480235670138826,2.1541508340310425,-0.009123462073809914,0.022879374086401703,0.5243917753045148,0
2012-02-29,NEOG,8.934734344482422,8.982246398925781,8.677168846130371,8.677168846130371,353112,-0.031808151684830754,0.007842045646627271,-0.0020132661681561137,0.0653975655037109,-0.02132224307241803,-0.013391747627348525,0.0029046266041363043,0.05772039156553106,0.022069332263397207,0.02034338959434769,0.020341637986689035,-0.6118675888024692,0.8382785178903827,-0.02882743777503675,0.035158651192025735,0.0,0
2012-03-01,NEOG,8.727182388305664,8.77219295501709,8.559639930725098,8.562141418457031,369108,-0.013256331611506744,-0.024779123842611273,-0.006672336572452364,0.0154212320563476,-0.029533391150212553,-0.025833512339920473,-0.011133305095700369,0.04374980214013718,0.020200027672130447,0.020611988268205414,0.01919440891474802,0.04530007476381437,0.8903256432348777,-0.018911140217464234,0.02482475048050491,0.01176877035867156,0
2012-03-02,NEOG,8.562141418457031,8.627157211303711,8.377094268798828,8.452113151550293,476681,-0.012850554730333585,-0.04708194291705925,-0.0486911924845741,0.013189424727210408,-0.03284882815563215,-0.03359541175732819,-0.024460617938850564,0.03005444336373248,0.018450571375347533,0.01767421345503846,0.019269676649559506,0.2914404456148336,1.1313057621049438,-0.012850554730333605,0.02958584889022884,0.3,1
2012-03-05,NEOG,8.442111015319824,8.539634704589844,8.36959171295166,8.539634704589844,199950,0.010354990695255584,-0.055586364095631446,-0.037485938970428956,-0.013005748171662557,-0.01146302270646762,-0.019861108015875567,-0.013718429541243625,0.040017031066696615,0.015014638080470091,0.01830792572398626,0.01745565296201105,-0.580537088744884,0.5024367365056662,0.01155205008475299,0.01991220907222058,1.0,0
2012-03-06,NEOG,8.447112083435059,8.607151985168457,8.447112083435059,8.519630432128906,514271,-0.002342520863355624,-0.04938616715709376,-0.01303588785649723,-0.008439961285395925,-0.0035680452730794342,-0.020892545985163907,-0.015616586104838535,0.03633726531062853,0.015550607480771722,0.016363639985171582,0.01739676422508048,1.571997999499875,1.2735184236603003,0.008584987150348989,0.018784840845896558,0.453126675962673,0
2012-03-07,NEOG,8.539634704589844,8.544635772705078,8.457114219665527,8.489622116088867,203549,-0.0035222556047587172,-0.02161381590783973,-0.013941266792159457,0.008315931547892674,-0.00270260223856288,-0.02299350762536901,-0.01948045410826576,0.03083076333956359,0.00965052463402977,0.016374997541253447,0.016788176977686243,-0.6041989534700576,0.5063414257977933,-0.0058565255108741394,0.010309240133749509,0.3714273261198828,1
2012-03-08,NEOG,8.539634704589844,8.647162437438965,8.392098426818848,8.622156143188477,270332,0.015611298746553315,0.007009312483682528,-0.017943495981013635,0.024057052786196076,0.01144035796250906,-0.005938944017893177,-0.0053367216553888985,0.04468394103211865,0.011439554702669321,0.015827475498206227,0.017120995607309626,0.3280929898943252,0.6727362541512221,0.009663345266312103,0.029582392893872416,0.9019607110007702,1
2012-03-09,NEOG,8.652162551879883,8.829707145690918,8.512127876281738,8.667166709899902,411097,0.0052203376932560275,0.025443762346007315,-0.022836122337421827,0.026962998888533818,0.011616345369551799,0.0015893297970417577,-0.0014548986020557091,0.047762989264522736,0.008182983422708828,0.015481522253717333,0.017141957539823244,0.5207115694775313,1.0095748224789332,0.0017341511939994159,0.036641647730905065,0.4881894019927569,0
2012-03-12,NEOG,8.697174072265625,8.697174072265625,8.429607391357422,8.447112083435059,265934,-0.02538945353543165,-0.01083449402174741,-0.06581860798789407,0.00475912556144098,-0.011934000774885609,-0.017080326391281514,-0.027031663189139053,0.018918497883360186,0.015097653147387034,0.01499997929491611,0.018141292288879802,-0.3531113094962989,0.6529542525175975,-0.0287520965721484,0.03167552155877111,0.065421793245035,1
2012-03-13,NEOG,8.514629364013672,8.734683990478516,8.38459587097168,8.719679832458496,573857,0.03226756627959837,0.023480995088140277,-0.02706480841739123,0.003164551406762417,0.01519737055550584,0.017507998484073115,0.004204574328653341,0.049157231882960555,0.021518504095535275,0.01934598256167487,0.017984783721972368,1.1578925598080727,1.363745464535208,0.02408213671771221,0.04014919426326337,0.9571417675036912,1
2012-03-14,NEOG,8.72218132019043,8.87471866607666,8.66966724395752,8.84221076965332,715021,0.014052228929175792,0.04153172529272586,0.01902025032007426,0.016968691325438767,0.021079990929832076,0.029822927720341664,0.01745150232482705,0.060887014743992184,0.021245219069918095,0.01693009538147851,0.018245300370594995,0.24599159720975794,1.6191980064747902,0.013761402687770546,0.023190062695958576,0.8414646624374453,1
2012-03-15,NEOG,8.847211837768555,8.967242240905762,8.632158279418945,8.949736595153809,595051,0.012160513733682876,0.03799286936181523,0.045268485739006215,0.03829410259357813,0.025736473768828243,0.037661898202713026,0.02787221760162138,0.07102447874293487,0.021005153170469047,0.016278115182243688,0.01826008744274092,-0.16778528183088326,1.3106662569809022,0.011588369224706246,0.037440650674374146,0.9477574346612174,1
2012-03-16,NEOG,8.97724437713623,9.069766998291016,8.782196044921875,9.02475643157959,612647,0.008382351327122173,0.04125797202807213,0.06775149240923994,0.015761398966650297,0.025925325560226163,0.03945854858915277,0.035655380685208446,0.07657432056055584,0.020960807802836955,0.015097289514111241,0.017054115889217594,0.02957057462301549,1.3261202486230599,0.005292498727601295,0.03186467751781834,0.8434801353054321,1
2012-03-19,NEOG,9.00975227355957,9.332332611083984,8.984745979309082,9.20980167388916,431092,0.02050418132749332,0.0902899811107929,0.07847724082847685,0.038049508797783904,0.029115846588867,0.05264653509709047,0.05484740028354853,0.0948209853571506,0.009362576158646748,0.0157009030683234,0.017592013083028237,-0.2963452036817287,0.9233795977730096,0.02220365158281476,0.03774094644842898,0.6474808695342016,0
2012-03-20,NEOG,9.152288436889648,9.277318954467772,9.06476593017578,9.20730209350586,345914,-0.0002714043658929022,0.05592203732437717,0.08071613749624995,0.06662804312314208,0.01774564085978636,0.04415396462457814,0.05109909085709031,0.09061399901614299,0.007662947728197295,0.01556688229019331,0.016228908162232093,-0.19758659404489065,0.7576431745825931,0.006010918143102908,0.02308526668652603,0.6705910857060897,1
2012-03-21,NEOG,9.202301025390623,9.307327270507812,9.157288551330566,9.237309455871582,423094,0.003259083069174773,0.044683246815858446,0.08807074444052776,0.0729016599035388,0.012221222799043398,0.03874924138278355,0.05076020508091368,0.09008069603655579,0.008084665112925103,0.015156227583811308,0.016168363398863,0.2231190411489561,0.940485809710637,0.0038043126805311993,0.016242686238239625,0.5333350283168178,0
2012-03-22,NEOG,9.137284278869627,9.172292709350586,8.889721870422363,9.00975227355957,463084,-0.024634573887461153,0.006705859749912557,0.044953503965164954,0.02620338496641983,-0.014011286184669432,0.008763324464993977,0.023535905559091828,0.059917849688457925,0.01656623304299914,0.01813275214977048,0.016872757492346985,0.0945180030915116,1.007131283913833,-0.013957320514256102,0.03136277561786775,0.4247798661478179,1
2012-03-23,NEOG,9.027256965637209,9.344836235046388,9.00975227355957,9.28982162475586,430692,0.03108513338576402,0.02937089717443775,0.07184065285657204,0.04736396858171732,0.010774277341535325,0.032919905254247886,0.052840303239603155,0.08881051080696092,0.021359744763625257,0.0199879756793248,0.01804817595827886,-0.06994843268175965,0.9168292488225434,0.029085763274283492,0.036070010278117084,0.8358184317553696,1
2012-03-26,NEOG,9.39734935760498,9.712428092956545,9.39734935760498,9.619905471801758,891777,0.0355317744924486,0.04452905854371303,0.13883956750929927,0.06388273245430187,0.037430615053523374,0.05585295870881154,0.08669251809031556,0.1226151978698762,0.024707739785597146,0.018172843172223993,0.019167790853687004,1.0705678303753028,1.8861541861890316,0.02368286053095064,0.03275278912824407,0.7063507918058947,1
2012-03-27,NEOG,9.539884567260742,10.192547798156738,9.32733154296875,9.922480583190918,1019745,0.031453023345819675,0.07767514114579677,0.13794093061250567,0.1071427773351703,0.05380570978616293,0.07487269502426197,0.11482594454844897,0.15204831160887985,0.025783529670238003,0.01807963669292612,0.019929405034300334,0.1434977578475336,2.13201786994115,0.040104889449415364,0.08719757604300073,0.6878616029848608,0
2012-03-28,NEOG,9.914978981018066,10.037508964538574,9.829957008361816,9.867466926574709,1054136,-0.005544345101506587,0.06821872469613699,0.11595020562505609,0.1371758578807829,0.03412130179407263,0.05717196736777615,0.10128101700112646,0.14018563072247253,0.02708250947819809,0.019009380030005366,0.018141322860573274,0.03372509794115186,2.053438617898532,-0.004791947066586628,0.021033965223413754,0.1807254381208904,1
2012-03-29,NEOG,9.82245635986328,10.002500534057615,9.752437591552734,9.972493171691896,445489,0.01064368858783138,0.10685542386749414,0.11427784110337957,0.16471951166265852,0.02445541537975204,0.05684379045628034,0.1043114739406166,0.14699217342466292,0.017559422074009293,0.019006849798401157,0.01754151688493078,-0.5773894450051986,0.8613965235652874,0.015274876907745837,0.025075268360645695,0.8800007627474296,0
2012-03-30,NEOG,10.010003089904783,10.010003089904783,9.76244068145752,9.769942283630373,401100,-0.020310957809075103,0.051682441091772,0.0825712979292399,0.15591711900335392,-0.006155909080943112,0.027265785171429253,0.07404503800913724,0.11915072042774005,0.023834166895394266,0.021460255402544523,0.018074942742361107,-0.09964106857857324,0.7812749565828503,-0.023982091126077167,0.025339188427147306,0.03030186295206989,1
2012-04-02,NEOG,9.70992660522461,9.939985275268556,9.687421798706056,9.939985275268556,381505,0.01740470789915438,0.033272655787006444,0.07928331436816394,0.16398249095199113,0.004599701693696385,0.03718202471244152,0.08439161254404295,0.13379011515719735,0.020139309660091427,0.0212840050980812,0.01820336121504934,-0.04885315382697586,0.7301959435515213,0.023693142018206367,0.025408838098673774,1.0,0
2012-04-03,NEOG,9.882471084594728,10.002500534057615,9.834959030151367,9.89747428894043,316721,-0.004276765523375303,-0.0025201656018203344,0.07495922132514421,0.16172577763648666,0.0008091331270573561,0.025362032215833417,0.07169933499523895,0.12388902382338329,0.01480632566778244,0.02149074691513006,0.018264994227080018,-0.16981166695062977,0.6178814587083271,0.0015181632425000531,0.01692770286793888,0.37313296903461235,0
2012-04-04,NEOG,9.812453269958496,9.812453269958496,9.614904403686523,9.699925422668455,377506,-0.019959523056576,-0.01697918069074411,0.050081245952285025,0.14256268300633979,-0.015831902832773533,0.00010317540220524787,0.043471290879160206,0.09703333740618703,0.017255273435254705,0.02318282891135941,0.01914429520603499,0.19191970219846488,0.7241769787509709,-0.01146786070661377,0.020366019084054655,0.43037968572738006,0
2012-04-05,NEOG,9.622406005859377,9.76244068145752,9.572393417358398,9.584896087646484,399100,-0.011858785507066982,-0.03886661814376091,0.06383569676768563,0.11165883898061568,-0.019793391534534816,-0.017582544612105334,0.025785117907257557,0.08045482973658813,0.015560706018403276,0.021661854376187853,0.019466061664751132,0.057201739839896515,0.7562606577136977,-0.003898184943563124,0.01982778554522505,0.0657871627216114,0
2012-04-09,NEOG,9.42985725402832,9.56489086151123,9.332332611083984,9.379844665527344,325919,-0.02139318154772918,-0.03992834417831115,0.009690502617573094,0.08222732750869999,-0.03304808578917466,-0.03948584970957706,2.663387823915657e-05,0.05429726306811047,0.01578415337977688,0.02137650305480584,0.020373649375247858,-0.18336507141067404,0.6226135176625482,-0.005303642160607658,0.024793401033808213,0.20430173668778578,0
2012-04-10,NEOG,9.407352447509766,9.409852027893066,9.06226634979248,9.11227798461914,552262,-0.02852570489696482,-0.08327047452563285,-0.05276844857473861,0.07874477035630734,-0.04432206191563224,-0.06200932680156243,-0.031932417974750604,0.021959216296299957,0.009340875936217711,0.019445732010996804,0.020623555481126935,0.6944762348927187,1.0269185340775209,-0.03136636631156884,0.03814476234013988,0.14388289845529126,1
2012-04-11,NEOG,9.187296867370604,9.427356719970703,9.164791107177734,9.424856185913086,623444,0.034302970324386006,-0.04775138477050189,-0.050151208974984374,0.08087181720016967,-0.0016422978835602012,-0.024838295298255004,-0.0024614205938086786,0.05384125079290736,0.025184767468420785,0.020054554573380574,0.020774862903069773,0.12889172168282448,1.1539597377175774,0.02585736827403418,0.02785884554773514,0.9904765363940142,1
2012-04-12,NEOG,9.424856185913086,9.637409210205078,9.424856185913086,9.582395553588867,383904,0.016715307328641016,-0.012116574505297129,-0.0288900256881629,0.08371037551783767,0.017579273975340797,-0.005605152069116793,0.01025546738345066,0.06802231801813793,0.02666907014378744,0.021184976830293842,0.02085040323668958,-0.38422055549496026,0.7330481750269376,0.016715307328641082,0.022181616601329435,0.7411767873006757,0
2012-04-13,NEOG,9.504876136779783,9.57989501953125,9.302326202392578,9.37484359741211,334316,-0.021659714944560426,-0.02191494704935837,-0.059929805314511087,0.04749938701978018,0.0,-0.021072155785963918,-0.01383628709026428,0.04269804538098619,0.027892997319315833,0.021381784911585083,0.02153390123949198,-0.1291677085938151,0.6546585104911202,-0.01368061377091533,0.029607834440597357,0.2612591564393991,1
2012-04-16,NEOG,9.407352447509766,9.507376670837402,9.25731372833252,9.414854049682615,227943,0.004267852775863945,0.00373240553587606,-0.03634496741528459,0.04322527938127929,0.0035183456741078077,-0.013235454411470983,-0.011655339674292163,0.04465523546598547,0.026229589594255344,0.020956794689225237,0.021494790736693855,-0.3181810024049103,0.4638294032105631,0.0007974190628773079,0.026560469358875797,0.6300026696159495,1
2012-04-17,NEOG,9.50987720489502,9.78494644165039,9.50987720489502,9.689922332763672,544264,0.029216415000116625,0.06339187073962771,-0.02515727494356157,0.05213148728660566,0.020273812731814382,0.018263026444811974,0.014663509578018733,0.07270591850574383,0.02240093596126293,0.022538978592524298,0.02196547790532275,1.387719736951782,1.0948876549437407,0.01893243456140293,0.028387145666307765,0.6545447611387125,0
2012-04-18,NEOG,9.63490867614746,9.749937057495115,9.517378807067873,9.57989501953125,338715,-0.011354818898846708,0.016449994626962505,-0.03208690016644422,0.04046711210748577,0.005406259776070802,0.010071719958038917,0.0011890982338503143,0.05821129612258878,0.020556173080985757,0.0227177855186063,0.022185023767807857,-0.37766414828098127,0.6818815958100866,-0.005709826472190965,0.02427565750492136,0.2688195854093586,0
2012-04-19,NEOG,9.61240291595459,9.694924354553224,9.387347221374512,9.489871978759766,317521,-0.009397080091999688,-0.009655578744549809,-0.02165516071059692,0.027341567812004586,-0.0021036461394664937,0.002800930866252578,-0.009526341354917273,0.04579445104708706,0.019635772513745126,0.022079520672689715,0.02233377148521446,-0.0625717786339548,0.6460807417289585,-0.0127471703242327,0.03241109404501261,0.3333302327311945,1
2012-04-20,NEOG,9.704925537109377,9.70992660522461,9.454863548278809,9.51487922668457,461884,0.0026351512413207434,0.01493738298856706,-0.007304916018041729,0.056064466345802755,-0.0024119913328773555,0.006187913966559151,-0.009527226092268498,0.04602516426205687,0.016192300538902436,0.021832495099770376,0.02146427841343272,0.45465654240191977,0.9399403313592681,-0.019582459411781532,0.02680675717149136,0.23529741674238092,0
2012-04-23,NEOG,9.334834098815918,9.479869842529297,9.282320976257324,9.324831008911133,239140,-0.019973791915345096,-0.009561809487053874,-0.005865092501840308,0.0037685744214914774,-0.020488588742157397,-0.013335468830622976,-0.029487569012810827,0.023140686093213066,0.019111399083853037,0.021685830967948128,0.020972446365030296,-0.4822509547851842,0.49632689250571094,-0.0010715873253766774,0.021185248942655163,0.21518742909556107,1
2012-04-24,NEOG,9.354839324951172,9.60240077972412,9.354839324951172,9.522380828857422,300325,0.0211853512152127,-0.017290283466953826,0.045005523858085095,-0.01013779638793788,0.003795889279833835,0.003214102286978262,-0.008423687523061375,0.04226542269663806,0.015927927037372898,0.020160406243110555,0.019926713999269124,0.2558543112820941,0.6640730247047547,0.017909607860327893,0.02599785276626581,0.6767673265610422,1
2012-04-25,NEOG,9.614904403686523,9.857463836669922,9.614904403686523,9.837458610534668,403899,0.0330881307248716,0.02688584691985696,0.04377811358419237,-0.00856862071368325,0.0314088816132262,0.03192291378055343,0.02483938654250388,0.07405923281073731,0.021715083137532877,0.01996419637078372,0.02006680176814106,0.34487305419129277,0.958345103085231,0.023146793509752767,0.02465671700246323,0.9175244356024566,0
2012-04-26,NEOG,9.78494644165039,9.79494857788086,9.674919128417969,9.754939079284668,262334,-0.00838829768103233,0.027931578120144795,0.01800630382359647,-0.01140392444457905,0.017103855414949177,0.02141813664354143,0.016838740672319434,0.06258958864679895,0.0215460111991498,0.019831529006104295,0.020116384786709407,-0.3504960398515471,0.6869818106970129,-0.0030666864192525336,0.012304479657672287,0.6666693151120292,1
2012-04-27,NEOG,9.707427024841309,9.92998218536377,9.67741870880127,9.892473220825195,253936,0.014098923675760489,0.03968458087010274,0.0552147476418674,-0.008024066749310665,0.023385777964430882,0.030235173273510597,0.03160531107255926,0.07459120168046225,0.021746114444083378,0.018260653207449067,0.020230570770992072,-0.03201262512674685,0.6820975973100315,0.019062331914559177,0.025530872909599045,0.8514869804253262,0
2012-04-30,NEOG,9.85496425628662,9.909976959228516,9.724930763244627,9.749937057495115,235941,-0.014408546795963928,0.04558860618253946,0.03559088712838787,-0.002047629919859073,-0.0001538954502223807,0.011859928114005698,0.01684744410426061,0.05712081338389225,0.02003101691081864,0.01932880890193075,0.019963180093099924,-0.07086431226765799,0.6481380121004112,-0.010657288657795546,0.018979219547026416,0.13513541371401938,0
2012-05-01,NEOG,9.732433319091797,9.829957008361816,9.51487922668457,9.639909744262695,407898,-0.011284925490656184,0.01234238763577955,-0.005161299212055992,-0.03018872993227384,-0.0138142790933713,0.0009606993783735165,0.00694805331843493,0.04345423101987803,0.020399593438069304,0.01754179750338994,0.01968200375001205,0.728813559322034,1.116462468995365,-0.009506725789489981,0.03268472320135241,0.3968242918067818,1
2012-05-02,NEOG,9.549886703491213,9.734933853149414,9.452363014221191,9.734933853149414,228343,0.009857364996936235,-0.010421874332001035,0.016183771669947777,-0.01642241556238655,-0.001999575646720719,0.009202872316931223,0.01773788338540846,0.051230277098819714,0.01304570351968103,0.017348688222268906,0.019824564256616568,-0.4401958332720435,0.6326522865810156,0.019376894763636566,0.029026477548874795,1.0,0
2012-05-03,NEOG,9.689922332763672,9.689922332763672,9.484870910644531,9.599900245666504,275931,-0.01387103492636721,-0.015893367693848637,0.011594283584963394,-0.01031195319999012,-0.01270442304220645,-0.0059296953220892325,0.004145829539461617,0.03443633096779217,0.01391568692453919,0.017721525099083344,0.019557255901733617,0.2084057755219122,0.7754117278596558,-0.00929027953018615,0.021359745088153703,0.560977991926032,0
2012-05-04,NEOG,9.522380828857422,9.522380828857422,9.267316818237305,9.442360877990724,399100,-0.016410521322541283,-0.045500486358347136,-0.007621573218761113,-0.014870814284514422,-0.019831763657031126,-0.021508130330136363,-0.011595914882928826,0.016009716932263027,0.010822042907168192,0.018564731528939206,0.019724157924426694,0.44637608677531704,1.121536980581336,-0.008403355453312502,0.027012736953810772,0.6862750229946154,1
2012-05-07,NEOG,9.417353630065918,9.684921264648438,9.362340927124023,9.624905586242676,259935,0.019332528232155033,-0.012823823427282943,0.03218016251927591,0.026126330387535646,0.0017176138836306027,-0.005683344975710932,0.006221834763915068,0.033971358420317434,0.016041654116971487,0.01816636203432001,0.019562283310288243,-0.3486970684039088,0.7372960139894356,0.022039307891563695,0.033515169019994656,0.8139512195121951,1
2012-05-08,NEOG,9.527381896972656,9.71492862701416,9.497373580932615,9.687421798706056,273132,0.006495254618677837,0.004928682498468229,0.017331901844177544,0.06311745702421678,0.0072279077583714225,-0.0009284050184717769,0.0097218951700421,0.03924671487378267,0.015564171072241919,0.017125286507478896,0.018259926818433872,0.050770384903918275,0.8066622316763156,0.016797888807653778,0.022457476364929566,0.873563823025307,0
2012-05-09,NEOG,9.56239128112793,9.724930763244627,9.534884452819824,9.637409210205078,299925,-0.0051626314555290875,-0.010018007766204318,-0.020335475680208992,0.02255238913986668,0.0040641844783615285,-0.004031435276426707,0.0033975873761159484,0.03238593959826587,0.014881225718154168,0.013193394612770366,0.016798336363377096,0.09809542638724134,0.9302327745268352,0.007845101384336963,0.01971964729105436,0.5394724957095164,1
2012-05-10,NEOG,9.732433319091797,9.767441749572754,9.584896087646484,9.672417640686035,379905,0.003632556189882008,0.0075539738084535735,-0.008459451968682474,0.0093945283925847,0.006191118102302064,0.0004396611267377997,0.0065707743331159035,0.033931512090546664,0.013347723374007647,0.013091284853709053,0.016414717312569015,0.2666666666666666,1.1790260268354462,-0.006166564561817333,0.018872806025084142,0.47945019408295153,1
2012-05-11,NEOG,9.577393531799316,9.859965324401855,9.577393531799316,9.782445907592772,849787,0.011375466919864463,0.03601694893855978,-0.011122326113635506,0.043478305098676895,0.010487213881057396,0.012972930034083676,0.015866456918195534,0.04297197186910329,0.009092158437607727,0.012771974308986264,0.01570417640353318,1.2368407891446545,2.441966488396746,0.021410039705754037,0.028885597249581244,0.7256647024279548,0
2012-05-14,NEOG,9.64491081237793,9.757438659667969,9.502375602722168,9.577393531799316,403899,-0.02096125833257112,-0.004936365766670003,-0.01769688611098863,0.017264153141299143,-0.009721851512802781,-0.006485154827258102,-0.006266046643109252,0.01866570575201959,0.012713596540203568,0.013670309808132592,0.016525099243876906,-0.5247056026980879,1.1320334302435573,-0.007000301183911835,0.026631782029100957,0.294115227722254,1
2012-05-15,NEOG,9.57989501953125,9.739934921264648,9.442360877990724,9.64491081237793,247938,0.0070496508631956445,-0.0043882662705783115,0.000518787856723435,-0.004645188974688574,-0.0018632687310952873,0.00046687495254707517,0.0009731739446321966,0.02344065427214252,0.012796626329133785,0.013469950059874987,0.015224128201773313,-0.38613861386138615,0.7250191827224494,0.0067866915779481,0.030852959562055072,0.6806707068894219,1
2012-05-16,NEOG,9.692422866821287,9.764941215515137,9.657414436340332,9.742436408996582,185953,0.010111612073539611,0.010897866480577667,0.000770683803335892,0.016966928043986584,0.006042547182102763,0.010504566343470722,0.010242539557490753,0.031113459552725795,0.013311549139506497,0.013490566978647636,0.015147113818141916,-0.25000201663319055,0.556185493468702,0.005160066049790202,0.011036949553554167,0.7907050997782705,1
2012-05-17,NEOG,9.724930763244627,9.877469062805176,9.679920196533203,9.7474365234375,461485,0.000513230390326358,0.007755959837373538,0.015368521963297965,0.02714099255018576,0.005001779930571928,0.009478408284003507,0.009413047904615729,0.02890322983102624,0.01330315620680097,0.012563380641027072,0.014951641705684493,1.4817292541663756,1.3512104926442277,0.002314233462507865,0.020266750729483664,0.3417702575490598,0
2012-05-18,NEOG,9.729931831359863,9.799949645996094,9.51487922668457,9.632408142089844,465484,-0.011800885399055772,-0.015337449030663586,0.020127091789311047,0.012352118466796957,-0.0037759080292234957,-0.004393878240580607,-0.0031055756556821177,0.014597358888171355,0.013089246441188732,0.011896073135289013,0.015236931906944971,0.008665503754184956,1.3622014869137833,-0.010023059869309438,0.029594927364620025,0.41228029091590335,1
2012-05-21,NEOG,9.63490867614746,9.76244068145752,9.50987720489502,9.752437591552734,470282,0.012461001204715272,0.018276795160627746,0.013250208448002398,0.04585676482854928,0.004999182432272858,0.006685386998507783,0.007088311148300736,0.024897069181835964,0.009740528094872027,0.010948099359226004,0.014632123125242412,0.010307550850297664,1.3312193790839684,0.012198238650277422,0.02589747170299893,0.9603937590623489,0
2012-05-22,NEOG,9.767441749572754,9.812453269958496,9.48237133026123,9.519880294799805,379905,-0.02384606869510897,-0.01296336689994737,-0.017294746464805555,-0.0002625954687759391,-0.016431533765168736,-0.015617681558441128,-0.016914093358947318,-0.001793426676521098,0.015281723107785137,0.013318137797947686,0.015039529889808218,-0.19217618365151123,1.0634131895089889,-0.02534557780022369,0.03467290863705204,0.11363531301644535,0
2012-05-23,NEOG,9.407352447509766,9.56489086151123,9.31732940673828,9.51487922668457,243939,-0.0005253288865372241,-0.02335731769333138,-0.01271399614232016,-0.03279092666317862,-0.012303966016143164,-0.01488667296698761,-0.015791254237192128,-0.003978790202617421,0.013748471712264313,0.013263354224521587,0.01288173862250806,-0.35789473684210527,0.6984600830459101,0.01143007873626211,0.026018349668450076,0.7979829498395543,1
2012-05-24,NEOG,9.49987506866455,9.572393417358398,9.367341995239258,9.549886703491213,215546,0.003679235014193649,-0.020266848567957685,-0.012668077594107263,-0.021020364568846928,-0.004587466578798385,-0.010006292044259294,-0.011121393693082253,-0.0017931331621497434,0.01411319064450751,0.013265251647877535,0.0128288924734143,-0.11639385256150103,0.6213254497090338,0.005264451844385396,0.021471607830088568,0.89023868435251,1
2012-05-25,NEOG,9.529882431030272,9.65991497039795,9.467367172241213,9.567392349243164,216746,0.001833073657884432,-0.006749692484746994,-0.021983618450953202,-0.032861435591019394,-0.0014093551367107475,-0.005975518956475686,-0.007638477066115566,-0.0012529443966336489,0.013536038358249196,0.012586419830417712,0.012354345253328205,0.005567257105211887,0.6281515022154522,0.003936031581119644,0.020125420922239918,0.5194823205432321,1
2012-05-29,NEOG,9.599900245666504,9.71492862701416,9.452363014221191,9.642411231994627,178355,0.007841100271945844,-0.011281934236975655,0.006788663322587318,-0.011028360990067099,0.008737549139136002,0.001142439777190764,0.0007007666032411302,0.00528197136391507,0.012480099466018,0.010998386652300112,0.012139832235843417,-0.17712437599771158,0.5212400460116244,0.004428273757043791,0.027230285711290336,0.7238122911521071,0
2012-05-30,NEOG,9.554888725280762,9.699925422668455,9.49987506866455,9.60240077972412,299125,-0.004149423967497734,0.008668227159262853,-0.004407509149722211,-0.0038910078552238936,0.0028204292515120783,-0.0025714908014525845,-0.003257562961268429,0.00029177292349406213,0.004494709617847806,0.010852785975810084,0.011908345136243805,0.6771326848139945,0.8883078200042615,0.004972538750519201,0.020833368507833933,0.5124995232828605,1
2012-05-31,NEOG,9.60240077972412,9.827457427978516,9.60240077972412,9.737434387207031,806998,0.014062484016293286,0.023390224428524897,-0.0005134261677018914,0.000256861946402287,0.01221730316166184,0.011507386974716016,0.010745994222939769,0.013239249082863426,0.00680230186943109,0.011338539519823106,0.012128992864736812,1.6978620977852068,2.206911451218795,0.014062484016293215,0.023112520126458983,0.5999983050057449,0
2012-06-01,NEOG,9.4923734664917,9.697423934936523,9.389846801757812,9.62740707397461,532267,-0.011299415108457667,0.0081174125819794,-0.012313950357540904,0.00286532438923226,-0.0008304878721335256,0.0013264435925419314,-0.0008174881119732924,0.0009776039675910733,0.009921610024951321,0.011882215756531339,0.011986067573135806,-0.34043578794495155,1.4063082502807904,0.014225484064610602,0.03194807603079048,0.7723599923105067,1
2012-06-04,NEOG,9.699925422668455,9.764941215515137,9.527381896972656,9.744935989379885,295126,0.012207743424809125,0.018557160995991362,0.011682213381131401,0.03204443415146674,0.0076536785594641926,0.012365528981409694,0.009794755331725814,0.011650704940722775,0.010994340752616983,0.011921981102808692,0.011599259866682794,-0.44553015685736674,0.7906150394897647,0.004640300285839404,0.02437771975119946,0.9157885017603518,1
2012-06-05,NEOG,9.694924354553224,9.907477378845217,9.694924354553224,9.90497589111328,758610,0.016422878704160482,0.027230186807158052,0.015641043393363363,0.029098498926672267,0.018670885833853,0.027363459127816857,0.024891293431468366,0.02695327672670616,0.012378791182832137,0.01239332004884359,0.01138191763186874,1.5704614300332738,1.9050005857309904,0.02166613465750295,0.021459216723858383,0.9882312296413117,1
2012-06-06,NEOG,9.992498397827148,10.295074462890623,9.914978981018066,10.292572975158691,406698,0.03913155249506084,0.07187496244604796,0.08116621810685665,0.062467722478385834,0.0437163951074763,0.059077786679631185,0.06167297262205457,0.06565312584316334,0.017893340860409886,0.013920393850601736,0.014141265905452137,-0.46389053663937996,1.0044439515913426,0.03002998503325191,0.03692910244988537,0.9934187911952856,1
2012-06-07,NEOG,10.380094528198242,10.567642211914062,10.327582359313965,10.460115432739258,458285,0.01627799559788734,0.07421678203877602,0.09934295365555079,0.08536591158368734,0.04538415884860666,0.06594978420646967,0.07439612795927444,0.0817954678631415,0.017919436212630407,0.013801290271082931,0.014291513643579713,0.1268435055003958,1.110141754214613,0.007709072814667855,0.022950019447082873,0.5520834574787166,1
2012-06-08,NEOG,10.430108070373535,10.617653846740724,10.425106048583984,10.540135383605955,196751,0.007650006482360805,0.09480520586884578,0.1036921914217821,0.08971053310084076,0.03450818301850712,0.06337354912641986,0.07781218851266128,0.08855663525858715,0.012166515361679673,0.013668475877652114,0.014311325160215391,-0.5706798171443535,0.48741889657097903,0.010549009894245485,0.018268057396703594,0.5974066497936961,1
2012-06-11,NEOG,10.615154266357422,10.677668571472168,10.482621192932127,10.592647552490234,454686,0.004982115217035732,0.08698995704376022,0.10716140467764701,0.08282199079359231,0.02264491986369149,0.05773065763593121,0.07871342827093579,0.09258040099942177,0.013439257484720548,0.013494640044909877,0.014218458452402633,1.3109717358488648,1.184374527062632,-0.0021202436914664505,0.018413468169644422,0.5641006835450505,1
2012-06-12,NEOG,10.632658004760742,10.800200462341309,10.557639122009276,10.767691612243652,239140,0.016525052767593085,0.08709922473454967,0.11670113970198814,0.12428204777137442,0.022511375165925322,0.06326235791172964,0.0899333966128836,0.10835406846508873,0.013438441768304409,0.01359694060188429,0.013175985698069973,-0.47405462231078155,0.6365761922260987,0.012699891920011839,0.02252677259592233,0.8659767873431268,0
2012-06-13,NEOG,10.717679023742676,10.91022777557373,10.52263069152832,10.592647552490234,399900,-0.016256414657565,0.029154476539129615,0.10312491589156147,0.09826288273148287,0.00018885018834764936,0.03584873324053223,0.06709653364030431,0.08887318023455115,0.013373347047087506,0.015517106837931172,0.014074201440580905,0.6722422012210421,1.043405975593067,-0.011665909286465988,0.036591143255237414,0.18064341514424556,1
2012-06-14,NEOG,10.567642211914062,10.79019832611084,10.510128021240234,10.770193099975586,403899,0.016761205978538696,0.02964380930881627,0.1060606594818636,0.10549277899622012,0.011032927576077226,0.042680478536144324,0.07939457283985747,0.10514113509153451,0.013469076069651403,0.015619315059564017,0.01428349215351094,0.010000000000000009,1.0247047306896022,0.01916708419908138,0.02600420459232438,0.9285706989018473,0
2012-06-15,NEOG,10.692672729492188,10.717679023742676,10.577644348144531,10.597648620605469,574256,-0.016020555784696966,0.005456593763394135,0.10077911312732124,0.08722417377365344,-0.006237437499039701,0.016428769828437183,0.057596250950705606,0.08543643113005547,0.01652714969982609,0.016394819864481686,0.01502365661069049,0.4217811878712252,1.436358538358814,-0.008886843475965208,0.013213749635543589,0.14285227837670342,1
2012-06-18,NEOG,10.487622261047363,10.787696838378906,10.457613945007324,10.74268627166748,359510,0.013685833174352346,0.014164420975374847,0.10238654039133266,0.11526485518467156,0.004536380542377408,0.020573069385381813,0.06616375679658494,0.09768817607226578,0.01745750075626773,0.016425891459754375,0.014662934441122665,-0.373955169819732,0.9113026779132738,0.024320480302524244,0.030726289963631838,0.8636385961972397,1
2012-06-19,NEOG,10.767691612243652,10.962740898132324,10.74518585205078,10.912728309631348,447088,0.015828632956761624,0.013469618429894359,0.10174203648715796,0.11897443148814624,0.017676428553006163,0.026896032603725174,0.07683956934660924,0.1115809381736221,0.017324276119840606,0.016400791302777502,0.014765196954914303,0.2436037940530167,1.1366408070340912,0.013469618429894295,0.019935898696344816,0.770115244845984,0
2012-06-20,NEOG,10.860215187072754,10.97524356842041,10.852712631225586,10.912728309631348,226743,0.0,0.030217257352800786,0.060252702212499454,0.14630940428866324,0.01163707200612682,0.020938134886931692,0.06948989524082062,0.1075186573919057,0.014074529048021686,0.012943771440538984,0.013121717547808448,-0.49284480907561823,0.5878992977141354,0.004835366671288588,0.01122825875603271,0.4898002070312804,0
2012-06-21,NEOG,10.930233001708984,10.962740898132324,10.720179557800291,10.90522575378418,562259,-0.0006875050522926474,0.012537626071801755,0.04255309837707566,0.14612340251260036,0.008416921423318183,0.016005364101542092,0.061522495833009894,0.10344159399564384,0.0128664070207284,0.01254437789577677,0.013126617611808115,1.4797193298139302,1.4000494024642467,-0.00228789705772006,0.022242670239803405,0.7628841254364186,1
2012-06-22,NEOG,10.927732467651367,11.160289764404297,10.922731399536133,11.127781867980955,549463,0.0204082078832295,0.050023667169406316,0.055753219763099215,0.1652265847209371,0.01900617143531029,0.031095053685480153,0.07493114858403689,0.12245052128592214,0.009617625624522105,0.013538356721094703,0.013438286844851769,-0.022758195066686304,1.313576953121031,0.018306579239726162,0.021348222645495393,0.863158275056396,1
2012-06-25,NEOG,10.94273567199707,11.352837562561035,10.93523406982422,11.285321235656738,426693,0.014157301926369215,0.050512036772440316,0.06539193150098366,0.1795608274128606,0.023263196215310835,0.03902382984362248,0.08117819793842314,0.1339708787918912,0.009666856582530517,0.013805918305335597,0.013434755730721967,-0.22343633693260512,0.9951034602742679,0.03130712227074616,0.03700412987956143,0.8383243242008813,1
2012-06-26,NEOG,11.317829132080078,11.43285846710205,11.20530128479004,11.377843856811523,470282,0.008198492468469043,0.042621380646824525,0.05666509281098686,0.17997911342533612,0.023023620978292927,0.041690472186760266,0.08105534713500735,0.13877537534227222,0.009090183785736963,0.01337445408099407,0.013434243871756894,0.10215541384555182,1.0606534059994053,0.0053026710362091625,0.02000002682193422,0.7582383041854716,1
2012-06-27,NEOG,11.417854309082031,11.607901573181152,11.18029499053955,11.462865829467772,604649,0.007472590916718147,0.050412463705422184,0.0821530474477985,0.19374998944764976,0.020571766070009836,0.04117929230164904,0.07959164071013249,0.14322769092002657,0.007896665065870187,0.010949502693902822,0.013110562266181196,0.2857158045598174,1.3182797951839158,0.003942204828269457,0.03730363671729861,0.6608196655500451,0
2012-06-28,NEOG,11.392848014831545,11.457863807678224,11.04526138305664,11.455364227294922,436291,-0.0006544264134685784,0.05044723382455807,0.06361734845040878,0.17642530586341043,0.01000974003009084,0.03406247854010566,0.07022712534325834,0.13822152666145726,0.007885573251011867,0.010781426641202563,0.013222540713452777,-0.2784392267249264,0.991278027527334,0.005487320850940141,0.036018272002078106,0.9939419154271936,1
2012-06-29,NEOG,11.640410423278809,11.687921524047852,11.500374794006348,11.55288791656494,312322,0.008513364336128815,0.03820222696916664,0.09013690962560861,0.19999994056503612,0.011029393968295928,0.03395024716571566,0.06971680796749122,0.14322476000127105,0.005299124251630239,0.007421088839292281,0.012398115307335948,-0.28414292295738397,0.7277984389671677,-0.0075188505844123055,0.016233753101040024,0.2800002033998187,1
2012-07-02,NEOG,11.637908935546877,11.892972946166992,11.510377883911133,11.892972946166992,417895,0.02943723093811257,0.05384443187938115,0.10707626057490405,0.22042596884454202,0.02983845209211442,0.05354095447266352,0.09036301735813584,0.17136507665525863,0.011196038844395947,0.009867234041582136,0.013189244916769703,0.33802613968916706,0.9600800420887218,0.021916652899821792,0.03216984214019983,1.0,1
2012-07-03,NEOG,11.85796356201172,11.975494384765623,11.795449256896973,11.952987670898438,279530,0.005046234024335128,0.05054945570751479,0.09532532394753912,0.20676595302191791,0.02482737131378924,0.04918893051173052,0.08567271289429287,0.17121262250870162,0.011450475785921978,0.009780750828117605,0.013147079820426417,-0.33109991744337697,0.6795974880688131,0.008013526807515,0.015062771988546492,0.8749940410295068,0
2012-07-05,NEOG,11.882970809936523,11.96549129486084,11.80545139312744,11.855463981628418,291927,-0.008158938330326992,0.03424956359092923,0.08638863217780579,0.15184648291945968,0.009668647437415438,0.03208814968326145,0.06922567182510093,0.15636968726323755,0.014122562747842578,0.010907829144146258,0.01171642773050137,0.044349443709083,0.7197793669757355,-0.0023148107277267986,0.0134992524950017,0.3125007448723067,0
2012-07-06,NEOG,11.722930908203123,11.845460891723633,11.63290786743164,11.667917251586914,267533,-0.015819434003775168,0.018554890099918175,0.06993816680393583,0.11546735087333171,-0.009888347932802952,0.009061255596139425,0.046610774446803865,0.13402716548814878,0.0173851577593348,0.013128078216948502,0.012568790549413164,-0.08356198638700774,0.6755186996492912,-0.004692824435032142,0.0182168779319277,0.16470894390653182,0
2012-07-09,NEOG,11.602901458740234,11.640410423278809,11.50287628173828,11.59289836883545,456286,-0.006429500752695327,0.0034632424861615885,0.04179777303083365,0.099881353219329,-0.01692181930725698,-0.001443106062241553,0.03499472169963081,0.12272478321171373,0.017655411352554315,0.012789543993002124,0.01283662389579936,0.7055316540389409,1.115565687148915,-0.0008621196982802977,0.011863654555124418,0.6545435634296061,0
2012-07-10,NEOG,11.612902641296388,11.612902641296388,11.290323257446287,11.335333824157717,567058,-0.02221744178920171,-0.046888118263902934,0.0044316495256653265,0.07011337514886762,-0.029585545382723993,-0.024048910377148028,0.008655800358579093,0.0947212898874122,0.01030153698913353,0.014669879612141714,0.014191192431695051,0.24276878975028815,1.3676036969275716,-0.02390176045665065,0.028457863601919178,0.13953330238966916,0
2012-07-11,NEOG,11.385346412658691,11.420354843139648,11.062766075134276,11.170292854309082,677431,-0.014559868496938466,-0.06548110297937959,-0.018241681386600095,0.03738974485558666,-0.03072515512335222,-0.03653694512278461,-0.007807350662033137,0.07583080829370076,0.006344209252154954,0.015108326228823377,0.014389230521367435,0.19464146524694126,1.5517806348975463,-0.018888626709724358,0.03201247923123416,0.30069954315005454,0
2012-07-12,NEOG,11.112777709960938,11.22780704498291,11.04526138305664,11.167792320251465,1112922,-0.0002238557296778687,-0.05800461816109348,-0.025741687428440185,0.05429660195066344,-0.01923751193302394,-0.03429482894932049,-0.010556832462141995,0.07243373856308266,0.008589713113892793,0.01477950124235746,0.013755041290661347,0.6428566156553213,2.356877678475847,0.004950572370507781,0.016345724982299737,0.6712344511605794,0
2012-07-13,NEOG,11.167792320251465,11.222805976867676,11.012752532958984,11.027756690979004,1130117,-0.012539240098378479,-0.05486502404881588,-0.037328148440452846,0.023914482183611252,-0.020522419507894605,-0.04286491365903835,-0.024077206212867464,0.056363311918420374,0.008332159517923187,0.01508862647900636,0.013743083012941712,0.015450319069979734,2.222396586909571,-0.012539240098378528,0.01904770387983992,0.07143019291100851,0
2012-07-16,NEOG,11.002751350402832,11.057764053344728,10.865216255187988,11.002751350402832,976956,-0.002267491138667088,-0.05090590805307815,-0.04761896507048269,0.03822571820410281,-0.01238997544264868,-0.04045355195924326,-0.028032371706595494,0.05114294568139697,0.009099684286399047,0.014492786145289054,0.013164178695474944,-0.1355266755566017,1.8480282948333744,0.0,0.017499968146575492,0.7142906672081796,0
2012-07-17,NEOG,11.030258178710938,11.085270881652832,10.815203666687012,10.927732467651367,466683,-0.006818193046661758,-0.035958478402962846,-0.08116057127891763,0.017225318817317037,-0.011893436629046055,-0.03890559408296635,-0.035447797943140825,0.04102154123181766,0.006240668223366135,0.008115474058307922,0.0130002774217316,-0.5223090906857627,0.8739277282070027,-0.009294951160567675,0.024713929972689407,0.41666960937334474,1
2012-07-18,NEOG,10.927732467651367,11.065265655517578,10.850213050842283,10.970243453979492,644639,0.003890192814837601,-0.01790905600585202,-0.08221745424464899,0.0052704642428771376,-0.0044478325922932774,-0.026754760903639905,-0.03194122905651058,0.04239938516859608,0.00631552364062339,0.007908259371998043,0.012546559750703588,0.3813209394814039,1.1852510080505227,0.0038901928148376086,0.019603266379405983,0.5581443820150015,0
2012-07-19,NEOG,10.960240364074709,11.000249862670898,10.842711448669434,10.877718925476074,833392,-0.008434136297116979,-0.025974103605900467,-0.08247210380525694,-0.0032081238680133906,-0.007619726218911517,-0.02651903213343267,-0.03995767237433116,0.031274845711139,0.006288245818878186,0.007907363833457935,0.01269930812808347,0.2928041896317164,1.451355273029471,-0.0075291632169967706,0.0144826700414646,0.22221549600159815,0
2012-07-20,NEOG,10.755188941955566,10.85771369934082,10.622655868530272,10.747687339782717,542264,-0.01195393874250772,-0.0253967655475561,-0.07886839544384328,-0.014446139636017707,-0.014446225823809087,-0.030168994180118994,-0.0507740588015429,0.016806443752041513,0.006121486851819117,0.007600605989523756,0.012974374509497663,-0.3493290072378904,0.9460018301980586,-0.0006974867864558225,0.02187054976380628,0.531917914928848,0
2012-07-23,NEOG,10.547636985778809,10.645160675048828,10.305075645446776,10.57014274597168,584654,-0.016519329991471987,-0.0393182205662872,-0.08822259889840722,-0.05011233403251947,-0.022975230483601464,-0.037305278398020725,-0.06415009661898836,-0.0016862746472774488,0.0076021218085992855,0.008004999110725879,0.012436645684732807,0.07817225558030771,1.0168316532058197,0.002133725328546594,0.03217411890976214,0.7794141977818606,0
2012-07-24,NEOG,10.565140724182127,10.565140724182127,9.759940147399902,9.93498420715332,926968,-0.06008987334257343,-0.09084668419883202,-0.12353845407005037,-0.11965428367576603,-0.0645161116518978,-0.08346404182202413,-0.1150954633589051,-0.06194510582834088,0.02438780521139802,0.017814835290931506,0.017325242770326658,0.5854984315509686,1.5449725449567948,-0.05964487681517264,0.08104699111675182,0.2173918707968841,0
2012-07-25,NEOG,9.832457542419434,10.13503360748291,9.537384033203123,9.92998218536377,557061,-0.000503475565260536,-0.09482572314640514,-0.11103653996563279,-0.12725272816790933,-0.04630389188876886,-0.07332218247372511,-0.10980097081437593,-0.06304124310939883,0.023434411301249607,0.018223688846422524,0.0170515523173891,-0.39905045265856,0.921784478617521,0.00991864368837523,0.06018636923243312,0.6569035920986924,0
2012-07-26,NEOG,10.022505760192873,10.022505760192873,9.734933853149414,9.85496425628662,337516,-0.007554689190452213,-0.09402289912034045,-0.11755484220316204,-0.1402704696279088,-0.034541865233740636,-0.06891579652249898,-0.11011252810425405,-0.07048813224644333,0.023541289380403195,0.017861479289617052,0.016724846615863483,-0.39411303250451923,0.5711198791483018,-0.016716528572294817,0.029180410964962423,0.4173926597046417,1
2012-07-27,NEOG,9.867466926574709,10.072518348693848,9.867466926574709,9.907477378845217,392302,0.005328595943419945,-0.0781758842041721,-0.10158723514912193,-0.13512332019627316,-0.013151316532786853,-0.0539410980393883,-0.09907448274428463,-0.06582597593067555,0.02603110514218231,0.018706286403760507,0.016904263376288076,0.1623211936619302,0.6663045575474954,0.00405478453266999,0.02069663288426695,0.1951239930794577,0
2012-07-30,NEOG,9.9199800491333,9.9199800491333,9.76244068145752,9.797449111938477,230342,-0.011105578413096007,-0.07310153255287677,-0.10954553093851627,-0.15194805119761035,-0.008854078802071298,-0.05355465224701826,-0.10191174013470101,-0.0762876373853069,0.02610970015223588,0.018481958107222838,0.016515699494570605,-0.41284520598926333,0.3939666870655055,-0.012351933833327581,0.01607963112396419,0.22222020436825027,0
2012-07-31,NEOG,9.777443885803224,9.907477378845217,9.614904403686523,9.619905471801758,348313,-0.01812141488138752,-0.031714065043475514,-0.11967963159064166,-0.19112693559921246,-0.020571280874277252,-0.05881486852386601,-0.10890283471263057,-0.09300522970066895,0.009126827597711594,0.01851784350282396,0.01407368686573344,0.5121558378411233,0.5993051898098865,-0.016112433458218178,0.030413290028295445,0.01709340417556259,0
2012-08-01,NEOG,9.654913902282717,9.932482719421388,9.484870910644531,9.484870910644531,432692,-0.014036994599691766,-0.04482498220140885,-0.13540014399554068,-0.20648534309651745,-0.025486922020713048,-0.05834165080691876,-0.1112517452737814,-0.1052852906153943,0.008949225296505867,0.01759909112003642,0.013606753962508718,0.24225050457490815,0.7348050310705833,-0.017612067115169407,0.04719218774759692,0.0,1
2012-08-02,NEOG,9.37484359741211,9.567392349243164,9.37484359741211,9.549886703491213,273132,0.006854683997197686,-0.030956738640710246,-0.12206899544674044,-0.19447381238811035,-0.012617064466544564,-0.039221199198554275,-0.0953882010280339,-0.09920329858747284,0.011521016802299243,0.018789067582390843,0.014196723066464084,-0.36876115111904084,0.4645789032919068,0.018671576145272796,0.020162412163556184,0.9090846054026303,1
2012-08-03,NEOG,9.617403984069824,10.342585563659668,9.617403984069824,10.01750373840332,617846,0.048965715450965286,0.011105385897023146,-0.0679386716690773,-0.14144885308979427,0.03337973129113068,0.015282395597379603,-0.04361742356999404,-0.05599025835657536,0.02766700225308283,0.027114568189880936,0.019395645827543148,1.2620784089744155,1.0205099295755224,0.0416016375101033,0.07239144586587694,0.5517235484108531,1
2012-08-06,NEOG,10.007501602172852,10.2525634765625,9.84996223449707,10.060014724731444,281530,0.004243670622767315,0.02679938520660685,-0.04826122347634787,-0.13222609181365486,0.03217364839302591,0.024889794876595293,-0.0324792032405903,-0.052894785071790615,0.02660974651694801,0.02707218533528031,0.019570286651678516,-0.5443362909203912,0.4718188261292404,0.005247375883226459,0.040019945604620105,0.521738306510828,1
2012-08-07,NEOG,10.042510986328123,10.185046195983888,10.042510986328123,10.085021018981934,368708,0.002485711495930021,0.04834928456870391,0.015101867169611038,-0.11030224822414425,0.024956818181597902,0.025869294518057587,-0.02420733595564632,-0.051465042734841815,0.023426238504342466,0.01878498852181087,0.019329617595182872,0.3096579405391966,0.6283652258265285,0.00423300832945899,0.014133357718093677,0.2982423273272319,0
2012-08-08,NEOG,10.01500415802002,10.085021018981934,9.754939079284668,9.949987411499023,205149,-0.013389521670678861,0.049037725999255155,0.0020146286027320492,-0.10924560875226386,0.0017623682388502005,0.0119274708422128,-0.03155539219448987,-0.06470660892985095,0.023263429155433574,0.019382041469587538,0.01930297144536458,-0.4436003558371394,0.3642823620243863,-0.00649193405166294,0.033174106262264795,0.5909088282541113,0
2012-08-09,NEOG,9.852462768554688,9.9199800491333,9.61240291595459,9.712428092956545,365509,-0.02387533860273383,0.017020242701508703,-0.014463387144113549,-0.13031798815382611,-0.025345020826007165,-0.010798681589285335,-0.047934214753348844,-0.08722586280078289,0.02785320962755489,0.02076127224964351,0.01967780412672466,0.7816757576200712,0.6951633512819266,-0.014213164656158881,0.03166840775910258,0.32520355453029554,1
2012-08-10,NEOG,9.70992660522461,10.002500534057615,9.697423934936523,9.924981117248535,599850,0.021884643289779904,-0.009236095495536278,0.001766719996827204,-0.09999999135205517,-0.0021621057740496873,0.01066946045330578,-0.02181147856732748,-0.06757881688980458,0.017588837433932445,0.021970423537779584,0.020629306835657734,0.6411360595771924,1.2014413691204031,0.022147902941739194,0.030738254865886053,0.7459017930827563,0
2012-08-13,NEOG,9.859965324401855,9.90497589111328,9.512377738952637,9.749937057495115,459885,-0.017636714638097573,-0.03082278463012944,-0.004849431101965784,-0.11386372853566751,-0.01361063054995093,-0.006674838447118569,-0.03309406749011084,-0.08423449646368372,0.01843264821097623,0.022442151367066093,0.020805672716396967,-0.23333333333333328,0.9714065735256143,-0.011159092683058173,0.04026673709230142,0.605095355734824,0
2012-08-14,NEOG,9.764941215515137,9.774944305419922,9.582395553588867,9.694924354553224,663834,-0.005642364931946031,-0.0386807983537637,0.007798297287989531,-0.1128146316491131,-0.011372844803567102,-0.01303387338747666,-0.03263629773899401,-0.0893160234812812,0.017834169725078827,0.02167251781383112,0.020804362795040873,0.4434782608695653,1.3736032145386736,-0.007170228618546644,0.019860779186030894,0.5844171924993405,1
2012-08-15,NEOG,9.619905471801758,9.88747215270996,9.58989715576172,9.877469062805176,771807,0.01882889454070047,-0.007288285471601652,0.041392039581692686,-0.09961259253347832,0.008733821538225672,0.0015466843990903578,-0.00901920535818368,-0.07212090130695385,0.020845201319939177,0.02163327400129636,0.02142791239355236,0.16265060240963858,1.576281809999516,0.026774025145922527,0.030126644290772206,0.966384642502329,1
2012-08-16,NEOG,9.852462768554688,10.010003089904783,9.699925422668455,10.005001068115234,462684,0.012911405188834824,0.030123566667213053,0.04765651978443297,-0.08022985915888103,0.015688454787687926,0.009818024431503519,0.00818947743020329,-0.0596326127732806,0.017021199759789597,0.021797778495215914,0.021777313321501502,-0.4005185234132367,0.9821306327733913,0.015482250797982317,0.030992267279661697,0.9838684874208091,1
2012-08-17,NEOG,9.95248794555664,10.190048217773438,9.95248794555664,10.140034675598145,273532,0.013496611001196923,0.021667906045268914,0.012231683700310247,-0.05653799231164247,0.024921625177633022,0.02218299032264706,0.024934572634450224,-0.046367052257392564,0.01540982541665765,0.015919969047231947,0.022026924024492172,-0.40881465535873296,0.5976676862609542,0.018844205696851458,0.023427954619177235,0.7894700923323966,0
2012-08-20,NEOG,10.132533073425291,10.17754364013672,9.96749210357666,10.11252784729004,233941,-0.002712695684788824,0.037189039032430316,0.005219984661602783,-0.04329316166104169,0.01470364961313187,0.01887076214300383,0.02452369424703723,-0.048188427804992495,0.010845863133356972,0.015930520228040132,0.021785186945222353,-0.14473992074053488,0.5315269884435294,-0.0019743558683976356,0.02077141736784933,0.6904769471748681,1
2012-08-21,NEOG,10.130032539367676,10.330082893371582,10.130032539367676,10.245060920715332,415096,0.013105830255963902,0.056744802336052835,0.01586906972550417,0.03121058947821509,0.01677668636725472,0.030562174113422873,0.03632314442015505,-0.03508279083023111,0.008117439229996649,0.01641425436252231,0.01716903646850776,0.7743619117640772,1.0013498209867913,0.01135518379636285,0.019526516782287548,0.5749971396971892,0
2012-08-22,NEOG,10.202550888061523,10.257563591003418,10.12753200531006,10.13503360748291,205549,-0.010739546995757632,0.026075965719561278,0.018597631165847783,0.02064972708826951,0.0007407514408465257,0.017600241665087658,0.024131394227870293,-0.04430664492066338,0.011263667570478732,0.016163098053369483,0.01738859944976869,-0.5048157534642589,0.5178067308148903,-0.006617686235470619,0.012829911644037621,0.057690615190528975,0
2012-08-23,NEOG,10.110028266906738,10.11252784729004,9.954989433288574,10.08752155303955,122369,-0.004687902998987581,0.00824792364963356,0.03861994719477235,0.023597984802895544,-0.005571172001063062,0.009029726624150025,0.018134078450184093,-0.04787982685323573,0.01100309306521913,0.013707444235959012,0.017324639594642026,-0.40467236522678296,0.31685109016360546,-0.0022261771454051187,0.015617157611325993,0.841268592114573,0
2012-08-24,NEOG,10.020005226135254,10.132533073425291,9.957489013671877,9.98249626159668,199150,-0.010411406894216269,-0.015536279612591408,0.0057949877857388365,0.0075719459033685155,-0.012858483649121106,-0.0020498228490246012,0.007152579453493946,-0.05638963587952697,0.009709777735764454,0.01276659092005762,0.017489106215071687,0.6274546658058822,0.5288863854313643,-0.003743407682137661,0.017535098953837872,0.14286259105296556,0
2012-08-27,NEOG,10.037508964538574,10.037508964538574,9.757438659667969,9.957489013671877,264734,-0.0025051096709154397,-0.015331362836218165,0.021287517545275803,0.016334854093642326,-0.012302832736692276,-0.006610977351795304,0.003819132323781987,-0.05761296804236041,0.009712233256017088,0.011152927797605464,0.01729282097684258,0.3293196083354255,0.6998629269653194,-0.007972092592833463,0.028126599435466318,0.7142862007321081,0
2012-08-28,NEOG,9.96749210357666,9.96749210357666,9.539884567260742,9.57989501953125,820195,-0.037920603640353656,-0.06492551936310387,-0.011864902789875953,-0.004159131541135008,-0.03705006280445058,-0.04318287678535211,-0.03405148878487663,-0.09134895284464443,0.01424570812443935,0.01686930745900814,0.01893122177696946,2.0981853483118904,2.040998896131883,-0.038886118997408355,0.04463593133788235,0.09356816443232176,0
2012-08-29,NEOG,9.577393531799316,9.767441749572754,9.502375602722168,9.577393531799316,373107,-0.0002611184910517039,-0.055021038634926356,-0.030379799632664017,0.009754758080149584,-0.026386766695370985,-0.04055718967971674,-0.034753961102255794,-0.08927924937919868,0.015429444617101244,0.015382736416826833,0.018643540114733372,-0.545099640939045,0.935385761670135,0.0,0.027676230069329483,0.2830158810111462,0
2012-08-30,NEOG,9.519880294799805,9.62740707397461,9.457364082336426,9.56239128112793,294726,-0.0015664231214448376,-0.05205741263109276,-0.04423885454623788,0.0013093953912715062,-0.017421178304673324,-0.0377936889442478,-0.03632666870302108,-0.08836466273220926,0.015814974642806175,0.014369630057336045,0.018591048360848773,-0.2100764660003699,0.7368885967486003,0.004465495889832401,0.017782475809557774,0.6176508527618716,1
2012-08-31,NEOG,9.649911880493164,9.829957008361816,9.479869842529297,9.76244068145752,510672,0.020920436577867463,-0.022044143506041558,-0.03723793914130291,-0.02546173813422059,0.007691925746996397,-0.013917288819859064,-0.014900121859745274,-0.06726045160390977,0.021174374005308357,0.015542062578488324,0.01552661240639847,0.7327008814967122,1.294146611510579,0.011661122128154048,0.03586061900457581,0.8071442386534202,0
2012-09-04,NEOG,9.737434387207031,9.769942283630373,9.47736930847168,9.712428092956545,399500,-0.005122959527525395,-0.024610714646921217,-0.03956476168722889,-0.03455130447477328,0.0076272497312641005,-0.014988202938397897,-0.018225011356108097,-0.06952230368108407,0.021152284298454345,0.015544120877382104,0.015495844132140817,-0.2176974653006235,0.9975034946954413,-0.002568057791828573,0.03012356666721344,0.8034193327574698,0
2012-09-05,NEOG,9.649911880493164,9.82245635986328,9.56489086151123,9.704925537109377,453487,-0.0007724696415110088,0.013051345272909298,-0.05272153946042535,-0.03768911152065468,0.004243591620864204,-0.010327742225358063,-0.017095157771753838,-0.06741709061568454,0.010394630030081039,0.014435202535575472,0.015467266642466476,0.1351364205256571,1.120443604616113,0.00570094911720595,0.026539667653005524,0.5436856896366699,1
2012-09-06,NEOG,9.769942283630373,9.95248794555664,9.674919128417969,9.759940147399902,437890,0.00566873079862007,0.01906015608468903,-0.037009592134560676,-0.01910025171283003,0.0061352980391644095,-0.0008959197883174103,-0.010571118816372186,-0.059205212973874335,0.010318956391747132,0.014679528790210712,0.015302181002553308,-0.03439348867773495,1.0516700236096788,-0.0010237661533813967,0.02843960238963326,0.30630608963346756,1
2012-09-07,NEOG,9.81745433807373,10.022505760192873,9.754939079284668,9.892473220825195,397900,0.013579291616926614,0.034518765232782966,-0.019335605003548584,0.018537602147007837,0.012904565538182321,0.014697219161025636,0.0019502271538169437,-0.04353417368974823,0.010560653924977709,0.0156431723122372,0.014612569592630482,-0.09132430519080137,0.9519243513206126,0.007641378321519568,0.027047501159258677,0.514018191927685,0
2012-09-10,NEOG,9.9199800491333,9.9199800491333,9.719929695129396,9.839960098266602,313922,-0.005308391681874358,0.007940577498854351,-0.014278609237092788,-0.00856636581748016,0.005930791521341575,0.01078861340961623,-0.0029392187581066213,-0.04563025995476948,0.008040682182474395,0.015414018395197031,0.013812282287934744,-0.21105302839909523,0.7776140144018192,-0.008066543528350189,0.020330402969738176,0.6000009534342667,0
2012-09-11,NEOG,9.824955940246582,9.93498420715332,9.752437591552734,9.824955940246582,370707,-0.0015248189901362341,0.011585964520204994,-0.013309888993432328,0.00769429405637001,0.0020913921136979617,0.01062322370233848,-0.004837791889677799,-0.043880766857033154,0.0074250193317701675,0.015408822908151463,0.013206883467512852,0.18088888322576935,0.9285314776747126,0.0,0.018579891524277355,0.39725934362167864,0
2012-09-12,NEOG,9.86496639251709,9.86496639251709,9.59739875793457,9.67741870880127,281530,-0.015016579447541978,-0.0028343162657897825,0.010180037366922079,-0.001805650576709561,-0.012402443014917277,-0.005550468952485154,-0.01969481365979938,-0.054159802802798016,0.010853335710196681,0.01015619403736625,0.013595727699020385,-0.24055925569250114,0.7406249893127232,-0.01901148734354347,0.027648657419274032,0.29906438793149537,1
2012-09-13,NEOG,9.71492862701416,10.002500534057615,9.62740707397461,9.917478561401367,514671,0.024806186424668253,0.016141329928486714,0.035509142281027195,0.004050582020737714,0.008852208273247245,0.015568916028331827,0.004419279474579542,-0.02682496393394268,0.015819766150667183,0.012594774495982678,0.01408823481521633,0.8281213369800731,1.401349586310382,0.02084934868424863,0.03782145408842752,0.773331231535113,0
2012-09-14,NEOG,9.96749210357666,9.96749210357666,9.624905586242676,9.662416458129885,458685,-0.025718442615462744,-0.02325573772704337,0.010460268154824703,-0.03424133667282925,-0.01247178387216068,-0.011562368878782613,-0.019712208211651643,-0.04775509095737763,0.01890214788429251,0.015636760160384646,0.014892862461640611,-0.10878017218766944,1.2495908457325975,-0.030607061663716243,0.0354555735429655,0.10949313527899235,1
2012-09-17,NEOG,9.607401847839355,9.752437591552734,9.437358856201172,9.737434387207031,320320,0.007763889023229442,-0.010419321830139494,-0.002561479763762864,-0.039704034677511046,-0.002714725996690445,-0.003633370992612556,-0.010079683745625628,-0.03669656219083157,0.019660287180159976,0.014283507221896922,0.014639321403751793,-0.3016558204432236,0.8671181734103702,0.013534620642199877,0.03235746941365896,0.9523826819700711,1
2012-09-18,NEOG,9.702425956726074,9.82245635986328,9.639909744262695,9.804950714111328,303124,0.006933687480657147,-0.0020361644629168785,0.009526209128063456,-0.030415454753099924,0.004611805939446073,0.0023261993738299945,-0.0016550385032499425,-0.02657376709260911,0.020064481234496636,0.014327247692677497,0.014770195673709489,-0.053683816183816235,0.8129554073882167,0.010566919844843549,0.018617800427886116,0.9041031481500919,0
2012-09-19,NEOG,9.797449111938477,9.869967460632324,9.727432250976562,9.777443885803224,493077,-0.002805401996413437,0.010335935646866856,0.007472324070550984,-0.045643167818220975,-0.0002557187773699989,-0.0012261495624626883,-0.0020800994790275604,-0.026292633643834752,0.018499308969918696,0.014370198843158901,0.014368597249626788,0.6266511394676766,1.3087097221549464,-0.00204188109646573,0.014577962432770571,0.35087214553825374,0
2012-09-20,NEOG,9.71492862701416,9.829957008361816,9.71492862701416,9.764941215515137,457086,-0.0012787258545396973,-0.015380657991024282,0.0005124076623119755,-0.036516148470837506,0.001590233654888484,-0.0025542633377624137,-0.001470296544446858,-0.02480808055349105,0.01354313051938424,0.014278339524995572,0.014228911421731303,-0.07299265631939844,1.1739943176010024,0.005148013991776253,0.01177973106124716,0.4347847715062678,1
2012-09-21,NEOG,9.88747215270996,10.08752155303955,9.834959030151367,9.959989547729492,1493227,0.019974347813220827,0.03079696377082075,0.006825019931533838,-0.012642550961552201,0.015397934297672096,0.01666792016504822,0.01913921224032744,-0.0029239273878063554,0.009078977462379933,0.015068350488637918,0.015009196819717683,2.2668403757717366,3.26113624475988,0.007334270468681669,0.02535770963191005,0.4950477851913107,1
2012-09-24,NEOG,9.939985275268556,10.230057716369627,9.89747428894043,10.002500534057615,867783,0.004268175797214058,0.027221353830001238,0.016518403953655003,0.0020039348812874724,0.014250238371069599,0.01931605489683913,0.023384339105525755,0.0033914601543394234,0.00905506961035316,0.014942018125880134,0.014858631182300977,-0.41885393178666075,1.7662379585162047,0.006289270764273836,0.033250028460061636,0.31578917184484306,1
2012-09-25,NEOG,10.06501579284668,10.865216255187988,10.06501579284668,10.71017837524414,1638790,0.07075009281698574,0.09232352997246629,0.0900993796187286,0.0755902778841937,0.06643104171928978,0.08167501477710074,0.0915857364540004,0.07501251388511904,0.030738421763050156,0.02632850004081667,0.021637745185198645,0.8884790322004463,2.9263064646179124,0.06409951019212362,0.07471401822689698,0.8062511992429723,1
2012-09-26,NEOG,10.722681045532228,10.79269790649414,10.715179443359377,10.75268840789795,837391,0.003969124618135922,0.09974432310583481,0.1111112096574638,0.12242236329058276,0.050266242931458954,0.07430173194897344,0.08940744664965575,0.07965875799475516,0.029714316109811834,0.025060821033179227,0.01927856238734965,-0.48901872723167705,1.4929956019984676,0.002798494354005234,0.007209216913402402,0.4838713645981871,1
2012-09-27,NEOG,10.765191078186035,10.875219345092772,10.70517635345459,10.787696838378906,295126,0.00325578396331494,0.10473750945256621,0.08774591964982026,0.12637084427627232,0.03304596008482657,0.06850942504466914,0.08629415758928685,0.08357111324776843,0.028980325759357137,0.02465215791166165,0.019234792770453618,-0.6475648771004225,0.5298675519636498,0.0020906048048209263,0.015762678001223347,0.48529189077021084,0
2012-09-28,NEOG,10.720179557800291,10.82520580291748,10.545136451721191,10.677668571472168,517071,-0.010199421484973104,0.07205620249935696,0.10507227852801337,0.11663163089187933,0.008645452400400948,0.04708183427864232,0.06921066617652821,0.07295051370762873,0.032078476775504565,0.022651185084729915,0.01951168069614278,0.7520347241517182,0.9101793097475533,-0.003965510661357447,0.026229447872596304,0.4732117926680605,1
2012-10-01,NEOG,10.74268627166748,10.8402099609375,10.590147972106934,10.79019832611084,405099,0.010538794483593517,0.0787500874777447,0.10811512530312117,0.10527671083373757,0.004329261097222252,0.04730475904681576,0.07494746097036012,0.08416549328043128,0.03170329578063341,0.022634156359967208,0.019221587756086966,-0.21655053174515682,0.7197674280181934,0.004422734988423389,0.023174920541122006,0.8000030510013005,0
2012-10-02,NEOG,10.75268840789795,10.877718925476074,10.597648620605469,10.685171127319336,723819,-0.00973357445500811,-0.0023349048959452334,0.08977305841437744,0.10015446447096221,-0.004983247822199124,0.0283252582798725,0.059351441959296,0.07336457536099061,0.009154913606930342,0.023525398573847563,0.019378765240626112,0.7867706412506572,1.250043067326212,-0.006279106956081905,0.02621112020887855,0.3125019153826509,0
2012-10-03,NEOG,10.732683181762695,10.767691612243652,10.620155334472656,10.652663230895996,747813,-0.0030423374633865574,-0.009302341257139357,0.08951412611670251,0.09765532874648963,-0.006159003747387394,0.016633657696458613,0.05119000437142318,0.06855831621031949,0.008843578936290524,0.023538583970716075,0.01942069107987719,0.03314917127071815,1.2594712384329774,-0.007455726542144799,0.013849708244140823,0.22033832569504147,1
2012-10-04,NEOG,10.722681045532228,10.77519416809082,10.612652778625488,10.75268840789795,647038,0.009389687333008823,-0.003245218233831837,0.10115239514329266,0.1017166340679374,0.0038285761965775973,0.01659654681920241,0.05588844884214921,0.07681446536761194,0.010067301574916301,0.023268715923320735,0.019446813109321486,-0.13475962573531086,1.0708845011316037,0.002798494354005234,0.015116348888706183,0.8615382810070583,0
2012-10-05,NEOG,10.7601900100708,10.77769374847412,10.65016269683838,10.68267059326172,364309,-0.006511656618339301,0.00046845636349091,0.07255841404943775,0.07987864660305943,-0.002801142990687336,0.0031230034700527117,0.04495866113027387,0.06803204411919823,0.009294490629402087,0.02350295845185433,0.019500785611115113,-0.4369588803130573,0.6046327365934343,-0.007204279546785641,0.011938124509444394,0.25490181415731383,0
2012-10-08,NEOG,10.655163764953612,10.71267795562744,10.597648620605469,10.612652778625488,114371,-0.006554336205068179,-0.01645433588145595,0.0609999712062359,0.07852599732543664,-0.006042467586618093,-0.00912894331922792,0.03420123165057872,0.05953781176970047,0.007473125527432291,0.02390224760761568,0.01953413474313414,-0.6860604596647352,0.19301433283855246,-0.00398970745695604,0.010838886131622696,0.1304376663322769,0
2012-10-09,NEOG,10.642661094665527,10.667667388916016,10.547636985778809,10.590147972106934,331517,-0.002120563725959368,-0.00889299329698634,-0.011207133899342803,0.07788248990775082,-0.006381645154237091,-0.010120803490334486,0.028174703947266927,0.05562014070801934,0.006550830405900867,0.007537698319817345,0.01954339583488176,1.8986106617936365,0.561329654879546,-0.004934209789402686,0.011334157318042338,0.35416848745838664,1
2012-10-10,NEOG,10.622655868530272,10.645160675048828,10.545136451721191,10.632658004760742,165959,0.004014111300972845,-0.0018779553715011499,-0.01116282724690909,0.09870806717195313,-0.0020185110230579993,-0.005031018090968129,0.027537112620022352,0.05772196374839326,0.006955240076939267,0.007541073072351709,0.019028700123105105,-0.4993952044691524,0.28378092309039216,0.0009415852640112308,0.009407264230905495,0.8750035754126027,1
2012-10-11,NEOG,10.732683181762695,10.810202598571776,10.530133247375488,10.66266632080078,384704,0.002822277931501249,-0.008372053916399946,-0.01159010300820762,0.0751388323943214,0.0024921765983300158,-0.001054178227919377,0.026740087027406774,0.05822739549502151,0.004999776718398881,0.00751447365429519,0.018443330569742244,1.3180665104031717,0.6652148062100018,-0.006523705188735156,0.026266352408489672,0.4732151978043648,0
2012-10-12,NEOG,10.63515853881836,10.74268627166748,10.530133247375488,10.55513858795166,236341,-0.010084506971708707,-0.01193821378246962,-0.011475349951193925,0.0923911874105412,-0.005231925527597137,-0.00999158589922436,0.012036042382406525,0.04546962099984985,0.006016644967371712,0.0074991520038056375,0.017430519598946145,-0.3856549451006488,0.4166814689572826,-0.0075240957221865724,0.020137397772741174,0.11764283599099058,1
2012-10-15,NEOG,10.552638053894045,10.707676887512209,10.445111274719238,10.670167922973633,223544,0.010897946442245177,0.005419487996816796,-0.011124021960444375,0.0957884283145487,0.00452000162037865,0.0019254533488260322,0.018510818721523437,0.05549843172689792,0.00779299518892387,0.007561834532272548,0.017474799845156874,-0.054146339399427146,0.3975108802741734,0.011137486994185136,0.024607448981908524,0.8571444137730583,1
2012-10-16,NEOG,10.75268840789795,10.77769374847412,10.715179443359377,10.75268840789795,293127,0.007733756911795453,0.01534826861901517,0.006318783272079687,0.09665909818624918,0.009200155012992511,0.009034388413264567,0.021766009858142938,0.06220576104797018,0.008015935916612102,0.007358659276728394,0.017481038742543788,0.3112720538238558,0.5217086261407654,0.0,0.005813830248147543,0.6000061021189665,1
2012-10-17,NEOG,10.740184783935549,10.917729377746582,10.667667388916016,10.780195236206056,243539,0.0025581349765424477,0.013875856006960285,0.011971842397136667,0.10255761752402592,0.008987495462889725,0.010406417722514473,0.019522530255267647,0.06346240627737837,0.007999799382845193,0.007258483025998838,0.017399753923023804,-0.1691689950089893,0.44329572081538066,0.003725303900762748,0.023196424865360075,0.44999980931242584,0
2012-10-18,NEOG,10.77519416809082,10.77519416809082,10.447611808776855,10.552638053894045,361510,-0.0211088182844541,-0.010319019989595946,-0.018604682514278492,0.08066580443181448,-0.010272546082138163,-0.00906403061934733,-0.005701915944721485,0.03977764954625785,0.013345278446716352,0.009502340312842776,0.018319025038585422,0.48440290877436465,0.6638035460267545,-0.02065448758741103,0.031042698294108856,0.3206101981106038,0
2012-10-19,NEOG,10.455114364624023,10.595149040222168,10.255064010620115,10.270068168640137,415496,-0.026777179678747376,-0.027007738168110973,-0.03862352779854883,0.031132424328831787,-0.03159628482932049,-0.03184738811835262,-0.03373795153833253,0.010824528134481709,0.0173578718473424,0.012345973249392968,0.019143139918937586,0.14933473486210613,0.8467114521220821,-0.017699107779252033,0.033114193987583175,0.044118842977529146,1
2012-10-22,NEOG,10.342585563659668,10.565140724182127,10.315078735351562,10.460115432739258,359910,0.018504966177287363,-0.019685959185526736,-0.01437315900822178,0.04575004991236997,-0.009753313579005085,-0.012511788640390481,-0.017971358204519786,0.02844643155804243,0.01935529212037211,0.014150143360778003,0.01950481738780339,-0.133782274678938,0.7734615709451291,0.011363683515710992,0.023906236067710324,0.580002974726272,1
2012-10-23,NEOG,10.39759922027588,10.525131225585938,10.277568817138672,10.49012279510498,371907,0.002868741034329547,-0.024418601454136102,-0.009445116089539685,-0.020546397308172204,-0.0019508960201237808,-0.008742907863174021,-0.014135798667753559,0.029897749103853313,0.018741976603588985,0.014208031579513968,0.011070260518286733,0.03333333333333344,0.9251888560002617,0.008898551758820806,0.02359957202434141,0.8585874539655146,1
2012-10-24,NEOG,10.547636985778809,10.665165901184082,10.295074462890623,10.57014274597168,423094,0.007628123371829165,-0.01948503581167993,-0.005879551355932988,-0.016976746186766478,0.009698062546522815,-0.0005910919193516238,-0.00576266382743185,0.035973572847395816,0.019365748887592866,0.014390495896780306,0.011185967648489772,0.1376338708332998,1.1097119665156516,0.002133725328546594,0.0350129082631833,0.7432441138045051,1
2012-10-25,NEOG,10.617653846740724,10.82270622253418,10.580144882202148,10.607651710510254,377506,0.0035485769151859525,0.005213261019211046,-0.0051595547150531385,-0.016689857952636777,0.01221719278302287,0.0034773603940087367,-0.0013889517719497223,0.038163885378650564,0.016821083736633696,0.014410920752435623,0.011191739631030484,-0.10774910539974569,0.9795588137225316,-0.0009420288488252853,0.022866638814290734,0.11340153492907244,0
2012-10-26,NEOG,10.66266632080078,10.685171127319336,10.457613945007324,10.462615966796877,223944,-0.013672747529000495,0.01874844402150022,-0.008765647213803018,-0.020140408295669876,-0.005277912029189954,-0.009375880188858364,-0.014044665941217036,0.023052954098173865,0.01158787004209025,0.014719582919960303,0.011371086248415844,-0.4067802895848013,0.6040665734535098,-0.01876175695507263,0.021749549351153162,0.021981383926147003,1
2012-10-31,NEOG,10.43760871887207,10.70517635345459,10.302576065063477,10.700175285339355,341115,0.02270553743885606,0.02295001944708286,0.0028122671154138246,-0.008343038566181016,0.01268519658271109,0.012829011430704975,0.008769870404691635,0.04513704610552571,0.012990138985475602,0.01616337730969046,0.012305419046743083,0.5232156253349052,0.9281329879085451,0.025155816196917098,0.0376255788017537,0.9875780811404288,0
2012-11-01,NEOG,10.675168991088867,10.675168991088867,10.327582359313965,10.382596015930176,379105,-0.029679819343175096,-0.010250287939906677,-0.03441859169804806,-0.028317292047438603,-0.01536708556646578,-0.01377670906800591,-0.01977215895285067,0.013582824536576544,0.02022511043909054,0.01844585241099105,0.013821169006788536,0.11137006581358189,1.082252843302789,-0.0274068705987622,0.03347781530183731,0.1582732233840278,0
2012-11-02,NEOG,10.447611808776855,10.557639122009276,10.277568817138672,10.280070304870604,385504,-0.009874766474807006,-0.027442622873908085,-0.046392938196123557,-0.03497650474341085,-0.01969667206862136,-0.0188544106148407,-0.027741635621091592,0.0035053366343672935,0.019672122623838818,0.018422938086401965,0.013949202941488872,0.016879228709724137,1.1605379059958998,-0.01603634466639573,0.02724400675916671,0.00893164212138641,0
2012-11-05,NEOG,10.267566680908203,10.335083961486816,10.185046195983888,10.257563591003418,221545,-0.0021893540802461198,-0.033003357299143055,-0.027962151396042745,-0.04604660696118168,-0.01526799312237082,-0.018237611446823985,-0.02759348867840997,0.0010688332794128992,0.01918122486398462,0.01748516105781353,0.013703461799544821,-0.4253107620154395,0.7125870872317305,-0.0009742415331361011,0.014627037324391657,0.48332761272770575,1
2012-11-06,NEOG,10.29007339477539,10.530133247375488,10.267566680908203,10.422606468200684,176756,0.016089871218738505,-0.00382404350146881,0.014852705654508247,-0.02434448603377104,0.0013454385789477411,-0.0038954542279001363,-0.010728126979917776,0.016511062555558894,0.02095162630556237,0.01612670583609627,0.014255597522849097,-0.20216660272179465,0.5862073654330806,0.01287970146963037,0.025192025360294888,0.5904780238339974,0
2012-11-07,NEOG,10.342585563659668,10.407602310180664,10.115029335021973,10.31757926940918,386303,-0.010076865044453265,-0.03575605125407455,-0.013626633878623617,-0.027803935111361033,-0.0014037692391077065,-0.012587973090592107,-0.01932358658824427,0.005610541440159475,0.01649456880663298,0.015308348601650593,0.014347547001881454,1.1855156260607842,1.2258866664995354,-0.002417799117693733,0.028356746046637852,0.6923056863927506,0
2012-11-08,NEOG,10.282570838928224,10.305075645446776,10.192547798156738,10.207551956176758,197551,-0.010664062796071239,-0.016859373078259576,-0.026936847589627777,-0.03612754202659718,-0.008693960924363716,-0.020468893239597167,-0.02801424895185851,-0.005598075148064245,0.011408048199499072,0.01549925950303028,0.014499312429000953,-0.48861127146307437,0.6405196758996573,-0.007295732159457314,0.011023979870310122,0.1333372883366972,1
2012-11-09,NEOG,10.155038833618164,10.502626419067385,10.120030403137209,10.407602310180664,294326,0.01959826948349286,0.012405752249538216,-0.015377317004821034,-0.02116645663570771,0.008236466587282623,0.00028843222876543247,-0.007901962205425836,0.012258037467368543,0.014409044435502115,0.01678725619297752,0.015225275651522516,0.4898735010199897,0.9348390864160633,0.02487075438120344,0.036761206330484235,0.7516333026738508,1
2012-11-12,NEOG,10.427606582641602,10.612652778625488,10.37259292602539,10.445111274719238,222744,0.003603996715159097,0.018283843141885248,-0.015322942365270875,-0.020403437520794765,0.008206590568537748,0.005464202256802026,-0.003292943852818805,0.01419434438831716,0.014163340742881458,0.016789088334544736,0.015236491937873674,-0.24320651250654035,0.7261575515818028,0.0016786874283093922,0.022982986613184778,0.30208445064178197,1
2012-11-13,NEOG,10.392598152160645,10.620155334472656,10.382596015930176,10.532632827758787,299525,0.008379188190305031,0.010556510973890543,0.006692098915233924,-0.0021322088767798952,0.014499702849868894,0.013206280839594737,0.005166585625317968,0.02076917633786097,0.012836021531926546,0.01644502689412005,0.01521129473119207,0.34470513234924405,0.9665135056165237,0.013474462646189128,0.022554599825828175,0.6315762006270524,1
2012-11-14,NEOG,10.560139656066896,10.637659072875977,10.44261074066162,10.587647438049316,394301,0.005223253405885142,0.026175536100882413,-0.010516448963618141,-0.007733756911795564,0.014520572210301555,0.019602215692609663,0.010814845041528465,0.024462288270653255,0.010858518557673918,0.014692107204211522,0.015049453565072552,0.3164209999165346,1.2382254261708,0.002604869147409109,0.018422254174558464,0.7435936300562797,0
2012-11-15,NEOG,10.530133247375488,10.62515640258789,10.280070304870604,10.362590789794922,500675,-0.02125653026994445,0.015188640164045086,-0.0019268038652914266,-0.036279077687817796,-0.00998614413344779,-0.0018786990536087385,-0.00882585304895173,0.0014257839924948607,0.01498386669212186,0.01300739834238963,0.015622191053697497,0.2697786716239623,1.5226517542541798,-0.01591076329659213,0.03330114106764958,0.23913013439307948,1
2012-11-16,NEOG,10.312578201293944,10.547636985778809,10.230057716369627,10.472618103027344,351112,0.010617741785266421,0.006246952074934864,0.018730202464229517,-0.02853168485721791,-0.000715829931387957,0.0068517738019774534,0.003173822994221161,0.010559222902428597,0.012907669019618649,0.012913153470385196,0.015841032848553704,-0.29872272432216507,1.0506155885258506,0.015518903091888275,0.030324725516094022,0.7637790310084516,1
2012-11-19,NEOG,10.525131225585938,10.690173149108888,10.47511863708496,10.690173149108888,295526,0.020773701851942494,0.023461873018316703,0.04217468936628377,0.013033242921099975,0.015294772684184017,0.023510859526919132,0.0233393571918178,0.029703689280828404,0.015659852929606012,0.014087088136542365,0.015856606638313227,-0.1583141561666932,0.8931050348710967,0.01568074734514895,0.02011702794934204,1.0,1
2012-11-20,NEOG,10.652663230895996,10.845211029052734,10.55513858795166,10.79269790649414,353911,0.009590560971764805,0.024691364731707965,0.035508530368349334,0.050888633772642855,0.019993339062691257,0.029678369289257787,0.03057577897347536,0.03777936993506103,0.015739255390951532,0.0136212846931177,0.014564216367713857,0.19756298938164485,1.079595995338877,0.01314550855151423,0.026876731250536804,0.8189654888990443,1
2012-11-21,NEOG,10.785196304321287,10.91022777557373,10.725180625915527,10.91022777557373,161560,0.010889758065855792,0.030467612320102644,0.057440654507177724,0.04303129785983617,0.024852023489621636,0.03503903231213281,0.03956445312231126,0.046925704873966925,0.01596269406940849,0.012879192099096702,0.01422164710735676,-0.5435010496989356,0.5082093296487423,0.011592878583243498,0.016960887844385278,1.0,1
2012-11-23,NEOG,10.90272617340088,11.252813339233398,10.800200462341309,11.240309715270996,349113,0.03025435824871292,0.08470072236572834,0.10117585132342133,0.07151364524694381,0.038729917102501114,0.05600709901404162,0.06720160759348176,0.07567791090743246,0.008961515848196084,0.013591510275406064,0.0155456345747159,1.160887595939589,1.102134481286826,0.030963223005059954,0.040266940000520945,0.9723745730606259,1
2012-11-26,NEOG,11.21030330657959,11.412853240966797,11.065265655517578,11.335333824157717,594651,0.008453869269956282,0.08237822793146488,0.08913979284830575,0.07239174499111223,0.031070871854190798,0.05573281237781465,0.0723283356188881,0.08134025182901983,0.009355669987960377,0.013145437027811164,0.015558058871680321,0.7033195555593748,1.8277908265740943,0.011153178835468567,0.03066408019748343,0.7769787528260109,1
2012-11-27,NEOG,11.29282283782959,11.555389404296877,11.29282283782959,11.380345344543455,507073,0.003970903820213145,0.0645613673237928,0.08953797094414928,0.072843043410598,0.022329076417805856,0.05077233788617978,0.07266600368935416,0.08261255749630819,0.010189512156355376,0.013130282080921327,0.015558249537516831,-0.14727630156175642,1.5281706482790212,0.007750277142458625,0.0230719331020284,0.33333454404131,0
2012-11-28,NEOG,11.367841720581056,11.402851104736328,11.090272903442385,11.255313873291016,575056,-0.010986614858079724,0.04286379279813923,0.06861352307161028,0.07576479047016216,0.0027625553356469897,0.032339443189592615,0.056932518084508554,0.06748314518743892,0.014825692997999152,0.014534233648760699,0.015411865342627628,0.1340694535106386,1.6459676574522446,-0.009898787303337743,0.027771611241841514,0.5279989748659061,1
2012-11-29,NEOG,11.32533073425293,11.752938270568848,11.252813339233398,11.49037265777588,289928,0.020884249620320317,0.053174406083528636,0.0852621155935358,0.07384901194274818,0.013230435756072407,0.04524464842708107,0.07501725077997583,0.08616516077068188,0.015863137279063237,0.015180461863054053,0.01529906699851097,-0.49582649341977125,0.8359772874882953,0.014572812697097618,0.04352556233213199,0.47499995232819914,0
2012-11-30,NEOG,11.53538417816162,11.547886848449709,11.335333824157717,11.390348434448242,587853,-0.008705046068279487,0.013348272688020746,0.09917960339275922,0.09706169988429258,0.0017594550938034438,0.026548337592179762,0.06065904978588003,0.07349246577576893,0.013065076441466822,0.012794812155094855,0.013505707851934983,1.0275827101901163,1.6454917576776975,-0.012573117762991687,0.018660800897816295,0.25882769945888845,0
2012-12-03,NEOG,11.447861671447754,11.452862739562988,11.187796592712402,11.36284065246582,334316,-0.0024150079464846375,0.002426644749489615,0.08500477537523676,0.10532713449267073,-0.0011430835214523538,0.015918422995557083,0.05279008721267163,0.06770929493548769,0.012774240900556205,0.013329314805589135,0.01318026001068053,-0.43129319744902217,0.94255496858183,-0.007426803487151274,0.02332745437146165,0.660378784062862,1
2012-12-04,NEOG,11.35783863067627,11.625406265258787,11.252813339233398,11.6003999710083,461485,0.020906683971752216,0.019336375110124093,0.08514612525011223,0.13091182599956208,0.015809732378221676,0.02878557691100851,0.06815562778319637,0.08628455019581456,0.01579606800649723,0.013343233268818536,0.013515346731000178,0.38038562318285685,1.2585213734009748,0.021356293941076063,0.03211897235927834,0.9328857514359181,1
2012-12-05,NEOG,11.575393676757812,11.735433578491213,11.472867965698242,11.690423011779783,495076,0.007760339384544235,0.038658107929027796,0.08317893385540498,0.12164102592256576,0.015950988887217347,0.02858025339062226,0.07019815585875498,0.09117816980993534,0.01341344993388757,0.01333587631685481,0.013323360045412604,0.072788931384552,1.2939636713392493,0.009937401546259099,0.022459889819931914,0.8285740229550944,0
2012-12-06,NEOG,11.642910957336426,11.865466117858888,11.530383110046388,11.56039047241211,389503,-0.011122996938318419,0.006093606945710706,0.05959203695948401,0.12045569707303039,0.003429422252958147,0.011353961138044233,0.052308133463523164,0.07591197395436168,0.013175640108671631,0.014582921910549461,0.013391019723050951,-0.2132460470715607,1.0176054843157374,-0.007087616252215571,0.028985440293919758,0.08955202641165226,0
2012-12-07,NEOG,11.587897300720217,11.64791202545166,11.252813339233398,11.435359001159668,291527,-0.0108155058906374,0.003951640897595254,0.0173526611658823,0.12028418275548858,-0.008198142488201427,-0.0012885220870546635,0.03514232484727228,0.0628407828291198,0.013602568836830975,0.01261198973872798,0.013400851533929378,-0.2515410664359453,0.7523994868671994,-0.013163587456981348,0.034550614998461744,0.46202548450243913,1
2012-12-10,NEOG,11.367841720581056,11.69792366027832,11.33033275604248,11.64791202545166,292727,0.018587350363940214,0.025088037551945996,0.02757556205603584,0.11917343479369213,0.005265873135413081,0.01450536592069224,0.048496914349202946,0.0807976193960396,0.015454121298001918,0.013576831062360635,0.01334779045727775,0.004116256813262664,0.7556524794189525,0.02463706935359126,0.031558523401672596,0.8639475725586138,1
2012-12-11,NEOG,11.720430374145508,11.83045768737793,11.527881622314451,11.78294563293457,230742,0.011592945344011119,0.01573615240702808,0.035376807662884424,0.12808234618364978,0.013725718932336286,0.02268038868283539,0.054303785447882495,0.09131163603492971,0.013505475036339613,0.013860456508572795,0.01340026385357066,-0.21175019728279254,0.595028662937777,0.005333870582685003,0.025679153115817362,0.8429748419347324,0
2012-12-12,NEOG,11.80795192718506,11.875469207763672,11.555389404296877,11.607901573181152,225144,-0.01485571309640532,-0.0070588924383214735,0.03132633206496638,0.10208926514446515,8.614117493443424e-05,0.004414010414417935,0.03366878758240758,0.07325007999313814,0.015268641289712725,0.01435701392745849,0.01417945808682159,-0.02426086278180828,0.5862148738510865,-0.016942002748447735,0.02757430371448929,0.16405961361983637,0
2012-12-13,NEOG,11.580394744873049,11.645410537719728,11.377843856811523,11.530383110046388,217546,-0.0066780772257634125,-0.002595704914754471,0.0034820848254588643,0.08904109033788932,-0.006078593632896054,-0.002638834675982791,0.02247406309344913,0.06462564943730859,0.014673182658932082,0.013178193455698244,0.014415915098956046,-0.03374729062289028,0.5797729476246595,-0.0043186468102740325,0.023205359124197255,0.570098088136756,1
2012-12-14,NEOG,11.475369453430176,11.69542407989502,11.427857398986816,11.635409355163574,219545,0.009108651821436498,0.017494016058754225,0.021514787025670445,0.12282821846271541,-0.0004725561860309284,0.004316889343165011,0.02599725397177804,0.0724410859381359,0.013830160147759375,0.013009742570344207,0.013114966302932426,0.009188861206365528,0.6078721443133241,0.013946383372045585,0.02299589750054321,0.7757018006586732,1
2012-12-17,NEOG,11.640410423278809,11.877968788146973,11.580394744873049,11.877968788146973,431892,0.020846660876246315,0.019750901465654946,0.045334450375255964,0.13419287052140105,0.016347084483756106,0.020715078886125223,0.040936114245956876,0.09233061110479404,0.014466515932140213,0.014123464639432688,0.013502730081873747,0.9672140107950533,1.182589571387538,0.020408074649420297,0.025052603570643595,1.0,1
2012-12-18,NEOG,11.85796356201172,12.000499725341797,11.762941360473633,11.985495567321776,291927,0.009052623482400879,0.01719009326675125,0.033196751601315855,0.12116945162117077,0.022005149602954282,0.02655808048052664,0.044431296960524946,0.09972549999832156,0.014174982997792265,0.013053431554710808,0.01309431925130554,-0.32407407407407407,0.7997370070165706,0.010754966874634168,0.01982048748287575,0.9368401191498853,0
2012-12-19,NEOG,11.952987670898438,11.952987670898438,11.55288791656494,11.652913093566896,488678,-0.027748746131253776,0.0038776621340190776,-0.0032086023042185996,0.07970344343235536,-0.007116377036182959,-0.0016068627546145832,0.011657931815625015,0.06730916713796914,0.018774271676672748,0.01617594789175648,0.015044489095416155,0.6739732878425087,1.314473496982385,-0.02510456679062117,0.0343347411175989,0.25000059589784707,1
2012-12-20,NEOG,11.700425148010254,11.785446166992188,11.505375862121582,11.670417785644531,512672,0.0015021730563919977,0.012144841525354888,0.009517612185764301,0.06967682304238831,-0.007992146246457851,-0.0010488019429611087,0.009845300977317695,0.06684527940448518,0.018297402532156205,0.015715104167001538,0.014962767012510987,0.04909981623891402,1.316830485353153,-0.0025646386337359406,0.02399831008750282,0.589287477653869,0
2012-12-21,NEOG,11.670417785644531,11.687921524047852,11.450363159179688,11.56789207458496,1113322,-0.008785093468177796,-0.005802742174142117,0.011589760619832745,0.029143534974744645,-0.015577088029128478,-0.01094670477572738,-0.00044294735658958616,0.05558597888600379,0.01844378143995163,0.015556954714887935,0.013786222952202781,1.1716067973285065,2.6040600594363266,-0.008785093468177825,0.020536011516747086,0.49473701113617186,0
2012-12-24,NEOG,11.540385246276855,11.540385246276855,11.322831153869627,11.495373725891112,262334,-0.006268933719841052,-0.032210478835207335,-0.013095763363188184,0.014118675657554869,-0.0153365004249884,-0.015863503004224476,-0.007395426255665334,0.04731959680129661,0.013808425178164047,0.014425852822757712,0.013789996443801406,-0.76436826003618,0.6384106972376193,-0.0039003481621435057,0.018925360548933675,0.7931019366829964,0
2012-12-26,NEOG,11.485370635986328,11.627906799316406,11.200300216674805,11.485370635986328,663834,-0.0008701839664640998,-0.04172751377081385,-0.02525472035757248,0.009228655920642037,-0.007691360020892722,-0.01420849516798801,-0.00870866313625583,0.04484191608345515,0.011552153961583059,0.013716500141032855,0.013773730191992415,1.530491663299458,1.5852549704738101,0.0,0.03723054276557789,0.6666651798259504,1
2012-12-27,NEOG,11.515378952026367,11.557888984680176,11.345335960388184,11.510377883911133,454686,0.002177313098320921,-0.012231723390647375,-0.00840149174725413,0.022661652397396592,-0.0030754275589677245,-0.011234474557997106,-0.00764261569144858,0.04530014089577099,0.0048539977214512855,0.013048836326667545,0.013505361356257456,-0.31506069288406435,1.1016365512311295,-0.00043429470589453195,0.018466207316190076,0.7764741248575454,0
2012-12-28,NEOG,11.440360069274902,11.440360069274902,11.102775573730469,11.145285606384276,519870,-0.031718530982129844,-0.04499686205803244,-0.03339850029151059,-0.030032711877109985,-0.025834979131440148,-0.0394189971663276,-0.03768722724235981,0.011272084804797473,0.013366183728248734,0.01630553811799513,0.014553199555116952,0.14336047294176635,1.2254323351537517,-0.025792410475182603,0.030289443219925872,0.12592412629984528,1
2012-12-31,NEOG,11.087772369384766,11.345335960388184,11.067767143249512,11.332833290100098,482679,0.016827535008020922,-0.020319932358402015,-0.0260047632040723,-0.005049463120390563,-0.005355077330424357,-0.020700952539304096,-0.021250851650484213,0.02720786324570232,0.017714413951118287,0.017119070631142697,0.014993941023843306,-0.07153903860580535,1.1520465707699918,0.022101907628622238,0.024492446860675584,0.9549565026180888,1
2013-01-02,NEOG,11.555389404296877,11.612902641296388,11.22780704498291,11.402851104736328,654236,0.006178315064194528,-0.008048683179946892,-0.039999910075935285,0.003521166360968442,0.002418159945574351,-0.010588393169794272,-0.015373948031031958,0.03238896760333058,0.01817919272258219,0.015442859636533066,0.015048518704033988,0.355426691445039,1.5040902128588958,-0.013200619574432275,0.03377186922606783,0.45454703047532985,1
2013-01-03,NEOG,11.450363159179688,11.537883758544922,11.287821769714355,11.44286060333252,386303,0.003508727618093177,-0.00370123298595304,-0.04527430350637651,-0.013580511712484311,0.00668777727898486,-0.0024198328369603064,-0.011246643815189347,0.03434400190063919,0.018320906574163676,0.015017241633961974,0.014276709351834381,-0.4095357027127825,0.895853699855164,-0.000655224270433136,0.02185310102945242,0.6200016017756828,1
2013-01-04,NEOG,11.500374794006348,11.625406265258787,11.390348434448242,11.480369567871094,334316,0.003277935984612901,-0.0026070661052739474,-0.014806900584460436,-0.01796799343334543,0.010521187959993227,0.0023579397151397173,-0.007104507380018941,0.03546887496274571,0.01836924634019238,0.012713114806680099,0.014173599768879113,-0.13457570870534274,0.7900199007902537,-0.0017395281887404256,0.020474761672165748,0.38297440724452164,1
2013-01-07,NEOG,11.475369453430176,11.75043773651123,11.370343208312988,11.707926750183104,542264,0.019821416110928247,0.05048243388904572,0.0032140207169542023,0.012762222705459347,0.020443733832713466,0.02189143122464736,0.01193048190275069,0.05362171601268922,0.007825817468153215,0.01438981736217009,0.01466890418905496,0.6220103135955204,1.2587015873738023,0.02026577860492437,0.032464716965563335,0.8881568052830408,1
2013-01-08,NEOG,11.717928886413574,11.83045768737793,11.655413627624512,11.715429306030272,665434,0.0006408099407566592,0.03375996153269045,0.012754029039522052,0.02449160580286125,0.014332766451686229,0.021231194590682116,0.011354852757421182,0.05197689971896409,0.0076001839091697585,0.01402430004040577,0.014415532128703567,0.227140285912397,1.4803622319580616,-0.00021331247249680032,0.014941326961302025,0.34286041177463067,1
2013-01-09,NEOG,11.752938270568848,11.877968788146973,11.610403060913086,11.7604398727417,485079,0.0038419903817148437,0.03135959285277723,0.023058506245306143,0.009660774140820783,0.011963669631819567,0.022791518181737882,0.014747597219728075,0.053766018634807816,0.00771018050452271,0.013775651838058284,0.013851415399390271,-0.27103364120258355,1.056528922451754,0.0006382746169642293,0.022751336695666417,0.5607474969971094,0
2013-01-10,NEOG,11.822956085205078,11.822956085205078,11.685420989990234,11.757939338684082,471082,-0.00021262249411380107,0.027534962303027877,0.023731816006331785,-0.002122244728057887,0.006291999559843536,0.02015577278041376,0.014641301802046256,0.05137468646476429,0.008201096010735202,0.013760035084284306,0.013606446306186754,-0.028855093706385948,0.9998723315245728,-0.005499195467904703,0.011697210816724313,0.5272715926110834,0
2013-01-11,NEOG,11.800450325012209,11.877968788146973,11.597899436950684,11.607901573181152,308323,-0.012760549376989894,0.011108702081069621,0.008472674855126705,0.0,-0.008712760700829623,0.00628655914136286,0.001693921370467979,0.0358369776183359,0.011675384133606217,0.014577571021709387,0.01349379249089802,-0.3455003587485831,0.6486898515488393,-0.01631706812264025,0.024127474671508255,0.035713069594175854,0
2013-01-14,NEOG,11.570392608642578,11.635409355163574,11.437858581542969,11.460365295410156,269933,-0.012709986972310627,-0.02114477311442653,0.028270221163771314,-0.006072462117518551,-0.017156317375898417,-0.009209593886929131,-0.010738733193689416,0.02128590532570812,0.007900966471800138,0.010520567706339738,0.01371849412954112,-0.12451228095211841,0.5648073858316797,-0.009509384595146433,0.017237737936654077,0.11392875590764047,0
2013-01-15,NEOG,11.422856330871582,11.500374794006348,11.302825927734377,11.367841720581056,318720,-0.008073353025331187,-0.02966921453491267,0.0030891154563741363,-0.022995979463651284,-0.019244052359329997,-0.01750595690351008,-0.01759087814892472,0.011264926910507287,0.007506410553140393,0.009761906731170403,0.013641698919864158,0.18073744225418897,0.6600408549384608,-0.004816186836022989,0.017377869179363747,0.3291124574573396,1
2013-01-16,NEOG,11.375344276428224,11.462865829467772,11.295324325561523,11.372842788696287,396701,0.00043993118818463905,-0.03295770296345657,-0.0026316502569762035,-0.04252629455928114,-0.012206265864368645,-0.01681873479594576,-0.01500879470445278,0.009746638553474858,0.0064767711175607685,0.009547622680734988,0.012642437366151997,0.24466930220883532,0.8245370979963091,-0.00021990435376278522,0.01473171721610109,0.46268214936247154,0
2013-01-17,NEOG,11.41035270690918,11.462865829467772,11.32533073425293,11.33033275604248,217546,-0.0037378545930537577,-0.036367476504557184,-0.009833891296138653,-0.054662972223324946,-0.008533889793857925,-0.019539929635097146,-0.01589850336199116,0.004059686221294406,0.005750123497451893,0.009507875316051477,0.012369464611792664,-0.4516121713834853,0.4556885768472013,-0.007012925272524281,0.012138663371690856,0.03636905752482435,1
2013-01-18,NEOG,11.355339050292969,11.55288791656494,11.305326461791992,11.527881622314451,461485,0.01743539845876274,-0.006893575928622497,0.004138547471182807,-0.010729632174247494,0.010167392391649821,-0.002855185005625823,0.0018036611400146776,0.019568610969807627,0.011576349916563436,0.011123662545176603,0.01166643791337093,1.1213214676436247,0.9694229036388571,0.015194841057346586,0.02147501708325528,0.8989895487832589,1
2013-01-22,NEOG,11.492873191833496,11.622905731201172,11.450363159179688,11.612902641296388,214346,0.007375250871535899,0.013309989861084448,-0.008116219969110161,-0.00492828495128006,0.014904471713237003,0.0053253298600533,0.009444485718218024,0.024740234770443518,0.01002008260351664,0.009257431882735069,0.011792044133984209,-0.5355298655427587,0.46483309881612267,0.01044381569860023,0.01485783333857545,0.9420253808228972,0
2013-01-23,NEOG,11.622905731201172,11.702925682067873,11.472867965698242,11.520380020141602,235141,-0.007967226111563974,0.013418404593404931,-0.016648923466105692,-0.0041072352799472744,0.004141253484779189,-0.0009974730929741432,0.0016088432951010115,0.014226018083269294,0.009991660524087615,0.009507863779413638,0.011762014294377619,0.09701603948755744,0.5635958962224807,-0.008821005128205129,0.019969629123988128,0.2065223248892134,1
2013-01-24,NEOG,11.527881622314451,11.860465049743652,11.527881622314451,11.847962379455566,379505,0.02843503067965103,0.04177667796757989,0.007442111660867834,0.030672221884384454,0.02421102292600726,0.026630022136008936,0.02851317387996946,0.040426923283526386,0.014993851951125327,0.013447083043091028,0.013273016232308718,0.6139465257016004,0.8970176977250914,0.027765791463501555,0.02807093884817718,0.9624074164346405,1
2013-01-25,NEOG,11.83795928955078,11.927982330322266,11.722930908203123,11.85796356201172,235141,0.0008441267988406054,0.04656798854277722,0.008506951809026164,0.03244065323046463,0.015809038642809994,0.026606854193440534,0.027719314683633024,0.03872768915296988,0.014192155989467962,0.013442196852355908,0.013261785962362934,-0.38040078523339615,0.585452875028477,0.0016898412954163963,0.017292296526871358,0.6585306866593609,1
2013-01-28,NEOG,11.88547134399414,11.940485000610352,11.725431442260742,11.910477638244627,267933,0.004428591465834852,0.03318875301335389,0.02606638789585758,0.03475991478027329,0.013663084884885773,0.028459164392559664,0.030483995307249327,0.04081535038409116,0.013485325968442274,0.012567870703862892,0.013275765549018766,0.13945675148102632,0.6829766415835153,0.002103937953047395,0.01805582990719624,0.8604656319290384,0
2013-01-29,NEOG,11.887971878051758,11.887971878051758,11.69792366027832,11.847962379455566,266733,-0.005248761694352511,0.020241256249172945,0.033820657025709355,0.06304699564350158,0.004324269160338836,0.019648400363651286,0.02196870239362781,0.03307680957785013,0.014456137783850805,0.011749711665560122,0.010858333682222708,-0.004478731623204335,0.7025853099606211,-0.0033655445189990055,0.016040582480493202,0.7894771176234444,0
2013-01-30,NEOG,11.835458755493164,11.835458755493164,11.56039047241211,11.602901458740234,193152,-0.020683803076575358,0.0071630830280213775,0.020677604767632474,0.023830595732494908,-0.01782307139346988,-0.003457760899448867,-0.00033387049173981304,0.00952528478352154,0.01783363713201231,0.013641510293538954,0.01158112547843297,-0.275860129792714,0.5289391627676691,-0.01964920004854002,0.0237068533296774,0.15454703047533197,1
2013-01-31,NEOG,11.602901458740234,11.700425148010254,11.495373725891112,11.625406265258787,271132,0.0019395843874552288,-0.018784336670640722,0.022207594113015316,0.01951750123528484,-0.012196167871618797,-0.003686087561908634,0.0006457178533856323,0.009458374625412342,0.010116404083162112,0.013629078609038062,0.011524676371336513,0.4037234923790589,0.783588036823424,0.0019395843874551299,0.01763821559784241,0.6341460011534185,1
2013-02-01,NEOG,11.685420989990234,11.97049331665039,11.685420989990234,11.890473365783691,234741,0.022800674185213365,0.0027416009167138267,0.04943726029956941,0.039117208359666034,0.009768560924191668,0.014162071543262534,0.021493318278101255,0.03032699811967962,0.015783849766736885,0.014855273115111834,0.012508449133386328,-0.13421875691545082,0.6936066223578595,0.017547709746110602,0.02397485094920503,0.7192994781212364,0
2013-02-04,NEOG,11.865466117858888,11.935483932495115,11.590397834777832,11.645410537719728,211547,-0.020610014464954918,-0.0222549513609569,0.010195187568353914,0.014375928307266195,-0.006570332124522295,-0.00773449759301354,-0.0002684050247541503,0.007602932290951645,0.018088023654592333,0.016116665541926017,0.01348203812858474,-0.0988067700146118,0.6366204439463624,-0.01854588584665471,0.02963279796788119,0.15941732601168487,1
2013-02-05,NEOG,11.71292781829834,11.752938270568848,11.587897300720217,11.725431442260742,232742,0.006871454147693967,-0.01034194178463066,0.009689980570765533,0.0014951145878465688,0.00235142807086454,-0.001873213946549689,0.0065255776096066935,0.013097465966871563,0.01873961971467693,0.01609575266750038,0.012814882647410342,0.10019050140157981,0.7346171715998445,0.001067506276515147,0.014075470967643134,0.8333333333333316,1
2013-02-06,NEOG,11.670417785644531,11.850462913513184,11.660414695739746,11.83045768737793,145564,0.008957132676470358,0.019612010792893653,0.02691557628257102,0.009818537446890652,0.007410252735022294,0.004415949405641531,0.015040026408920644,0.02113056949444318,0.015781171919381786,0.015927544718557837,0.012965600808820305,-0.3745692655386651,0.5005169734753236,0.013713296702219113,0.016064316596660706,0.8947360497792052,0
2013-02-07,NEOG,11.860465049743652,11.872967720031738,11.640410423278809,11.80545139312744,163159,-0.0021137216252562485,0.015487211694846126,-0.0035880419743601344,0.003827367077490651,0.002207787219760273,0.002654773758864991,0.01269896532059222,0.018145905655010765,0.016015314717107224,0.013145435460632914,0.01295484333095992,0.12087466681322301,0.5938857348980623,-0.004638406368172027,0.01969914482798288,0.7096787421981929,1
2013-02-08,NEOG,11.842961311340332,11.927982330322266,11.795449256896973,11.855463981628418,127168,0.004236397816189674,-0.002944322154239676,-0.00021079339384300066,0.00829436520594018,0.007052144839110111,0.006923794553009739,0.016563937913456225,0.021621937276853926,0.011971016016248871,0.013221261065549439,0.012984275748640813,-0.22058850569076793,0.49378804328411297,0.0010557047312240982,0.01117907098622797,0.45282828791618396,0
2013-02-11,NEOG,11.817954063415527,11.835458755493164,11.58289623260498,11.69542407989502,85579,-0.013499252495001501,0.004294699788667478,-0.01805582990719612,0.00753990772251889,-0.007385702345174722,-0.004851263880111774,0.0024649224996088574,0.007066931322549819,0.009057148169312395,0.0137669617456192,0.013024947856946852,-0.3270398213387016,0.3473196254521133,-0.010368121492350361,0.021594986309419115,0.4455445170693763,1
2013-02-12,NEOG,11.715429306030272,11.845460891723633,11.66541576385498,11.707926750183104,134366,0.0010690223973646162,-0.0014928825573571336,-0.011819385037488361,0.021601532620613373,-0.006029235181512675,-0.0025989790635619434,0.002472978514605732,0.007765936854941948,0.008450636228416748,0.013732718813147598,0.012650933288761239,0.5700814452143634,0.5607460644466103,-0.0006403995663484722,0.015378053835691838,0.23611295029952772,1
2013-02-13,NEOG,11.740434646606444,11.842961311340332,11.66291618347168,11.78294563293457,201949,0.0064075292194916145,-0.00401607914916513,0.015517168256109937,0.03651563089605503,0.0011473156466685966,0.002254638420822961,0.007106592794823278,0.013538216403926662,0.007807078591933489,0.012004202746927171,0.012509174628776916,0.5029769435720346,0.8638365311198705,0.003620903962053442,0.015280145854650071,0.6666631354248879,0
2013-02-14,NEOG,11.765440940856934,11.875469207763672,11.690423011779783,11.71042823791504,130367,-0.006154436868217039,-0.008049091224729965,0.007313462490367462,0.02968347100992963,-0.003404936862213328,-0.004633518478932197,-0.0005335089893731518,0.006698482405772625,0.00817988610866225,0.012249570530707942,0.012635097793589541,-0.3544558279565633,0.5913279580232309,-0.0046757876069781976,0.015801829977896236,0.10810936171311115,1
2013-02-15,NEOG,11.780445098876951,11.972992897033691,11.765440940856934,11.927982330322266,247538,0.01857780842743617,0.006116871411040892,0.003154539216791097,0.05274775129274634,0.013858201111452419,0.013535074261398519,0.015444575622292333,0.024823534080268744,0.01223976510810625,0.011453653518934251,0.013120560714454377,0.8987780650011123,1.1152148722948365,0.012523909768008617,0.01740042451682189,0.7831359070733434,1
2013-02-19,NEOG,11.9329833984375,12.215554237365724,11.910477638244627,12.198049545288086,323919,0.022641483487050307,0.042976249681882184,0.04745551956097627,0.058134525052408126,0.02802949601503581,0.03163860164693652,0.03548191788997979,0.04711368183424092,0.011998893876468927,0.010796613454291733,0.013476054639920854,0.3085627257229193,1.5059969007760148,0.022212898317221626,0.02501027709294258,0.9426219771425662,0
2013-02-20,NEOG,12.158040046691896,12.25056266784668,11.82545566558838,11.835458755493164,285129,-0.029725308824883778,0.010892791527591816,0.009383647311762111,0.019164555242661585,-0.00466859569544877,4.224062655752277e-05,0.0037537223792839416,0.015508328264810975,0.02117014698092844,0.015258906125573037,0.01526464052928684,-0.11975216026228774,1.3041906184212482,-0.026532343203335966,0.03591808404224256,0.023530757789553908,0
2013-02-21,NEOG,11.840459823608398,11.880470275878906,11.652913093566896,11.74543571472168,211147,-0.00760621473415235,-0.003183407560503948,-0.007186701892942016,0.019535440166609463,-0.011615731043009222,-0.006850820146791117,-0.004830771492012232,0.007248191808155653,0.02142469231817128,0.015202844958592088,0.015253613000048547,-0.259468521265813,0.9711232189593174,-0.008025373195156876,0.019374094570777885,0.40659064334837414,1
2013-02-22,NEOG,11.817954063415527,11.855463981628418,11.687921524047852,11.800450325012209,203149,0.004683913958302366,0.007687343730582219,-0.00042362362511116913,-0.00401014562012314,-0.008488444190212559,-0.002156798923700258,3.1802411576616285e-05,0.011701371118674347,0.021251261904937046,0.015280243911839344,0.013873846244082198,-0.037878823757855895,0.9738324678733172,-0.0014811141005789078,0.014197971515158517,0.6716434901896157,0
2013-02-25,NEOG,11.880470275878906,11.940485000610352,11.637908935546877,11.650412559509276,329918,-0.012714579644889756,-0.023270471327525133,-0.01729594239726895,-0.017503089920714365,-0.01650763616583117,-0.013132817073680206,-0.011814123686085401,-0.0009349468485328826,0.019585956405628293,0.015700288778211183,0.01415326575420183,0.6240198081211328,1.5463944585946061,-0.019364361092398863,0.02597127470962449,0.04132390299865842,0
2013-02-26,NEOG,11.71042823791504,11.812952995300291,11.540385246276855,11.58289623260498,424694,-0.005795187643306887,-0.05043046516569771,-0.009621527746349945,-0.027503632985110604,-0.011945347817727651,-0.01791578917816358,-0.01617404661463627,-0.006682116898930862,0.012601754149936532,0.015235400485456504,0.014139594291075142,0.28727138258597584,1.9200880350422147,-0.010890464696854377,0.02353191667695149,0.15596484353132276,1
2013-02-27,NEOG,11.565390586853027,11.730433464050291,11.565390586853027,11.635409355163574,309523,0.004533678063244118,-0.016902547206861906,-0.006193871602279688,-0.017940048886427973,-0.0040667469120105664,-0.01285638388112095,-0.010820774747583934,-0.0023584439032512225,0.007721421627128785,0.015323323434080532,0.014164922754221473,-0.27118584204156404,1.3859808713029917,0.00605416373832984,0.014184535512196736,0.4242459262683508,1
2013-02-28,NEOG,11.685420989990234,11.795449256896973,11.635409355163574,11.707926750183104,375506,0.006232474750649697,-0.003193492812834764,-0.006366734184173883,0.009051640386358306,0.002784285991328425,-0.006071443141497019,-0.005099897390362206,0.003734511981984056,0.00828718001170091,0.015314633756546167,0.013437215215590976,0.21317640369213264,1.6154836145040146,0.00192596913813784,0.013669363086072906,0.4531207169842691,0
2013-03-01,NEOG,11.602901458740234,11.755438804626465,11.562891006469728,11.627906799316406,757011,-0.006834681543036347,-0.014621774673300392,-0.007046833550582998,0.0002150921869363831,-0.0011170552525518178,-0.01217260131849903,-0.011910220567777017,-0.0026980883538398766,0.008044411763873278,0.015343862046031422,0.013531901342930449,1.015975776685326,2.9485992993575496,0.0021550937638392035,0.01655911089415132,0.3376605365996145,0
2013-03-04,NEOG,11.572893142700195,11.61540412902832,11.467866897583008,11.56039047241211,512672,-0.0058064042023682205,-0.007726944143594983,-0.03081760583897719,-0.02776028196837277,-0.005378641963017097,-0.014831834559306228,-0.016267832448658325,-0.0077652808854026195,0.00635694953868188,0.013819205615050264,0.012476634627331055,-0.3227680971610717,1.8943485507183455,-0.0010803409427462152,0.01276230520045128,0.6271201778880959,0
2013-03-05,NEOG,11.58289623260498,11.680419921875,11.46536636352539,11.540385246276855,677831,-0.0017304974415003338,-0.003670151702512836,-0.05391552941062416,-0.009018599310234188,-0.006372989965583029,-0.010993712680472247,-0.017531155666963453,-0.009290968683013932,0.005920725791970431,0.01054912091114586,0.011626588827205398,0.3221533456088883,2.3059668500957065,-0.0036701517025128634,0.01863486822669024,0.3488381374722838,0
2013-03-06,NEOG,11.540385246276855,11.612902641296388,11.447861671447754,11.500374794006348,392702,-0.0034669945081267084,-0.011605484348283901,-0.028311869308090376,-0.019193890592651974,-0.0075100576808761,-0.01158420206741153,-0.019998539548767114,-0.012437428532333298,0.0051803786125355555,0.006223856684663645,0.01151612241969933,-0.4206490998493725,1.3005765462565892,-0.003466994508126662,0.01435092097473632,0.3181823434917739,0
2013-03-07,NEOG,11.47036838531494,11.532882690429688,11.355339050292969,11.500374794006348,458685,0.0,-0.01772747307062794,-0.020864353325621976,-0.027901109331023743,-0.003941804512617194,-0.009497996484794805,-0.018618327883589667,-0.012322900302187585,0.0028195258038435866,0.006040141961969404,0.011284221092557098,0.16802308111494213,1.444219563816945,0.002615993461014212,0.01543807426426217,0.8169019380344635,1
2013-03-08,NEOG,11.645410537719728,11.71042823791504,11.47036838531494,11.69792366027832,551462,0.017177602453002594,0.0060214501346047555,-0.008688368825770398,-0.009108311852583317,0.011940759760632065,0.008406916429138048,-0.0013023485331993252,0.004293621937930449,0.009167552811559844,0.008420153737972938,0.012016536038231185,0.2022673512323272,1.6363092822813177,0.004509340601475652,0.020521577980137855,0.9479105835428842,1
2013-03-11,NEOG,11.622905731201172,11.845460891723633,11.595398902893066,11.79294776916504,421894,0.008123160284366104,0.020116733713096524,0.012234348691748664,-0.005273198295760895,0.016072726795854402,0.015350796343857663,0.007078984402486372,0.011917242148372484,0.008591305664454402,0.007702968321133166,0.012126201256387215,-0.23495363234456768,1.1994073666379486,0.014629907692307846,0.021204366688064386,0.7899995804873283,1
2013-03-12,NEOG,11.740434646606444,12.000499725341797,11.715429306030272,11.940485000610352,211947,0.012510632145007472,0.034669531891283745,0.03087213774727471,0.020953572871000414,0.021740085572006983,0.024898048662337368,0.018612333867696756,0.02382125962432615,0.008568607810092383,0.00801334373406146,0.01201845186147655,-0.4976297363792801,0.5919142448085286,0.01703943337921755,0.02387427472979142,0.7894740363577984,1
2013-03-13,NEOG,11.972992897033691,12.063015937805176,11.887971878051758,12.01800537109375,194351,0.006492229627141244,0.045009887621851874,0.032882041727254396,0.026484502980495428,0.019343432662745432,0.028175425190028344,0.02387122610554298,0.02892824392365961,0.006464489390163418,0.008076671103148057,0.012078598808518866,-0.08302075518879715,0.538264495746943,0.0037595006066704034,0.014565150734117814,0.7428615014138068,1
2013-03-14,NEOG,12.0130033493042,12.113027572631836,11.882970809936523,12.093023300170898,129168,0.006242128103685518,0.051532973210005384,0.03289195074454776,0.026315802253184417,0.015497051352007492,0.031196035684383373,0.028903334690198297,0.03400500029198184,0.004682687878078212,0.008077065124705745,0.012075029511549703,-0.33538803504998693,0.3613791934183596,0.006661111175943693,0.019023924537717656,0.9130463620083571,0
2013-03-15,NEOG,12.12303066253662,12.195549011230469,12.0130033493042,12.088022232055664,355911,-0.0004135498618582645,0.03334767631472668,0.0395699278193653,0.032244251573830596,0.008469989162329555,0.026741170469916184,0.02682840659505043,0.032367761333729136,0.004652546232740978,0.007412320616766526,0.011954403386592484,1.7554115570419917,0.9652927107464623,-0.002887762264690181,0.01510136715683606,0.41095954820205527,0
2013-03-18,NEOG,11.957988739013672,12.088022232055664,11.957988739013672,12.04551124572754,203949,-0.0035167859151838954,0.021416483944995957,0.041964047362684775,0.009853210052676253,0.0007063063168132126,0.018931778277860353,0.022706755946725228,0.027679274686935332,0.0063108049457531274,0.007107851005802977,0.011311970244307447,-0.4269662921348315,0.556434371797656,0.007319166176191605,0.01079518256961606,0.6730766409974467,1
2013-03-19,NEOG,12.08552074432373,12.253063201904297,12.02050495147705,12.113027572631836,222344,0.005605102641719872,0.014450214711769549,0.04962072878283896,-0.0069701284898529,0.0034386419742162685,0.019703560750758978,0.02881046434190424,0.03232510518509209,0.00457013721780773,0.006806616862439722,0.010141907372578713,0.0901941171567402,0.6151451523054455,0.0022760151498664007,0.019199019323021108,0.39784708125730456,1
2013-03-20,NEOG,12.128031730651855,12.340584754943848,12.05301284790039,12.325580596923828,236741,0.017547473001071623,0.025592868061939056,0.0717546877991797,0.04141130914787605,0.015869701136432792,0.03043855221730956,0.04468906646832594,0.04933507979536251,0.00808002393337067,0.007178651978499438,0.008256732487105001,0.0647510164429892,0.6593901210274065,0.016288617201808298,0.023331307177142484,0.9478246739249389,0
2013-03-21,NEOG,12.220555305480955,12.378094673156738,12.20305061340332,12.210553169250488,328718,-0.009332414547842727,0.009718816061317748,0.06175262875904397,0.03959984676820727,0.004443222375678147,0.014797013023485147,0.0329036215978663,0.03866660733697087,0.010239653599342992,0.008643576476950986,0.008371355831990855,0.38851318529532275,0.9008223424592665,-0.000818468226724606,0.014335473366941865,0.04286095659422382,0
2013-03-22,NEOG,12.230558395385742,12.37559413909912,12.13803482055664,12.175543785095217,155161,-0.0028671415348680007,0.007240353414263101,0.0408294786910528,0.03178636829545067,0.00012325495611219833,0.00788672610703725,0.028310748705257745,0.03495771612889378,0.010439752334590076,0.008080547043413431,0.008413015398877092,-0.5279814308921325,0.42801924584576284,-0.0044981274371970695,0.019511187568746514,0.15789304653973785,0
2013-03-25,NEOG,12.205551147460938,12.248062133789062,12.043010711669922,12.14803695678711,232342,-0.002259186841558569,0.008511528399920198,0.030110299356240544,0.04271302794952647,-0.0038141190442965117,0.002662481212091965,0.023836118576891475,0.03193518486502496,0.010303310462406259,0.008164056558567927,0.007777607827565614,0.4974252550576499,0.6496703581852337,-0.0047121338462288555,0.016879387414489085,0.5121946682045653,1
2013-03-26,NEOG,12.175543785095217,12.443111419677734,11.940485000610352,12.253063201904297,377106,0.008645532236260633,0.011560745522354532,0.02617801548915044,0.05785832453655648,0.0024960131952189513,0.008728586319614236,0.029779544451559014,0.03971719375889438,0.010671677949414789,0.007744524564744494,0.007673529401388401,0.6230642759380569,1.0615192855083952,0.00636681352203556,0.041020470619074885,0.621889716569078,0
2013-03-27,NEOG,12.255563735961914,12.288071632385254,12.040510177612305,12.210553169250488,160760,-0.003469339213658995,-0.009332414547842727,0.016021610259874253,0.04943047524423161,0.0009019277548801218,0.003638055703921748,0.023732702323394417,0.034792643134541716,0.0065185654624150486,0.007830487142222115,0.007788590602984453,-0.5737007631806441,0.4622023239208535,-0.0036726639166625814,0.020274384898169615,0.6868718387284417,1
2013-03-28,NEOG,12.245560646057127,12.478119850158691,12.143035888671877,12.395599365234377,492677,0.015154612032638015,0.015154612032638015,0.025020712980781346,0.05873564378428653,0.012997123271127316,0.016320209399810694,0.036259724107415285,0.048647819404822025,0.008419219257719627,0.008855378697499078,0.008258355283716406,2.064674048270714,1.3930352338157772,0.012252498967906356,0.02703249367889512,0.753731916746598,1
2013-04-01,NEOG,12.345585823059082,12.463115692138672,12.200550079345703,12.40810203552246,577456,0.0010086378173166377,0.019100440566106824,0.026479087920436628,0.06709679133753643,0.01017913926696633,0.014682429339543652,0.03393309590005012,0.047870049429493515,0.007901801210442677,0.008814545368249996,0.007952825578893218,0.17207825816914535,1.6752721291662154,0.005063851433166449,0.021160819925665052,0.7904765363940075,1
2013-04-02,NEOG,12.500624656677246,12.628156661987305,12.4381103515625,12.508127212524414,429493,0.00806127937339629,0.02964184723986385,0.03840567306439224,0.08198137791054716,0.012386654250387302,0.019007083655596432,0.0381685912611644,0.05422005645659365,0.007238178115956418,0.008673556511874918,0.007719835680520108,-0.2562325094899005,1.2612304935558734,0.0006001744755339451,0.015193826157645,0.3684199961862323,0
2013-04-03,NEOG,12.495623588562012,12.495623588562012,12.245560646057127,12.280570030212402,296726,-0.018192746079857436,0.0022448940199566447,0.013831592190800546,0.0641386546583742,-0.006473827704773598,-0.0008951598058955795,0.016160064829143325,0.033729329948621656,0.012623024023279923,0.011062017136925546,0.00911230493715398,-0.3091249449932828,0.923000880460085,-0.01721031021984855,0.020362486585694714,0.1400022882422547,1
2013-04-04,NEOG,12.37559413909912,12.415603637695312,12.28307056427002,12.388096809387209,320320,0.008755845934697692,0.014540179930899733,0.00507207039634161,0.07719070302330633,-0.0006455483398843273,0.007340504438871533,0.0213064093850621,0.04142139253505702,0.012841046437594315,0.009930167441875318,0.009054680465095437,0.07951443419181325,1.0077375125664383,0.001010268286723212,0.010698420868398822,0.7924531017262728,0
2013-04-05,NEOG,12.205551147460938,12.368091583251951,12.13803482055664,12.35308837890625,197551,-0.002825973272539417,-0.003429522451924072,0.011673116498497782,0.0741465908871346,-0.002785731139098706,0.003330898659764591,0.014853021951488094,0.03702647033244437,0.010949766600075175,0.009410213834947641,0.009138168409504693,-0.3832698551448551,0.6481250154812678,0.012087715635520807,0.01862342077048105,0.934784771506275,1
2013-04-08,NEOG,12.415603637695312,12.415603637695312,12.28307056427002,12.405600547790527,145564,0.004250934444373078,-0.00020160115743494966,0.01889498873774631,0.06049593996883451,0.0014938086486461593,0.005716765151265346,0.016213048731719425,0.04046065947853003,0.011165585013634507,0.0093372169255873,0.008568337537438526,-0.2631573618964217,0.5116324108608885,-0.000805686956243878,0.01068332588291322,0.9245238215167193,0
2013-04-09,NEOG,12.383095741271973,12.415603637695312,12.328082084655762,12.328082084655762,223144,-0.006248666707922679,-0.014394251418259674,0.014820923619931925,0.0453774854231046,-0.0018626283235325866,-0.002024287231588813,0.007654500764453934,0.033144451535680734,0.010393150115501043,0.00961634212440911,0.008715340739194727,0.5329614465115,0.8126992081660347,-0.00444264162739648,0.007099364884054846,0.0,1
2013-04-10,NEOG,12.21805477142334,12.593148231506348,12.193047523498535,12.575643539428713,247938,0.02008110045609457,0.024027672045383586,0.026326505642628506,0.05319369680426678,0.01333923474330023,0.01536470739391255,0.025228043149209445,0.05271748246913861,0.010364490948726894,0.011120887761052158,0.009327028048191723,0.11111210698024587,0.8971201754163787,0.029267242183406553,0.03181552552387218,0.9562492849243017,0
2013-04-11,NEOG,12.50312614440918,12.625656127929688,12.42560577392578,12.563140869140623,156361,-0.0009941972551058553,0.014130020328931625,0.028875653297841364,0.04535989802085272,0.009484028254929774,0.0114757518541764,0.021937910122262205,0.05041314715669566,0.010351976458609996,0.0109962168427697,0.00931433641124135,-0.36935443538303936,0.5696802764585759,0.004799977544678244,0.015923593955338048,0.6875023835856695,1
2013-04-12,NEOG,12.485621452331545,12.8532133102417,12.458114624023438,12.815704345703123,430692,0.020103529777564022,0.03744941771701571,0.03389146164621981,0.059760163161350466,0.022178830727409397,0.02833183435359139,0.03942728749481801,0.0693614233312713,0.012133093331970211,0.01169775618682299,0.01010800212036454,1.7544720230748077,1.4874647596924444,0.02643704157072128,0.030829260379335394,0.90506431469667,0
2013-04-15,NEOG,12.738184928894045,12.878219604492188,12.28307056427002,12.363091468811035,352312,-0.03531705044708222,-0.0034266038807015953,-0.0036275142308280772,0.022755520421357867,-0.013252393431580283,-0.00762740297710381,0.0016005113897857536,0.030326327133818106,0.02287795022588327,0.016973415361717148,0.013246114922348643,-0.18198619895424106,1.2175233763956073,-0.02944638205339479,0.04813917633171113,0.13445523580302504,1
2013-04-16,NEOG,12.475619316101074,12.840709686279297,12.383095741271973,12.768192291259766,321520,0.03276695181546607,0.03569981150204948,0.02079168802144471,0.05999587985844568,0.011970828157551116,0.02275460594294224,0.03140057076539493,0.06253253506998936,0.026743481900152164,0.019866264379158567,0.014941005347005825,-0.08739980471854492,1.0889890914805707,0.02345157925595692,0.035840151414431275,0.8415315009284287,0
2013-04-17,NEOG,12.66566562652588,12.788196563720703,12.38559627532959,12.435608863830566,377905,-0.02604780847926791,-0.011135388432336857,0.01262472615169652,0.026630938406148053,-0.0121961159873758,-0.005121438160829766,0.003227752685122197,0.033496676565096486,0.02909720449754134,0.02089262786670717,0.0162704667857824,0.17537011694451365,1.2471109994955851,-0.01816381147892482,0.032374795058253344,0.12422392616964778,0
2013-04-18,NEOG,12.4406099319458,12.4406099319458,12.185545921325684,12.245560646057127,200750,-0.015282582449678173,-0.025278728177249188,-0.01150589679135161,-0.006492185113508686,-0.022359820864757227,-0.019207330857102776,-0.011785186479162388,0.016823097850265416,0.029682048373872685,0.021337122077471057,0.016215988399115814,-0.46878183670499196,0.6664457906520314,-0.015678434333658633,0.020829100274983626,0.2352927980138571,1
2013-04-19,NEOG,12.190547943115234,12.468116760253906,12.12303066253662,12.465616226196287,177156,0.01797023317262436,-0.027317118908428473,0.00910928861176008,0.020888738897441472,0.0008030376540450659,-0.0024812990990204053,0.004939003609302064,0.03400495562480945,0.029247537672099363,0.02213273085085162,0.016552493327244358,-0.11752926525529261,0.6032964102780655,0.02256406228535455,0.027683035596113906,0.992753883525996,0
2013-04-22,NEOG,12.465616226196287,12.465616226196287,12.29807472229004,12.360589981079102,198750,-0.00842527502944257,-0.00020233513100220701,-0.0036282456893586,0.015198187386949558,-0.007589141587009179,-0.010529279146884165,-0.004270590769793998,0.02434979536434258,0.024389755266607773,0.02229641198536075,0.016669990188091732,0.12189256926099024,0.6718472995034415,-0.008425275029442571,0.013554490858665289,0.3731329690346057,1
2013-04-23,NEOG,12.465616226196287,12.53563404083252,12.33058261871338,12.510627746582031,206748,0.012138398388151339,-0.02017235790332239,0.014807304224026652,0.02984768576887986,0.008628708427833733,1.9995301599680164e-05,0.006346243623853629,0.03565914129425407,0.018547909018332913,0.022493904854433797,0.01683702036009515,0.04024150943396232,0.7019198499930995,0.0036108540138716123,0.016390178516434553,0.8780486670511403,0
2013-04-24,NEOG,12.465616226196287,12.525630950927734,12.378094673156738,12.4406099319458,190752,-0.005596666774403847,0.0004021570773089511,-0.010737709530294626,0.01530610974179547,0.0029028765895428707,-0.004502270251539227,-4.0217088262678055e-05,0.028593859402072912,0.014195121896556574,0.02161066894686723,0.016824825530510082,-0.07736955133786061,0.6687684884500599,-0.002006021507218888,0.01185924794508209,0.42372804664421504,1
2013-04-25,NEOG,12.45561408996582,12.628156661987305,12.453112602233888,12.498125076293944,293927,0.004623177212593976,0.02062497892394477,-0.005175122489184281,0.023551095765885544,0.003453303164575468,0.0006206715148118612,0.003423085532989943,0.03200073912770234,0.011271335142447431,0.02167993373734222,0.01681165767713609,0.5408855477268915,1.0069886610268148,0.003412998028123708,0.014005625538620536,0.2571493949778354,0
2013-04-26,NEOG,12.42560577392578,12.480620384216309,12.370593070983888,12.43310832977295,238740,-0.005202120007929523,-0.0026078050080687865,-0.029853686197001905,0.0030259903884739536,-0.0012454306629824943,-0.0015262250129084922,-0.0019471206233924753,0.025531024042897636,0.00861498267820458,0.020476342279522254,0.016542734442491946,-0.18775750441436134,0.8551158215589548,0.0006037979945342631,0.008849541909720447,0.5681794542869951,1
2013-04-29,NEOG,12.50562572479248,12.668167114257812,12.45561408996582,12.628156661987305,194751,0.01568781732137592,0.021646756450766524,0.021440041420462075,0.017734753134271752,0.010080774838946396,0.011983463842459564,0.012815600410354004,0.04004478532431985,0.00973982902306341,0.01764344020891636,0.01689851373610646,-0.18425483789896957,0.7488838899463575,0.009798065278085676,0.01683167464431365,0.81176248889527,1
2013-04-30,NEOG,12.528132438659668,12.750687599182127,12.510627746582031,12.710678100585938,203549,0.006534717679503865,0.015990432938791654,-0.004504489700801195,0.016193542376088832,0.013438100621270021,0.019066179580370053,0.01860669188173435,0.045493288596637316,0.008903200034270075,0.014222726242945358,0.016868433954780753,0.0451756345281924,0.8182617791281319,0.014570859848429199,0.018886470942020755,0.8333353196594704,0
2013-05-01,NEOG,12.63815975189209,12.748187065124512,12.45561408996582,12.608152389526367,620245,-0.008066108688162266,0.013467382909445602,0.013874955990104354,0.026674849661542765,0.00258501891469674,0.0094498577126532,0.009066012003656311,0.03636105029741368,0.009558222444733089,0.011487966273089885,0.016409686545555552,2.047153265307125,2.341132452924552,-0.0023743458663932604,0.02320506336850217,0.5213683850253434,1
2013-05-02,NEOG,12.628156661987305,13.003251075744627,12.58564567565918,12.96324062347412,283129,0.02816338373596472,0.03721482577113844,0.05860735969227138,0.046427132669086824,0.0232521225212133,0.031949818103752164,0.0351024173142891,0.06357659051363208,0.014988044486129847,0.012621232372650176,0.0174081910990465,-0.5435207055276544,1.0762324849795228,0.02653466934691022,0.032214583699791736,0.904190768935648,1
2013-05-03,NEOG,13.100774765014648,13.40835189819336,13.100774765014648,13.23330783843994,361510,0.020833310343462808,0.06436037452925536,0.06158473021416788,0.07125501190752637,0.03153869768513433,0.04704993932056409,0.05296665569937758,0.08309008341773604,0.013994748453458257,0.012956441668038365,0.01783196842715556,0.27683847292223684,1.3326469377707957,0.010116430196114665,0.023242649300824463,0.4308937795719871,0
2013-05-06,NEOG,13.208301544189451,13.235809326171877,13.080769538879396,13.13828468322754,110372,-0.007180604907895849,0.04039607956209479,0.06291728010870767,0.05906075506900854,0.01605105917490398,0.03317405699822146,0.042367256535057005,0.07296313663597215,0.016293843572611374,0.012806844392404391,0.017992448428037537,-0.6946917097728971,0.40952452863512295,-0.005300973840403581,0.011800611040983587,0.37097022224135917,0
2013-05-07,NEOG,13.130783081054688,13.285820960998535,12.983245849609377,13.088272094726562,231542,-0.0038066299906581724,0.029706833195879412,0.046172291258713694,0.061663282646128525,0.006306241939459522,0.024586954936428294,0.03527736391575018,0.06637437108608021,0.01716825401488722,0.012975938116498395,0.017934380040368552,1.0978327836770196,0.8577775662022109,-0.0032375057957861296,0.023118033396560413,0.34710801108193506,1
2013-05-08,NEOG,13.075769424438477,13.373343467712402,12.97324275970459,13.318329811096191,319120,0.017577394074984376,0.05632684311142766,0.0705528011851353,0.05905751616916599,0.012932696158176325,0.035481688084282766,0.05038952232825955,0.08205849107584623,0.015686296994072795,0.01302201910158897,0.01781833437628117,0.37823807343808036,1.166836781611717,0.01855037197309185,0.030041357563804123,0.8625004767171351,0
2013-05-09,NEOG,13.320830345153809,13.378344535827637,13.053262710571287,13.130783081054688,223144,-0.014081850554958364,0.01292442703541119,0.05062023310686414,0.045183144710920775,-0.0038699144321942794,0.01590313657978769,0.033285148065197515,0.0642351658590603,0.015586387304267793,0.014631920745971541,0.018209695897245182,-0.30075206818751565,0.8060666681838394,-0.014266923245386226,0.024757230642655493,0.2384641787410602,1
2013-05-10,NEOG,13.163290977478027,13.323330879211426,13.163290977478027,13.270817756652832,239940,0.010664609622573762,0.0028345080966025726,0.0673773126285615,0.03551216528354928,0.0061807894917684375,0.020125713444883352,0.042438052605195065,0.07286680579287431,0.013086588866219502,0.014252522718954093,0.017844544988954086,0.07526978094862513,0.8976662697241343,0.008168685122799427,0.012059535792597888,0.6718748137819253,1
2013-05-13,NEOG,13.23080825805664,13.435858726501465,13.15078830718994,13.403350830078123,214746,0.009986805323948467,0.020175095398029308,0.06138616971899569,0.0841423331608766,0.01216102829979767,0.024210337624414775,0.0485645805503529,0.0804796042341621,0.012771825592728001,0.013961109704302706,0.015607024611631486,-0.10500125031257812,0.8246305509517893,0.013040969883031613,0.021268593423057005,0.8859653818103906,0
2013-05-14,NEOG,13.37584400177002,13.418354988098145,13.275818824768066,13.315829277038574,378305,-0.006529826320978205,0.017386342571812596,0.04760966894635943,0.04289072198213084,0.0021077288313943988,0.01283881992422661,0.03949091767949184,0.07039481644875549,0.013241029409331575,0.014512403847237967,0.014229200095007154,0.7616393320480941,1.4370339221751764,-0.004486799092715464,0.010704264853850546,0.280703867255453,1
2013-05-15,NEOG,13.298324584960938,13.718429565429688,13.255813598632812,13.515878677368164,248338,0.015023427844223614,0.014832855851593774,0.07199518690746864,0.0868690729474133,0.01414737428306613,0.021005681547165794,0.050677426371388626,0.08303608623248264,0.012596933322538398,0.014075934915254617,0.012833456721229755,-0.3435508386090588,0.9671398033380885,0.016359511381851686,0.03422759095725742,0.5621619170129956,0
2013-05-16,NEOG,13.445860862731934,13.678420066833496,13.39084815979004,13.503376007080078,224744,-0.0009250356996043374,0.028375529755188422,0.041666694254511416,0.10271602888414488,0.007575483502331871,0.015916026064556027,0.044598564194097634,0.07857198470704824,0.008991585275481348,0.012098084627375286,0.012061599554837819,-0.0950076105952371,0.8711838415600868,0.0042775352902512925,0.02129629708101706,0.39130333851780974,1
2013-05-17,NEOG,13.548386573791504,13.858465194702148,13.520879745483398,13.840959548950195,309923,0.024999936437607673,0.042962069312687534,0.04591835374260378,0.11033095338388854,0.024051760452984454,0.03657503442471927,0.0650477138807076,0.1014179601813671,0.012567218951970558,0.012788330011653524,0.012552815934540395,0.3790045562951625,1.1712278745907951,0.021594672809576845,0.02439032120748847,0.9481445489061653,0
2013-05-20,NEOG,13.768442153930664,13.870967864990234,13.70842742919922,13.773443222045898,179555,-0.004878009119636317,0.027611930528391504,0.048344099258954776,0.11430305860234125,0.013506053126783513,0.026635093960324936,0.05412231819103097,0.0924366309121302,0.013826033594173826,0.012572091789773318,0.012372128118206108,-0.42064641862656205,0.6810251314222427,0.0003632268675949408,0.011801002347100117,0.3999976530779817,1
2013-05-21,NEOG,13.74093532562256,13.93098258972168,13.70092487335205,13.848462104797363,202349,0.005446632446372446,0.039999974216945455,0.05808177004335757,0.10693582970533466,0.01110057586749192,0.026410897109827674,0.05446548240910001,0.09481691649806753,0.012148284450367567,0.012203105956103613,0.012273193703344386,0.1269471749603186,0.7681201424037629,0.007825288208314247,0.016612510084418157,0.6413052940518088,0
2013-05-22,NEOG,13.838459968566896,14.028507232666016,13.483370780944824,13.588397026062012,231142,-0.018779347249342604,0.005365418736354766,0.020277859070648052,0.09226132001525489,-0.008936707964810534,0.00512364880093483,0.030161702106246576,0.07146518402964189,0.016008587227439194,0.013614912235605027,0.01320045798588219,0.1422937597912517,0.8707436762476901,-0.018070142419957514,0.04011778951377717,0.19266047020994828,1
2013-05-23,NEOG,13.46336555480957,13.66091537475586,13.355838775634766,13.66091537475586,145164,0.0053367846519909445,0.01166666525416904,0.04037324281642096,0.09303717888593233,-0.005931996612349712,0.0065407793292131,0.031114645358449114,0.07439968190376756,0.01604832383721092,0.01238049920831054,0.013201759774115113,-0.3719704770227825,0.5626175801909499,0.01467313794177694,0.022332075907947415,1.0,1
2013-05-24,NEOG,13.598400115966797,13.798450469970703,13.535883903503418,13.68342113494873,178355,0.0016474562337498444,-0.011382044246593725,0.031091028892251682,0.10056317149442995,-0.0020061835369280306,0.005143299804521121,0.0279627865344298,0.07348425557492547,0.010150286440256735,0.012170553389570885,0.013023362029869466,0.22864484307404043,0.6994419327507494,0.006252281022537695,0.01918866370316307,0.561904104663284,1
2013-05-28,NEOG,13.853463172912598,14.288572311401367,13.753437995910645,14.186046600341797,409897,0.03673244142938148,0.029956443835008617,0.05839552960945005,0.12336637721988208,0.028462654109706248,0.03610761860218098,0.05952225701480629,0.1092644086971991,0.019863032419473552,0.016136647482586905,0.014686300552982035,1.298208628858176,1.5423957807509177,0.02400724088107391,0.03772258265934564,0.8084112565916215,0
2013-05-29,NEOG,14.13603401184082,14.223555564880373,13.648411750793455,13.790947914123535,200350,-0.02785121869039553,-0.00415311030485499,0.03568073960697604,0.08498915675378482,0.0006531954436524426,0.0037675563708064958,0.025874748747853456,0.0754344777803111,0.02503559345173852,0.01908681852816748,0.016511700114613493,-0.5112186720078459,0.754348280360777,-0.024411804430311174,0.04170444393440885,0.2478269953339694,1
2013-05-30,NEOG,13.805951118469238,14.026006698608398,13.790947914123535,13.888471603393556,117970,0.007071572590753306,0.02208314761159924,0.027567051681906873,0.10154693362770217,0.003360151027387703,0.00813181901711234,0.028232861782748135,0.08004880900001016,0.022918025826864676,0.01872369664381615,0.016264175948674707,-0.4111804342400799,0.4905610555566529,0.005977167687775198,0.016924740979232605,0.4148906388831488,0
2013-05-31,NEOG,13.788447380065918,13.97849464416504,13.600899696350098,13.620904922485352,196351,-0.01926537984516785,-0.0029288265956499693,0.008703669019040294,0.05073301638946037,-0.015400762809386055,-0.012132987610351254,0.0059745116287783905,0.05711155925185472,0.025240266524897165,0.01999305024541542,0.016162227179886714,0.6644146816987371,0.8314995054858149,-0.012150929902578012,0.027721722599473586,0.05298065096214777,1
2013-06-03,NEOG,13.665916442871094,14.028507232666016,13.503376007080078,13.783446311950684,545064,0.011933229869111717,0.007309953849661044,-0.004155292615089956,0.04157225693130995,-0.0050900349678750945,7.260616059645087e-05,0.01591517552161512,0.06712101443804486,0.025853740083566296,0.018634399537314637,0.015751105492046957,1.775967527539967,2.2218621461768793,0.008600218622066872,0.03809868836146096,0.533333938689525,0
2013-06-04,NEOG,13.773443222045898,13.815954208374023,13.503376007080078,13.648411750793455,249937,-0.009796864884230705,-0.037898849813124635,-0.009077720743954298,0.03882752428230973,-0.007130920784593474,-0.008825797478676884,0.004074774042348427,0.054262220603307036,0.016939743235503648,0.01883368183007912,0.015843322239208677,-0.5414538476215638,0.9906467303588472,-0.009077720743954328,0.022902166713703775,0.4639982670352211,0
2013-06-05,NEOG,13.598400115966797,13.69842529296875,13.45586395263672,13.51087760925293,181155,-0.010076933789202935,-0.02030827080303743,-0.02437703861914664,0.032288869872795445,-0.013114630400538403,-0.016402402235650388,-0.00758592289609091,0.04144579476890176,0.013038486404592325,0.018905574735690916,0.01602579045112707,-0.2751973497321325,0.7252656314651302,-0.006436235584147956,0.017953041049377224,0.22680306985813922,0
2013-06-06,NEOG,13.47336769104004,13.675918579101562,13.433358192443848,13.503376007080078,291927,-0.0005552268616298983,-0.027727716001477276,-0.006256883635271104,0.01389409923079965,-0.008082278225625667,-0.016339678985287074,-0.008810559735195175,0.038865109475955964,0.011803089590819254,0.017997611551371005,0.015587909707546489,0.6114763600231845,1.1751452593171665,0.002227232027519979,0.017962943972717325,0.2886613746004411,1
2013-06-07,NEOG,13.6134033203125,13.84596061706543,13.6134033203125,13.760939598083496,143564,0.01907401459223035,0.010280864332807615,0.007321926868273598,0.047990779616031265,0.008762242349816375,0.0016928073359163919,0.007764672617443456,0.05616092331174693,0.013054421642330845,0.01898814211770589,0.015684115389949738,-0.5082195206335831,0.5873208344992694,0.010837574873790586,0.016899812334422153,0.6344082934870865,1
2013-06-10,NEOG,13.783446311950684,13.888471603393556,13.6134033203125,13.878470420837402,263934,0.008540900998524448,0.006894074728199806,0.014254423945960326,0.0457886375449581,0.015962570858606247,0.008815837638713528,0.014115450595348007,0.06276240172638185,0.012492688385336825,0.019143140372477337,0.01563277059183955,0.8384413919924214,1.0744814025488676,0.006894074728199858,0.01981978379029894,0.9636410914259896,0
2013-06-11,NEOG,13.72593116760254,13.960989952087402,13.56589126586914,13.81845474243164,97975,-0.004324372685598932,0.0124588116729627,-0.02591221277260569,0.030970159448635348,0.009057049046619818,0.007144430149740924,0.008200994268884876,0.055885915019248,0.011459397506585856,0.014639343315334497,0.015592620541375078,-0.628789773200876,0.4085697265574909,0.006740786741484188,0.028592103356177147,0.6392414993325948,0
2013-06-12,NEOG,13.903475761413574,13.938485145568848,13.640910148620604,13.720930099487305,128368,-0.007057565028951607,0.015546916810978972,-0.0050770849888081004,0.030422500470719704,-0.0011286825897287285,0.0005470399334143771,-0.0003916883476940556,0.04649432063939189,0.01068204506737825,0.011854130563405394,0.015607615242641945,0.3102117887216127,0.5647437276482371,-0.013129498339752563,0.02168766947944463,0.26890683588116965,1
2013-06-13,NEOG,13.553387641906738,13.868467330932615,13.378344535827637,13.84596061706543,201150,0.009112393742374492,0.02537029331077867,-0.0030608829784941616,0.024421789184152276,0.002970638664377575,0.009977506822171942,0.007505741659273475,0.0535147595369041,0.010721853769432979,0.012014411824378223,0.015394857779105063,0.56697930948523,0.8942237546550537,0.02158670458550621,0.035398251422215685,0.954079438679515,0
2013-06-14,NEOG,13.858465194702148,13.858465194702148,13.61840534210205,13.640910148620604,113172,-0.014809407170499722,-0.008722474843186556,0.0014687149091121565,0.010185167136604445,-0.010161498719991266,-0.005124839260385544,-0.00791124820381344,0.035937828279085135,0.010358945572950598,0.011291323539749189,0.015808874619666534,-0.43737509321401935,0.5159070426426081,-0.01569835064886639,0.017598521651751586,0.09374664807464668,1
2013-06-17,NEOG,13.77094268798828,13.918479919433594,13.638409614562988,13.758440017700195,374306,0.00861598440273248,-0.00864867665510105,-0.0018142265500614707,-0.005961980522965926,0.00010910076911125446,0.0036300305418106088,0.0009369320065440408,0.04263789479630517,0.010377554019848268,0.010952078615561354,0.014876311316545826,2.307408192839218,1.6816374024667065,-0.0009079022817362844,0.020356254379878518,0.4285724014642036,1
2013-06-18,NEOG,13.788447380065918,13.940984725952148,13.70092487335205,13.833457946777344,273932,0.005452502535217452,0.0010857367647363336,0.013558075427577254,0.004357278261065911,0.005342914438419308,0.007742028058328973,0.006174889317555414,0.04605909460032946,0.01067453962263865,0.010508853716940403,0.014884464200060026,-0.26816027528278996,1.2051397451244614,0.0032643680227911636,0.01735356795992012,0.5520834574787166,0
2013-06-19,NEOG,13.753437995910645,13.935983657836914,13.625905990600586,13.630908012390137,321520,-0.014642032033241104,-0.006560931835118966,0.008883982714416927,-0.015709621094450732,-0.008079454116529336,-0.007880871430174491,-0.007772516639987715,0.028715740882000056,0.012377846670623001,0.01114271824630708,0.015195041006894703,0.1737219455923369,1.3783663109645328,-0.008909043946461973,0.022748129981838016,0.016131512579196653,0
2013-06-20,NEOG,13.453363418579102,13.585895538330078,13.205801010131836,13.223305702209473,328318,-0.029902799564795246,-0.04497014920644238,-0.02074076177126072,-0.026867872873622134,-0.028940806393866928,-0.03558206581068756,-0.036162153295913914,-0.003020359928459763,0.015981944280725784,0.014833888847089785,0.016070649212165136,0.0211433192336401,1.3787895999692592,-0.017100386662558975,0.028744289571610862,0.0460535229502356,1
2013-06-21,NEOG,13.288322448730469,13.603401184082031,13.27331829071045,13.520879745483398,653037,0.02250375586675002,-0.008799295782279115,-0.0174450189893669,-0.010250823274349119,-0.005334835183134569,-0.012149478570983389,-0.013968955691655328,0.017945323323179267,0.020653317461707534,0.015403827363077787,0.01687845909641303,0.989038066752356,2.4781861767548685,0.01750087700311243,0.024412826649230796,0.7499978331026792,1
2013-06-24,NEOG,13.36083984375,13.72593116760254,13.205801010131836,13.595898628234863,305524,0.005548372899073062,-0.01181394033453087,-0.020360442039655924,-0.006396244466256085,0.0025815872850306525,-0.004613539201852202,-0.008181563095712644,0.022392189519201668,0.02031700379724642,0.015211696144047411,0.016925593296660407,-0.5321490206527348,1.1321047657496104,0.01759311444742901,0.03825640155852152,0.7499999999999974,1
2013-06-25,NEOG,13.73093318939209,13.750938415527344,13.468366622924805,13.69842529296875,257136,0.007540999498258039,-0.009761308729033358,-0.008686170176056107,-0.03437330505888081,0.012157768093694864,0.0037747494308804914,0.0010782514836172735,0.028037436822534574,0.020534179242967108,0.015466564410378619,0.014684820063507676,-0.15837708330605782,0.980557478135028,-0.0023674935982103537,0.020628049323857686,0.8141600685796057,0
2013-06-26,NEOG,13.753437995910645,13.84596061706543,13.653412818908691,13.670918464660645,238340,-0.0020080284937732396,0.002935274174995506,-0.0036449157939030252,-0.008703495235448333,0.009528429206816463,0.002126388905695834,-0.0004935722048910812,0.024584843780890726,0.019297460173904216,0.015319987558550201,0.013332146373544605,-0.07309750482235078,0.9023450218449727,-0.0059999202580864365,0.01408448149657792,0.09091584489427987,1
2013-06-27,NEOG,13.77094268798828,13.910978317260742,13.638409614562988,13.873468399047852,241939,0.014816117505989101,0.0491679396574598,0.001986700868447988,-0.0010802631689176279,0.014741917805895363,0.01676898819869844,0.014370866273407045,0.037529083617705516,0.009341896126963173,0.015806113736287423,0.01366737115868636,0.015100276915331001,0.8949683990952622,0.007445075720850996,0.019646759905869,0.8623836198300263,1
2013-06-28,NEOG,13.808451652526855,14.123531341552734,13.71592903137207,13.893472671508787,509473,0.001441908532570535,0.027556855251955836,0.01851507854948542,0.020010986830506505,0.010696297777142127,0.016353806349254343,0.014822275044811426,0.03647042767793791,0.006399052705146322,0.014887440768657622,0.012890591211956175,1.1057911291689226,1.7814454459802676,0.006157172514441439,0.02933768394827092,0.43558055413872215,1
2013-07-01,NEOG,14.028507232666016,14.208552360534668,13.895974159240724,14.106026649475098,240740,0.01529883730236814,0.0375207285071133,0.025263520524691163,0.02340346022494577,0.01859876919518833,0.02928566087729881,0.02913543772573914,0.0497579026323345,0.0077688247258270475,0.015362982736795316,0.013060710138519154,-0.5274725059031588,0.8890863487353861,0.005525849295538341,0.02215919543194504,0.6719998047363617,0
2013-07-02,NEOG,14.05601406097412,14.203551292419434,13.79594898223877,13.98599624633789,311922,-0.008509157548038049,0.02099299351705386,0.011026765697154106,0.02473434284577536,0.005754343120830943,0.019392683889070013,0.019123352446329137,0.03831343276601393,0.010530375081293746,0.015706027000867533,0.013006506768069245,0.2956799867076514,1.138935179843401,-0.0049813421025687475,0.02914360214327893,0.4662565921544588,1
2013-07-03,NEOG,13.893472671508787,14.106026649475098,13.790947914123535,14.0385103225708,126368,0.0037547612131427766,0.026888599976686356,0.029902799564795357,0.03905243823365856,0.004221573481951399,0.020189402278217822,0.020987210756590817,0.039853056816319704,0.009980987017764635,0.014687494663212706,0.01273444816730766,-0.5948730772436699,0.46607513492032027,0.010439265581127231,0.022443886716739882,0.7857160153034045,1
2013-07-05,NEOG,14.258564949035645,14.471117973327637,13.908476829528809,14.456113815307615,203149,0.02974699474098763,0.041997098310307956,0.09322994876327728,0.07055552683477062,0.02554549252851281,0.04120887250320395,0.047728638400571136,0.06759789803155818,0.014655944261442408,0.011608028614556473,0.014140162880833312,0.6075984426437073,0.7617325291388031,0.013854750949907605,0.03892063600129144,0.9733326327351097,1
2013-07-08,NEOG,14.45361328125,14.656164169311523,14.308576583862305,14.64366054534912,258335,0.01297352334366031,0.05399570658664299,0.08304051370923426,0.06414685138132281,0.02790940001907333,0.04625606739443825,0.05793721269525252,0.0780321235816142,0.014197915764765303,0.010735860817406035,0.013849558788562224,0.271652826250683,0.9482553254593166,0.013148771895375033,0.023736386429663164,0.9640274150003242,0
2013-07-09,NEOG,14.681170463562012,14.733682632446287,14.193548202514648,14.476119041442873,688228,-0.011441231062916057,0.026236473329046772,0.06474161342892337,0.04306300352149384,0.010896520641253063,0.02782166663404094,0.043580156387859816,0.06250206700330734,0.01680690186396115,0.012393852217004684,0.014161583784277803,1.6640911994116165,2.3437288223326953,-0.01396696691371216,0.0373121019788051,0.5231490963536383,1
2013-07-10,NEOG,14.471117973327637,14.746187210083008,14.471117973327637,14.688672065734863,223544,0.014683011633400023,0.05024138481239482,0.0722890953951032,0.06297500983457205,0.015770899450730704,0.03563179178723005,0.0555919926715592,0.07485168439551196,0.01516104899330119,0.012672034173379757,0.01433699798882655,-0.6751890361914947,0.7453328756634366,0.015033675546575614,0.01872662385846583,0.7909066639854939,0
2013-07-11,NEOG,14.81870460510254,14.81870460510254,14.563640594482422,14.678669929504396,455486,-0.0006809421699732754,0.045600251894559074,0.07371497880327449,0.0698013781188842,0.0061707469888227515,0.02762510503785114,0.05125543883033913,0.07103500136339735,0.01573270507686266,0.012572895799984406,0.014167816639738562,1.0375675482231688,1.4401309974565335,-0.009449859439800578,0.017376506989058703,0.4509822249807482,1
2013-07-12,NEOG,14.63615894317627,14.753687858581545,14.598649978637695,14.686171531677246,383104,0.0005110546261259952,0.015914215902618434,0.05857966510272017,0.06068274624270131,0.0035199255591447194,0.022333632281386868,0.048637644526929355,0.06834264185406733,0.010770778622976422,0.012424046850039562,0.014118139388568741,-0.1589115801583364,1.1774097655147318,0.003417056940632203,0.010556725393642682,0.5645172203802629,0
2013-07-15,NEOG,14.708677291870115,14.781194686889648,14.498624801635742,14.638660430908203,330717,-0.003235090960674425,-0.0003414524958039733,0.053635817122062335,0.07314396703862847,0.0003418031806986586,0.013767472280285905,0.041535131823074174,0.062297041704002756,0.009456187719452612,0.012690582636520753,0.013574518439318051,-0.13674354744403605,0.9835277239745086,-0.004760241833615624,0.019302987905729787,0.4955787455787456,0
2013-07-16,NEOG,14.628657341003418,14.703676223754885,14.411103248596191,14.446111679077148,448688,-0.013153440694922192,-0.0020728872344734084,0.024109200843931866,0.049981804658977724,-0.012411109087551771,-0.0019177237652315345,0.025327022860127866,0.04648214920746882,0.009988631971237168,0.01337342543077183,0.014018644986780598,0.35671283907389095,1.319767629972792,-0.012478634072219524,0.020252714478349056,0.11965708884071834,0
2013-07-17,NEOG,14.536133766174316,14.536133766174316,14.116028785705566,14.203551292419434,475881,-0.016790704104068688,-0.033026863908759974,0.015555205524848237,0.026753494828695823,-0.02250980262951931,-0.020149030608272292,0.0067887569349672,0.027325437070719983,0.007805424620036551,0.014349321776377544,0.014643404803130805,0.06060558784723469,1.359378608628014,-0.022879706468359868,0.029577460722302874,0.20833484672381228,1
2013-07-18,NEOG,14.21605396270752,14.516128540039062,14.128532409667969,14.45361328125,417096,0.017605596211985874,-0.015332223514477161,0.02956887512571793,0.06035586683675409,-0.0022096643558080545,-0.005745360670231106,0.021535294608953,0.04335142278581051,0.013511554886982014,0.015218627564225538,0.01455654249265476,-0.12352878135500267,1.1754108235493042,0.016710637084359808,0.026816556028512552,0.838710312383127,1
2013-07-19,NEOG,14.45361328125,14.69117259979248,14.428606986999512,14.663665771484377,222344,0.014532870511131613,-0.0015324456849986623,0.014357382546129616,0.10892586934855752,0.012605742806272845,0.0072659030820567995,0.0311326665855763,0.05646235360918172,0.015703114843753602,0.012821785821798845,0.0125121538388409,-0.46692368183823385,0.636081756519871,0.014532870511131503,0.017905864528334085,0.8952382681970139,1
2013-07-22,NEOG,14.58114528656006,14.95373821258545,14.58114528656006,14.79369831085205,187553,0.008867669339582163,0.01059098820384552,0.010245919388686131,0.09413725950738017,0.01940240897373331,0.015151759665350253,0.03564174832930317,0.06328294122244862,0.016048863815474608,0.012474607769675048,0.011878361582030678,-0.15647375238369376,0.5748251454624557,0.014577251657173171,0.025185921613128336,0.5704698330142394,0
2013-07-23,NEOG,14.788697242736816,15.248811721801758,14.266066551208496,14.566142082214355,503074,-0.01538197034008526,0.008308838101469984,0.0062187275825627,0.07136295146865601,0.0020643683021579506,-0.0010803502980316186,0.016260192218517298,0.044981794294569145,0.016603641541913617,0.012966978198305175,0.012682872382771803,1.6823031356469906,1.496549888987504,-0.015049003767506609,0.06746777321314334,0.3053441929658228,0
2013-07-24,NEOG,14.253562927246094,14.306077003479004,13.928482055664062,14.05601406097412,783404,-0.03502149150825018,-0.010387348093997884,-0.0430711504708845,0.026104370419052225,-0.031062537808239848,-0.03186359740930303,-0.020552542161671357,0.007441557370617319,0.022612191597733717,0.0161462493403281,0.015279303210176164,0.5572341246019472,2.1612978204358027,-0.01385961301607994,0.026863586374982117,0.3377481771089798,1
2013-07-25,NEOG,14.08102035522461,14.411103248596191,13.995999336242676,14.411103248596191,623044,0.025262438276008936,-0.002941135329042943,-0.01822826469926886,0.05414301795807841,-0.006002255330242356,-0.0055734630994565704,0.0016076747785570133,0.031272848934037936,0.02444654727536888,0.01867419786955355,0.01615105398790104,-0.20469642738612515,1.6322681069083684,0.02344168853140734,0.028804450651198518,1.0,0
2013-07-26,NEOG,14.301074981689451,14.403600692749023,14.156039237976074,14.361089706420898,248338,-0.0034704867012985696,-0.02063440818815454,-0.02213523276336271,0.03514775781710888,-0.005300030831767904,-0.006796652556393706,-0.003556908941738837,0.026452148717873943,0.02298921841401549,0.018664727298581995,0.015949213851639558,-0.6014117783013719,0.650057954413383,0.004196518430138129,0.01723834749547338,0.8282810772496312,0
2013-07-29,NEOG,14.378595352172852,14.378595352172852,14.126031875610352,14.158539772033691,263934,-0.01410407834836147,-0.04293439851699776,-0.03279812802138515,0.019078534704176198,-0.010624169367213148,-0.017542638077952172,-0.018513378785710938,0.01102810835751918,0.022064369854988997,0.019052012425923026,0.01634407042921847,0.06280150440125953,0.7138223671319437,-0.01530438646817514,0.01783824325311921,0.12871178709521508,0
2013-07-30,NEOG,14.171043395996094,14.191047668457031,14.066017150878906,14.148536682128906,552662,-0.0007065057601874924,-0.028669595403394865,-0.020598968328566336,0.0030136078507543296,-0.005519062276233099,-0.016205346617581766,-0.01935129574510115,0.009870208286475848,0.021902707585149814,0.018730854462324028,0.01599902764293886,1.0939401517045928,1.4342059183292415,-0.0015882185410247616,0.008836992855667662,0.6599951183793019,0
2013-07-31,NEOG,14.161040306091309,14.308576583862305,14.028507232666016,14.123531341552734,377106,-0.0017673446475744425,0.004803444296920034,-0.005633798845040006,0.009833771780888068,-0.008217991944126288,-0.01739732555326101,-0.02155080262342274,0.007581870566668477,0.014554600152115002,0.01799363939645087,0.015874813749190864,-0.31765527573815455,0.9704151604691423,-0.002648743575882621,0.019829980507233284,0.33928778168990104,1
2013-08-01,NEOG,14.196048736572266,14.34108543395996,14.053512573242188,14.32858180999756,501075,0.014518356881578764,-0.0057262401896031045,-0.008650533871321753,0.020662554698584357,0.007348533258148341,-0.0022636490682265225,-0.008341724202831658,0.021510527144956843,0.01023789942399814,0.01767367509090058,0.01616682955297601,0.3287378084676458,1.230120629521275,0.009335912822267175,0.02006987603735646,0.9565201530798484,0
2013-08-02,NEOG,14.241060256958008,14.35108757019043,14.096023559570312,14.301074981689451,413896,-0.0019197174342067136,-0.004178981258268655,-0.02472715864132935,-0.010724793371092112,0.006263842720391792,-0.001658394268347896,-0.009714140004916919,0.01851453978128883,0.01017163625525431,0.016841474923469293,0.014702834064654014,-0.17398393454073746,0.9904769471381963,0.004214203412426478,0.017835303356334497,0.8039214220015335,1
2013-08-05,NEOG,14.293573379516602,14.616153717041016,14.27106761932373,14.471117973327637,365109,0.011890224466055921,0.02207700838693527,-0.021805253206210296,-0.011782748684124766,0.013769201835653064,0.01249213877457316,0.0026595602509471715,0.029436891334557135,0.008101480312000227,0.017090889992282275,0.0146527440252654,-0.11787260567872127,0.862705086774627,0.012421288161955733,0.023846540284816194,0.5797114265895442,0
2013-08-06,NEOG,14.403600692749023,14.558639526367188,14.381094932556152,14.456113815307615,343514,-0.0010368347523443955,0.021739148018551813,-0.007553699962949523,-0.0013819467826967635,0.008372567506122114,0.012221588519969174,0.0016893901078782758,0.027240242841940876,0.00815473580715904,0.016439008219508312,0.01442642693680071,-0.05914672056837822,0.846138508090762,0.0036458329884851517,0.012281626727581015,0.4225354382308448,0
2013-08-07,NEOG,14.403600692749023,14.503625869750977,14.298575401306152,14.34108543395996,144364,-0.007957074966153943,0.015403661247747724,0.020281096173439872,-0.023663584442445318,-0.0026780566089968285,0.002166861605704908,-0.005083004382540214,0.01884192482759824,0.009646460317668625,0.01169107961933,0.0141007165717946,-0.579743474792876,0.359097053637579,-0.004340252144072235,0.014298113583457278,0.2073149745826871,0
2013-08-08,NEOG,14.403600692749023,14.403600692749023,14.241060256958008,14.308576583862305,258735,-0.002266833305425653,-0.0013961762860088545,-0.007114421634851209,-0.02521300277337779,-0.004661871704013772,0.0006120196541213212,-0.00606233127953237,0.015785286411637567,0.0073187842681122165,0.008401814358751876,0.014102683850999102,0.7922404477570586,0.6597321294021983,-0.006597246821383714,0.0113596509644666,0.4153817268652163,0
2013-08-09,NEOG,14.266066551208496,14.388596534729004,14.171043395996094,14.308576583862305,150762,0.0,0.000524548132392777,-0.003656625202690167,-0.025710917716063042,-0.00476574013007276,0.0009796085271289107,-0.004757098459485353,0.015179755581232452,0.007259937844625835,0.0083453220645625,0.014099919047258446,-0.41731114847237516,0.3961532963637205,0.0029798005288435665,0.015204387204963065,0.632182043739945,1
2013-08-12,NEOG,14.228556632995604,14.36609172821045,14.20605182647705,14.36609172821045,255536,0.0040196272502055486,-0.0072576455606793155,0.01465913572434352,-0.018619784507211468,0.0006967704985001209,0.0035460614218377567,0.00019152377475142488,0.01818376641918717,0.004335875149731614,0.0068583063691674264,0.01413825625478922,0.6949629216911424,0.6781637488281429,0.009666131200961431,0.011140114149426655,1.0,0
2013-08-13,NEOG,14.36609172821045,14.413602828979492,14.251063346862791,14.27106761932373,349912,-0.006614471819090584,-0.012800549189640353,0.008660325795359025,-0.012117036309980955,-0.0033530067501037425,-0.003944431700015914,-0.0058184171594119405,0.010750393589375806,0.0048861572593094475,0.007307117643571329,0.013912420466084468,0.3693256527456015,0.9409602009535937,-0.006614471819090611,0.011389440962119366,0.12307331240649887,0
2013-08-14,NEOG,14.223555564880373,14.301074981689451,14.208552360534668,14.253562927246094,343914,-0.0012265860231742698,-0.006102920669213141,0.009206733255924027,0.0035210655277002623,-0.003357124020100892,-0.006068233531773686,-0.007210811128180267,0.008646011574132794,0.003845071381845946,0.007287269056296929,0.013379309511531524,-0.017141452708109517,0.9415372687386762,0.0021096948810614257,0.006491192526882085,0.48648175062103455,0
2013-08-15,NEOG,14.031007766723633,14.15353775024414,14.016003608703612,14.078519821166992,629043,-0.01228065621013974,-0.016078242398672837,-0.017451970623923896,-0.025951535632242173,-0.012419285415441033,-0.016559506941465792,-0.01812028386652991,-0.004540553703285725,0.006331907908028048,0.0066380195851683185,0.013003888849731946,0.8290706397529615,1.6735833613020812,0.0033862182412898677,0.009769076812588434,0.45455049752106935,0
2013-08-16,NEOG,13.995999336242676,14.016003608703612,13.663415908813477,13.663415908813477,315521,-0.02948491159769573,-0.045089088440597336,-0.044588191705337454,-0.06821281105683896,-0.03278339688897572,-0.04128576043767992,-0.04373544422552491,-0.034110188621339084,0.012903030634328053,0.011006946741498727,0.013889864435074794,-0.4984110784159429,0.8291732890996855,-0.023762749585731515,0.0258052380344143,0.0,0
2013-08-19,NEOG,13.56589126586914,13.76594066619873,13.368342399597168,13.56589126586914,281530,-0.0071376472468666075,-0.05570063713083273,-0.06255402720971248,-0.08299527401354678,-0.028682954654102203,-0.04204411432839868,-0.04646401746462435,-0.04073983814991172,0.010867310919600241,0.009384676021555908,0.013601885970320747,-0.10772975491330217,0.7308222119799758,0.0,0.029308672670987176,0.4968554515101508,0
2013-08-20,NEOG,13.560890197753906,13.720930099487305,13.2808198928833,13.428357124328612,543064,-0.010138231159684707,-0.05905027692910991,-0.07109495014425726,-0.07811162018493623,-0.026786029879352188,-0.044823894825498284,-0.05234178368356848,-0.04986021763969512,0.010594357454067947,0.009247240922082563,0.01342508595905223,0.9289738216175896,1.4024574718737761,-0.009773183876029483,0.03277468736712708,0.3352279252593196,1
2013-08-21,NEOG,13.34333610534668,13.69842529296875,13.298324584960938,13.515878677368164,291127,0.006517666474701311,-0.051754375635289396,-0.05754144345571566,-0.03842735083095972,-0.009855664182647215,-0.03292181954507376,-0.04434387272960736,-0.043257862936777774,0.012890255590856221,0.010216537604782382,0.011434302191472524,-0.46391769662507554,0.8028668873081855,0.012930991969268203,0.02960227134013612,0.5437483314900271,1
2013-08-22,NEOG,13.543386459350586,13.673418045043944,13.4408597946167,13.640910148620604,109573,0.009250709793792389,-0.031083500119696073,-0.046661974468845346,-0.053444423143010455,0.005752425922892381,-0.019290578001119118,-0.032870005471286046,-0.03429791788560407,0.015484180776866271,0.01126244413953053,0.00988885277780416,-0.6236247410923754,0.32520443437658364,0.007200834854910732,0.017048587513111144,0.8602161120337896,1
2013-08-23,NEOG,13.65091323852539,13.723430633544922,13.480870246887209,13.673418045043944,260335,0.0023831178469149172,0.0007320377493607033,-0.04439005760605941,-0.04788436500535853,0.008000579759900131,-0.012443801368600184,-0.028196187040590032,-0.03175999356063406,0.008475129163186183,0.011397570435619524,0.009951144084881685,1.3759046480428574,0.7712816070364134,0.0016485934768847702,0.017739557575044765,0.7938138655280379,1
2013-08-26,NEOG,13.668416976928713,13.893472671508787,13.585895538330078,13.718429565429688,215146,0.0032918996725956884,0.01124425196775114,-0.04508269716174507,-0.031084434813914985,0.009049447969588316,-0.004536375726838792,-0.023469826549186962,-0.028679281884609376,0.00744637248477166,0.011339509134740779,0.009629635779460032,-0.17358019474907327,0.6420424940658831,0.0036589890830366367,0.0224207247419778,0.4308968801741323,0
2013-08-27,NEOG,13.543386459350586,13.705925941467283,13.448362350463867,13.48587131500244,273532,-0.016952250206050734,0.004283039998215887,-0.05502015162888696,-0.04683631827194423,-0.008894768205912652,-0.01580407535908978,-0.037754704339280715,-0.044776657101788714,0.010343067424669158,0.012001170775041791,0.010223124779945818,0.27137850575888,0.8517539251609191,-0.004246732862624389,0.019098772707173025,0.14562991761547128,1
2013-08-28,NEOG,13.47836971282959,13.603401184082031,13.42335605621338,13.50087547302246,196351,0.0011125835082919089,-0.001110042839525316,-0.05280696890072667,-0.04408641532152546,-0.007573227494622529,-0.009266882586349987,-0.034539461396202634,-0.04326312886068102,0.009881055837909472,0.012117633509463587,0.010251939429596622,-0.28216442683123,0.6291245536915101,0.0016697687236941474,0.013335811313008402,0.43055548198800303,1
2013-08-29,NEOG,13.458365440368652,13.76594066619873,13.458365440368652,13.71592903137207,137566,0.015928860226829933,0.005499551124823698,-0.025754894292919106,-0.042757391258220756,0.007124239991037848,0.009199640748860538,-0.017007462092195547,-0.02814050999030175,0.01174963664929294,0.013525121521071964,0.010377100285168354,-0.29938732168412685,0.46802857176879253,0.019137806306763712,0.022424673175733826,0.8374003150231306,0
2013-08-30,NEOG,13.663415908813477,13.82845687866211,13.50087547302246,13.528382301330566,281530,-0.013673643951680803,-0.010607131533285297,-0.009882858604619349,-0.05403039151589728,-0.004526541552822571,-0.0036098232359056113,-0.02775654109940916,-0.041843612066881836,0.013406743074110869,0.010639272588735914,0.010692544446918209,1.0465085849701232,0.979888496047102,-0.009882858604619347,0.02421438116865099,0.08396944342550876,1
2013-09-03,NEOG,13.70842742919922,13.920980453491213,13.448362350463867,13.550888061523438,394701,0.00166359581593567,-0.012212877801148103,-0.001105950508644482,-0.06359079606014661,-0.00040579942275238744,-0.0018419348904823198,-0.022908166046781954,-0.040290421643398355,0.01326329476678846,0.01043178152820962,0.010189865480958762,0.4019855788015487,1.3667509500055057,-0.011492154624550228,0.034877278956299794,0.21693140910778488,1
2013-09-04,NEOG,13.578394889831545,14.003500938415527,13.470868110656738,13.885971069335938,419095,0.02472775262338267,0.029668068528015956,0.03407817805040736,-0.03943955846335079,0.018301143548197275,0.01940408073576117,0.0033154518429157013,-0.016962864884844227,0.014824328731509184,0.012341467003638541,0.011957098433331051,0.06180374511338971,1.432476030691789,0.022651880579399514,0.03835762188321057,0.7793416722470304,1
2013-09-05,NEOG,13.943486213684082,14.02350616455078,13.77094268798828,13.903475761413574,155161,0.0012606026607884235,0.029820309741808604,0.028677165080981837,-0.030514403847711313,0.013599728706519454,0.01779306725529992,0.0061709400169228275,-0.016009322746521212,0.014812391897254279,0.012307012160860789,0.011890500147659015,-0.6297712929049499,0.5293669506701826,-0.002869472645316041,0.018165491917024188,0.5247515405993304,0
2013-09-06,NEOG,14.00100040435791,14.00100040435791,13.518380165100098,13.84596061706543,86378,-0.004136745755889848,0.009480333807206254,0.015032022512483145,-0.032331375807054696,0.007496582841842572,0.012063552123317969,0.00368877804357421,-0.02032257194097681,0.014146804923268601,0.012267421545125754,0.011904348444424687,-0.44330082946101146,0.30362525631496634,-0.011073479238256663,0.03485639260471196,0.6787540706313826,1
2013-09-09,NEOG,13.918479919433594,14.128532409667969,13.825956344604492,14.1185302734375,148763,0.01968586101827574,0.043622952025009765,0.032553106101725016,-0.013281985759446169,0.018582047784783246,0.02864018744541426,0.024152712176952973,-0.0013830879631716515,0.012720041100748375,0.013549569607833161,0.012820012041549965,0.7222325129083795,0.5230970688377781,0.014373003026328122,0.021431130521619587,0.9669433990809206,1
2013-09-10,NEOG,14.163540840148926,14.601149559020996,14.053512573242188,14.546136856079102,306723,0.030286904823662697,0.07344528196506817,0.060335425910209795,0.012532645014029953,0.034574781288322066,0.05344177149649935,0.05448252951531765,0.02791288522857878,0.01502701802325208,0.016014685584576683,0.01454637790282969,1.061823168395367,1.0689139940738444,0.02701273786323568,0.03764827673472224,0.8995453112728324,1
2013-09-11,NEOG,14.518630027770996,14.736184120178224,14.466116905212402,14.628657341003418,218745,0.005673017223801979,0.05348464777573514,0.0847395024991584,0.02505697059381129,0.029567063989569865,0.0507220429138489,0.05909191199407581,0.0329812501883059,0.014131415854764767,0.013867543316233116,0.014479485907613826,-0.2868320928003443,0.7801457898447839,0.0075783536753786995,0.018461517600035428,0.6018517864583661,0
2013-09-12,NEOG,14.628657341003418,14.688672065734863,14.441109657287598,14.478619575500488,151962,-0.010256427640996213,0.04136690881880889,0.07242079259465539,0.015789501151616703,0.010824014163263644,0.03269302047580409,0.04737612822859971,0.021675755015759347,0.016725461613628135,0.014942348416165737,0.014702710392999278,-0.3053006925872591,0.5611754839410131,-0.010256427640996218,0.017098481464777902,0.1515170192767,1
2013-09-13,NEOG,14.53863525390625,14.733682632446287,14.178544998168944,14.598649978637695,205149,0.008290182811371949,0.05436165697629969,0.06435735743795412,0.036944946207249085,0.008603713661906978,0.03473947271243488,0.05407603684772468,0.02933192747705715,0.01528590630452221,0.01463383030942089,0.01445050180924249,0.3500019741777549,0.8219189607592381,0.00412794761566912,0.038026641853163165,0.7567582425133685,0
2013-09-16,NEOG,14.748686790466309,14.816204071044922,14.521129608154297,14.53863525390625,148763,-0.004110977715012343,0.029755574576989297,0.07467655260424766,0.06405567618915997,-0.0013397691865664621,0.023159263854872908,0.04643632655289284,0.024981090224445023,0.01550569378549581,0.013443882669485098,0.012535648545223241,-0.2748538866872371,0.6166094047203076,-0.01424205012583479,0.02029588456807486,0.05932619712483194,1
2013-09-17,NEOG,14.53863525390625,14.743685722351074,14.486122131347656,14.741185188293455,163159,0.013931839601848628,0.013408943841528576,0.08783904946789156,0.08663595331780916,0.009867386858386094,0.028795800680954747,0.056546275996785106,0.039118072487249154,0.009753223544543865,0.013431296631731465,0.012507931045478413,0.0967713746025558,0.6932871705606946,0.013931839601848737,0.01747238011825258,0.9902915856706401,1
2013-09-18,NEOG,14.77119255065918,14.851213455200195,14.443611145019531,14.79369831085205,260735,0.0035623406047635697,0.01128203128977745,0.06537009453524112,0.10167596630639242,0.011178324471862795,0.025961174922441876,0.05514731179779421,0.042353073922542894,0.009637668514730066,0.012208060667046081,0.012045846844453728,0.598042400357933,1.1785980498560964,0.0015236251315312217,0.02755242817691258,0.8588939686758602,1
2013-09-19,NEOG,14.796198844909668,14.901225090026855,14.656164169311523,14.881219863891602,108373,0.005916137479655692,0.027806538205642273,0.07032371755497047,0.10101756749338464,0.011593085514597,0.025080064374446504,0.05624675103108012,0.0482353545279128,0.006617741746602789,0.012077574638701625,0.012042403101376258,-0.5843557635146797,0.5109837000853423,0.00574613925327067,0.01646779786581595,0.9183663144786255,0
2013-09-20,NEOG,14.876218795776367,14.981245040893556,14.713678359985352,14.868717193603516,1004549,-0.0008401643415284488,0.01849946504375488,0.07386678359300825,0.09000917325938618,0.007045594814817522,0.017053512804662142,0.05078066326693657,0.047074321767836026,0.00691456594556969,0.01178477364736906,0.012061538186091748,8.26936598599282,3.911249911422006,-0.0005042680721381569,0.017995276756175807,0.5794399851727197,1
2013-09-23,NEOG,14.84621238708496,15.08627223968506,14.661165237426758,14.931233406066896,357910,0.004204546474949167,0.02700378304457174,0.05756287070180455,0.09198982704100533,0.00593015990648215,0.01568350464375573,0.050529613023053456,0.05111400085114249,0.005403570232914146,0.010951744713004233,0.01205248262964642,-0.6437107597538796,1.3675586626727478,0.005726781805701417,0.028470990352717412,0.6352945663220111,1
2013-09-24,NEOG,14.92623233795166,15.3738431930542,14.761190414428713,15.246312141418455,305124,0.021101989821117773,0.034266373203569955,0.04813479291903788,0.11137445206111773,0.020213542836817287,0.03220020358732582,0.06696302947234865,0.07237713934966965,0.008380310943224072,0.008838716560868973,0.012605479419887905,-0.14748400435863762,1.146162975612239,0.021444112366719326,0.040183670184814134,0.7918379609378978,0
2013-09-25,NEOG,15.1212797164917,15.141284942626951,14.746187210083008,14.886221885681152,549463,-0.023618187296524873,0.006254255892269356,0.017606847892717603,0.10383834592288332,-0.0051139702927505155,0.006067172211284729,0.03668360257665971,0.0464016879874138,0.01618136508956289,0.01256560395143242,0.01329594028750866,0.8007859099906922,1.9622977750794615,-0.015544837157809209,0.02654116911450732,0.35443047140891804,1
2013-09-26,NEOG,14.8787202835083,15.07126808166504,14.788697242736816,15.02375602722168,234341,0.009239022674572661,0.00957825800799661,0.03765113441088164,0.11279865200166106,0.0021684582991161974,0.011635144679677441,0.040742792358783426,0.05485306796802084,0.01648109540042997,0.011982937639746111,0.013293917995192896,-0.5735090442850566,0.8312632245454659,0.009747864127410053,0.018808268612471594,0.8318578993374839,1
2013-09-27,NEOG,14.891222953796388,15.288822174072266,14.866216659545898,15.116278648376465,239140,0.006158421435168648,0.016649819318605985,0.03545729711283019,0.10209659249485847,0.005020904828343347,0.014329784995503152,0.04209760682594349,0.06036258184763052,0.01647491870969425,0.01191229660095127,0.013065824028807236,0.020478704110676427,0.8332746781923438,0.015113311732580053,0.027956980971090815,0.5917149214458832,1
2013-09-30,NEOG,14.918729782104492,15.203801155090332,14.773693084716797,15.183795928955078,375106,0.004466527916635377,0.01691504753957962,0.044375600858098885,0.1223659703541713,0.0061308945293198,0.014468535455817314,0.04081317179261534,0.06432207224814306,0.016478465154517605,0.01160383189795919,0.012312637674944399,0.5685623484151543,1.286076244484292,0.01776734016380815,0.028326781549621,0.9534879080090731,1
2013-10-01,NEOG,15.223806381225586,15.581395149230955,15.068766593933104,15.581395149230955,365109,0.026185758958842786,0.021977971112253858,0.05699744967621356,0.14984310094575748,0.02791249108676307,0.03522178163983105,0.060685999147128966,0.09098739071266843,0.01793121216731702,0.013250943561746192,0.013070385220197626,-0.026651133279659622,1.2581835048661656,0.023488788483697322,0.03290004203013574,1.0,0
2013-10-02,NEOG,15.42135524749756,15.616403579711914,15.35633945465088,15.468867301940918,343514,-0.007221936560385056,0.039139912110285335,0.04563895902849335,0.11399247662991696,0.012703829468345681,0.02315580708124505,0.04738281375071235,0.0817408651658906,0.012037092486746661,0.013863298117674915,0.012749278113437193,-0.05914672056837822,1.1993854229459442,0.0030809260068804544,0.016812098777807892,0.4326926955558695,1
2013-10-03,NEOG,15.438859939575195,15.70392608642578,15.161290168762209,15.623906135559082,409098,0.01002263647311219,0.039946742162877635,0.04990762037388907,0.12374102732787384,0.014878840851891804,0.028358874593570015,0.05175447210633766,0.09019212204332987,0.012066139354828328,0.013968379934443647,0.012746877298245194,0.19092089405380852,1.3677395110482866,0.01198574225740261,0.034731130163958394,0.8525347322911472,1
2013-10-04,NEOG,15.588896751403809,15.838959693908691,15.516379356384276,15.651412963867188,331517,0.0017605602638319784,0.03540119416548326,0.052640436970607274,0.13039560032956476,0.009646411364611394,0.0248894696620197,0.04724218240239582,0.09022439469672877,0.012382994858681542,0.013872064570149126,0.012568790976634804,-0.1896391573657168,1.0647312141183505,0.004010303837425134,0.020610301336315386,0.41860458240946363,0
2013-10-07,NEOG,15.628907203674316,15.653912544250488,15.316329002380373,15.34633731842041,311522,-0.019491891636306158,0.010704924527823012,0.02780104637469849,0.08696422511434476,-0.012105176370137803,0.0021882938662421466,0.02262884726760342,0.06750861773772171,0.017291626693323132,0.015936933711104887,0.013386347829823167,-0.0603136490738031,0.9750294287857814,-0.018079951564846118,0.02199766203919612,0.08889152555779194,0
2013-10-08,NEOG,15.318829536437988,15.496374130249023,15.028757095336914,15.108777046203612,314721,-0.015479932917390804,-0.03033220700077488,-0.00902087625775505,0.03867969865066767,-0.02144340063378425,-0.012438516467526148,0.004914784450162746,0.04959609868254616,0.01214815685133196,0.015476337411888669,0.01259177434416896,0.01026893766732373,0.983810565801813,-0.013712045671292146,0.030950025503858215,0.1711228310613995,1
2013-10-09,NEOG,15.123781204223633,15.278820037841797,15.091273307800291,15.18129539489746,304724,0.004799749739643477,-0.01859036614835896,0.01982192066478161,0.037777770099585606,-0.013070202677462079,-0.009608637950339212,0.007885778269449476,0.053122770992383335,0.013024231332208121,0.013272626594849828,0.012579783323073933,-0.03176464233400378,0.9399290158095823,0.0038028975622686413,0.012353802831907313,0.47999816940154233,1
2013-10-10,NEOG,15.423855781555176,15.433857917785645,15.156289100646973,15.433857917785645,359110,0.016636427677513943,-0.012163937502216449,0.02729689498557475,0.0659757884585579,0.005834191117988743,0.004181342983656533,0.02141458102104983,0.06870013830747275,0.014956098458417194,0.01390908411370023,0.012645620045718698,0.17847626048489773,1.0733916722848036,0.0006484848128851113,0.01798440925251797,1.0,1
2013-10-11,NEOG,15.34633731842041,15.72893238067627,14.811203002929688,15.726431846618652,269933,0.018956629663918978,0.004793106087268573,0.040363981932002746,0.07725247674485303,0.02390024207479974,0.01917125702470434,0.036907588849185366,0.08685510142708426,0.017838489874589983,0.014813510427982174,0.01308551086036558,-0.24832781042020546,0.7991017051586381,0.024767768380928895,0.058355855078716,0.997275303462817,1
2013-10-14,NEOG,15.698925018310549,16.06151580810547,15.468867301940918,15.996499061584473,286728,0.017172822010727673,0.04236592286966512,0.053524371404359616,0.10027514840407892,0.03274030734554775,0.031241932636938214,0.04966935582220734,0.10293483310237751,0.014486675827199412,0.0153858120696334,0.013271651719711348,0.062219143268885224,0.8318339349300742,0.018955058574191958,0.03704863819782878,0.8902945914066913,0
2013-10-15,NEOG,15.996499061584473,15.996499061584473,15.643911361694336,15.776444435119627,223144,-0.013756424178669513,0.04419069702824041,0.012518088657696325,0.0702290374622192,0.009827794301531025,0.015778472131678167,0.03172528233583361,0.08580793248427405,0.013779131563879679,0.014532057059813617,0.013713742727771308,-0.22175720543511623,0.6417844705265175,-0.013756424178669558,0.0223489964003073,0.3758868317487744,1
2013-10-16,NEOG,15.843960762023926,16.251562118530273,15.691423416137695,16.169042587280273,193552,0.02488508445456139,0.06506343277628357,0.04526351358974434,0.09296825226044558,0.022033968925916827,0.036384048830197,0.05266586775594429,0.11021066242850443,0.015190741798331608,0.0159116066499267,0.014524630118774735,-0.13261391747033302,0.5621055609104999,0.02051771208847789,0.03464266355716221,0.852680182787717,1
2013-10-17,NEOG,16.151538848876953,16.494123458862305,15.931483268737791,16.484121322631836,353112,0.019486542487025638,0.0680493114839349,0.055057626409759086,0.1077130419011938,0.028296887173574807,0.05078586741194129,0.06760817594155934,0.12852365897722992,0.015423373637291569,0.016542189561362945,0.014903595836059007,0.8243779449450277,0.990299683779535,0.02059137998346256,0.03413225243325757,0.9822228550216876,1
2013-10-18,NEOG,16.634159088134766,16.84421157836914,16.414104461669922,16.81670379638672,305924,0.020175929747511923,0.06932735666943324,0.07445275613196833,0.13101241871902847,0.03496565095258142,0.06408224873865556,0.0823207212994245,0.1473524458122454,0.015543375652916858,0.017095793262136828,0.015190947831045729,-0.1336346541607195,0.951139101031092,0.01097408695472699,0.025576184364478886,0.9360443458980044,1
2013-10-21,NEOG,16.78919792175293,17.129281997680664,16.78919792175293,17.026756286621094,348313,0.012490705240316258,0.06440516897292725,0.10949967626370727,0.14034492821622746,0.03477095311654811,0.06603830336774302,0.0884995066898237,0.1573908522061324,0.015414276121079503,0.014278119940078035,0.01524414559164235,0.1385605575240909,1.0845474876599575,0.014149476703730528,0.019973509352157585,0.6985283395587262,1
2013-10-22,NEOG,17.156789779663086,17.256813049316406,17.00425148010254,17.13178253173828,256336,0.0061683061265001005,0.08590897031282685,0.13389604462016935,0.12366730871249287,0.02428010072671299,0.05919819697858063,0.08865262443703523,0.16016782352443815,0.007339278437419281,0.011205817540739063,0.01486246776583306,-0.26406421810268355,0.8042661850741568,-0.0014575715064392288,0.014742281998150076,0.5049503455046633,1
2013-10-23,NEOG,16.98174476623535,17.56939125061035,16.93673324584961,17.509376525878906,400300,0.022040554941734403,0.08289507132927176,0.15335194200647284,0.17621359269949677,0.03034224294818837,0.0671827919088789,0.10345040136758313,0.18056065212404787,0.006615017224569426,0.011181265129727296,0.013528119697832968,0.5616222458023843,1.2860540084854504,0.031070527022207996,0.03613252612539755,0.9051387569906089,1
2013-10-24,NEOG,17.509376525878906,17.736934661865234,17.509376525878906,17.689422607421875,201150,0.010282837956957502,0.07311892828252997,0.1461439324925342,0.1774301030561365,0.0263776799016628,0.0635355155461024,0.10551116510488358,0.18719960759229806,0.0067073649396436705,0.011222125228987198,0.013534210066108986,-0.4975018735948039,0.649703741230897,0.010282837956957528,0.012864079344842638,0.7912091596399176,1
2013-10-25,NEOG,17.75943946838379,17.849462509155273,17.436859130859375,17.74193572998047,313922,0.002968617106618332,0.05501862581373107,0.12816027837841504,0.17369731947128453,0.01848930421794279,0.05392158723340831,0.09976983139500675,0.18489745769271634,0.007284550133089748,0.011538731967983008,0.013579332956466733,0.5606363410390256,1.0018518119593065,-0.0009856019630845507,0.023255826454081776,0.739394331624469,1
2013-10-28,NEOG,17.69442367553711,17.816953659057617,17.69442367553711,17.811952590942383,181555,0.003946404835837525,0.04611543685148445,0.11349067832709192,0.17308956694916344,0.013373158749637303,0.046791858707137916,0.09518901777649044,0.1830181892178928,0.007771800883743334,0.011661690220807003,0.013587208913965698,-0.42165569791222024,0.597880817034079,0.006642144302657311,0.0068790876741282115,0.9591849441945175,1
2013-10-29,NEOG,17.919479370117188,18.07451820373535,17.736934661865234,17.814453125,229143,0.00014038517365522196,0.03984819396329642,0.12918048158833573,0.14331566296739862,0.005703300823227141,0.03454783962868252,0.0878743878401508,0.17654438866315422,0.008743445360934313,0.00890280045948659,0.012998080666384854,0.2621134091597588,0.7718737652253087,-0.005861009851230999,0.01894998064219932,0.22962749518337092,0
2013-10-30,NEOG,17.706926345825195,17.744436264038086,17.44186019897461,17.49687385559082,425494,-0.01782705689480324,-0.0007140557100709932,0.08212182392018152,0.13110245980295154,-0.012085969253039626,0.008329483884388476,0.061905249843427726,0.1493931654185967,0.010581817344285297,0.011909936305586184,0.013792234194901385,0.8568928572987173,1.4137661900108616,-0.011862730218217663,0.01729315005416203,0.18181760875457806,0
2013-10-31,NEOG,17.464366912841797,17.78694725036621,17.164291381835938,17.336833953857422,375906,-0.009146771192058423,-0.019932174237078826,0.051729334826895235,0.10963505562797882,-0.01720911814292734,-0.005779183711739373,0.04675125628515405,0.13319122557018967,0.009307593521258569,0.01227453414458584,0.01417831838388037,-0.11654218390858628,1.2559283113262611,-0.007302466766808375,0.03591520056011919,0.27710743725704623,0
2013-11-01,NEOG,17.224306106567383,17.336833953857422,16.897974014282227,17.036758422851562,548663,-0.017308554249554464,-0.0397463567595554,0.01308547912416258,0.0885124852422321,-0.026436143172668528,-0.024219099374227306,0.024349500558447437,0.10865570033837367,0.009918544772333329,0.012876021173176632,0.015044331906700438,0.4595750001330119,1.7689528008857291,-0.010888547994645255,0.02575959162434025,0.3162384990155983,1
2013-11-04,NEOG,17.153038024902344,17.8507137298584,17.115528106689453,17.775693893432617,538265,0.04337300865814431,-0.0020356385592561477,0.043985923930796256,0.1583020446250858,0.016211368337493225,0.013754909194551595,0.061029543961933636,0.15059832320742167,0.025407541943154702,0.018369648641185524,0.016313029570022675,-0.01895152397737776,1.6742314729638204,0.03630003429283591,0.04135903934757596,0.8979579659046981,1
2013-11-05,NEOG,17.64065933227539,18.075769424438477,17.303075790405273,17.880720138549805,219412,0.0059084188638054425,0.00371984551447202,0.043716268603342545,0.1834657486750524,0.02144164652961644,0.015407567667521181,0.05854139517350863,0.15119345299208006,0.025554758040120907,0.018367152852872517,0.015402930704370973,-0.5923717871308742,0.6927320470185894,0.013608380602600167,0.0432137871431319,0.7475722882941592,0
2013-11-06,NEOG,17.94073486328125,18.117029190063477,17.584396362304688,17.685670852661133,222344,-0.010908357402684032,0.010790327382396159,0.010068566777444277,0.16496454305246,0.008124853209873424,0.0033266710606193496,0.03929021936026264,0.13251141066267963,0.024443621358974685,0.017805286974541888,0.015994406218429777,0.013362988350682725,0.7112383814867667,-0.014217032499719331,0.030116631265850156,0.1901394076339377,0
2013-11-07,NEOG,17.78694725036621,17.921979904174805,17.47186851501465,17.584396362304688,343914,-0.005726358428818523,0.014279562756738695,-0.005937234213236664,0.1393390075232459,-0.000469035229162041,-0.0018239989505565847,0.026850439753842603,0.12016797985218655,0.02408549859917346,0.017610832499221064,0.016124142569585952,0.5467653725758284,1.1027992130970914,-0.011387613917691984,0.025597204469585938,0.25,1
2013-11-08,NEOG,17.546886444091797,18.293323516845703,17.389347076416016,17.963241577148438,299125,0.021544396920890163,0.054381422292997694,0.012473602121892746,0.1422325008206311,0.010422859158633257,0.01840174421040822,0.0421669351689866,0.1381425170167522,0.02204958346425965,0.01894181610673799,0.016237939789866745,-0.13023313968026895,0.9547098113049771,0.023728148830462818,0.050323681087697573,0.6348555947538106,0
2013-11-11,NEOG,17.910728454589844,18.09827423095703,17.62940788269043,17.66691780090332,190352,-0.016496119309672874,-0.006119372508405108,-0.008142554237024813,0.10442402008639196,-0.005027629727810417,0.0024263177582877996,0.020032551048462018,0.1135278932795299,0.015137105616262558,0.01972339410309655,0.016839608037612707,-0.3636372753865441,0.6170317115634775,-0.013612548160990291,0.026539227359886633,0.08000130176022391,0
2013-11-12,NEOG,17.659414291381836,17.70817756652832,17.464366912841797,17.546886444091797,425227,-0.006794131164485684,-0.018670036322434358,-0.015019640458831307,0.11222059674174889,-0.00805770581060542,-0.0028704745002206666,0.007950691129787834,0.10041932459653957,0.014719524322667914,0.019814419151619113,0.016497510738409594,1.2338982516600825,1.3346716867474606,-0.006372116619119979,0.013894810025890195,0.3384574463923897,1
2013-11-13,NEOG,17.40435028076172,17.625656127929688,17.310577392578125,17.603151321411133,407098,0.0032065447906446387,-0.004665897716714773,0.006074083101785366,0.0886947218049281,-0.003947699921016134,-0.00027690525967591443,0.007034758632732891,0.09882479936548513,0.014334199805676413,0.018967896617449572,0.015853679439905923,-0.042633699177145434,1.2363361933808161,0.01142249135661003,0.01789899601489676,0.9285740229551068,0
2013-11-14,NEOG,17.576894760131836,17.618154525756836,17.393098831176758,17.490623474121094,287128,-0.006392483097794499,-0.005332732853122746,0.008870680810174836,0.06105889005484233,-0.00926357364017272,-0.007534443365253538,-0.0022751246806024753,0.08693292271451367,0.014393787415958613,0.01882745194376806,0.015609718879375043,-0.29469562611459643,0.8808186919047282,-0.004908221115735639,0.012867219679908363,0.43333559333525434,1
2013-11-15,NEOG,17.460615158081055,17.66691780090332,17.310577392578125,17.55063819885254,525735,0.003431251311323491,-0.02296931634103183,0.030163001860242566,0.04364317831556952,-0.0011954060578197078,-0.007024455699485327,-0.0009430120779029529,0.08566357786695415,0.008291374994107212,0.01768949720530537,0.01508487215232906,0.8310126494107157,1.5601875661596272,0.005155777156557984,0.020303558439743397,0.6736839288103841,1
2013-11-18,NEOG,17.659414291381836,17.955738067626953,17.509376525878906,17.573143005371094,266600,0.0012822785281976223,-0.005307931841253666,-0.011394823137472976,0.03208988896959353,0.0011539135917441774,-0.004610480769312876,-0.0012151857984569027,0.08242942739562621,0.0051277778758522,0.01065479141609346,0.014891160744478925,-0.4929004156086241,0.8008809089187221,-0.0048852858077430335,0.02540021108413105,0.14285836374357966,1
2013-11-19,NEOG,17.52813148498535,17.798200607299805,17.52813148498535,17.71192741394043,264201,0.007897529117410373,0.009405712539058753,-0.009439928778118278,0.033863661363163766,0.007166579758476181,0.0042107496319998645,0.005015825143293732,0.08673968284688657,0.0052241716985366475,0.010817378531867046,0.014923548773846147,-0.008998499624906175,0.792737686132874,0.010485768498058008,0.015247867496447128,0.6805514357953021,1
2013-11-20,NEOG,17.734434127807617,17.959489822387695,17.490623474121094,17.74193572998047,242873,0.0016942433953528457,0.007884066099035802,0.0031813821363111394,0.01328198087223953,0.00728310938204422,0.005591339188480561,0.006054774222329362,0.0844379090617081,0.005172051069768998,0.010239949753352696,0.014142119141412541,-0.08072641662976299,0.7463706420315462,0.00042299642146963347,0.026427011990259177,0.5359997721919608,1
2013-11-21,NEOG,17.873218536376953,18.499624252319336,17.63690948486328,18.180795669555664,287395,0.024735741705658842,0.03945955365489051,0.03391639354362286,0.027777789758249405,0.02417278097328279,0.026993820360710165,0.02950601543408002,0.10625564631399931,0.009819310619013312,0.012506713480296744,0.014998030856548595,0.18331391303273725,0.8716398518004499,0.017208827416992985,0.047451980822857974,0.6304356957933811,1
2013-11-22,NEOG,18.229557037353516,18.567142486572266,18.229557037353516,18.454614639282227,174890,0.015060890331938692,0.05150675606137156,0.027354364746665638,0.04016917433070555,0.02911651103559488,0.039575752682833275,0.04290690637049134,0.11767214813628227,0.009900370897814986,0.011597203897273511,0.015302007055283885,-0.3914647088501888,0.5418476543378175,0.012345752640481262,0.018292739014997932,0.66666854999096,0
2013-11-25,NEOG,18.43960952758789,18.567142486572266,18.19955062866211,18.255813598632812,174356,-0.010772429797924366,0.03884738165808277,0.033333250562776806,0.024919278525148192,0.010337927299147748,0.0249768022165696,0.030379989831524363,0.10067631829819029,0.01343256588200779,0.010643094972511914,0.015559355881605227,-0.003053347818628871,0.540796303295177,-0.00996745233027289,0.020135605346983023,0.15305825947987797,1
2013-11-26,NEOG,18.304576873779297,18.799699783325195,18.16204071044922,18.694673538208008,230876,0.02403946212553687,0.0554849904982162,0.06541257890813346,0.049410465032617035,0.02349266856308912,0.04289598293128313,0.052535236489015286,0.12178812866996633,0.01529553110042272,0.011787409125570343,0.016359129067286947,0.32416435339191074,0.7159107787556122,0.021311427580033907,0.03410913122247011,0.8352940472665165,1
2013-11-27,NEOG,18.653413772583008,19.01350212097168,18.50337600708008,18.934734344482425,268466,0.012841133908211066,0.06723046643024166,0.07564458197048252,0.08217813654935635,0.023270916881913795,0.04849934769631207,0.06175335111404736,0.13057452093779637,0.014394743409598372,0.011889033057771371,0.015776507879725572,0.16281467107884762,0.8532446312674147,0.01508145239950157,0.026941287087043214,0.8455915618819067,1
2013-11-29,NEOG,19.077268600463867,19.12978172302246,18.96849250793457,19.08102035522461,137032,0.007725802120102765,0.049515142353004915,0.09092854142430351,0.10060582030198817,0.02123985344542765,0.047375894104533016,0.06474940145064427,0.1336236308965834,0.012915230329473653,0.010865837945189562,0.015480711062765383,-0.4895740987685592,0.4527026312729272,0.00019666100212327895,0.008452861119857656,0.6976774437690688,0
2013-12-02,NEOG,19.066017150878903,19.2010498046875,18.750938415527344,18.769691467285156,332983,-0.016316155118728082,0.017073064605329646,0.06945919884054819,0.10171729864462908,0.0012004364668567519,0.02343840561525158,0.0423370723259541,0.10998223970710654,0.01675832541768212,0.01343852892390903,0.01540713783975934,1.429965263588067,1.1406902590355503,-0.015542086280987452,0.02398075588747332,0.0416631354136651,0
2013-12-03,NEOG,18.754688262939453,18.975994110107425,18.192047119140625,18.67591857910156,529468,-0.004995973873467174,0.02301212039655187,0.06275346267844117,0.05064357493248339,-0.00824636850638829,0.012238735407243588,0.034543629614624226,0.09956683250343956,0.015693394752095715,0.013865790542431745,0.012602116912150966,0.5900751690026218,1.816520355606637,-0.004199999633880797,0.04197635514667754,0.6172247174062124,0
2013-12-04,NEOG,18.653413772583008,18.73968505859375,18.12828254699707,18.342086791992188,285795,-0.01787498621261563,-0.018860278329825175,0.035578249804467,0.025802464882144438,-0.022312799196682043,-0.009238939795982764,0.014754463051014756,0.07598973350418158,0.013837741224985534,0.01577684583203018,0.013367262870674426,-0.4602223363829353,0.9694772160387851,-0.016690080667615497,0.03333331253582371,0.3496947443620516,1
2013-12-05,NEOG,18.402101516723633,18.750938415527344,18.36834144592285,18.58589553833008,233808,0.013292312325353217,-0.018423221567615777,0.047568643083487405,0.05090135925115291,-0.005619145218540394,-0.0006252936464352985,0.025688732581024398,0.08558002357769073,0.013973572132234735,0.016044098230370642,0.013293483491977372,-0.1819031123707553,0.7915871184946411,0.009987664802273742,0.020585339501960207,0.5686247139702273,1
2013-12-06,NEOG,18.70217514038086,19.07351875305176,18.66841697692871,18.904726028442383,260202,0.01715443248105908,-0.009239250496054008,0.039818409053403725,0.07508529942876274,0.013350495145630512,0.01257683867611774,0.039496733413475996,0.09921905096346469,0.0163276843938887,0.015150239351617478,0.013524550686915899,0.1128874974337919,0.8936106641756574,0.010830338532344564,0.02142859809306784,0.5833325486133948,1
2013-12-09,NEOG,18.867216110229492,19.12603187561035,18.69842529296875,19.08477020263672,316721,0.009523765323203204,0.01678656976864712,0.034146232564138845,0.062434645811088485,0.019557510771115366,0.01878174428791181,0.04617086903245389,0.10459009999113708,0.014557285043413689,0.014798804640053915,0.012945110739231656,0.21721201220590158,1.0844370152328133,0.011530799834813591,0.02240564482052418,0.9035055243566812,0
2013-12-10,NEOG,19.08477020263672,19.212303161621097,18.885971069335938,18.885971069335938,257802,-0.010416637517244753,0.011247237416714073,0.03451818059482803,0.06900203432034346,0.00667785372934864,0.004789451111546024,0.0318257034120509,0.08841956682708624,0.015511321819824597,0.014761160318151525,0.012525001826225868,-0.18602808149759564,0.8726248405728816,-0.010416637517244798,0.017279074032629776,0.0,0
2013-12-11,NEOG,18.945985794067383,18.945985794067383,18.192047119140625,18.237058639526367,291394,-0.034359495067911694,-0.005726074336954601,-0.024478357311047527,0.03933302911793546,-0.02682145804582669,-0.027366588602803395,-0.005502293800340808,0.0478146834951933,0.02148327642425587,0.017098216899438395,0.014983137311788276,0.1303015492509756,1.0091876409025868,-0.03741833031264091,0.04134102378180094,0.05970183236735386,0
2013-12-12,NEOG,18.267066955566406,18.32708168029785,18.023256301879883,18.113277435302734,350846,-0.006787344750614155,-0.02542885824644059,-0.043383598324370665,0.028979249486489556,-0.028526610685520457,-0.029717320487251012,-0.013624244660204562,0.037549995980665496,0.01997667714772456,0.01626797888167353,0.015108237941910534,0.20402616388806916,1.2270408114194964,-0.008418949831286876,0.016773628047335808,0.2962923436205208,1
2013-12-13,NEOG,18.09827423095703,18.24456024169922,17.910728454589844,18.13203239440918,363376,0.001035426038906273,-0.04087304057570984,-0.04973465481134953,0.036671586992716776,-0.019393049884246633,-0.02374990730591068,-0.01432433576614897,0.03564850208104789,0.016512519542931793,0.0158504200509122,0.014993888348474331,0.03571367494570277,1.2541409835233852,0.00186526975010718,0.01841116207206361,0.6629205137581132,1
2013-12-16,NEOG,18.20705223083496,18.514629364013672,18.143285751342773,18.233308792114254,404432,0.0055854961816801385,-0.04461470593996608,-0.028577064045287925,0.03889719482145937,-0.004749962233719283,-0.015453747927041949,-0.010654611400144638,0.03837053621283048,0.015519765702746735,0.015620616656151122,0.015013120546183464,0.11298489718638538,1.4256838263961888,0.0014421094060918843,0.020366221891196253,0.2424251763050071,0
2013-12-17,NEOG,18.225805282592773,18.225805282592773,17.723180770874023,17.959489822387695,377506,-0.015017513982156783,-0.04905658509942956,-0.038361098742181854,0.02198507215803791,-0.009679805398000228,-0.02647308711209195,-0.026532474514782065,0.019741700582635125,0.015760141404990293,0.016092613449434676,0.015489965549785982,-0.06657732325829802,1.3052505505303729,-0.01461199963874477,0.027986569590200454,0.47015027322404374,1
2013-12-18,NEOG,17.9332332611084,18.150787353515625,17.74943733215332,18.109527587890625,581455,0.008354233165125846,-0.006992961647846907,-0.012678993766570446,0.022448159630400255,2.106458776053308e-08,-0.017100944650022015,-0.019456500561282387,0.02476879835083354,0.009543687597846675,0.015673268984309166,0.015500688035376083,0.540253664842413,1.9058861860249545,0.009830593525181768,0.022162368367393367,0.8971975496975141,0
2013-12-19,NEOG,17.4381103515625,17.573143005371094,16.444110870361328,16.49287223815918,928568,-0.08927098412067147,-0.08945952508767896,-0.112613529751871,-0.07040175947152216,-0.07267593495809407,-0.09455956582494465,-0.10396059248940899,-0.0680966112902476,0.040931414528059665,0.0311142890238086,0.02548554434487775,0.5969731105588567,2.7361639727664806,-0.05420530632888354,0.06845576190165045,0.043188644756714384,1
2013-12-20,NEOG,16.571643829345703,17.231807708740234,16.515378952026367,17.104276657104492,1290877,0.03707082733174394,-0.05668177261924512,-0.09523805680278541,-0.059211875652606216,-0.027054675918049918,-0.051620098908701256,-0.06801827240063966,-0.03537109894764487,0.047703154355945326,0.033678349805283496,0.02633539793990097,0.39018036374288156,3.3138271252197926,0.03214121865300909,0.041885942976506337,0.8219906020792567,1
2013-12-23,NEOG,17.040510177612305,17.254314422607422,16.807952880859375,17.20930290222168,504940,0.006140349996827554,-0.056161276133021354,-0.09827036325309946,-0.0674796933667634,-0.009541873030611343,-0.03576978721017231,-0.05910335932452399,-0.031068562839622726,0.04775100231301513,0.03348322808354416,0.026093072602460937,-0.6088395718569624,1.2435562892451737,0.009905379759764096,0.025937223854106413,0.8991590534223278,0
2013-12-24,NEOG,17.205551147460938,17.43060874938965,17.096773147583008,17.17929458618164,226343,-0.0017437264141689779,-0.04344194873695628,-0.0903674201812863,-0.05896855851616456,-0.002309081921443179,-0.028157961046917136,-0.05797176367290583,-0.03404466362730798,0.04780910760998968,0.0335767122661392,0.026032332329867416,-0.5517427813205529,0.5538873030225538,-0.0015260517407587734,0.019432439448076353,0.24719184578291226,1
2013-12-26,NEOG,17.201799392700195,17.36309051513672,17.02550506591797,17.336833953857422,494276,0.009170304804162255,-0.042667796290273396,-0.04936238367506418,-0.07263243092078853,0.01595813706496492,-0.0142256993975402,-0.045780649628175525,-0.026894114306134254,0.04787976751110954,0.03271996138975817,0.025433903818553857,1.1837476749888443,1.1717852278667518,0.007850025341798267,0.019472151035030114,0.922222473332128,0
2013-12-27,NEOG,17.419355392456055,17.434358596801758,16.972993850708008,17.156789779663086,290327,-0.010385066539457477,0.040254816257402126,-0.052805885575155864,-0.09389857457057127,-0.00235559053699172,-0.019128463740141013,-0.05104714634423689,-0.03806650719785044,0.01790865027683056,0.03276708623359038,0.025180156682120196,-0.41262169314310226,0.6865022863744098,-0.015073210625617077,0.026891088135883773,0.39837445429289586,0
2013-12-30,NEOG,17.104276657104492,17.21305274963379,16.927982330322266,17.070518493652344,416962,-0.005028404912497342,-0.001973667997127837,-0.058543569615733926,-0.10536658020082068,-0.006982293401005992,-0.01810175314757885,-0.050539765760674205,-0.04353242658741814,0.008020154126122376,0.03270095836953274,0.025012358602367453,0.4361805825844651,0.9543559964710787,-0.001973667997127872,0.016699575904359706,0.5000033453990727,1
2013-12-31,NEOG,17.014253616333008,17.276819229125977,16.905475616455078,17.14178466796875,431625,0.004174810175971322,-0.0039233567237759726,-0.05986429213646505,-0.08673061047134334,-0.0020527180164264143,-0.007772856221187971,-0.04223997906303464,-0.03988911297165328,0.0076614649353310945,0.03265076773933868,0.024954536246220144,0.035166274144886156,0.9768892835047562,0.0074955419445092465,0.021663066002969546,0.636362235542475,0
2014-01-02,NEOG,17.0517635345459,17.0517635345459,16.324081420898438,16.586647033691406,458285,-0.03238505470872455,-0.03449778158917749,-0.07644107946679812,-0.11186981441159516,-0.02766171369555073,-0.03221568874991378,-0.06781623541616437,-0.07052411553612117,0.016171288239435522,0.033650790358386286,0.025738634246854932,0.061766579785693665,1.0456514943745623,-0.027276738849456406,0.04387156199618683,0.36082460715830306,1
2014-01-03,NEOG,16.594148635864258,16.732933044433594,16.357839584350586,16.63165855407715,336183,0.002713720277179199,-0.04067498146761528,-0.08160726593451784,-0.0932515616849976,-0.016895019630804017,-0.021148806855113625,-0.060772267262732355,-0.06747908607366083,0.01476477225925192,0.03340392677195987,0.02563287085035914,-0.26643246015034316,0.7626718367028406,0.002260430410501565,0.022552979840429442,0.7300019831483242,0
2014-01-06,NEOG,16.654163360595703,16.811702728271484,16.264066696166992,16.350337982177734,324985,-0.01691476355077348,-0.0470048189575234,-0.008642173050468882,-0.12028247719040008,-0.024220982214254665,-0.036897915281617,-0.07079360445497752,-0.08205938806509196,0.01528785693881125,0.01821705148227607,0.025414680633568915,-0.03330923931311225,0.729720823993879,-0.018243208730426504,0.033493866163588105,0.15753398416684372,1
2014-01-07,NEOG,16.327831268310547,16.56039047241211,16.21905517578125,16.45161247253418,413230,0.006194030390493266,-0.0362558419856025,-0.03815795298769442,-0.1297619204963597,-0.01087008375522868,-0.027192512027032132,-0.05847503328020174,-0.07508813557579427,0.016850240189289576,0.012957831038804386,0.025002373838651497,0.27153560933581544,0.9121941145897086,0.0075809948173503235,0.020747832299157033,0.6813162865029784,0
2014-01-08,NEOG,16.48162078857422,16.504125595092773,15.47636890411377,16.166542053222656,994418,-0.017327810254918585,-0.05689271179379818,-0.0605928581142241,-0.15290873918989523,-0.016475734071219907,-0.03811817732019168,-0.06699856835392572,-0.08950199775000135,0.015926137582514335,0.013080794440548294,0.024810212098976842,1.4064516129032256,2.042381105441356,-0.019116975168485182,0.063573068847715,0.6715335985324044,1
2014-01-09,NEOG,16.271568298339844,16.48912239074707,16.162790298461914,16.414104461669922,503607,0.015313256702160105,-0.01040249856833686,-0.044541417033922226,-0.13088374426663418,0.0006860610305939032,-0.0189220299384967,-0.045905913084878985,-0.07410145002831284,0.01454735368108937,0.014728037334527775,0.02533760231880764,-0.493566085891446,1.0088650075849126,0.008759829459377975,0.01988119991847281,0.7701178313422019,0
2014-01-10,NEOG,16.33158302307129,16.395349502563477,16.03900909423828,16.3090763092041,577189,-0.006398652616783407,-0.019395675050938754,-0.05928173779530521,-0.10571783358439302,-0.001790778997619604,-0.019174443789922346,-0.046668990832811376,-0.07846087801840108,0.014378328362230772,0.013929820005917104,0.024486679635160977,0.146109962728874,1.1240916000206438,-0.0013781097542958777,0.021849208475656773,0.7578910745349926,1
2014-01-13,NEOG,16.174043655395508,16.45161247253418,16.174043655395508,16.414104461669922,539065,0.006439859037666418,0.0039000098690127327,-0.04328812834633611,-0.09380814596927267,0.003853964347575347,-0.008429215490059896,-0.03574099530902763,-0.07139002025739603,0.012766817906554734,0.01435161733656189,0.024621945692504792,-0.06605115482103785,1.030948734270963,0.014842349346221287,0.016910384467629547,0.8648695078542666,1
2014-01-14,NEOG,16.504125595092773,16.650413513183594,16.29782485961914,16.534133911132812,433758,0.007312579845168088,0.00501600914417355,-0.03142169247635829,-0.08812572405115837,0.010175086800625286,0.0020687103032348336,-0.02410944386608947,-0.06374914749002918,0.012893173790718554,0.014807476664483406,0.02473748586521868,-0.195351209965403,0.8240059323533526,0.0018182311972323778,0.021324894031918243,0.6702117300847137,0
2014-01-15,NEOG,16.51913070678711,16.64666175842285,16.33908462524414,16.444110870361328,411364,-0.005444678339690312,0.01716933752591454,-0.040700184439435905,-0.09812798884461049,0.0012789826449466583,0.000844666021892085,-0.02427083641734129,-0.06822134353484863,0.00922912168216337,0.014594169886207863,0.024628206102020288,-0.05162786622955662,0.7809500612389431,-0.004541391296998354,0.018704394272425172,0.34146311213637687,0
2014-01-16,NEOG,16.33908462524414,16.462865829467773,16.166542053222656,16.414104461669922,368441,-0.001824751056956786,0.0,-0.01040249856833686,-0.08604839981541945,-0.000548102236943314,6.859863334750339e-05,-0.021565317240014915,-0.0684842370883458,0.00649732981988731,0.010674872594761462,0.024518024132662256,-0.10434311218288428,0.7000656856070617,0.004591434474234526,0.018052996856276256,0.8354456452474591,0
2014-01-17,NEOG,16.346586227416992,16.49287223815918,16.132783889770508,16.192798614501953,322053,-0.013482663503498471,-0.00712963091824681,-0.02638702196466214,-0.10584091518048977,-0.012625227883718865,-0.010769927817825212,-0.029211348183599342,-0.0792796138651385,0.008658854296842034,0.011262387870492415,0.024415916693717173,-0.1259034689407531,0.6273864033064446,-0.009407934523790771,0.022237561088803006,0.16666666666666666,0
2014-01-21,NEOG,16.33158302307129,16.33908462524414,16.14028549194336,16.18529510498047,310322,-0.00046338558887304426,-0.013939801420404407,-0.010094156914503327,-0.018649094514118447,-0.010321179721744646,-0.010230378477744757,-0.028765728101110482,-0.07813335204264395,0.007579361547104344,0.010080784062213846,0.01433005647371918,-0.036425681487208594,0.6432710595185656,-0.008957363036036519,0.012282700563155481,0.22640749126914073,0
2014-01-22,NEOG,16.1702938079834,16.237808227539062,15.8402099609375,16.020254135131836,349779,-0.010196970075500689,-0.031079933110676583,-0.0262198211951864,-0.06337727947836913,-0.014217836266747165,-0.01773194436267861,-0.03553248490044558,-0.0859048836286608,0.005513642030276248,0.010119317736209629,0.011332167758612293,0.12714857470627283,0.8034291809767419,-0.009278722738945335,0.024818474366748274,0.4528293740645508,0
2014-01-23,NEOG,15.97524356842041,16.02775764465332,15.780195236206056,15.978995323181152,765142,-0.0025754155709805104,-0.028284627295872555,-0.011600918082795508,-0.07149084341363399,-0.011096112890068646,-0.019133768648766373,-0.03444052602216069,-0.08618985338137612,0.0057661714070422225,0.008712380969646856,0.011119382827979968,1.1875012507897842,1.7065056202755016,0.00023484804752264263,0.015492989605430229,0.8030301862952048,0
2014-01-24,NEOG,15.832708358764648,16.136533737182617,15.592647552490234,15.93773365020752,742214,-0.0025822445115666337,-0.029022040926741988,-0.029022040926741988,-0.07227077513257063,-0.007799389625272938,-0.018797383075315664,-0.03330760199334588,-0.08674331477750491,0.005647342986902015,0.006521580799985679,0.011113425325162993,-0.029965679573203396,1.5653198147254759,0.006633438137242725,0.03412569168423147,0.6344821902627712,0
2014-01-27,NEOG,15.960240364074709,15.99774932861328,15.566391944885254,15.738935470581056,575589,-0.012473428405165632,-0.028028703050405723,-0.03495849966078601,-0.09216783684548324,-0.01460704486399842,-0.027623244934392988,-0.04071691113108801,-0.09626224138525158,0.0053150477594781234,0.007135482498613188,0.010846367593802664,-0.2244972474245972,1.2035897604254382,-0.013866012569070883,0.027407024098568246,0.40000132652091724,1
2014-01-28,NEOG,15.787696838378906,16.136533737182617,15.75393772125244,16.024005889892578,840590,0.018112433324628086,-0.009965169868188517,-0.02376605879950977,-0.06602539894224624,0.005271083796725382,-0.0076194075252581225,-0.019958719645355696,-0.07822170024215681,0.012062824432570255,0.00950781634509153,0.011890988136063629,0.46039969492120236,1.662098937982072,0.014967924323148854,0.023876427564939094,0.7058833793225515,0
2014-01-29,NEOG,15.836459159851074,16.10277557373047,15.506377220153809,15.780195236206056,877114,-0.015215337248491001,-0.014984712283642176,-0.04559892153886036,-0.07558781872537101,-0.007033606022719005,-0.018134277977674085,-0.031047024306769644,-0.09045703103727329,0.013086594193173125,0.009628971757864459,0.012181656587979569,0.04345043362400225,1.658851817119187,-0.003552809569178143,0.03779410486685771,0.4591193359440616,1
2014-01-30,NEOG,15.92648220062256,16.245311737060547,15.862715721130373,15.93773365020752,399633,0.009983299423318215,-0.0025822445115666337,-0.03079383398384261,-0.0702407037005387,0.0034005175197086126,-0.005197645381787029,-0.01774264096927951,-0.07966561334936693,0.014322543702394474,0.010661783374043865,0.012449375941647524,-0.5443773557371105,0.7581039140711987,0.0007064616933750346,0.024005672596065272,0.19607608535797683,0
2014-01-31,NEOG,15.615154266357422,16.046512603759766,15.42010498046875,15.76144027709961,372174,-0.011061382814965937,-0.011061382814965937,-0.03976239983694563,-0.04975127009790503,-0.005490868900864029,-0.012177340161050309,-0.026131302245329734,-0.08793742278038529,0.015120104885452434,0.010938253631672397,0.01063123092599538,-0.0687105419222136,0.711828131798773,0.009368207847767355,0.03974304456180612,0.5449092315281135,0
2014-02-03,NEOG,15.750187873840332,15.986496925354004,14.909976959228516,14.98499584197998,507073,-0.049262276890250534,-0.047902834979552944,-0.07458888369304417,-0.09900772714537831,-0.04540025031523912,-0.053676340119493224,-0.06937199709965487,-0.13012239370493336,0.02625921955424187,0.017974873197730435,0.014818996616531098,0.3624621816677145,0.9542442701835009,-0.048583041547794345,0.07183985751331692,0.06968647597077639,0
2014-02-04,NEOG,15.033758163452148,15.12753200531006,14.752437591552734,14.819954872131348,440423,-0.011013748124392264,-0.075140450274092,-0.084356832791327,-0.09359947859882412,-0.04120558377184822,-0.055959091065907914,-0.07522704460397972,-0.13677458832294,0.021383553933592245,0.01782013773145258,0.014628766754317613,-0.13144064069670447,0.8199119478426216,-0.014221546535221495,0.02531009149445415,0.18000076274741533,0
2014-02-05,NEOG,14.759940147399902,14.898724555969238,14.471117973327637,14.79369831085205,486012,-0.0017717031870773114,-0.06251487453657023,-0.07656281941183396,-0.1007751771718427,-0.030529460840152754,-0.05021071825097553,-0.07206550796504999,-0.13489041859901008,0.02222757489939585,0.01793653301787666,0.014420692021061563,0.10351185110677696,0.8986941519754141,0.002287147719775493,0.028904643967758006,0.7543858084027316,0
2014-02-06,NEOG,14.763690948486328,14.962491035461426,14.688672065734863,14.79369831085205,510539,0.0,-0.07178155718147372,-0.07417844416097674,-0.08491882418955143,-0.015771607743308103,-0.042927513359069455,-0.06805293522976798,-0.13117036851452188,0.020028599997201708,0.018037865045910775,0.014171874137932722,0.05046583211937161,0.9882597707083404,0.0020325108721406288,0.018509162751122223,0.38356088046809694,1
2014-02-07,NEOG,14.816204071044922,14.988746643066406,14.741185188293455,14.939985275268556,534533,0.009888464759971072,-0.05211801633538371,-0.06260290182010741,-0.08980807876809338,0.0049452741807807146,-0.027184112540723643,-0.05444702096875572,-0.11914827760381495,0.022939471915752928,0.018831454220466275,0.013823761535523211,0.04699738903394257,1.0316175604243054,0.008354447848456561,0.016570394830492958,0.8030332797867468,1
2014-02-10,NEOG,14.958740234375,15.007501602172852,14.681170463562012,14.996249198913574,427893,0.003765995923580734,0.0007509749787228959,-0.047187833831309534,-0.08049671761911048,0.008577202972487938,-0.018775293683062723,-0.04692657914677348,-0.11195812451178386,0.007685294481647859,0.01893805407490447,0.013940570298882732,-0.19950124688279303,0.8378795914628875,0.002507494879306687,0.021760850615531343,0.9655184506535976,1
2014-02-11,NEOG,14.966241836547852,15.592647552490234,14.966241836547852,15.528882026672363,611047,0.035517736514899756,0.047835986051087076,-0.030898881754188756,-0.05393059591308946,0.03453444665564664,0.019378027023425032,-0.010291541729865723,-0.07669251595546382,0.015225403388959578,0.02184066478137743,0.016396821338483664,0.4280369157709989,1.1881494032536262,0.037593952862002636,0.04033810771866707,0.8982041124545928,1
2014-02-12,NEOG,15.506377220153809,15.89647388458252,15.453863143920898,15.547636985778809,377506,0.0012077468986004813,0.05096350209965417,-0.014737349376620301,-0.05966426367756539,0.02548243699057782,0.02216962747154906,-0.005971356019455133,-0.07167684189968829,0.014725020941192189,0.021426673325015674,0.016258042151590744,-0.38219809605480426,0.7380774765698341,0.002660825609954479,0.02846803929539071,0.2118652649904872,1
2014-02-13,NEOG,15.43510913848877,15.89647388458252,15.42010498046875,15.70517635345459,297792,0.010132688833671688,0.061612588241975796,-0.014591616465488011,-0.04493611863433644,0.023566224101114083,0.03410803649564271,0.006478296012210875,-0.05882616846316,0.013649618625413359,0.021435444871166037,0.016503249458509242,-0.21115955772888373,0.5887620727393761,0.01749694236319875,0.030331967842499585,0.5984256539922204,0
2014-02-14,NEOG,15.701424598693848,15.791447639465332,15.521380424499512,15.67141819000244,304191,-0.0021494927973046973,0.048958074673921326,-0.005711539397066812,-0.045246834720821805,0.011720279714424249,0.03249724232047678,0.006710629015523834,-0.057455062333796825,0.01512021706840604,0.021166221276215164,0.016503056055374422,0.021488152804642224,0.6052577201742326,-0.0019110628148928707,0.017233106263357157,0.5555571249991106,1
2014-02-18,NEOG,15.663915634155272,16.129032135009766,15.663915634155272,16.10277557373047,581455,0.0275251019721503,0.0737868756473492,0.07459326272344136,-0.00555944916716633,0.02492478617080453,0.053160945349596124,0.03471962873942656,-0.028895619252829494,0.01646471503603378,0.01425909237770613,0.01754001454552046,0.9114799583156634,1.1278320546529776,0.028017256337761427,0.028884244130761502,0.9435484201677229,0
2014-02-19,NEOG,15.982746124267578,16.466617584228516,15.900224685668944,16.035259246826172,614780,-0.00419283784929847,0.03260873637162387,0.0820045934809277,-0.009269887090790685,0.0140905382019991,0.04047511223302068,0.03087814612733594,-0.029983136387112787,0.012965431762955832,0.01342383735224346,0.0175635361745083,0.05731311967392139,1.1582708608815486,0.0032856132575903134,0.03532171758755177,0.2384114657875176,1
2014-02-20,NEOG,16.016504287719727,16.36909294128418,15.99774932861328,16.241559982299805,348979,0.012865444349736022,0.04463205547928073,0.0978701634320649,0.01381412837157514,0.018200600819610842,0.044052727755274454,0.04339861130928245,-0.014327557899484089,0.012822168535039343,0.013033204602175004,0.01763772395877226,-0.432351410260581,0.6575403740423993,0.014051486550197737,0.022863789751452063,0.6565634775105184,0
2014-02-21,NEOG,16.305326461791992,16.402851104736328,16.095273971557617,16.230308532714844,477747,-0.0006927567054656469,0.033436885230820224,0.09710960651461664,0.015727722829301127,0.010839646401726027,0.03378254300801629,0.04183476923099434,-0.011585882353356555,0.013447245895026291,0.013090765417212321,0.017623582454039877,0.3689849532493359,0.925213250647508,-0.004600823494882898,0.018950787815200116,0.43902665897717336,1
2014-02-24,NEOG,16.2528133392334,16.597898483276367,16.174043655395508,16.40660285949707,593452,0.010862044084182232,0.046912453013578714,0.09816727106527545,0.029418813212720885,0.012546925930988438,0.03533984751537537,0.05156876905970192,0.0021767235303819113,0.012542079560510677,0.013098528869424442,0.01773862365557914,0.24218885728220174,1.1660867854881092,0.009462332277725262,0.025834405300760248,0.5486765486765487,0
2014-02-25,NEOG,16.440359115600586,16.52663230895996,16.114028930664062,16.346586227416992,399633,-0.0036580779454497003,0.01514090863219053,0.09004498462197108,0.0386081230189772,0.005816052738382999,0.02283658452178359,0.04568573688939472,0.0008221243364568667,0.008198099506588159,0.013657120906824307,0.017478095185758023,-0.32659591677170186,0.7990609609574183,-0.005703822375425533,0.025240950774411082,0.5636340102531862,1
2014-02-26,NEOG,16.387847900390625,16.537883758544922,16.271568298339844,16.45161247253418,278064,0.006424965045058517,0.025964857773684846,0.059420275347377594,0.02668537353142897,0.007118217327885286,0.02349890067156396,0.050966831625391056,0.00930602017813295,0.007167645623065622,0.009901897871641797,0.017103890033516016,-0.3042016049725623,0.589116147812933,0.003890966802421615,0.016187802906839036,0.676056035408878,0
2014-02-27,NEOG,16.361589431762695,16.534133911132812,16.245311737060547,16.365341186523438,221011,-0.0052439410516611495,0.007621263250483956,0.0525934713739824,0.037081033634794425,0.00032095976880637127,0.012978551869627679,0.043505287674777786,0.0061944360075193525,0.006870051862253398,0.01043266657006353,0.016733619715697732,-0.2051793831635882,0.5032162685137656,0.0002293025855702576,0.01764840529631643,0.41558252875992235,0
2014-02-28,NEOG,16.40660285949707,16.56039047241211,16.091522216796875,16.249061584472656,412164,-0.0071052354317265864,0.0011554340892543369,0.03463095343710876,0.019534015381232228,-0.0070142017730122986,0.002406469606736316,0.035063572067409676,0.0014887797302617332,0.00791045898868893,0.010936687568454721,0.016738462674584453,0.8649026519042038,0.9371124865116317,-0.009602309288130313,0.028855097457645026,0.335999218947043,1
2014-03-03,NEOG,16.166542053222656,16.357839584350586,15.757689476013184,16.282821655273438,491344,0.002077662800727076,-0.007544596848212293,0.039013920620218245,0.03307955167849497,-0.0034434591203338256,0.0007146816581328055,0.035494545968544865,0.005647992065800965,0.0056057514452157895,0.010776146529574638,0.01649197650724523,0.19210799584631366,1.1022071555619464,0.007192608145141462,0.03685786905017379,0.8750013904271869,1
2014-03-04,NEOG,16.51913070678711,17.456863403320312,16.1702938079834,17.224306106567383,1225827,0.05782071874434802,0.0536943840713513,0.06964827446682809,0.1494368292258077,0.04297265912761748,0.051330181386852275,0.08762330694719336,0.06495976023945195,0.026852250628243403,0.019158630068673695,0.016438324072799864,1.4948447523527304,2.544689898438843,0.042688408506298854,0.07469500294391328,0.8192423498924442,0
2014-03-05,NEOG,17.205551147460938,17.20930290222168,16.890472412109375,17.0667667388916,583587,-0.009146340450586488,0.03739173089473247,0.06432745964301101,0.15160720030162445,0.025791325139415476,0.03519668329864047,0.07008466268551823,0.05447095434337496,0.028347111972344213,0.019538039089968574,0.016334922416664743,-0.5239238489607424,1.1937277577341414,-0.008066257650212889,0.018681364489839574,0.5529406134279339,1
2014-03-06,NEOG,17.055513381958008,17.385595321655273,16.860464096069336,17.070518493652344,523069,0.00021982809152665261,0.04308967953015275,0.05103934057171511,0.15390473260699866,0.0173925075427978,0.03024407233423848,0.06273429072539348,0.05474675543445727,0.027824827609565433,0.0194837062988955,0.016283300487273573,-0.10370004815048994,1.065898370114033,0.000879780711274803,0.03076246487657695,0.4000036321371495,0
2014-03-07,NEOG,17.13053321838379,17.17179298400879,16.762941360473633,16.886722564697266,319387,-0.010766862706801938,0.039242941932963626,0.04044371865508967,0.1414807987742901,-0.0011536901160820296,0.015130030747864856,0.044487020945094546,0.043806533946000405,0.028389667531528353,0.02007129475548508,0.016709949412820384,-0.38939795705729074,0.663767432527653,-0.014232519827513355,0.02421142539464027,0.30275336356341787,1
2014-03-10,NEOG,16.86796760559082,16.965490341186523,16.67291831970215,16.905475616455078,362843,0.001110520510179791,0.03823993005413673,0.030406828350162174,0.13155905477632346,-0.007356236774867393,0.013218782894345762,0.03932935008712984,0.04531955091671054,0.0284436986662861,0.019945369322478014,0.016738918822017602,0.13606064116573302,0.7677778058736294,0.002223623600736934,0.017306346660817856,0.7948719620319182,0
2014-03-11,NEOG,16.95048713684082,17.0667667388916,16.669166564941406,16.822956085205078,294326,-0.004881230976410911,-0.023301375328511842,0.029141855746559697,0.12181091832108537,-0.00752378429041262,0.005402511285178034,0.02848102428201179,0.040878577040384,0.0053520138791902615,0.019995605097950623,0.016919303554812068,-0.1888337380078987,0.6317225937530451,-0.007523739619173625,0.02363438220586358,0.3867943988448457,1
2014-03-12,NEOG,16.665416717529297,17.003000259399414,16.627906799316406,16.86796760559082,405499,0.002675601134412231,-0.011648318415682035,0.02530786169147503,0.08623193714901345,-0.0025286000309629937,0.005590363577452907,0.027028904119901234,0.04403669486928437,0.005501914823021085,0.019960431925098693,0.015420445166956625,0.3777206227108716,0.8899688521107348,0.012153964793959996,0.02223702753369556,0.6400026441977656,1
2014-03-13,NEOG,16.91297721862793,17.01800537109375,16.781694412231445,16.924230575561523,478814,0.003335491938700086,-0.008569623596683229,0.03415079359899442,0.08854037375852442,0.002532959796728652,0.0055940231898001375,0.026154156585539223,0.04770879912063769,0.006015172057400543,0.019765618700333037,0.01540565328187215,0.18080192552879293,1.0393224892131117,0.0006653681837399579,0.013962877532733224,0.6031720408410347,1
2014-03-14,NEOG,16.819204330444336,17.28807258605957,16.762941360473633,17.02925682067871,430826,0.00620567325931165,0.008440610985071872,0.048014787324801356,0.08430853862604804,0.007053793010910381,0.007165475628201562,0.028394058631598794,0.05435743344950724,0.0041105725943790935,0.01941460851129445,0.015353150933681455,-0.10022263342341697,0.9218489187651479,0.012488848230124675,0.030837001938233032,0.5071407816359146,1
2014-03-17,NEOG,17.1342830657959,17.43060874938965,17.074268341064453,17.280569076538086,375906,0.014757676069234282,0.022187690461539455,0.06127607624698839,0.10268061684182506,0.017402008411066976,0.01603328320525878,0.038524762152193595,0.06899873360629363,0.007084986751900051,0.0196252616011158,0.015452351517000893,-0.1274760576195494,0.7982109657657049,0.008537620756027379,0.020620872307324675,0.5789428609661448,1
2014-03-18,NEOG,17.325580596923828,17.651912689208984,17.25056266784668,17.651912689208984,427360,0.021489084707000394,0.04927532354036934,0.02482576540360948,0.09620311159311723,0.02921879476224962,0.03526408077674006,0.05592638281018126,0.090593897347048,0.008164278918737411,0.009991975432113586,0.015042978716710509,0.13687996467201913,0.9225636718103217,0.01883527599318067,0.0227369140346847,1.0,0
2014-03-19,NEOG,17.62940788269043,17.775693893432617,17.419355392456055,17.524381637573242,211147,-0.007224772401786539,0.03891482645276456,0.026813215747469643,0.09286550144437533,0.014020975231497678,0.02503348910728647,0.04364922639515842,0.08114615731178255,0.010999768465183957,0.009758876767859121,0.015152277397428488,-0.505927087233246,0.4765768139772271,-0.005957445979811286,0.020333870167067867,0.29473729285316663,0
2014-03-20,NEOG,17.460615158081055,17.70817756652832,17.269317626953125,17.44936180114746,409764,-0.004280883512884359,0.031028366296558474,0.022192841279893738,0.07436488983594747,0.0035811267544449523,0.018388767458619296,0.03545748446264729,0.07519422550427653,0.012217434569156279,0.009986690146742902,0.015142467176598092,0.9406574566534216,0.9185710907140624,-0.0006444994538686408,0.025150486566582402,0.4102542929040502,0
2014-03-21,NEOG,17.44936180114746,17.59189796447754,17.306827545166016,17.415603637695312,709956,-0.00193463599625332,0.022687238855159997,0.03131934399773373,0.07302973338992991,-0.0027920928468782107,0.01329084790971339,0.02983252320947269,0.07146481802970404,0.012745674525449665,0.009055497107649666,0.015163954911132708,0.7325972999092161,1.5511418586387407,-0.0019346359962533711,0.01636867864255368,0.38157621822707233,0
2014-03-24,NEOG,17.48687171936035,17.48687171936035,16.931732177734375,16.999250411987305,753945,-0.02390690752784641,-0.016279479182935486,0.0055470072336178955,0.03612250248058979,-0.02348628372586889,-0.011473152069051794,0.0034541158980275046,0.04509693602963169,0.016258006834072643,0.012481584700282574,0.016246420149588502,0.06196017781383634,1.6188679293898784,-0.02788499367975483,0.03265670710012664,0.1216238966786118,1
2014-03-25,NEOG,17.063016891479492,18.728431701660156,16.691673278808594,17.659414291381836,907506,0.03883488173860927,0.00042497389970885813,0.04972123816648244,0.08031206306323013,0.014349089101356037,0.021945321787940727,0.03839958128534491,0.08388352743989878,0.02320297256720725,0.017129592796678555,0.018148687672230372,0.2036766607643794,1.8478397979301278,0.03495263491183426,0.11533555922324917,0.4751378473340775,0
2014-03-26,NEOG,17.56939125061035,17.584396362304688,16.852962493896484,16.98424530029297,746213,-0.0382328077221884,-0.0308219912377502,0.006893402775068669,0.032375721750558695,-0.0183410924487974,-0.01778744384545103,-0.00286284683958662,0.041714550351849504,0.029108479800205197,0.021951285452784287,0.020440151682991153,-0.1777321582446838,1.4502957778314627,-0.033304850576257455,0.04306543243317301,0.17948691203237702,0
2014-03-27,NEOG,17.0105037689209,17.074268341064453,16.56039047241211,16.75918960571289,373507,-0.01325085045587493,-0.03955286177796968,-0.009751756164735226,0.024066007222249608,-0.023558719728086902,-0.029876665990007344,-0.017211995674124993,0.027627247441426105,0.02925945471801071,0.022369812621343847,0.02066237918850674,-0.49946328997216616,0.7153257831329916,-0.014774057642382835,0.030662453301272544,0.3868606636478361,0
2014-03-28,NEOG,16.7216796875,16.87171745300293,16.620405197143555,16.7216796875,565725,-0.002238170167852549,-0.0398449553992688,-0.018061688564425138,0.029085870625228605,-0.017802086231275032,-0.03032151018785155,-0.020768619545920585,0.024978345212580827,0.029244818657716904,0.022236872604607334,0.0205855802718269,0.5146302478936138,1.067753083055043,0.0,0.01502912748934182,0.4029826958105647,1
2014-03-31,NEOG,16.781694412231445,17.033008575439453,16.740434646606445,16.860464096069336,499608,0.008299669121941244,-0.00816426092647593,-0.024310830193614907,0.03547557376880195,-0.008032859410405841,-0.01988578516013807,-0.014308476419630749,0.03292010775348108,0.028331502484327226,0.021798527267454487,0.020639595293349754,-0.11687127137743603,0.9422286008761115,0.004693786092331584,0.01735266165663941,0.41025340139380545,1
2014-04-01,NEOG,16.94298553466797,17.21305274963379,16.774194717407227,17.115528106689453,531867,0.01512793533836243,-0.030798653665303655,-0.03038676838954879,-0.006315377769351982,0.013459484134010498,-0.0019466979125396418,0.0009212615254036191,0.04736192906910155,0.0209555062262594,0.021110959935781284,0.016310093763999143,0.06456862179949074,1.0733019502353733,0.010183717129925867,0.025640928488501545,0.7777763290567088,0
2014-04-02,NEOG,17.1080265045166,17.28807258605957,16.965490341186523,17.081769943237305,233808,-0.001972370542218549,0.005742065144493269,-0.02525690797482716,0.0008790888499996541,0.010293735090841938,-0.001337691447268453,-0.0010967475684839833,0.044150530885893706,0.010898445806406695,0.021056137949086874,0.01618114013453271,-0.5604013785401237,0.48908302789351327,-0.0015347510288439767,0.01888459134767575,0.3604649787732223,0
2014-04-03,NEOG,17.085521697998047,17.183046340942383,16.594148635864258,16.736684799194336,246072,-0.02020195478511222,-0.0013428338152391417,-0.040842582672923844,-0.019556154347751264,-0.009852588729458617,-0.01741862958116893,-0.02032028842733333,0.02216137939622439,0.013365660865265219,0.021806451754150132,0.01680985075480358,0.05245329501129126,0.5300945845032125,-0.020417105486722424,0.03518604264486556,0.2420389179665233,0
2014-04-04,NEOG,16.845460891723633,16.845460891723633,15.930233001708984,16.005250930786133,462551,-0.04370243433415277,-0.04284430572183617,-0.08098213167050572,-0.05219909491223029,-0.04502931773847899,-0.05251471265840077,-0.060711461149844104,-0.022540908505423625,0.02376586190896063,0.025125548230574585,0.019266031021412618,0.8797384505348029,0.9813070480945489,-0.04987752880957414,0.057182976635137016,0.08196639317443413,0
2014-04-07,NEOG,15.978995323181152,15.99024772644043,15.412603378295898,15.622655868530272,478280,-0.023904346386718567,-0.07341483724802289,-0.08097972028733125,-0.07588190814792362,-0.05388212799790647,-0.06756511232221381,-0.07970035189945886,-0.04553911137344406,0.022402929572926066,0.025125369489643907,0.019823253072659953,0.03400489891925429,1.002401840992258,-0.02230049182966651,0.03697478540176499,0.36363636363636054,1
2014-04-08,NEOG,15.656414031982422,15.885220527648926,15.39759922027588,15.757689476013184,390302,0.008643447607069144,-0.07933372678962625,-0.10768900847955831,-0.06332220115160037,-0.029747329196260993,-0.04870811293471364,-0.06882409807414096,-0.0373113390782894,0.020318556965720505,0.020183638800914852,0.02001242395236369,-0.18394664213431466,0.8098680977928874,0.00646862326353145,0.03094497503046475,0.7384629225437496,1
2014-04-09,NEOG,15.828956604003906,16.00149917602539,15.645160675048828,15.99024772644043,339382,0.014758397846413418,-0.06389983124840115,-0.05852468309765835,-0.05203471453546504,-0.0020132951883584218,-0.028840871627276932,-0.05262453488022344,-0.023063300204611507,0.02425030678326115,0.01921414805055129,0.02037423908884098,-0.13046307730936557,0.7090741547253032,0.010189624399862537,0.022284739240615043,0.9684248276452704,0
2014-04-10,NEOG,15.960240364074709,15.960240364074709,15.195049285888672,15.367591857910156,316721,-0.03893972621203923,-0.08180191941895709,-0.08303490685064896,-0.0919769268506152,-0.02419854492411192,-0.05870188408545374,-0.08529709303310201,-0.06063134959154452,0.02696078340571374,0.021850811621870816,0.02187773347585025,-0.06677136677843842,0.6731264384281043,-0.03713280581278459,0.049792516957832295,0.22548952404217001,0
2014-04-11,NEOG,15.198800086975098,15.607651710510254,15.007501602172852,15.217554092407228,382304,-0.009763258088201998,-0.04921490089629077,-0.08995062835805634,-0.10638765668690386,-0.023961912012080477,-0.059224568626334406,-0.08931738434548495,-0.06898294111855263,0.02231213123089372,0.021743848092716234,0.021754294885357548,0.2070686818998424,0.8167210073484894,0.0012339135540181416,0.03943801380254966,0.34999992054702084,1
2014-04-14,NEOG,15.330082893371582,15.645160675048828,15.195049285888672,15.600150108337402,388436,0.025141754950033013,-0.001440584775230458,-0.07474966172643782,-0.0972432655867912,0.0008663477409233669,-0.027998494563005755,-0.06170331189369355,-0.045387139645797256,0.025180576546302808,0.02380182808569888,0.022375316858792786,0.01603959152925416,0.8287117308378706,0.017616813740947996,0.028853016543706016,0.9000012712510805,1
2014-04-15,NEOG,15.660164833068848,15.95273780822754,15.375094413757324,15.791447639465332,397234,0.012262544257551244,0.002142329527659248,-0.07736135624740759,-0.10539736302236513,0.012700846277033297,-0.007894438764662826,-0.04485332670070557,-0.03463395102322695,0.025541719324111287,0.023514922576743414,0.02189332826245755,0.022649805888228736,0.8502141620028748,0.008383232730683685,0.036579508583278596,0.7207789956463789,1
2014-04-16,NEOG,16.00149917602539,16.03900909423828,15.697673797607422,15.8402099609375,236741,0.003087894320106699,-0.009383079491310009,-0.0726833335436261,-0.09610448525183823,0.01778656296022684,0.002992583411223835,-0.036999022777744354,-0.032859422457008125,0.024444595486075384,0.023707154727982835,0.021967527145533634,-0.40402634215600886,0.5053211755658158,-0.010079631496625382,0.021548659864522243,0.41758401412621954,1
2014-04-17,NEOG,15.866467475891112,16.03900909423828,15.716428756713867,15.847711563110352,254336,0.00047357971840966684,0.031242351413247826,-0.05311525231847458,-0.09178847090738784,0.012024516509243193,0.00914799890973952,-0.031829336013385695,-0.03364517795745922,0.013160917718560552,0.023352140203299062,0.021999240818770686,0.07432172711951046,0.5520346532321796,-0.0011821101835842985,0.020355010642375854,0.4069770879526977,1
2014-04-21,NEOG,15.907727241516112,16.1702938079834,15.843960762023926,16.087772369384766,220478,0.015147979272491119,0.05718516074877833,0.005155897833498013,-0.0762437694342396,0.016061812641651116,0.023896516096199992,-0.013160884550431315,-0.020552608864221143,0.00989883622470453,0.019699088582244884,0.022434299118961984,-0.133123112732763,0.5053927694803081,0.011318092467588388,0.020284538994378647,0.7471250931513654,1
2014-04-22,NEOG,16.151538848876953,16.41785430908203,16.14403533935547,16.234058380126953,322853,0.009092993571973462,0.04063475462654442,0.03913563204245385,-0.045013280780943354,0.017156283227596006,0.02920193476113871,-0.0018450128299138994,-0.013201400279511997,0.006148830495954064,0.01779287698116696,0.022081969671328847,0.46433204219922164,0.778528956860468,0.0051090816808293,0.01686694499397391,0.3287684591808303,0
2014-04-23,NEOG,16.196548461914062,16.29032325744629,15.93773365020752,16.00149917602539,245805,-0.014325389169861036,0.013301601053668177,0.015472426994029842,-0.09388279180728787,-4.693801671607773e-05,0.012892591087565047,-0.011103700041536983,-0.02852491052765806,0.011076932508247695,0.018590159162845087,0.020000901542198787,-0.23864731007610274,0.6441242610442592,-0.012042645156610207,0.02203478582600841,0.18084913596074836,0
2014-04-24,NEOG,16.151538848876953,16.455364227294922,15.637659072875977,15.89647388458252,230876,-0.006563465728275486,0.0035519682999005653,-0.0058644395923179715,-0.06404590822129053,-0.007308156717362337,0.00684215376065065,-0.014281062812194045,-0.03533172507725412,0.011808225423400362,0.01814257561618462,0.01839783900906534,-0.060735135574947585,0.6488118539484825,-0.015791991505018033,0.05143940476082632,0.31651361167027825,0
2014-04-25,NEOG,15.76894187927246,15.91147804260254,15.43510913848877,15.532632827758787,368974,-0.022888161202630597,-0.01988165509555284,0.010739546662522859,-0.07318711744486694,-0.02619697387518036,-0.017229928295959648,-0.03316562416554018,-0.0573940428555167,0.015874320390092615,0.014750726321714792,0.01879840555202288,0.5981479235606992,1.0375581751918106,-0.014985726583486817,0.03066890908941333,0.2047230380233344,1
2014-04-28,NEOG,15.63015842437744,15.933982849121094,15.195049285888672,15.70517635345459,442823,0.011108453255100903,-0.023781789494875083,0.03204340579874532,-0.060789547045640324,-0.010633243661093002,-0.00936921658310221,-0.01932308984748576,-0.04692314864259766,0.014723132759172464,0.014506968395155247,0.019084874735534003,0.2001468938190767,1.26711811843305,0.00479956293726039,0.04705031937256039,0.6903557950925883,0
2014-04-29,NEOG,15.832708358764648,15.930233001708984,15.577644348144531,15.64891242980957,354311,-0.003582508236696369,-0.03604434187779526,0.0031257597608695953,-0.07185755145033124,-0.0068558052402721455,-0.013221669506305147,-0.019126079470149448,-0.05031161312163563,0.0127040136230145,0.012379258861892232,0.0189001026976162,-0.19988121664863845,1.0353682865698228,-0.011608622150444187,0.022531192192807466,0.20212811996234947,1
2014-04-30,NEOG,15.63015842437744,15.716428756713867,15.255064010620115,15.67141819000244,309789,0.0014381676869759108,-0.020628128801675194,-0.0076009148878105615,-0.08437425405077603,-0.0012430465337133136,-0.011054009856785615,-0.013249542723365135,-0.04844760979388979,0.012462942901441058,0.011678340506752333,0.018430112214228103,-0.1256579671531508,0.9356250215189316,0.0026397535139918715,0.0294398847953709,0.9024403856330168,0
2014-05-01,NEOG,15.562641143798828,15.585145950317385,15.003750801086426,15.36384105682373,514271,-0.01962663043316193,-0.03350635063008356,-0.03007339582546642,-0.10057089470952074,-0.014152304158466335,-0.02754034772335625,-0.027355613741321224,-0.0663621292481594,0.014337393062738903,0.012994355452697334,0.0187363021040111,0.6600686273560392,1.490092268946253,-0.012774186922270106,0.037841783645160575,0.6193554525069818,0
2014-05-02,NEOG,15.416354179382324,15.652663230895996,15.19129753112793,15.258814811706545,323386,-0.006835936711968249,-0.017628564267797242,-0.03715973432874786,-0.08830123798226353,-0.017438774256939214,-0.0305745427814032,-0.029464380492994754,-0.07163558076147339,0.011280468702769468,0.01298455178204011,0.01840537855152274,-0.3711758975326238,0.9266269647799172,-0.010218976928181309,0.03023601147673063,0.14634221965906163,1
2014-05-05,NEOG,15.108777046203612,15.42010498046875,15.003750801086426,15.266317367553713,330851,0.0004916866702786571,-0.027943588535657815,-0.05106082949024637,-0.04616819607689371,-0.011368021395007111,-0.02500952994325003,-0.026699935330567724,-0.07008832311725331,0.008499793667811973,0.011343766601384652,0.01593128115009392,0.02308386881312119,0.966248855713358,0.010427073009836122,0.027272731815940306,0.6306327148122146,0
2014-05-06,NEOG,15.176294326782228,15.34133529663086,14.546136856079102,14.632408142089844,702491,-0.041523388398249095,-0.06495686472009332,-0.09865987915860774,-0.0633853638442583,-0.03977749701945479,-0.05583657718403086,-0.0641605350268105,-0.10677076542603703,0.017928711737441934,0.01498205092302351,0.017592849359258575,1.1232851041707597,1.9865804418437738,-0.03583787800771407,0.054345015039895216,0.10849026055795813,0
2014-05-07,NEOG,14.703676223754885,15.945236206054688,14.212303161621094,14.36609172821045,800067,-0.018200450075838148,-0.08329344836351327,-0.10220338918401017,-0.08831229666767237,-0.04082143966841121,-0.063134457815356,-0.07708618042279762,-0.12090230840398764,0.015960166074943858,0.015148910273978607,0.017671961072159594,0.1389000001423506,2.138607874844179,-0.022959189960878115,0.12062661698245061,0.08874466736227596,0
2014-05-08,NEOG,14.29482364654541,14.414854049682615,13.844711303710938,13.870967864990234,559860,-0.03446475719265729,-0.09716796641621384,-0.12741857309354365,-0.13253577416101514,-0.055041659663011624,-0.08331474355384756,-0.10278649611622696,-0.14851091836941513,0.01781059255505285,0.016798721031402924,0.01827168482652788,-0.3002336054355448,1.4536896404035673,-0.029650997594336034,0.04110331387982632,0.046052609569816716,0
2014-05-09,NEOG,13.78094482421875,13.945985794067385,13.619654655456545,13.777194023132324,796601,-0.0067604397018748985,-0.09709933614487032,-0.11301617852507728,-0.10349037438544462,-0.042092665984707095,-0.078825299013767,-0.10424467196409029,-0.15157144170362857,0.017824682147434115,0.01655996136906922,0.01664875993073229,0.422857500089308,1.947087725284501,-0.0002721729993312281,0.023686328149470786,0.4827592253267934,1
2014-05-12,NEOG,13.893472671508787,14.531132698059082,13.893472671508787,14.452363014221191,476148,0.04900627732724372,-0.053317007221562185,-0.07977072724546797,-0.05028344723071021,0.016354518253664026,-0.025519123041346254,-0.05800379303502312,-0.10801926170192229,0.03588515150877952,0.02471332865039604,0.02055122162249501,-0.4022754176808716,1.1506258026654566,0.0402268285205984,0.04412150635317106,0.8764707201986139,0
2014-05-13,NEOG,14.437358856201172,14.471117973327637,14.1597900390625,14.193548202514648,395368,-0.017908131109899972,-0.02999232493473325,-0.09300098226139997,-0.09016592122860434,0.004352893603220851,-0.03348575492601321,-0.07061280613480644,-0.12172795537264774,0.03211933348396336,0.02484329974758966,0.019756488603928094,-0.16965313305946894,0.9546189708089674,-0.016887483099569923,0.021934468381202894,0.10843281227504281,0
2014-05-14,NEOG,14.111027717590332,14.204800605773926,13.80345058441162,13.867217063903809,391369,-0.02299151233748753,-0.03472584428282666,-0.11512685732868888,-0.12185270277264293,-0.011761540405802979,-0.04396171668153061,-0.0862241377601149,-0.13834089481120979,0.03265379459943781,0.024856061252317308,0.01975222885581739,-0.010114627385119701,0.9456329150779025,-0.017278022449250616,0.02894236237254954,0.15887997034545076,0
2014-05-15,NEOG,13.720930099487305,13.78094482421875,13.315829277038574,13.672167778015137,461218,-0.014065495981625764,-0.014332099166407875,-0.11010744465214639,-0.13686953571125826,-0.022892998660268837,-0.04628590198333428,-0.0925951444031178,-0.14686153832973997,0.02941985558847281,0.024725385716228624,0.019695873368328884,0.17847351220970498,1.0849794898184224,-0.003553864141760333,0.034019151515100786,0.7661289826515402,0
2014-05-16,NEOG,13.64591121673584,13.889721870422363,13.537134170532228,13.619654655456545,791269,-0.0038408775704927844,-0.011434793428274692,-0.10742381872230589,-0.14059171248675328,-0.024449232029664477,-0.038960372140297836,-0.08934731081825534,-0.14646244796907232,0.029344120173728262,0.024803823489179793,0.01963151546717471,0.7156073700506052,1.7508259938699882,-0.001924133966744053,0.025888152732923744,0.23404243809420888,1
2014-05-19,NEOG,13.612153053283691,14.133532524108888,13.612153053283691,13.949736595153809,304724,0.02423570553347476,-0.03477814794527345,-0.08624088840168498,-0.13289818659416552,0.006440746183703608,-0.006438564316886221,-0.060562097623757014,-0.12254628809255239,0.018776644088258555,0.027062491546012556,0.020274647068027202,-0.614892027869157,0.6680306835846855,0.024800157664160345,0.03737557818879005,0.6474814616997048,0
2014-05-20,NEOG,13.855963706970217,13.893472671508787,13.420854568481444,13.728431701660156,609981,-0.015864449624843457,-0.032769572077268716,-0.06177906135828837,-0.15434382578875527,-0.002833486309785208,-0.015864496721168297,-0.06759908934044469,-0.13300139622072119,0.018497662084072962,0.024713971785543163,0.020004075892721216,1.0017491237972722,1.2964276355122568,-0.009204123798758627,0.03442622677506498,0.6507942273233608,0
2014-05-21,NEOG,13.840959548950195,14.096023559570312,13.600899696350098,13.702176094055176,311122,-0.001912498687071884,-0.011901520621483086,-0.04621407455247928,-0.14369422868922355,-0.002348642274205479,-0.013049419727704882,-0.062058657165804436,-0.13123506355852396,0.016039706743133784,0.024361018427923178,0.019995216818142907,-0.48994804756213717,0.6566873153593283,-0.010027011090105089,0.036134688375157376,0.20454759955698945,1
2014-05-22,NEOG,13.72468090057373,14.039759635925291,13.630908012390137,13.889721870422363,282063,0.0136872986509462,0.015912187148336088,0.0013520329377636475,-0.12623881426348527,0.008112798657424924,0.00032414108039629944,-0.04264536612281987,-0.11600550732497937,0.015745082984953116,0.022454853988339706,0.02055211688908671,-0.09340065954834442,0.5921534518929248,0.012025122554341764,0.029435551507031147,0.6330263673515114,1
2014-05-23,NEOG,13.912227630615234,14.1597900390625,13.788447380065918,14.058514595031738,227676,0.012152347338848735,0.032222545334464,0.0204192937565566,-0.09490459531706774,0.01390468558462538,0.010433246130520006,-0.026063458481430636,-0.10198721769254525,0.01556512251827938,0.022584722157890195,0.020577313542532408,-0.1928186256261899,0.4851712044296943,0.010514992156582095,0.0264140750067446,0.727272260331141,1
2014-05-27,NEOG,14.23855972290039,14.392348289489746,14.043511390686035,14.253562927246094,219945,0.013874035617054803,0.021780076635843804,-0.013755542036930413,-0.09242897969045671,0.023486297743373453,0.025917909442464793,-0.007560849568413633,-0.08628808979117383,0.013101573513363057,0.016384813353748084,0.020698587526661316,-0.0339561482106151,0.4800977024854543,0.0010537023854718206,0.024473663222610763,0.602148274108622,0
2014-05-28,NEOG,14.276068687438965,14.332332611083984,13.975994110107422,14.156039237976074,368974,-0.006842056948694553,0.031147588130129078,-0.0026426770814029776,-0.09539788777843283,0.01027949348824072,0.01917367253673526,-0.009201751323365365,-0.08888993941994117,0.009827111132552453,0.015484711399142795,0.020702699883565538,0.6775739389392803,0.8041125518719109,-0.008407738299024893,0.025172189408787564,0.5052643129362394,0
2014-05-29,NEOG,14.156039237976074,14.21605396270752,14.02475643157959,14.12978172302246,282863,-0.00185486310910854,0.031207132796432502,0.018934199840435317,-0.09837249241191615,0.0022881785568052617,0.015363849683455328,-0.00567511424327301,-0.08643799524512816,0.009815254906932152,0.013311515582988268,0.02066355405882327,-0.23337958772162803,0.6182630916957761,-0.001854863109108559,0.013538604833239406,0.5490154045565488,1
2014-05-30,NEOG,14.17479419708252,14.28732204437256,13.942235946655272,14.17479419708252,346313,0.0031856453937089135,0.020523976600799188,0.036762745105835215,-0.07739255146831303,0.0014310364805692395,0.014932638782360718,0.0016832067831264981,-0.07954087439866873,0.008893776946826895,0.012063719609656468,0.020439884952624207,0.2243135369419118,0.7711018872806252,0.0,0.024345051710755343,0.673913704335232,0
2014-06-02,NEOG,14.152288436889648,14.152288436889648,13.78094482421875,13.878470420837402,400966,-0.020904979086476372,-0.012806770799097311,0.019003107782704864,-0.09046209734521082,-0.017003135983383936,-0.008122606978884032,-0.014450230562222274,-0.0945840857488054,0.012830122415480125,0.014254077206502189,0.020788215226624517,0.1578138851270383,0.8851474563263553,-0.01934796745228188,0.026756811191048547,0.2626289864451875,0
2014-06-03,NEOG,13.83720874786377,13.972243309020996,13.720930099487305,13.867217063903809,400966,-0.0008108499418421067,-0.027105213293987962,-0.00591549028091809,-0.0916462215454451,-0.0123951453152361,-0.008342033429853056,-0.010332989624063732,-0.09111021375771072,0.00935167351541907,0.011916973846819136,0.02077370652332703,0.0,0.8783498415769403,0.0021686683049189264,0.01812282943113774,0.5820902318980271,1
2014-06-04,NEOG,13.75468921661377,13.949736595153809,13.702176094055176,13.893472671508787,221278,0.0018933580893689683,-0.018548024772558236,0.012021837121327872,-0.05049992205011855,-0.006810798872553846,-0.0076356817576794835,-0.0058377940601991515,-0.08566692849783775,0.009829302835895368,0.010631648437654373,0.018894602078423684,-0.44813774734017353,0.5116981360704312,0.010089901175475958,0.017818475405814327,0.7727265723112885,1
2014-06-05,NEOG,13.80345058441162,14.223555564880373,13.672167778015137,14.12978172302246,412963,0.01700863830813648,0.0,0.031207132796432502,-0.016449150517670152,0.010081997020969919,0.006169995236088522,0.011927106019781286,-0.06577522044908977,0.013607671529455235,0.011642561296939307,0.018986882316266853,0.8662632525601279,0.9997086544398365,0.023641272637971333,0.03902309304373956,0.8299312315366303,1
2014-06-06,NEOG,14.25731372833252,14.471117973327637,14.092272758483888,14.24606227874756,325252,0.008229465819393322,0.005027803626221905,0.025654970750998984,0.0270416900542354,0.017357811376757223,0.01188261465074735,0.01888620897814487,-0.054664147065251106,0.014074911201245379,0.011213132130827795,0.017312237606512838,-0.2123943307269659,0.8103889606392578,-0.0007891703724383912,0.026592977584333172,0.4059428870629953,1
2014-06-09,NEOG,14.21605396270752,14.467367172241213,14.21605396270752,14.3735933303833,315921,0.008952021207010441,0.035675610822537784,0.022411950652518442,0.043288880613106206,0.0192573696973974,0.01866127522577776,0.025819493331314468,-0.04317211228299098,0.006938427710784413,0.010952631772409158,0.017275280551708978,-0.02868852459016391,0.8372783821220747,0.01108179302702767,0.017484368992300648,0.626864652152955,1
2014-06-10,NEOG,14.324831008911133,14.463616371154783,14.07351779937744,14.407352447509766,409498,0.0023486901535683113,0.03895052490466333,0.010789549325221692,-0.0031144088110114376,0.01388453402343037,0.01994214838247742,0.0283940024901612,-0.037960561294334186,0.00614107738052908,0.010175027080995295,0.013330522198644747,0.29620379778488926,1.0949541086314758,0.005760726848875091,0.02707635377135306,0.8557699829848865,0
2014-06-11,NEOG,14.347336769104004,14.441109657287598,14.249812126159668,14.354839324951172,416163,-0.0036448835932844093,0.03320743951859528,0.014043482335212909,0.011363692864899466,0.003671675829919826,0.014796385176799718,0.02405613179626786,-0.0382488503890084,0.00773879737436969,0.009944651918870439,0.012692316659431123,0.016276025768135582,1.1096904696258554,0.0005229232412892268,0.013326344293901067,0.5490253751433272,0
2014-06-12,NEOG,14.36609172821045,14.36609172821045,14.017253875732422,14.058514595031738,175956,-0.020642845469149185,-0.005043752931766954,-0.005043752931766954,0.013794947482712594,-0.016066393978244716,-0.005650933263808407,0.0022328295236264915,-0.0542279649701586,0.01212708252517657,0.012163563340614978,0.012471082986987245,-0.5771945127269844,0.4830564695582538,-0.021409937998288494,0.024813279533906534,0.11828051057594256,0
2014-06-13,NEOG,14.077268600463867,14.08102035522461,13.735934257507324,13.79594898223877,319120,-0.01867662554376537,-0.031595628862319036,-0.02672668185346383,0.009053517059867566,-0.028320844148332476,-0.02160035143686044,-0.01691925133656946,-0.06777040419489201,0.01297465178323601,0.013346935274374095,0.012797916381543805,0.8136352269885654,0.8935165034698942,-0.0199839632395611,0.025013581752263446,0.17391232254338135,1
2014-06-16,NEOG,13.844711303710938,14.28732204437256,13.747186660766602,14.268567085266112,318320,0.03425774505514645,-0.007306888590981719,0.02810804451786053,0.04764529250009941,0.006455689572712229,0.009125627926498708,0.014413522504182165,-0.0326075365446536,0.022131727231859726,0.01607320341008777,0.014793194019223195,-0.0025068939583855476,0.9544736002533108,0.030614996026790655,0.03785491425860897,0.9652772995887804,1
2014-06-17,NEOG,14.21605396270752,14.666167259216309,14.08102035522461,14.628657341003418,342314,0.02523660950573925,0.015360552488733248,0.054909378975658285,0.04866907279707844,0.028643775094185833,0.029050906655757165,0.037509985881911505,-0.006339034039999492,0.02521933763544385,0.017457509716759727,0.014872313827498549,0.07537697914048747,1.0206668382119888,0.02902376280916396,0.04000004172300631,0.9358965792059925,1
2014-06-18,NEOG,14.568641662597656,14.79369831085205,14.512377738952637,14.752437591552734,335649,0.008461490871234378,0.027697855587311748,0.0618250699701175,0.07459015801264068,0.031579469630293136,0.031525346457718206,0.04250324128358528,0.0032548698005383987,0.02496503257639799,0.017430433235306794,0.014275532651438804,-0.019470427735938323,1.043470232020098,0.012615858994386608,0.01906942972329526,0.8533320225366627,0
2014-06-19,NEOG,14.86496639251709,14.909976959228516,14.617403984069824,14.726181983947754,235408,-0.0017797470717663133,0.04749202943189812,0.042208738437448545,0.07473308493946829,0.020217274303456465,0.02541334248375895,0.03689620733442569,0.002876340124200943,0.02111172802699581,0.017140479788671666,0.01427281636432635,-0.2986482903270976,0.7405552528561056,-0.00933634189978384,0.01986753766031209,0.3717978388773897,1
2014-06-20,NEOG,14.84246063232422,14.876218795776367,14.561140060424805,14.83120822906494,584654,0.007131939917058627,0.07504081438391719,0.04107422380079773,0.06778295256202616,0.012963080544445456,0.02853577254015874,0.04084133173286528,0.011625795517853945,0.014673911840202322,0.01711583575567845,0.014105843204307352,1.483577448514919,1.7556652586506798,-0.000758122493164993,0.021244306632692136,0.85714501912925,0
2014-06-23,NEOG,14.819954872131348,14.819954872131348,14.561140060424805,14.696173667907717,320187,-0.009104757958464438,0.029968432014673585,0.022442567429714178,0.045357499795983136,-0.0020885609632217,0.016896328792332323,0.029062178148972464,0.003334180219885716,0.012904117121720541,0.01750273768382917,0.014210430680118655,-0.4523478843897416,0.9483214887060158,-0.008352333410704193,0.01761103383472674,0.5217383293967723,0
2014-06-24,NEOG,14.71492862701416,15.0,14.628657341003418,14.64366054534912,419362,-0.003573251360881158,0.001025603648781015,0.016401909976194062,0.027368428518131704,-0.005856907951217534,0.011608595907132558,0.02398654032090231,0.000533047569893563,0.007433634472568376,0.017603011658065926,0.013997484229413257,0.3097408701789892,1.2064279032877276,-0.004843250244123135,0.02535859513040418,0.04040258769687822,1
2014-06-25,NEOG,14.50112533569336,14.801199913024902,14.486122131347656,14.778695106506348,276997,0.009221366525060226,0.001779876362171473,0.02952703070792584,0.04398517537729685,0.0029528779706519954,0.017956365386846185,0.031184185553551153,0.010894082191768613,0.007648721919063575,0.017633712544542816,0.01395783803544053,-0.339479971957402,0.8075537706901452,0.019141257273997386,0.0213197294758813,0.9285738067636652,0
2014-06-26,NEOG,14.726181983947754,14.733682632446287,14.493622779846191,14.512377738952637,275931,-0.018020357388418118,-0.01451864748297782,0.032283861915347156,0.027077277160395985,-0.012254297191021843,-0.0035028304075390695,0.011252076117588057,-0.005582537029554116,0.011348348337331806,0.017257638915052154,0.014658334284530035,-0.003848417130871473,0.8052596604981775,-0.014518647482977876,0.016541731266803496,0.0781261793811408,1
2014-06-27,NEOG,14.411103248596191,14.951237678527832,14.411103248596191,14.939985275268556,483612,0.029465022479960634,0.0073343347705445705,0.0829255236086075,0.05398251766812456,0.015346205632969798,0.017863093775021183,0.038280581360668274,0.02498252122513709,0.01844490087711533,0.01715557142092862,0.015944600083074092,0.7526555551931462,1.383622985252736,0.036699620948443645,0.036153611933324434,0.9791674023433394,1
2014-06-30,NEOG,14.876218795776367,15.28507137298584,14.79369831085205,15.180045127868652,852853,0.016068279062998014,0.03292499604965715,0.06388013857002806,0.09378372886662212,0.02492023133762038,0.02783563371489579,0.05021409582191654,0.04240720411877863,0.018227595679675957,0.014892503301646544,0.015182512337457238,0.7635066954500715,2.2918750446764244,0.02042362620927215,0.03236967070879717,0.7862596605090424,1
2014-07-01,NEOG,15.247562408447266,15.787696838378906,15.221304893493652,15.573892593383787,609714,0.025945078700199575,0.06352455693396375,0.06461531160012335,0.12307267720806325,0.03846725724993772,0.047796847493917854,0.07113828276634264,0.07020784891151098,0.018864980525708747,0.0149938822050662,0.015844887977043035,-0.28508898954450534,1.59378352436339,0.02140212161097516,0.03636803974915511,0.6225153854572669,0
2014-07-02,NEOG,15.510128021240234,15.74268627166748,15.367591857910156,15.427606582641602,467883,-0.00939302809911069,0.04390857727686459,0.04576660547782763,0.11042119903390657,0.01988692173163077,0.033261300212238956,0.05550848480712002,0.0613316901047702,0.02135498627525231,0.015762049182609632,0.016193697033299093,-0.23261890000885665,1.1848503315561623,-0.005320487263910679,0.02431319542328506,0.1599989830034451,1
2014-07-03,NEOG,15.513877868652344,15.78394603729248,15.35633945465088,15.708927154541016,238074,0.018234881113441403,0.08245026673862843,0.06673455289799501,0.11176007262345489,0.022311191575274066,0.045223123355385704,0.06898091200124594,0.08112014773547868,0.015247919059130075,0.016128952443281875,0.016242312495439174,-0.49116766371079945,0.6165429734135038,0.01257256809290683,0.02722061019412077,0.8245609731075112,0
2014-07-07,NEOG,15.562641143798828,15.941485404968262,15.450113296508787,15.637659072875977,769408,-0.004536788602042541,0.046698426052824704,0.05437526271329829,0.09768290822400916,0.008515165121932448,0.03492787553079875,0.059116407065405906,0.07659886517411008,0.015358871794115814,0.016503734257909252,0.016377041178433006,2.231801876727404,1.8841820472181787,0.00482038545925352,0.03142235715521994,0.3816777003382905,0
2014-07-08,NEOG,15.592647552490234,15.592647552490234,15.108777046203612,15.438859939575195,604915,-0.012712844830183312,0.01704967340521213,0.05053602988438377,0.07411275557240815,-0.007618831701491965,0.016773324492098195,0.04189344641429274,0.06304949052631016,0.017425372902316074,0.01689169964173155,0.01679885288190363,-0.2137916424055898,1.4307325268229087,-0.009862828772172068,0.03134107752647549,0.6821719635378184,1
2014-07-09,NEOG,15.532632827758787,15.68267059326172,15.360090255737305,15.615154266357422,404432,0.011418869493745598,0.002649412966361675,0.06634227268514858,0.08383232264554041,0.003180907350789051,0.02184588597822781,0.04951346982874139,0.07532162176903624,0.01352327613430536,0.016703614235236367,0.016882270086259334,-0.33142342312556305,0.9571276703500388,0.005312778555555521,0.020658158864264926,0.7906991869918656,1
2014-07-10,NEOG,15.258814811706545,15.933982849121094,15.258814811706545,15.843960762023926,578255,0.01465284887767404,0.026987606739387937,0.07208117143228643,0.10373654510255692,0.012464030724269107,0.029641178202593443,0.059589347188732336,0.09078512275186888,0.013354684965114426,0.01688674529976024,0.016932322588841295,0.4297953673299837,1.3427424729282702,0.038348060287648145,0.04261358933890103,0.8666671374997348,1
2014-07-11,NEOG,15.78394603729248,16.00149917602539,15.772692680358888,15.92648220062256,467883,0.005208384433545765,0.013849134567961663,0.09744126614581772,0.132870908442273,0.01491541163707999,0.025579130765656974,0.05849655601115852,0.09608140710862831,0.011347377334508696,0.014470204297150714,0.01581499208094356,-0.1908708095909244,1.050835538936623,0.009030451763666193,0.014366417692512045,0.6721379120627259,1
2014-07-14,NEOG,16.129032135009766,16.129032135009766,15.91897964477539,16.03150749206543,409764,0.0065943809888391325,0.025185893704038786,0.07306046135157596,0.16204456197284944,0.016505698779843914,0.0251366977177161,0.05761971419161933,0.10229638217420141,0.010614901063952258,0.01264491648902444,0.014676665307434975,-0.12421695167381586,0.9110305409913608,-0.006046527908680175,0.013102478998830118,0.5357129885224466,0
2014-07-15,NEOG,15.82520580291748,15.948987007141112,15.450113296508787,15.468867301940918,511072,-0.03509590039508026,0.0019436255321418905,0.019026437117899198,0.08412198712751273,-0.019542581193725875,-0.0126648841419283,0.016477091304417373,0.06330315631983628,0.020284771438085308,0.017895512345035686,0.01617320136531714,0.2472349938013101,1.1124327097513629,-0.02251714798621255,0.03225017713932611,0.03759269136142675,0
2014-07-16,NEOG,15.588896751403809,15.588896751403809,14.939985275268556,14.98499584197998,501741,-0.031280342026091645,-0.040355568291445376,-0.03781307389097999,0.024358934157119316,-0.04256341140118312,-0.03994042548542689,-0.01647014767835399,0.030441194169858386,0.023327932940786996,0.01853704712468767,0.017203457207362646,-0.01825770145889427,1.0734960569306513,-0.038739169233989935,0.04330408116079336,0.06936318491313365,0
2014-07-17,NEOG,14.853713035583496,15.007501602172852,14.718680381774902,14.797449111938477,478547,-0.012515634439890677,-0.06605113871487311,-0.04084609413181095,0.0030511242705759667,-0.04173145343293183,-0.04811313063099402,-0.028923090398966317,0.01731365861535409,0.01960386748546712,0.01866959891945777,0.01738526630067835,-0.046227037455579656,1.008455442448243,-0.0037878693031320786,0.019518311447675823,0.272724871306352,1
2014-07-18,NEOG,14.741185188293455,15.101275444030762,14.711177825927734,15.041259765625,403632,0.016476532667364818,-0.05558179288097642,-0.042502418042152046,0.02139575499071622,-0.01464519051587597,-0.028255737389381936,-0.013942538495846918,0.033116370849866995,0.02268583880962298,0.01844379836387605,0.017746049511971285,-0.15654679686634754,0.8357708049226228,0.020356204300984265,0.025935169273158143,0.8461521536644934,0
2014-07-21,NEOG,14.84246063232422,14.909976959228516,14.42985725402832,14.493622779846191,711289,-0.036408983975555476,-0.09592888959322088,-0.07315905070562334,-0.022761830594298926,-0.030996107079088484,-0.05666368979712116,-0.04879132717408281,-0.005349118407250209,0.022420212992375097,0.021078214939893557,0.019559335453531987,0.762221528521029,1.453753600589277,-0.02350269683170476,0.03312627301628244,0.1328117240913551,0
2014-07-22,NEOG,14.44486141204834,14.722431182861328,13.664666175842283,13.867217063903809,1175439,-0.04321940245425859,-0.10354024032749609,-0.10179785825005883,-0.05640628797236624,-0.05258568276592999,-0.08810613817874251,-0.08741959749056744,-0.048454907934432793,0.0240444391490143,0.023949986337021677,0.021678974784066572,0.6525476986147685,2.2093050684238773,-0.0399896081843141,0.07627810267514985,0.1914894959820488,1
2014-07-23,NEOG,14.29482364654541,16.18154525756836,13.972243309020996,16.125280380249023,1418845,0.1628346412938848,0.07609508539699239,0.032668656690165276,0.10117824230571038,0.0847842218523196,0.05683657473730002,0.0560317841885088,0.10395507450805648,0.08458301541458899,0.06000837554598651,0.04288120171424522,0.20707667518263384,2.437818108592864,0.1280503193997762,0.13700859125856918,0.9745327353934891,0
2014-07-24,NEOG,15.91147804260254,16.016504287719727,15.49887466430664,15.75393772125244,969891,-0.02302860168877563,0.06463874969789729,-0.005681852039627677,0.06598976484173757,0.04633780334163497,0.033108643432471975,0.028428671783037433,0.07623313822198187,0.08563771226945295,0.06049676858575403,0.04334358029222635,-0.31642216027825454,1.5728157701420071,-0.009901048848403107,0.03285715816400563,0.4927520478136354,0
2014-07-25,NEOG,15.596399307250977,15.776444435119627,15.371342658996582,15.70517635345459,633442,-0.0030951860201954284,0.044139692962878785,-0.013895463190190194,0.08219181142869281,0.03398037404712916,0.03140783656637915,0.02126934630947557,0.07021446265810442,0.08601869902655022,0.060488909835302515,0.04307150430250038,-0.3468936200047221,0.998278186743338,0.006974497386267955,0.02579415646191944,0.824073638118559,1
2014-07-28,NEOG,15.71267795562744,16.582895278930664,15.656414031982422,16.537883758544922,800600,0.05302120691609846,0.14104554877344655,0.031586316304322404,0.1069544884974889,0.06026354573269682,0.08249445641658464,0.06985995892479045,0.12257416537212945,0.0828266116886747,0.06277886932042155,0.04409202424553375,0.2638884065155136,1.2309651860258852,0.052518469814493825,0.0560217534767434,0.9514166956600507,0
2014-07-29,NEOG,16.41035270690918,16.98799705505371,16.399099349975586,16.455364227294922,725152,-0.004989727371095043,0.18663782008057184,0.06377305500773311,0.08401286614655334,0.02108747096847842,0.07018276391043304,0.06014841721482403,0.11268930664492187,0.07593618523070644,0.06136056665819503,0.0440893268616921,-0.09423932050961781,1.1260143456766774,0.0027428734281129243,0.035787582513749874,0.09554270093796963,1
2014-07-30,NEOG,16.60540008544922,16.875469207763672,16.51913070678711,16.811702728271484,573723,0.02165485346021656,0.04256808761373376,0.12190239527287972,0.07947981710195906,0.034387264036090416,0.08052074334534828,0.0788042172334176,0.1324015326735472,0.0294339771444646,0.05988203051812224,0.04399190293442336,-0.20882380521600985,0.8933721281405844,0.01242382849920262,0.02119586021333366,0.8210508285873336,0
2014-07-31,NEOG,16.549137115478516,16.762941360473633,16.346586227416992,16.37659454345703,548929,-0.025881268057562745,0.03952388496271708,0.10671740916780803,0.061512325695625814,-4.5781460828256794e-05,0.041979947966122894,0.047693358289093234,0.0991722530313613,0.03022019111773792,0.0606607233130065,0.04442212217886794,-0.043215977048157383,0.8494044077102163,-0.01042607664783345,0.025423791982624844,0.07207384671766916,0
2014-08-01,NEOG,16.41785430908203,16.680419921875,16.016504287719727,16.10652732849121,411897,-0.01649104850518024,0.025555330675948618,0.07082302808842855,0.02531046009945115,-0.02133281152949147,0.01789741019701291,0.029106952931743958,0.07756786923726924,0.032006491758254124,0.0612673054494706,0.04450952908013755,-0.24963519872333217,0.6289053028753044,-0.01896270820350747,0.04122028421240485,0.13559409681024354,1
2014-08-04,NEOG,16.192798614501953,16.29032325744629,15.667667388916016,16.2528133392334,566525,0.009082405397432769,-0.017237418249734127,0.12137686940724124,0.03933800215816352,-0.009011078266116098,0.015848467826225645,0.03641692532071985,0.08392746683195218,0.019123533713244732,0.05922200334044534,0.044506340760842845,0.37540453074433655,0.8786076087473198,0.003706260181467168,0.03831065154899776,0.9397581872930394,1
2014-08-05,NEOG,16.129032135009766,16.462865829467773,16.11027717590332,16.402851104736328,438290,0.009231495026202463,-0.0031912464429981746,0.1828509663581126,0.06243927135384442,0.0007781098103979198,0.00923150687003702,0.04277950368174436,0.09052371933770283,0.01985750840968599,0.05592143109591812,0.04437378132383693,-0.22635364723533824,0.6886291426709364,0.0169767762525694,0.02149557118534369,0.8297882699152863,0
2014-08-06,NEOG,16.26031494140625,16.575393676757812,16.10277557373047,16.36909294128418,249271,-0.0020580668102511135,-0.02632748116839989,0.01511989592030849,0.04828249929948525,0.004141752334807853,0.005645846231101587,0.03814546823155918,0.08522663966945503,0.01563111326774619,0.023400568720166263,0.04435605289940843,-0.43126468776380933,0.3964805040675791,0.006689784316595911,0.02887258962500986,0.5634937930811823,0
2014-08-07,NEOG,16.429107666015625,16.541635513305664,16.215303421020508,16.342836380004883,298325,-0.0016040327569449842,-0.0020613665046519403,0.03738104524546926,0.031486799637670204,0.0029464669646227376,0.00041332484674995093,0.03484316695425365,0.0803533352260424,0.010556955796067942,0.021806930307003626,0.04428469603288897,0.19678983917102277,0.48530789619901393,-0.0052511242706868595,0.019967898147987134,0.3908072849694901,1
2014-08-08,NEOG,16.342836380004883,16.67291831970215,16.26031494140625,16.586647033691406,408964,0.014918503007520734,0.029809014408146206,0.0561261243044191,0.04145076261994873,0.01194562184900841,0.009888785164009537,0.04809085091548884,0.09292050836632812,0.007453192372517712,0.02190984418055173,0.044369999496272086,0.370867342663203,0.668496448565622,0.014918503007520815,0.02487563504895253,0.7909098893783832,1
2014-08-11,NEOG,16.582895278930664,16.79669952392578,16.354089736938477,16.691673278808594,439090,0.006331975649078059,0.027002090679021817,0.009299226098636204,0.041179270699895465,0.012929063792588567,0.015332662017328373,0.052532012495206774,0.0962049364716596,0.00725988255053463,0.014385199131768361,0.04436889061892467,0.07366418560068855,0.7160245074793733,0.0065596506549816525,0.02651680149702145,0.7627114261705199,1
2014-08-12,NEOG,16.545385360717773,16.87171745300293,16.537883758544922,16.815454483032227,521470,0.00741574569284098,0.025154369545960176,0.021882849310622676,0.0870514404711682,0.015356047169720662,0.020626548866605747,0.05585457732870189,0.10009034372411935,0.007060740765714609,0.014344247529941564,0.0434621479325926,0.1876152952697625,0.849641329713854,0.0163229272952236,0.019852790466940128,0.8314640765604914,1
2014-08-13,NEOG,16.87921905517578,17.0930233001709,16.684171676635742,16.860464096069336,403632,0.0026766813280323376,0.030018227433108224,0.002900441947254473,0.12515640804085448,0.012068193336469878,0.02305565656535262,0.05248363408087873,0.09873180965797143,0.006134051745938947,0.012648299179375514,0.04262464499162849,-0.22597273093370662,0.6629441700234862,-0.00111112718219593,0.024249132242479106,0.4311892365970628,1
2014-08-14,NEOG,16.777944564819336,16.954238891601562,16.706676483154297,16.90172576904297,250604,0.0024472442003096173,0.034197820748048,0.0320659600011739,0.14220536534278572,0.007783157551303318,0.02230188122875966,0.048175133734157286,0.09711917056548051,0.005060822886203514,0.008661475193014216,0.04240001921868388,-0.379127522099338,0.41945567038608217,0.007377614328466801,0.014647167504084018,0.787879254819175,0
2014-08-15,NEOG,17.10052490234375,17.111778259277344,16.432857513427734,16.87921905517578,510272,-0.0013316222363760621,0.0176390093121348,0.047973825203011744,0.12219450486130268,0.0029419239301231837,0.016191258878768898,0.04084743380797277,0.09176127742503884,0.0034815065653472127,0.005628860352983413,0.04238781723022435,1.0361686166222408,0.8465275617656451,-0.012941465155706254,0.04022228419634306,0.6574575080769771,0
2014-08-18,NEOG,17.014253616333008,17.014253616333008,16.582895278930664,16.762941360473633,538265,-0.006888807729910518,0.004269678687967016,0.03138705961809163,0.15657359206167532,-0.004810008317662702,0.006101016601039085,0.026495043207900273,0.08072164961156128,0.005330211815801467,0.006455798930751238,0.04131259081161318,0.054858977172958845,0.9059697746945834,-0.014770689418789739,0.025732854880675657,0.4173933037372433,0
2014-08-19,NEOG,16.75918960571289,16.87921905517578,16.684171676635742,16.75918960571289,215946,-0.0002238124372128114,-0.0033460218025097577,0.0217241806745212,0.20854743446230817,-0.004367590270157312,0.003729142199510253,0.017257851045246953,0.07716637456108698,0.0038803256308172214,0.006145200007299717,0.03958683347037105,-0.598810994584452,0.39539205464219834,0.0,0.011638234492767545,0.38461388016937054,0
2014-08-20,NEOG,16.657913208007812,16.691673278808594,16.230308532714844,16.41785430908203,226343,-0.020367052623744053,-0.0262513406787237,0.0029788680394666756,0.018143804134492125,-0.01948925498245447,-0.01700093516243647,-0.004344775327465723,0.05250754154901895,0.00909769453323878,0.009406453764831122,0.017372864336489824,0.0481462958332175,0.4652175177539874,-0.01441110275507858,0.028101403350773563,0.40650218282841644,0
2014-08-21,NEOG,16.324081420898438,16.384096145629883,16.057764053344727,16.312828063964844,231942,-0.0063970749855594145,-0.03484246006148939,-0.0018361755170450689,0.03547623156834301,-0.018860263961144402,-0.023113735618571378,-0.012387748912649404,0.04315579692009084,0.008017052433481314,0.009635696404146118,0.01653808884280621,0.024736793273924862,0.5158461068677843,-0.0006893715268527736,0.020004630160114677,0.7816087251303392,0
2014-08-22,NEOG,16.33908462524414,16.402851104736328,16.065265655517578,16.275318145751953,342048,-0.0022994123438198066,-0.035777775467559336,-0.018769850670064314,0.03630279466247144,-0.013953311864756044,-0.02353950767518898,-0.01635632568339822,0.03781478370349223,0.007854768453204035,0.00805409455650361,0.016526461018984192,0.4747135059626977,0.7862008475067139,-0.003902695956030933,0.020742172054367104,0.622220213342976,0
2014-08-25,NEOG,16.177793502807617,16.320329666137695,15.765191078186035,15.866467475891112,500142,-0.025120901858840528,-0.0534795096698466,-0.04943817130455974,-0.040598681938787795,-0.028167016186327214,-0.04333267553290555,-0.03911676302929651,0.00907938463619053,0.01118128876959354,0.010320537125445948,0.01257134505525112,0.46219828795958473,1.1906966335469233,-0.01924403515612162,0.03498816537425145,0.18243444052189578,1
2014-08-26,NEOG,15.813953399658203,16.14778709411621,15.660164833068848,16.016504287719727,412697,0.009456220299609575,-0.0443151092305798,-0.04751285171142339,-0.026669718975119827,-0.009969849054274709,-0.029611601952995933,-0.028739749504244773,0.01636176969055942,0.013976621110812291,0.010609602125484313,0.012803072452304708,-0.17484034534192294,1.0204695009813467,0.012808365052214034,0.030444986764136543,0.7307694564343675,0
2014-08-27,NEOG,15.885220527648926,15.986496925354004,15.622655868530272,15.731432914733888,338049,-0.017798601234378597,-0.041809446071672585,-0.0669632327379801,-0.06425701375988258,-0.01926854317325857,-0.04031851813049283,-0.042891869696432224,-0.0031232568854338977,0.013490650842248804,0.010974785741660692,0.012104984478719442,-0.1808784653147466,0.8609750963394633,-0.009681175822983583,0.023128284549525216,0.2989685857698994,0
2014-08-28,NEOG,15.68642234802246,15.75393772125244,15.596399307250977,15.660164833068848,209014,-0.0045302981649111285,-0.04000920185861179,-0.07345764290225032,-0.04374717274016049,-0.015701637407765427,-0.0373752148914803,-0.04514685097640051,-0.008779730961675607,0.013586536122151967,0.010530662707216563,0.01088345812564382,-0.381705019094865,0.556422078307568,-0.001673900802302554,0.01005981837871824,0.40476176062861025,1
2014-08-29,NEOG,15.716428756713867,15.85521411895752,15.49887466430664,15.791447639465332,281530,0.008383232730683643,-0.029730325512126288,-0.06444441606893536,-0.019562236017724777,-0.001375799078694773,-0.02277107353374975,-0.03621630958906673,-0.0018161851553121294,0.015433062451290998,0.011565361141001701,0.010578676698776476,0.3469432669581942,0.7627039321393164,0.004773277944546892,0.022565344405811795,0.8210513075105246,1
2014-09-02,NEOG,15.89647388458252,15.971492767333984,15.558890342712402,15.7989501953125,387636,0.0004751024743556709,-0.004255344214533108,-0.057507280162310104,-0.027925204975147166,-4.74552522382621e-05,-0.01643935086137081,-0.034421078217633856,-0.0025622380927359805,0.011113226710943374,0.011775939339713194,0.010321708882593409,0.3768905622846588,1.0762390105961939,-0.006134925894767432,0.02611581272937995,0.5818188121901328,0
2014-09-03,NEOG,15.832708358764648,15.91147804260254,15.49887466430664,15.543886184692385,348713,-0.01614436449681267,-0.029508193207284927,-0.07251564363268692,-0.052366805902171354,-0.010269873138147033,-0.024941165153403014,-0.047509589013781744,-0.019714510473142766,0.011102362648013656,0.012005900115095948,0.010508655381281689,-0.10041121051708302,0.9803635194103756,-0.018242120522126468,0.02654441581682655,0.10909149743670728,0
2014-09-04,NEOG,15.622655868530272,15.723931312561035,15.423855781555176,15.453863143920898,159693,-0.00579154014008032,-0.017644277690242793,-0.05871602628535155,-0.05591206553999073,-0.012511404423647648,-0.024690502620763357,-0.05036305151103942,-0.0263868273094705,0.008988923138787039,0.011112921353769359,0.010531041965163796,-0.5420503393908458,0.4546824450573895,-0.010804355292071903,0.019417509279801043,0.09999936437715318,1
2014-09-05,NEOG,15.386346817016602,15.678919792175291,15.36384105682373,15.47636890411377,289261,0.001456319367091341,-0.011736525822957145,-0.051276158650799375,-0.05301818214072185,-0.008744966104006916,-0.018086638125488188,-0.04644150092925129,-0.025825319748622212,0.009216790806234358,0.01135478201897409,0.010571789414669958,0.8113567908424288,0.8246562411844607,0.005850777196677227,0.02035869894958434,0.35714199234829974,1
2014-09-08,NEOG,15.502626419067385,15.566391944885254,15.300074577331545,15.536383628845217,215413,0.003877829812876543,-0.01615203472433202,-0.04540215498642075,-0.06331981398729092,-0.0016390542445337984,-0.009635878234789617,-0.039636470653614544,-0.023306730870097516,0.008055321338001947,0.01169259726722798,0.009870184437987402,-0.25529884775341305,0.631546697626419,0.0021775155296468026,0.017141528808496852,0.8873212201078647,0
2014-09-09,NEOG,15.506377220153809,15.547636985778809,15.165040969848633,15.375094413757324,446555,-0.010381387261089503,-0.026828097836584908,-0.03096927926020221,-0.07887638603151736,-0.006591978754392555,-0.016837722459991072,-0.04572329106947656,-0.03397463758943862,0.008268858379990316,0.009546773039953207,0.009725478143531417,1.073017877286886,1.3077765046546277,-0.008466375126348317,0.02488414091219086,0.5490215139799741,1
2014-09-10,NEOG,15.375094413757324,15.656414031982422,15.375094413757324,15.615154266357422,257269,0.015613553070952024,0.00458495905195333,-0.025058528012884218,-0.07138077759872485,0.007990343785929251,0.0010821487856878802,-0.027200043423360378,-0.01942768976148361,0.009971169857918166,0.01058831593878759,0.010384746609655427,-0.4238805970149254,0.7837564645612872,0.015613553070952003,0.018015807812491222,0.853334915334678,1
2014-09-11,NEOG,15.480119705200195,15.828956604003906,15.457613945007324,15.68267059326172,292460,0.004323769445541803,0.01480584156918896,-0.0030996745011382387,-0.06985534301408658,0.009366993205480819,0.005725000465266021,-0.019396304942191637,-0.015322444757632794,0.009261030321197005,0.009260917736192982,0.01044387608273349,0.13678678737041783,0.9063114555462382,0.01308458150963024,0.02367853464677978,0.606061929061772,0
2014-09-12,NEOG,15.731432914733888,15.810202598571776,15.307577133178713,15.618905067443848,454820,-0.004065986429968804,0.009209922832234207,-0.002634695487870875,-0.07589879986981696,0.003421861745262269,0.0019008368677771515,-0.019450834693994074,-0.019561654695211466,0.009801402674687253,0.009238331025429678,0.010347736182638265,0.5551528414142104,1.3662221533333694,-0.007153057696648122,0.03218058264793086,0.6194034240220408,0
2014-09-15,NEOG,15.566391944885254,15.581395149230955,15.232558250427246,15.262565612792969,407365,-0.02281462452791494,-0.017624308371471442,-0.03349167465499514,-0.09577773930761846,-0.016008918262280708,-0.017624344552340142,-0.03693447944514624,-0.041392798361660744,0.014553879925484094,0.011090326199085726,0.011152187451011255,-0.10433797986016446,1.2428832792970304,-0.019518095983193796,0.022855718209742974,0.08602118201551788,0
2014-09-16,NEOG,15.232558250427246,15.277568817138672,14.98499584197998,15.15003776550293,343647,-0.0073728002319426444,-0.014637740894327012,-0.0410731359860923,-0.0962184118101056,-0.02042102796371584,-0.020777257465529126,-0.039145470306062705,-0.04787721607351928,0.014255573155749735,0.011067605208425238,0.011157112850192144,-0.15641500865317348,1.080558688149738,-0.005417375306738239,0.019311699395554542,0.5641051550760304,1
2014-09-17,NEOG,15.142536163330078,15.408851623535156,15.05626392364502,15.19129753112793,289794,0.002723410084095601,-0.027143935179858247,-0.022683429959213464,-0.093554170068611,-0.012339679263600604,-0.015867637152516965,-0.03171436456681826,-0.04498702648386785,0.010833670404500704,0.01037865892007894,0.011242459420296695,-0.1567102288103781,0.9007658999896028,0.003220158583205799,0.023209847556975447,0.38297878095289617,1
2014-09-18,NEOG,15.307577133178713,15.607651710510254,15.296323776245115,15.472618103027344,326318,0.018518534794211616,-0.013393923502074245,0.001213609757753309,-0.05757367487003473,0.008705427256601157,0.0022352810884130707,-0.010803233542649919,-0.027127234077158894,0.015065614520772609,0.012150936623261258,0.011765904307999443,0.1260343554386909,0.9987747854956396,0.010781652015387184,0.02012121880034153,0.5662656876529734,0
2014-09-19,NEOG,15.472618103027344,15.603900909423828,15.026256561279297,15.318829536437988,834991,-0.009939401694356143,-0.01921232824644914,-0.010179349474792265,-0.06093355018696023,0.0026022413285221977,-0.00671273038662062,-0.01751348524151975,-0.03616051259236892,0.015432776197391496,0.012546684303558535,0.011847782673373377,1.5588260531138336,2.339757461209696,-0.00993940169435614,0.03770812559605308,0.5064932706404448,0
2014-09-22,NEOG,15.247562408447266,15.55513858795166,14.87246799468994,14.951237678527832,556394,-0.02399607992476105,-0.02039813896060727,-0.03766294424083283,-0.08135512039558634,-0.017452182616774597,-0.02685548338920389,-0.037000362797735074,-0.05813300335963985,0.015801766187417684,0.014324790526918646,0.012733567050319541,-0.3336526980530329,1.5136346244117567,-0.019434236239313073,0.04565980475597251,0.11538461538461768,1
2014-09-23,NEOG,14.98499584197998,15.330082893371582,14.853713035583496,15.060014724731444,486812,0.007275454282947402,-0.005942100090104763,-0.02049286206294476,-0.05082749215507876,-0.009131299475605998,-0.017761051865239755,-0.02746828712483569,-0.05011783575418413,0.016370841172089815,0.014502186341620808,0.011963610771733095,-0.12505886116672715,1.3267468209485107,0.0050062665043456404,0.03163143373331468,0.43307040900081706,1
2014-09-24,NEOG,15.093772888183594,15.603900909423828,15.045010566711426,15.532632827758787,372440,0.031382313474847656,0.022469133787383244,-0.005284702103547256,-0.03021080326073,0.017394713802629826,0.013609421958732902,0.0046215786752880125,-0.02038713383243471,0.02206407924235526,0.017228073151167866,0.013958695074167226,-0.23494079850126948,1.0206388611726713,0.02907556267252187,0.03598168764496862,0.8724828893640153,0
2014-09-25,NEOG,15.532632827758787,15.55513858795166,15.108777046203612,15.345086097717283,630509,-0.012074368339302644,-0.008242432176692072,-0.021525957172720656,-0.02455890821329798,0.006792344320876937,0.00358158588415139,-0.006267012972190935,-0.03265471231999607,0.021490492898665878,0.017507011187635167,0.013661141576143693,0.6929142949199871,1.661281521411782,-0.012074368339302664,0.02908823964268593,0.5294117647058803,0
2014-09-26,NEOG,15.35633945465088,15.465115547180176,15.210053443908691,15.337583541870115,301525,-0.0004889223689845679,0.0012242453241950724,-0.018011603525276643,-0.02059884392261002,0.006052521191968797,0.004939867622632626,-0.0057143372221803235,-0.03378565639568642,0.02096868169192974,0.017497474645495403,0.013638443797869805,-0.521775264112011,0.7848999335558551,-0.00122137914677868,0.016629875402157684,0.49999626101131467,0
2014-09-29,NEOG,15.146286964416504,15.360090255737305,15.052513122558594,15.243810653686523,292194,-0.006113928437788241,0.019568478640324738,-0.0012288208668355116,-0.03467934025314923,-0.003921562957910145,-0.0010815106056988946,-0.010036067152618908,-0.03993802957211569,0.016891913052629094,0.01598786160872979,0.013500733801214658,-0.030946024376088177,0.7595561574247554,0.006438785261307541,0.02017718142571702,0.6219497826477902,0
2014-09-30,NEOG,15.2138032913208,15.2138032913208,14.812453269958496,14.816204071044922,616912,-0.0280511607206424,-0.016189270604505923,-0.022035172428293004,-0.06220325478076105,-0.028768111594047106,-0.026973747545884087,-0.034725439894836244,-0.06724788388704583,0.021840480780460726,0.018226661339041963,0.014713781757087463,1.1113096093691177,1.557252004743102,-0.026134110758662305,0.027088586215321966,0.009345461285125676,1
2014-10-01,NEOG,14.898724555969238,14.981245040893556,14.53863525390625,14.857463836669922,372973,0.002784773038165156,-0.04346777513997835,-0.021975324607655278,-0.04416027883029994,-0.017365429154304043,-0.022120196553640913,-0.029868136852895032,-0.06581513853092658,0.012163716529575121,0.018228467065012775,0.014436962006987738,-0.3954194439401406,0.9386103157721226,-0.00276941285438995,0.02979039975146329,0.720337850940507,1
2014-10-02,NEOG,14.909976959228516,15.641409873962402,14.83120822906494,15.47636890411377,346313,0.041656171890946725,0.008555364600790094,0.00024241541162917102,0.001456319367091341,0.021792979364441835,0.018589386913237565,0.010469596800678941,-0.026105851153454197,0.025240451601551323,0.02217371144669843,0.01740218396919656,-0.07147970496523881,0.8515232116194255,0.037987446019135944,0.052350887337798156,0.7962964270832602,1
2014-10-03,NEOG,15.68267059326172,15.885220527648926,15.495123863220217,15.502626419067385,296193,0.0016966198671211075,0.010760683177158725,0.011998102217418705,0.0016966198671211075,0.02130083425499972,0.019084785908108953,0.012097223490490343,-0.02414487031446243,0.02520639720682991,0.02188338291650107,0.017403168561821,-0.14472456996994054,0.7276667423749497,-0.011480453735455901,0.025163262913238466,0.01923255575167594,0
2014-10-06,NEOG,15.49887466430664,15.532632827758787,15.09752368927002,15.142536163330078,243406,-0.023227693553552697,-0.006643646569563844,0.012794826014770555,-0.02535000904482765,-0.0010887045384825713,-0.005836388623433854,-0.010138868388131043,-0.046136075729191345,0.027690146851134616,0.021785404165175045,0.01814362464393952,-0.1782182563396164,0.5959340865160383,-0.02299124992585413,0.028734231425674238,0.10345099672325218,0
2014-10-07,NEOG,14.973743438720703,15.15753936767578,14.84621238708496,14.917478561401367,350046,-0.014862609506175128,0.006835387112031244,-0.009464543424117955,-0.029763449904183448,-0.01724824633574452,-0.019694881958356385,-0.023390064895623477,-0.05839072263668429,0.02496668460827055,0.022251323417056906,0.01829098877855531,0.43811574077878124,0.8672682818117727,-0.003757569211039119,0.020869946573703932,0.2289110124061935,1
2014-10-08,NEOG,14.823705673217772,15.502626419067385,14.651163101196287,15.408851623535156,384171,0.0329394180196918,0.037111837721882646,-0.007969106435221862,-0.013211694185227607,0.00780134896108906,0.013420145154329582,0.009460592641921128,-0.026087984181983354,0.028686522135097887,0.022505008695992743,0.019506672338050198,0.0974871873982277,0.9370843767680661,0.03947366220138715,0.05525806456404513,0.8898663118374938,0
2014-10-09,NEOG,15.416354179382324,15.416354179382324,14.752437591552734,14.782445907592772,442823,-0.040652329663920295,-0.044837584372684924,-0.03666582165402188,-0.05740251192011536,-0.024311727801586573,-0.02416676022286371,-0.028712233736036267,-0.06327692086367155,0.027891935452224754,0.025713405668995437,0.021421595965897308,0.15267159676289976,1.0606988607660732,-0.04111920784989068,0.04491249905325745,0.04519892497058628,0
2014-10-10,NEOG,14.696173667907717,15.101275444030762,14.55738925933838,14.71492862701416,447888,-0.004567395747677505,-0.05081060271725302,-0.040596676337975146,-0.057877068624608174,-0.018562992240426575,-0.02461462067044483,-0.030268570781431643,-0.06558752262598402,0.027438392355387642,0.025693876008587652,0.021423530007176995,0.011437978605447263,1.0737225320201556,0.001276179741084515,0.03696152380201807,0.28965502730113074,1
2014-10-13,NEOG,14.692422866821287,15.273818016052246,14.531132698059082,15.007501602172852,339115,0.019882731515365792,-0.008917565703705055,-0.015501967118472626,-0.01671173884463595,0.0027568938052529813,-0.0036606443046493763,-0.010155745343617706,-0.045676820859120386,0.029000674069678614,0.02673238212879222,0.02144720760206439,-0.24285758939734936,0.8196663856414144,0.021444981417127678,0.04948760544430892,0.6414141932965399,1
2014-10-14,NEOG,15.176294326782228,15.708927154541016,14.98499584197998,15.513877868652344,673165,0.0337415433896191,0.03997990040985511,0.04708856561788832,0.024015788526804194,0.02839522342562468,0.025208804740372143,0.022016826517027705,-0.012548502320532336,0.031426216378118106,0.026986903667951555,0.022700134745920243,0.9850640638131607,1.5647754725660747,0.022244135136096292,0.04666346600702752,0.7305693475273911,1
2014-10-15,NEOG,15.330082893371582,15.791447639465332,15.067517280578612,15.64891242980957,458819,0.008704113974629113,0.015579409299246505,0.053269427530845626,0.030123489961536132,0.03405544052308685,0.028751806247806225,0.02936099255897805,-0.0029967307785019816,0.028392376180925175,0.0269993143960419,0.022757371760780982,-0.3184152473762005,1.045978875885999,0.020797639429323878,0.046260745731294885,0.8031092246566974,0
2014-10-16,NEOG,15.42010498046875,15.720179557800291,15.270068168640137,15.600150108337402,372440,-0.0031160198314663656,0.055315893314017206,0.007998077907714451,0.00824243217669185,0.019812676504017548,0.02471235444702095,0.025723251064436105,-0.005128639942471034,0.01614723215456178,0.02387457945890268,0.02242919217478223,-0.18826378157835666,0.8446185558687258,0.011675998840260764,0.028853016543705902,0.7333338983338165,0
2014-10-17,NEOG,15.832708358764648,15.866467475891112,15.195049285888672,15.311327934265137,440956,-0.018514063779290546,0.040530220864006594,-0.012339746803610052,-0.00048969812967814,-0.006812638997500036,0.007006132541640534,0.0067577738723364365,-0.02226138827579891,0.02019149629034085,0.024656760017430987,0.022722272040299064,0.1839652024487166,1.0467681428836284,-0.0329305898072004,0.043851075026606706,0.17318364338035336,1
2014-10-20,NEOG,15.183795928955078,15.667667388916016,15.183795928955078,15.558890342712402,418295,0.016168578552435475,0.036740875007450935,0.027495670136855166,0.040642298467186366,0.00207763064803468,0.02049356530962682,0.020995938271204672,-0.005146907123875923,0.019714150474084393,0.023838585536415154,0.022239149550016518,-0.05139061493663766,1.0095215455059403,0.024703599515719883,0.031099355371932234,0.7751943331966825,1
2014-10-21,NEOG,15.663915634155272,16.020254135131836,15.386346817016602,15.907727241516112,367375,0.022420422737094547,0.025386906884163896,0.06638177330296213,0.05628895670284839,0.01937314000099334,0.03664053230144475,0.04099168093083838,0.01817887258096396,0.016283594402685928,0.02365407943441223,0.022673656675093388,-0.1217322702877156,0.8995956931068013,0.01556517623404502,0.039849018561297564,0.8224868361666889,1
2014-10-22,NEOG,16.005250930786133,16.207801818847656,15.757689476013184,16.005250930786133,490011,0.00613058595922511,0.022770815708430536,0.03870498086567653,0.030427430318362925,0.02095991264044626,0.038957850379605384,0.04575642097554444,0.025484483269423465,0.016182841792186334,0.021796081756933025,0.021690920896284136,0.33381694453895894,1.1828687278134111,0.0,0.028122792000010485,0.5499992584384409,0
2014-10-23,NEOG,16.114028930664062,16.33158302307129,15.903976440429688,15.978995323181152,303391,-0.001640437111453119,0.024284715993936334,0.08094394006703531,0.04131024234254177,0.014382342821507119,0.029259015426042475,0.04188325748166637,0.02495997887359813,0.01601917031485078,0.015491458776317293,0.02146592233681072,-0.38084859319484665,0.7624794688019406,-0.008379878679871862,0.026760542449202757,0.17543902689248803,0
2014-10-24,NEOG,16.024005889892578,16.245311737060547,15.847711563110352,15.900224685668944,431359,-0.004929636433270268,0.03846150731876885,0.08055058156916761,0.03668381934239329,0.0018907731106278017,0.01642486377072596,0.03484892530699315,0.0212193715266991,0.01159307597695565,0.015524294101129373,0.02151858612689978,0.4217923405770112,1.066684636018618,-0.007724735317384759,0.025005946885049805,0.13207520016117985,1
2014-10-27,NEOG,15.780195236206056,16.050262451171875,15.656414031982422,15.99399757385254,167958,0.005897582583730188,0.02796518399166792,0.06573352432871715,0.04921255827751936,0.0023035578086989107,0.016012143543149344,0.03841699141186895,0.028411501302438313,0.01056634893544767,0.014942382277175122,0.021447049589683412,-0.6106305884425733,0.4218137781500824,0.013548776453407662,0.024624764219880097,0.8571407816359191,1
2014-10-28,NEOG,16.065265655517578,16.597898483276367,15.91147804260254,16.515378952026367,497209,0.032598565540999935,0.0381985246091221,0.06455517388065024,0.11468355003979158,0.02715440750056292,0.04250030070798533,0.06638573122253456,0.06227443146726314,0.014767891749226632,0.014713351824667811,0.021167560168200466,1.9603174603174605,1.2677586906319378,0.02801779355290018,0.041562500180451836,0.8797828177013574,0
2014-10-29,NEOG,16.552888870239258,16.744186401367188,16.26031494140625,16.425355911254883,303657,-0.005450861347655489,0.026247947144688366,0.04961645002027537,0.10552891743981396,0.016245055099464733,0.03176096667841951,0.055231553657490724,0.0569380184103766,0.015921407061213155,0.015138797060917294,0.021305998822036654,-0.38927694390085454,0.7811524466241949,-0.007704574106920324,0.02945881127783551,0.34108432405159095,1
2014-10-30,NEOG,16.3090763092041,16.676668167114258,16.3090763092041,16.51913070678711,332983,0.005709148467703651,0.03380283758030567,0.058908445884668925,0.06737767813199147,0.015261257761827197,0.03169588675451152,0.05771315085321385,0.06283370624669754,0.015453414944252106,0.014870782806615416,0.019513436484543702,0.09657607102750809,0.8580642833766682,0.012879601125200613,0.022252494058850575,0.5714337601959278,0
2014-10-31,NEOG,16.856714248657227,16.856714248657227,16.29032325744629,16.466617584228516,475881,-0.0031789277226929036,0.03562169150163452,0.07545326276880027,0.06218244180711685,0.005036679342280574,0.021049008241287435,0.051106833484369535,0.05924541531971985,0.015138828023461932,0.012714806106390959,0.019566828377761043,0.42914503142803095,1.1985495938268327,-0.02314191595552409,0.03439631656676223,0.31125905870309006,0
2014-11-03,NEOG,16.395349502563477,16.51913070678711,16.114028930664062,16.264066696166992,410031,-0.01230069788318422,0.01688565482565596,0.04532304926134301,0.07406490701028456,-0.010587791068585994,0.004098868351252694,0.0344745739236046,0.0462311020986974,0.017507083472431077,0.013677274406596367,0.018932255636623603,-0.13837492986692046,1.0114765540809807,-0.008007319781500101,0.02490777882868118,0.3703705447525778,1
2014-11-04,NEOG,16.234058380126953,16.500375747680664,16.10277557373047,16.425355911254883,293793,0.009916905660864117,-0.005450861347655489,0.03253944840013734,0.1010812479902008,0.0003197634363892911,0.010826127644036848,0.03974733499016523,0.055847279851596245,0.00889433291350126,0.012368497530895983,0.018454961269781554,-0.283485882774717,0.7298008276903662,0.011783715855186774,0.02420648758531644,0.8113184013969308,1
2014-11-05,NEOG,16.515378952026367,16.71417808532715,16.342836380004883,16.45911407470703,274865,0.002055246999489224,0.002055246999489224,0.02835714015878943,0.06815968359171731,0.0019636793629281674,0.010082363295014203,0.03843236558546955,0.05741560261036389,0.008596608476606225,0.012331044759432844,0.017245520541302253,-0.06442631376513397,0.6921795907184248,-0.0034068172145957617,0.022561463735943844,0.31312856335713185,0
2014-11-06,NEOG,16.53038215637207,16.549137115478516,16.196548461914062,16.444110870361328,231409,-0.0009115438581690505,-0.004541391296998376,0.029107934370906197,0.11240798533313545,0.0019655210757636033,0.006289300835266399,0.032075794486594325,0.05548519327671168,0.008076310703193071,0.012303559807072185,0.013853156991736304,-0.15809943062958176,0.5986831552531499,-0.005218952907116346,0.02144163684763004,0.7021281199623495,0
2014-11-07,NEOG,16.41785430908203,16.504125595092773,15.91147804260254,16.132783889770508,227943,-0.018932430159659952,-0.020273361711985682,0.014626158353043373,0.09635488548367133,-0.012988759737024588,-0.014165176764642934,0.008050853084587284,0.03487442227772675,0.011529938681337868,0.01398125192483506,0.01474265979999621,-0.014977809851820845,0.6069856756834124,-0.017363439457117616,0.03673560351019263,0.37341898441673615,1
2014-11-10,NEOG,16.159040451049805,16.616653442382812,16.091522216796875,16.612903594970703,276464,0.029760499395558693,0.02144831949600423,0.03869614324126003,0.10697330144315398,0.012065287376964662,0.011348855943121487,0.0328704368096341,0.06455088925310414,0.01768969587848608,0.016598957687935977,0.015427182740349052,0.21286461966368786,0.7423841340579301,0.028087258355208356,0.03160984006100612,0.9928592183640854,0
2014-11-11,NEOG,16.56789207458496,16.680419921875,16.462865829467773,16.575393676757812,223411,-0.0022578785218645425,0.009134521426115372,0.0036338690686890107,0.06842362799892787,0.007937583278304454,0.00869682217809781,0.027148883503714725,0.06109138521532329,0.01757416610475929,0.013226223541984968,0.01395222407457739,-0.19189840268534064,0.6384767620476548,0.0004527795170973483,0.013125123701422738,0.5172407746732012,1
2014-11-12,NEOG,16.507877349853516,16.79669952392578,16.41785430908203,16.72918128967285,279397,0.009278066989786282,0.01640836886724273,0.018497339117612865,0.06903156143972544,0.013958929324098208,0.016176737571922967,0.03322052557160887,0.06931351642254624,0.017879913559197203,0.013317007005150283,0.013964279125695419,0.25059643437431456,0.819486867831246,0.013405959780849698,0.02264577137899846,0.8217788384082487,0
2014-11-13,NEOG,16.740434646606445,16.83045768737793,16.414104461669922,16.52288055419922,273798,-0.012331789099624735,0.004790145509166122,0.0002270002870410348,0.05914881840583508,0.0004996753680832973,0.0036226002318305167,0.017579511650995902,0.05468562191816144,0.019243775069716664,0.013952578738404373,0.01433885567382951,-0.02003958524966265,0.8148524460483684,-0.012995725439621622,0.02519858594524509,0.2612591564393991,0
2014-11-14,NEOG,16.51913070678711,16.51913070678711,15.915228843688965,15.960240364074709,247405,-0.03405218528808629,-0.010695210874621885,-0.030751744707960382,0.042381198586791013,-0.03154585859466843,-0.027561912365629354,-0.019031464550277807,0.01814233670293428,0.023822508209874093,0.017679166652183238,0.01590033781491557,-0.09639588309629732,0.7581395313205044,-0.033832914856880024,0.0378378927461194,0.07453449498371362,0
2014-11-17,NEOG,15.892723083496094,16.00149917602539,15.817704200744627,15.851463317871094,304191,-0.006815501754501407,-0.04583426808845892,-0.025369016618281504,0.018804231453159348,-0.029175246738027107,-0.03175545490026101,-0.026592471943333165,0.010796851642945887,0.015990236317226132,0.017441256283237793,0.0156662931397661,0.2295264849134011,0.9487392731512722,-0.00259614198323549,0.01159482702606713,0.1836781287132388,1
2014-11-18,NEOG,15.945236206054688,16.09902572631836,15.611403465270996,15.945236206054688,209814,0.005915724391064359,-0.038017647302503454,-0.02923039889024326,0.002357908453489488,-0.015835532770111918,-0.023162832561325297,-0.020946816519491145,0.016037663711044384,0.01725012548330783,0.017170350388600205,0.014897058316497517,-0.31025572748700647,0.6708713231238519,0.0,0.030581062252449075,0.6846134138065241,0
2014-11-19,NEOG,15.888972282409668,15.888972282409668,15.49887466430664,15.600150108337402,303657,-0.02164195583294337,-0.0674887289333409,-0.05218774002481774,-0.025310494924482452,-0.02352554709144747,-0.03924784320432576,-0.040942682403371934,-0.005932370532312673,0.015093830060740372,0.018034829267975585,0.015595439303267367,0.4472675798564443,1.0007454747507505,-0.018177523941684655,0.025006016954576746,0.25961564319014685,1
2014-11-20,NEOG,15.495123863220217,15.89647388458252,15.37884521484375,15.873968124389648,317787,0.017552268032722695,-0.03927356538594917,-0.0346715459696455,-0.006572828683361509,0.001751617415095457,-0.018939680557576336,-0.023793892756525555,0.011269227584505126,0.020691812713602806,0.019414881367465612,0.01614547701458116,0.046532765587488534,1.044834368237314,0.024449256715441313,0.03260864994074519,0.9565214187146376,1
2014-11-21,NEOG,16.06151580810547,16.192798614501953,15.772692680358888,15.930233001708984,321253,0.0035444746315753672,-0.001880132233676668,-0.012555234697587236,0.0018872888046095326,0.005683185334957028,-0.01422832141602756,-0.02042414192154764,0.014451243316306142,0.014748295880292852,0.01869864015993963,0.016126170973146548,0.01090667648456356,1.0757008397587373,-0.00817374947451923,0.026371612649858666,0.3750014188003506,1
2014-11-24,NEOG,15.930233001708984,16.395349502563477,15.930233001708984,16.384096145629883,330851,0.02849067831413432,0.03360149262423584,-0.013772875285334774,0.024390310801039927,0.0274262650823957,0.015294510680674604,0.00627771961701069,0.041865445702701815,0.01875112116838623,0.01846864192030135,0.01729403707065503,0.0298767637967583,1.0784284165762275,0.028490678314134408,0.028388291714129887,0.9758052941297082,1
2014-11-25,NEOG,16.44786262512207,16.67291831970215,16.26031494140625,16.51913070678711,296992,0.00824180717428491,0.03599159606770219,-0.0033943670399573245,0.00022716734333738664,0.02849140145414361,0.024019398709665334,0.014559577545548045,0.04862641713180549,0.018753413465887034,0.01870082847628156,0.01576776374081318,-0.1023391194223382,1.0007173685748088,0.004332969169877787,0.024977305744446635,0.6272749545818059,1
2014-11-26,NEOG,16.44786262512207,16.83795928955078,16.44786262512207,16.747936248779297,325785,0.013850943252006642,0.07357532667768796,0.0011210924660145505,0.019639168811153684,0.028043788623022443,0.03808234394791206,0.027594249960839444,0.06105392821185642,0.009546344644054405,0.019011186556235578,0.015997257428561725,0.09694873935998283,1.093658469445475,0.018243928131969032,0.023292222912368907,0.7692288886824464,0
2014-11-28,NEOG,16.725431442260742,17.21305274963379,16.597898483276367,16.620405197143555,205015,-0.007614732331276741,0.04702271460448748,0.0059023995618943115,0.0061307396953300675,0.01095139852693732,0.029555274977958644,0.019452658749622827,0.0514451224298995,0.013316786381350594,0.018719907406187376,0.016072231558898975,-0.37070460579830256,0.7033415887015241,-0.006279434134764019,0.03701198972352038,0.036587105215832916,0
2014-12-01,NEOG,16.59039878845215,16.75168800354004,16.425355911254883,16.620405197143555,370841,0.0,0.043324676755231994,0.04136308840027425,0.009339356557495737,0.002534051022995812,0.025362150755804714,0.018972063921143055,0.04971643523669648,0.013786017731062064,0.014249848435008951,0.01605038291631549,0.8088481330634343,1.29558184862723,0.001808661086091095,0.019634424577160182,0.5977018212423725,1
2014-12-02,NEOG,16.68792152404785,17.0105037689209,16.582895278930664,16.72918128967285,510272,0.006544731686083827,0.02106220208766363,0.0553714161399983,0.028597681145483334,0.004911848346401686,0.026514395234812544,0.024180712612272347,0.054218943004914325,0.008249279879428327,0.013723877035371222,0.01580524638859308,0.37598593467281116,1.752024011222084,0.0024724328650241613,0.02556063459329016,0.3421026807618538,0
2014-12-03,NEOG,16.71042823791504,16.822956085205078,16.29032325744629,16.33908462524414,374040,-0.023318335647992683,-0.010899246742384183,0.024700068039123835,-0.005252323692519045,-0.016393431329018104,0.00016071786120454838,0.0005627532279295576,0.027979150824568894,0.014267127752825676,0.016463040218289097,0.01660399257690125,-0.26697917973159413,1.2668178331264532,-0.022222267878709432,0.03259869447862845,0.09154780790179515,0
2014-12-04,NEOG,16.14778709411621,16.511627197265625,16.024005889892578,16.159040451049805,366575,-0.01101923261454718,-0.03516229038502672,0.0358259592908472,-0.01823145658358094,-0.020285591216642924,-0.01423271677123549,-0.00955267121368042,0.015850902512541565,0.011349523546548926,0.015005761618309018,0.016769893143331334,-0.01995775852849968,1.2225483166302589,0.0006968977772622572,0.030176377666123584,0.2769250627801638,1
2014-12-05,NEOG,16.136533737182617,16.56414031982422,16.03900909423828,16.41035270690918,421495,0.015552424453708635,-0.012638229197352913,0.03379020156248136,-0.0020529029339612093,-0.002507969732869289,-0.0021667201279861868,0.005955260294802879,0.030269927480417437,0.015165043243016376,0.014811630932070897,0.017162882690988663,0.14981927300006825,1.3625212664130806,0.016968884035833232,0.03199999628069199,0.707144413773064,0
2014-12-08,NEOG,16.312828063964844,16.860464096069336,16.177793502807617,16.38034439086914,383904,-0.0018286210282003612,-0.014443739693883795,0.02825516670797401,0.015345181760948678,-0.0014177559131979436,-0.006709921806675582,0.003354430681439284,0.027041222362096676,0.015113206146789716,0.014904076247057915,0.016584278525871337,-0.08918492508807929,1.2104909594861821,0.004138848680287444,0.041676205150012496,0.2967036958392472,1
2014-12-09,NEOG,16.204050064086914,17.05926513671875,16.14778709411621,17.02925682067871,420961,0.03961531054080236,0.01793725142969782,0.039377251531871105,0.025062038272108733,0.03435703484799404,0.02861542468694079,0.041774203520087864,0.06534254596666529,0.024533401249504847,0.017256760698299914,0.017602280094703583,0.09652673585062943,1.2977715106288392,0.050925956987796846,0.053524240793393095,0.967077302318379,0
2014-12-10,NEOG,16.890472412109375,17.17929458618164,16.83045768737793,16.894224166870117,447355,-0.007929450781705483,0.033976171515035736,0.022706610095947433,0.01923516848709128,0.019281286840238155,0.018152271315936143,0.032506573233319166,0.054154164063243,0.020990199645617776,0.017570203930257402,0.01770942156895231,0.06269939495582721,1.333122149993414,0.00022212254750509063,0.02064829348528395,0.18279740391818078,1
2014-12-11,NEOG,16.94673728942871,17.588146209716797,16.920480728149414,17.0517635345459,439090,0.009325043051383153,0.05524604546912282,0.018141177590686564,0.019282607994222767,0.01782199333030922,0.025768347395675094,0.04110847293497151,0.061078573388006874,0.01847464204496956,0.017298231478333977,0.01771056615093422,-0.0184752601401571,1.2780812800780548,0.006197431595443587,0.03915521583528476,0.1966296147110833,0
2014-12-12,NEOG,16.79294776916504,17.32183074951172,16.684171676635742,17.02925682067871,457486,-0.0013199053471266708,0.037714248122708405,0.02459937761357489,0.030646972531118255,0.009023401810254213,0.02190107099692859,0.0381295059098136,0.05763403656500961,0.018957713087162098,0.017024566009670034,0.01743998575626001,0.04189573891457332,1.296955293646043,0.014071922021193863,0.03744491492439435,0.5411749925968468,1
2014-12-15,NEOG,17.033008575439453,17.385595321655273,16.87921905517578,17.295574188232422,552395,0.01563881327048411,0.055873660255486124,0.04062289595712776,0.08366627279395167,0.013807671362824743,0.03369428409317388,0.0500905414338748,0.07178721344210506,0.01839322216415542,0.01747537454602819,0.01551913169041891,0.20745771455301365,1.5011225231695766,0.01541510483189518,0.029277794479007288,0.8222248170343557,0
2014-12-16,NEOG,17.314329147338867,17.62940788269043,17.070518493652344,17.21305274963379,556661,-0.004771245967351456,0.010792950678381485,0.02892379797806588,0.08589676577225691,0.0068011927662907125,0.025795749274047975,0.04077834298537848,0.06394321352408715,0.009936813796629414,0.017666684865861162,0.015449760735595796,0.007722734637351847,1.4625440196294672,-0.005849282224176952,0.032468929083481514,0.25503124370774594,1
2014-12-17,NEOG,17.17929458618164,17.98199462890625,16.965490341186523,17.895723342895508,733683,0.03966005351817925,0.05928056631267786,0.09527086451626166,0.12232412939108328,0.034609854319635945,0.05667645381022196,0.07571244977446624,0.102081700416408,0.017633341484018152,0.018452274933913472,0.017365950050357307,0.3180068300096468,1.8035254737590427,0.04170303693902162,0.056801520019210204,0.9151294420958418,1
2014-12-18,NEOG,17.51312828063965,19.062265396118164,17.254314422607422,18.417104721069336,1586003,0.029134412070625393,0.08007038003766209,0.13973999736307552,0.18057227611075555,0.04820463824348696,0.07315370342264291,0.09775867810026415,0.13000334097532423,0.01912665313660404,0.017901880936792965,0.016826365534807434,1.1617006254744897,3.3678662844945513,0.05161707411399551,0.09816694865411879,0.6431536670510304,0
2014-12-19,NEOG,18.372093200683594,18.653413772583008,17.854463577270508,18.109527587890625,1328734,-0.016700623569069428,0.06343616627474513,0.10354286171229266,0.14083179744238872,0.01817876405560247,0.04488596125812277,0.07228127513545334,0.10661356399249729,0.02331927365489423,0.020209265703131085,0.017579356072905422,-0.16221217740445637,2.548056736965754,-0.01429154587476179,0.044117671840691056,0.3192489495798319,1
2014-12-22,NEOG,18.079519271850582,18.47336769104004,18.038259506225582,18.43585968017578,430292,0.018019911933172983,0.06592932270032348,0.12548669553324188,0.15728750974314032,0.023404026212915936,0.05124698827042331,0.08356577723345195,0.12145485310002456,0.02342113353124401,0.01988149860352783,0.01773750159529944,-0.6761639274678002,0.816614998628828,0.019709617438778537,0.023601187704977586,0.9137961266339948,0
2014-12-23,NEOG,18.383346557617188,18.43585968017578,18.01950454711914,18.12078094482422,368974,-0.017090536639870924,0.0527348755850261,0.06409699117462742,0.1059982060504181,-0.004122836787437597,0.02688917941933577,0.059639004979456955,0.09812929056266767,0.02624478992692953,0.01922726477425388,0.017823717041285797,-0.14250323036449664,0.6977207035222156,-0.01428279731168828,0.022976666089855404,0.24324522424297954,0
2014-12-24,NEOG,18.184545516967773,18.24831199645996,18.01950454711914,18.083271026611328,176756,-0.002069994572921785,0.010480028111871542,0.07038185642599393,0.09468659989363548,-0.008228773351758277,0.017904651783681443,0.052631590634444794,0.09245412171332498,0.020756361713531263,0.018827294057231672,0.01788013737844239,-0.5209526958539084,0.3380846238689971,-0.005569261561249763,0.012652990103621599,0.27869057443669193,1
2014-12-26,NEOG,18.19955062866211,18.555889129638672,18.16204071044922,18.383346557617188,347646,0.01659409575647386,-0.0018329788510964562,0.07809063387335735,0.09764846752130962,0.00860224982820163,0.02709729120865654,0.06502964511052788,0.10692526671498327,0.01713951802594621,0.019066588045302597,0.01796448032363583,0.9668130077621127,0.6635619284192347,0.010098926765017021,0.02142419596753242,0.561906145576057,0
2014-12-29,NEOG,18.417104721069336,18.54088592529297,18.222055435180664,18.338335037231445,313788,-0.002448494361169007,0.01263464484263066,0.07687230454843541,0.10336269300962297,0.003612917944708149,0.017143104877159004,0.05716110260897289,0.10058577071047914,0.014736195004952313,0.019129210734702293,0.017812755671273755,-0.09739217479850193,0.5927825678989163,-0.004276985173884438,0.01738601075097594,0.3647066565365909,0
2014-12-30,NEOG,18.237058639526367,18.58964729309082,18.237058639526367,18.297073364257812,396967,-0.0022500228559387825,-0.007528063151142739,0.05790493944438069,0.10088010173196116,0.0028782263951490743,0.00924828144691538,0.049709435196147504,0.09418804937541853,0.01196073946465366,0.01913002140921499,0.017853583028903008,0.26508024526113183,0.7480714593892045,0.003290811633481919,0.01927022133786778,0.17021173008471366,1
2014-12-31,NEOG,18.402101516723633,18.89722442626953,18.36083984375,18.600900650024418,861118,0.016605239522081927,0.026495530554787372,0.08062764464717942,0.11188350033046768,0.0141934032220144,0.018212440150623604,0.061441171105213396,0.10832486238211775,0.010328636315183827,0.019010507172764753,0.01804112040024294,1.1692432872253864,1.5708209552365517,0.010803066873645833,0.028836484459091347,0.4475535168195785,0
2015-01-02,NEOG,18.50712776184082,18.720930099487305,18.01575469970703,18.297073364257812,526268,-0.016334009383906167,0.011823211482693274,0.022427147183275986,0.11983466540032173,-0.00469296674193543,-0.0006146890951771669,0.0383030696131112,0.08712603602213027,0.014136383350455035,0.016742268092218973,0.01751445539135614,-0.3888549536764996,0.9468529169853845,-0.011349918814312797,0.038540338432363146,0.39893431426909914,0
2015-01-05,NEOG,18.188297271728516,18.59339714050293,18.05701446533203,18.16954231262207,358044,-0.00697002460977536,-0.01163032227701366,-0.01344198299334487,0.12441963170168613,-0.00932590937329618,-0.0062366777037950955,0.025217725125273736,0.07677943607485554,0.012002010976740638,0.01399026632549147,0.017332019033375667,-0.31965462463991734,0.6446817590086805,-0.0010311552987204362,0.029520978896550552,0.20979023465697552,0
2015-01-06,NEOG,18.225805282592773,18.402101516723633,17.9894962310791,18.124530792236328,442556,-0.002477306231014609,-0.011658868951899937,0.0008284702222567386,0.10445711411220526,-0.009470705561914565,-0.008779871703792887,0.017755945729902155,0.07138737241043731,0.012002119336804685,0.012929351361413625,0.01727901176014186,0.23603802884561675,0.7953431318590226,-0.005556653809594424,0.022765018878241602,0.32727297941975925,0
2015-01-07,NEOG,18.233308792114254,18.233308792114254,17.685670852661133,17.98199462890625,770207,-0.007864267768583177,-0.017220171175956978,-0.02461859979101355,0.09777878900579862,-0.013864347562969554,-0.014127998417709892,0.00523160059277008,0.06035198352367115,0.01225789548996443,0.011464035729855696,0.017458535418866477,0.7403605419427146,1.3377474080728207,-0.013783245052960186,0.030454793850999574,0.5410943159654535,1
2015-01-08,NEOG,18.16954231262207,18.492122650146484,17.8919734954834,18.364591598510746,415363,0.021276670219301907,-0.012704172553782311,0.01345475420893294,0.07841415464534718,0.009734411335881802,0.005504013490244939,0.02280207317358841,0.07989362318757386,0.014190343817208137,0.012395019118492988,0.01595130958348892,-0.46071250975387135,0.7217813356855004,0.010734958676046452,0.0326796896867423,0.7875010726169689,0
2015-01-09,NEOG,18.319580078125,18.379594802856445,18.083271026611328,18.28207015991211,261535,-0.004493507963734267,-0.0008199783674153194,0.010993538337628728,0.08214914040051524,0.005363029795700894,-0.00010258653472558087,0.014286139755196632,0.07281209238544795,0.012138754643745567,0.012493837230894589,0.015835264298619933,-0.37034593837197827,0.4619304554766581,-0.0020475315511014566,0.016208436662434392,0.6708848537902535,0
2015-01-12,NEOG,18.32708168029785,18.465866088867188,17.9894962310791,18.150787353515625,441490,-0.0071809595548076866,-0.0010322196775103265,-0.012650536907013898,0.06445220852043643,-0.0016505083113645992,-0.006018533422138988,0.0039418917136719005,0.06295578190000313,0.01216890411339106,0.011449799360503719,0.015976641920036675,0.6880723421339401,0.7796067902729003,-0.00961933437399082,0.026245134633006314,0.33858381213589317,0
2015-01-13,NEOG,18.32708168029785,18.55213737487793,17.97074317932129,18.102025985717773,748613,-0.0026864601985657766,-0.0012416766412620683,-0.01288606904792089,0.06299565367623061,-0.004085979233070282,-0.007404320791135077,-0.0017168722662833558,0.058138440157677954,0.01217926850704909,0.011452897771907515,0.016000110371493664,0.6956510906249291,1.288812958629151,-0.012279952613624218,0.032117631253836,0.22580687492208465,1
2015-01-14,NEOG,17.8657169342041,18.334583282470703,17.764440536499023,18.20705223083496,423094,0.005801905554662756,0.012515719561328797,-0.004919974447864517,0.05270007417404465,-0.0007822290719023674,-0.0011523267085055,0.0015578658665092013,0.062116557761694,0.011543244253815976,0.011655060482958871,0.015746132534928455,-0.43482947798128,0.7365975985637623,0.01910560308819006,0.03131439064068272,0.77631733011284,0
2015-01-15,NEOG,18.28207015991211,18.28207015991211,17.663166046142578,17.82070541381836,295659,-0.021219624798038184,-0.029616023954297632,-0.0419439494294076,0.03530185336807845,-0.016111655493684058,-0.018144974759366737,-0.0213304944963666,0.03769424037737604,0.0098177884987125,0.011649173132410495,0.01656450124014694,-0.3011978425598094,0.5267026460813822,-0.025235913770061146,0.03472949579704216,0.2545456786775311,1
2015-01-16,NEOG,17.760690689086914,18.09827423095703,17.689422607421875,18.064516067504883,563059,0.013681313282776664,-0.011899860929549755,-0.012710081668427686,0.00943201464255905,-0.00024911939986714337,-0.0034350050682084095,-0.008400601002265052,0.04988707223186714,0.013256756881516256,0.012039888769394602,0.014309920260461463,0.9044202950020124,1.0185429560301464,0.017106619541809528,0.02263285780849749,0.9174317490529773,0
2015-01-20,NEOG,18.09827423095703,18.192047119140625,17.805700302124023,17.9894962310791,302858,-0.00415288381628609,-0.008886177734063083,-0.009909224924058435,-0.023218008284496827,-0.0026203684500676564,-0.006586906162695186,-0.011358311793319522,0.0436704508762064,0.013046721165086478,0.011922609357378754,0.012652105537550983,-0.4621203106601617,0.6197837904983525,-0.006010407317835052,0.02147624436248188,0.47572781982355583,0
2015-01-21,NEOG,17.98199462890625,17.98199462890625,17.696924209594727,17.835708618164062,259402,-0.00854874483085033,-0.0147120199564309,-0.01593542902616729,-0.015120160832337692,-0.008217929176878138,-0.013505953045888424,-0.019071899080167667,0.03308027816940686,0.013414069398247781,0.012162255104206321,0.01224785363311846,-0.1434863863592839,0.5960736878351237,-0.00813513816242783,0.01598312830818535,0.4868425454472464,1
2015-01-22,NEOG,17.966991424560547,18.09077262878418,17.539384841918945,18.072017669677734,412697,0.01324921014200764,-0.007416607556523402,0.005006287824531608,-0.01973555976287289,0.006433822943636554,-0.0009331394319847046,-0.005079930215091668,0.044421496792922864,0.01494611822538813,0.012760066911552174,0.011905963951636834,0.5909553511538077,0.9502476026623704,0.005845510950354134,0.030510582544990776,0.9659859003895035,1
2015-01-23,NEOG,18.13578414916992,18.379594802856445,17.966991424560547,18.117029190063477,292993,0.002490674876954424,0.016628060975372172,-0.013480420031085516,-0.00020704156030393328,0.00562150422710697,0.002927805886301775,-0.0025916072759180936,0.04520568526936598,0.010041688654788973,0.010567804055604736,0.011296511257689478,-0.29005299287370634,0.6805787566318816,-0.0010341410634455627,0.022774339764391183,0.3636367838833596,1
2015-01-26,NEOG,18.113277435302734,18.522130966186523,17.955738067626953,18.39459991455078,358844,0.015320984559628714,0.01827249873799075,0.006155197614623686,0.01721640335320429,0.017300827531046524,0.017659700773224964,0.01182255009117119,0.0589963590240099,0.010480848430171963,0.01170060626922659,0.011783560282915804,0.22475280979409074,0.8162779718070595,0.015531285282460812,0.030791259456071855,0.7748364219253552,0
2015-01-27,NEOG,18.19955062866211,18.495874404907227,18.079519271850582,18.218305587768555,252204,-0.009584026159915049,0.012719053037969719,0.003719851538002361,-0.008977743488181589,0.0050074875466743635,0.0075300740950767974,0.0025803038447457533,0.04705162620892768,0.011704540225953436,0.011902821003372959,0.011398453005059308,-0.29717648894784365,0.5799953752886564,0.0010305177028331954,0.022853669406894657,0.33333638737459914,0
2015-01-28,NEOG,18.338335037231445,18.39084815979004,17.659414291381836,17.82820701599121,331384,-0.021412450784624504,-0.0004205945686515111,-0.015126426729394904,-0.02781757559803255,-0.016430780970868843,-0.012548310270892475,-0.017508318229124166,0.023096622860565907,0.015546891774257216,0.013774390271789465,0.012329519671526212,0.31395219742747926,0.7605473956477559,-0.027817575598032527,0.041026776711316805,0.2307696319514345,1
2015-01-29,NEOG,17.8657169342041,18.124530792236328,17.55438995361328,18.068267822265625,275131,0.013465224296480782,-0.0002074946738460648,-0.0076225633238034,-0.01250503495488764,-0.0031455557026691186,0.0015178007421104737,-0.0036506886597091124,0.03437024938694955,0.015593100838336958,0.014419939582615678,0.012761498147099825,-0.16975170798831563,0.6403966054657545,0.011337406095007453,0.03155481445324046,0.9013174181548117,0
2015-01-30,NEOG,17.98199462890625,18.165790557861328,17.25056266784668,17.29182243347168,381771,-0.04297287357214885,-0.04554867952878239,-0.02967800477396243,-0.07037714147196517,-0.037216546142467694,-0.03870217564809094,-0.043012565466547005,-0.011709452386803407,0.024519156002260744,0.018830509095698392,0.015255688115147176,0.3875971809792427,0.9411140303693796,-0.038381292491607745,0.05292836504283361,0.045081412045189784,1
2015-02-02,NEOG,17.378095626831055,17.59564971923828,16.98049545288086,17.576894760131836,389236,0.016485961948599748,-0.04445354387795686,-0.026993322464375247,-0.03936031679977847,-0.012350872334414651,-0.020198194946063286,-0.025293257890588314,0.0027133029580249553,0.02481226470237366,0.01912264719556419,0.01556794876182888,0.019553606743309526,0.9760009227521081,0.011439638586971732,0.03499789210507897,0.9695117791875182,1
2015-02-03,NEOG,17.651912689208984,17.775693893432617,17.36684226989746,17.726932525634766,243939,0.008536079185229362,-0.026971392030205488,-0.01459538955797579,-0.02435998548404994,0.0016107430055664893,-0.010386102321215002,-0.01576521019720755,0.008824588618704537,0.02596624190656947,0.019424254521196803,0.01568727340497349,-0.37328767123287676,0.6205492598290392,0.004249955103825241,0.02306386753285823,0.8807357853290787,0
2015-02-04,NEOG,17.659414291381836,17.9332332611084,17.426856994628906,17.723180770874023,278864,-0.00021164150962482697,-0.0058910155700449,-0.006309132409543783,-0.02214402270398219,0.002588675795007347,-0.009973619329913933,-0.014875901840937296,0.006492671814954635,0.02433240472549234,0.01925661323051821,0.015685092700131475,0.14317103866130476,0.7244779818202436,0.003610905686906438,0.028571410122479955,0.5851849619755393,1
2015-02-05,NEOG,17.82820701599121,18.334583282470703,17.82820701599121,18.19955062866211,257002,0.026878350108065385,0.00726593205767645,0.00705692974162786,0.012098546587603565,0.02800968559523585,0.015912913944485654,0.010991331961064561,0.030888446434067088,0.026919401226103513,0.02075869707658764,0.016771246924251134,-0.07839663778759542,0.7153710896018977,0.02082899375903688,0.027823558768644008,0.7333353422201464,1
2015-02-06,NEOG,18.24456024169922,18.51087760925293,18.027006149291992,18.443361282348633,508406,0.01339652053290541,0.06659441787049158,0.01801245054372025,0.00428921511351632,0.02840290751916134,0.02765063262533492,0.02431099507862394,0.04226727532010726,0.009992376683977374,0.02113464422404713,0.016350578737650466,0.9782180683418806,1.3970688555286,0.010896455601875257,0.026235535516187635,0.8604663996720381,0
2015-02-09,NEOG,18.39834976196289,18.570892333984375,18.19955062866211,18.300825119018555,488944,-0.007728318127482203,0.041186476267056404,-0.005097952440816456,0.0010258662691038367,0.012282641623782418,0.020241704348913855,0.016341861920676146,0.03213385853195173,0.013233114147637889,0.020773038116551863,0.01641679621394681,-0.038280429420581186,1.3028795870810956,-0.005300727739504132,0.020290981576364032,0.27272587189891623,0
2015-02-10,NEOG,18.488372802734375,18.574644088745117,18.143285751342773,18.15829086303711,367641,-0.007788405990138747,0.024333501398426494,-0.003294199037463641,0.00041339856918276574,-0.0003716407509701386,0.012634447368999395,0.008405168265904046,0.02246860764062987,0.015015302580351175,0.020691612698094216,0.01643168726348942,-0.24809180601459468,0.9893805502640634,-0.017853487876902153,0.023755448167228875,0.03478572312916748,0
2015-02-11,NEOG,18.15829086303711,18.375843048095703,17.910728454589844,18.01200294494629,231142,-0.008056260316250508,0.01629629454250736,0.010309277247578574,-0.0049730920087348585,-0.011568098827228175,0.003447890840584746,0.000531294165032604,0.012644338977193048,0.016057796903493526,0.01956603447594622,0.01652408524607248,-0.3712833987504114,0.6685940815154745,-0.008056260316250523,0.025822480427495086,0.21774094335134958,0
2015-02-12,NEOG,18.079519271850582,18.188297271728516,17.925731658935547,18.01200294494629,197284,0.0,-0.010305072226368894,-0.0031140161233386143,-0.010712842662050526,-0.009529329624407567,0.003762521591947919,0.001073605956688072,0.011062302252980088,0.009274213957434501,0.01908563415212583,0.016465502666471538,-0.14648138373813502,0.5899235399479102,-0.003734409410399245,0.014577257931586004,0.3285703908179573,1
2015-02-13,NEOG,18.06076431274414,18.218305587768555,17.98199462890625,18.17704391479492,201816,0.00916283271511098,-0.014439741404870476,0.05119307029256337,0.019995757334064335,0.0024823888780526873,0.007987316079449884,0.009246887844094661,0.01867070004996724,0.00754513929764781,0.011827740870521785,0.01583383844683334,0.0229719592060178,0.6120628385242085,0.006438243699837654,0.013000516473966545,0.8253924694297441,0
2015-02-17,NEOG,18.237058639526367,18.237058639526367,17.951988220214844,18.064516067504883,290594,-0.0061906571727234905,-0.012912480720232433,0.02774217596609141,0.0,-0.0011200185588369942,-0.0009542560268160851,0.00299898635881373,0.010410407172496623,0.007326392940116182,0.011566241820848235,0.015625616992466142,0.4398957466206841,0.919288242357982,-0.009461096519562732,0.015780683979922307,0.39473701817889856,1
2015-02-18,NEOG,17.98199462890625,18.17329216003418,17.914478302001953,18.13203239440918,284729,0.0037375109663606576,-0.0014460870147962046,0.022852226023233335,0.007923299324181787,0.002904542935642907,0.0005381056347238139,0.006349490659272548,0.011953320415204834,0.007085044211196327,0.011400164741989701,0.015611739562799765,-0.020182797993076207,0.9033247499255633,0.008343777684247685,0.014273847101223418,0.840581312226865,1
2015-02-19,NEOG,18.05326271057129,18.383346557617188,18.05326271057129,18.300825119018555,200483,0.009309090174657975,0.016034983724744656,0.03259258908501472,0.026077825715363767,0.00901684232816176,0.006643547378480136,0.014408365448880637,0.0192229668074464,0.006549611561237641,0.01156165922276345,0.015576916670633503,-0.2958813468245244,0.6420485551561671,0.013712890152664909,0.018036555450326074,0.7499985554059598,1
2015-02-20,NEOG,18.345836639404297,18.537134170532227,18.06076431274414,18.50712776184082,301525,0.011272860184204037,0.027488604038533593,0.01690025976214571,0.024076453449530355,0.014850522085480319,0.016271930635815345,0.024608074197558383,0.028276611995067865,0.007089086257213825,0.00872703724373773,0.015503917958300082,0.5039928572497419,0.983137732860423,0.00879170165998822,0.025739804896700167,0.9370102700646634,1
2015-02-23,NEOG,18.402101516723633,19.024755477905273,18.36083984375,18.803451538085938,390836,0.016011332501637332,0.034461468334857415,0.019524112238799463,0.037888239888631325,0.02406441642846961,0.030506133092745902,0.03903911965278775,0.042685011526599544,0.008504156974559977,0.009145200936887907,0.015849244480665377,0.29619766188541585,1.2543328345455347,0.02181001017723775,0.03530817907608762,0.6666685819186803,1
2015-02-24,NEOG,18.758440017700195,18.92723274230957,18.735933303833008,18.825956344604492,258335,0.001196844444913303,0.042151158340151484,0.028694401600516395,0.023450166465022848,0.016856419944342185,0.028778731215115014,0.03904436269690569,0.041701244139750175,0.005928570271434097,0.008506424499008913,0.015535146427694298,-0.33901943526184897,0.8426807775098977,0.0035992506221513856,0.010161472542211052,0.470587062295605,1
2015-02-25,NEOG,18.792198181152344,19.092273712158203,18.743436813354492,19.058515548706055,283129,0.012353115020805605,0.05109648682199275,0.049576509841101624,0.04611899591263868,0.019216905623450492,0.03638889810270894,0.049446499906200266,0.05223269894952318,0.0055059568250213535,0.008077222877276207,0.015502464150080239,0.09597615499254841,0.9189231557411967,0.014171698541409287,0.018303466390770115,0.9032265119661438,1
2015-02-26,NEOG,18.93848419189453,19.42610740661621,18.91222763061523,19.36609268188477,330051,0.01613856716136519,0.058208717691049294,0.07517707725660805,0.08626137583628757,0.02399843573485801,0.04541685896992057,0.06188688424623913,0.06646236623089107,0.006098098748652514,0.0073640223119324135,0.01472465997953059,0.1657265769313634,1.0714449188733126,0.02257881283726233,0.026535026163624024,0.8832125186975109,0
2015-02-27,NEOG,19.324831008911133,19.493623733520508,19.171043395996097,19.186046600341797,259935,-0.009296975104915672,0.03668418175081789,0.0651811827359774,0.061864191358660614,0.0072466383202749885,0.02917504087330407,0.04880048082310498,0.05435221387169584,0.011093328613335871,0.008829054417828006,0.01485399486432767,-0.2124398956524901,0.8459137518464244,-0.007181662209896645,0.016813278120499497,0.0465099778270405,0
2015-03-02,NEOG,18.87096786499023,19.036008834838867,18.454614639282227,18.720930099487305,693960,-0.024242435690018937,-0.004388632503532053,0.029921597111271625,0.08264644582801806,-0.016319156178066094,0.0013040205097202705,0.019393160356592803,0.027089971119576867,0.01647459263438576,0.012992576169050502,0.012137591851742525,1.6697443591667147,2.1491979297757102,-0.007950719145745511,0.03105583923806023,0.4580635001869968,0
2015-03-03,NEOG,18.608402252197266,18.7321834564209,18.28957176208496,18.567142486572266,1384720,-0.008214742114722728,-0.013747713704138187,0.02782396257885522,0.056338035810882925,-0.021739121696182737,-0.009584006623196374,0.008300678074807818,0.017902778532978086,0.016729357407543048,0.013166763642451127,0.012061853937244404,0.9953887832151709,3.715705788080101,-0.0022172653549623303,0.023838439041227465,0.6271201778880959,1
2015-03-04,NEOG,18.46961784362793,18.91972923278809,18.357088088989254,18.58589553833008,436957,0.001010012810069183,-0.02479836423608872,0.025031013294507742,0.04845525369113779,-0.015849744907105584,-0.010978110675212434,0.006970490123024262,0.018742332991559387,0.014849226025894056,0.013174043650097203,0.011991106114517862,-0.6844437864694668,1.142916106541249,0.0062956199574139065,0.030272479614366098,0.40666675706644456,1
2015-03-05,NEOG,18.653413772583008,18.83720970153809,18.39084815979004,18.735933303833008,292993,0.008072668072060418,-0.032539314378125406,0.02377533154842726,0.05714282024495998,-0.0012397284940710007,-0.005297166436752209,0.012322112512076712,0.026261568653750823,0.012189283214023114,0.013109241178938526,0.012037795397030556,-0.3294694901328964,0.7649466443495332,0.004423829989301374,0.02382382209146387,0.7731068019245992,0
2015-03-06,NEOG,18.555889129638672,18.762191772460938,18.319580078125,18.454614639282227,273798,-0.015014926664647654,-0.03812312021834352,-0.0028374539385235265,0.014014852114997867,-0.008504238828466903,-0.01995932553862217,-0.003564442412892064,0.010831557841521356,0.012767774139867554,0.013758637338128201,0.01125633224171287,-0.06551351056168575,0.7132684266480906,-0.005457808550638682,0.02398379500126763,0.30508584134864,1
2015-03-09,NEOG,18.54088592529297,18.7734432220459,18.375843048095703,18.55213737487793,256203,0.005284463398553818,-0.009016257403471561,-0.01336532086670239,0.005897845347388131,-0.0014536349322283755,-0.013463690057627199,0.0014071096448281676,0.01569330283328415,0.009635024542613786,0.012734446964842003,0.010917962617217825,-0.0642627046216554,0.6901021201806042,0.000606845305574747,0.02143150225313656,0.4433960001343203,0
2015-03-10,NEOG,18.32708168029785,18.46211624145508,18.01575469970703,18.304576873779297,290594,-0.013344042041962378,-0.014141412066119297,-0.027694713685800232,0.00020500467800466105,-0.011985701323504069,-0.023921886167693352,-0.0119657133765439,0.0018970677369347635,0.010705966790744707,0.013241390043080847,0.011205112322900055,0.13423340085791335,0.8042204456375468,-0.0012279536322876768,0.024385242271699196,0.6470588235294066,1
2015-03-11,NEOG,18.24831199645996,18.67591857910156,18.083271026611328,18.59339714050293,456952,0.015778581975164796,0.0004036180100861486,-0.024404755292429026,0.023961851957747804,0.003522496197580224,-0.006055566970072547,0.0024468969749565613,0.017471623832960803,0.013651446687474483,0.013710791556627862,0.011568489755733309,0.5724756877292718,1.2491792003210482,0.018910524113677624,0.03187408669926363,0.8607579863413178,1
2015-03-12,NEOG,18.765941619873047,19.051013946533203,18.672168731689453,19.021005630493164,447355,0.0229978678322722,0.015215272281196457,-0.017819136625035537,0.05601835002086619,0.023452024047859343,0.01868222599148553,0.02271926709750356,0.040094200834646064,0.017029330550101404,0.014863473646917862,0.012313908159065261,-0.021002205920972017,1.1878391168427915,0.013591857834088408,0.01991720218180323,0.9207900354438537,0
2015-03-13,NEOG,19.062265396118164,19.302326202392575,18.57839584350586,18.904726028442383,328451,-0.0061132205262780515,0.024390180882024826,-0.014662769134231257,0.04956267696739247,0.012292120281313075,0.013982493818341357,0.01403348676975056,0.03304936749600646,0.01500131765602659,0.014715959181357395,0.012462078701208062,-0.26579338556627286,0.8571921451217055,-0.00826446198298459,0.03829361810361882,0.4507756594686333,1
2015-03-16,NEOG,19.032257080078125,19.45986557006836,18.8297061920166,19.12228012084961,518004,0.011507920933628624,0.030731916999694464,0.02143857272205163,0.0520016461689532,0.017727365316399048,0.023448148123723724,0.02310923665475225,0.04434253489134406,0.015294366787751753,0.012756401911981553,0.012538908776450761,0.5771119588614435,1.2983200670108441,0.004730024420787975,0.032954196574323566,0.46428560618672154,0
2015-03-17,NEOG,18.762191772460938,19.497373580932617,18.364591598510746,18.488372802734375,729684,-0.03315019517071427,0.010040982111876096,-0.0042424236198357335,0.023463497922977306,-0.0179318136986368,-0.010062014612127697,-0.011927401143704556,0.009511436382706673,0.022485064116180762,0.01681053653256567,0.014783356093046873,0.4086454930849954,1.7334850274876363,-0.014594188837173745,0.06126996650859055,0.10927186885422281,0
2015-03-18,NEOG,18.47711944580078,18.48086929321289,18.064516067504883,18.334583282470703,914971,-0.008318174990550098,-0.01391966492602037,-0.013521665143392814,0.011170887171146893,-0.02341566836509096,-0.016973710540899835,-0.020676416435429397,0.000933742306824222,0.021404659481637122,0.016987822702820145,0.014922351321657576,0.253927727619079,2.022273115866882,-0.007714198295258178,0.022708627695185966,0.6486492677139022,1
2015-03-19,NEOG,18.338335037231445,18.792198181152344,18.338335037231445,18.720930099487305,577456,0.02107202607577019,-0.015776007685145643,-0.0008007716563889211,0.022955521280413116,0.0003607763334313612,0.003821393581795856,-0.0011607565522449464,0.021360354239619083,0.020838375685116595,0.018230667182927693,0.015501672415208953,-0.36888054375493873,1.2252526520253908,0.020863129694113174,0.02424362152462329,0.8429745119875607,1
2015-03-20,NEOG,18.85596466064453,18.994749069213867,18.683420181274418,18.882221221923828,1015746,0.008615550700706853,-0.0011904328306422407,0.023170713179315294,0.020267513409422788,0.00922216411159436,0.010153748595528027,0.006437712194670158,0.029149028055696014,0.02132371229514255,0.01757790623971943,0.015422430798999135,0.7590015516333712,2.0034181021347854,0.0013924804035138332,0.016487937742089943,0.6385563574430503,1
2015-03-23,NEOG,18.769691467285156,19.2010498046875,18.58214569091797,19.04351043701172,384171,0.008541856023835726,-0.004119262103686294,0.026486062074937644,0.01276674649010845,0.01870056154883293,0.016111255806955504,0.014385588104050159,0.03717229035528719,0.02095978669458871,0.017666574844775816,0.015130444947088678,-0.6217843831036499,0.7582223849394062,0.014588357523287921,0.0324994761767594,0.7454543213224689,1
2015-03-24,NEOG,19.107276916503903,19.369842529296875,18.81845474243164,19.20855140686035,590252,0.008666520303308722,0.03895305508008051,0.04938516412121863,0.020322742454755183,0.019672625448083108,0.019997580359977413,0.02213524658356803,0.04510626014002026,0.010462706600818068,0.01678664548800538,0.015234055152056308,0.5364303916745408,1.128008514166038,0.005300309970855819,0.02870532895407749,0.7074815106923199,0
2015-03-25,NEOG,19.264816284179688,19.42610740661621,18.150787353515625,18.255813598632812,499342,-0.049599669857835704,-0.004296235296124773,-0.018156098066379855,-0.042117758228433444,-0.03009167860697259,-0.02885307528141367,-0.02648319476890937,-0.006844169302980562,0.027950827843120134,0.0234956045857145,0.018727270755165108,-0.15401896139276106,0.934957747415063,-0.05237541176945821,0.06985829726022703,0.08235285320092427,0
2015-03-26,NEOG,17.918230056762695,18.139535903930664,17.123031616210938,17.86946678161621,987753,-0.021162947075967886,-0.045481891836902544,-0.060540376846894284,-0.07728073622556375,-0.04194990190177415,-0.04354636897876065,-0.04326785554304508,-0.027616226948399526,0.026107470201218137,0.022491910347428094,0.01868521006461815,0.9781091916962723,1.7421767857390102,-0.0027214337014319196,0.056884981524210225,0.7343158060648365,0
2015-03-27,NEOG,17.794448852539062,17.888221740722656,17.276819229125977,17.63690948486328,719820,-0.013014226982540955,-0.06595154894248545,-0.06706347088403486,-0.08074290382735327,-0.04162077301655683,-0.049544156224802655,-0.05178670263446001,-0.039675171379724906,0.024182469817847437,0.02260157517524205,0.018760625838556682,-0.27125506072874495,1.2201184793996738,-0.008853287279718259,0.034666079798244154,0.5889577633512296,1
2015-03-30,NEOG,17.66691780090332,17.79069709777832,17.588146209716797,17.719430923461914,595318,0.0046789058292473484,-0.06952917204678877,-0.073362025266962,-0.0534962296586331,-0.02307876947917375,-0.03782302750761125,-0.04477847325060251,-0.03507548296538568,0.023357287377922337,0.022088169458601963,0.018227826117016947,-0.17296268511572332,1.0175906411157092,0.0029723986464638853,0.01143100412967158,0.6481566928763124,0
2015-03-31,NEOG,17.59564971923828,18.04576110839844,17.483121871948242,17.52813148498535,760876,-0.010796026085875376,-0.08748290728861707,-0.051937578714715604,-0.055959661123854976,-0.015381402752645379,-0.04322190707743131,-0.05243736620558235,-0.04493489922072354,0.019997681509110094,0.020242970898614765,0.018278851118551268,0.2781001078415233,1.373832052445964,-0.0038372117728115674,0.03209921359456695,0.07999728799769429,0
2015-04-01,NEOG,17.36309051513672,17.411853790283203,17.0667667388916,17.243061065673828,554261,-0.016263594300152007,-0.05547561753341024,-0.059533516523413765,-0.07225018939156835,-0.02024721771746258,-0.05314107254651028,-0.06445242989546768,-0.059702825932121555,0.009752337137006031,0.02053575367142868,0.018500360932375927,-0.27154884632975673,0.9902822940861176,-0.006912908123024059,0.020013096867039146,0.5108691446732071,1
2015-04-02,NEOG,17.310577392578125,17.614404678344727,17.228057861328125,17.355588912963867,252470,0.006525978587064829,-0.02875731407839277,-0.07293126886686196,-0.07367363923027781,-0.00806072408070998,-0.03976258389494577,-0.05480767047896644,-0.05307061948857656,0.010585673510103843,0.01885750527955661,0.01845226607079897,-0.5444925766019979,0.4527198110508499,0.0026002321797215606,0.022260657299160696,0.33009473876489087,0
2015-04-06,NEOG,17.280569076538086,17.434358596801758,17.153038024902344,17.26181411743164,246338,-0.00540314684811305,-0.021267635792629247,-0.08581655121224618,-0.06463426872710787,-0.009172012608011142,-0.036311156289739105,-0.05685131790840751,-0.057353622433837285,0.009802470537671592,0.01803954301516637,0.018265054604546145,-0.024288034221887744,0.44281435126334967,-0.0010853206872630725,0.016297277330505244,0.3866624178774586,1
2015-04-07,NEOG,17.295574188232422,17.426856994628906,17.269317626953125,17.348087310791016,313255,0.00499792158416601,-0.020956858844671467,-0.08902891784728884,-0.06490088121691895,4.3276523660144913e-05,-0.02224004915957617,-0.04900940688658737,-0.051846071739829226,0.00987589313143183,0.01769286049631637,0.01825818103903199,0.27164708652339464,0.5602308275125549,0.0030362173575204385,0.009081079940022389,0.5,1
2015-04-08,NEOG,17.40060043334961,17.644411087036133,17.265565872192383,17.55063819885254,459085,0.011675689915137344,0.0012840338336386203,-0.08631120446780216,-0.04118853334472594,0.011457015597623198,-0.0014937786388188896,-0.03591367305731199,-0.039889991228301176,0.011148070706669608,0.01805126403837285,0.018382489364559402,0.46553127643613035,0.808849180200783,0.008622562541886232,0.021585836967941082,0.7524770420492992,1
2015-04-09,NEOG,17.588146209716797,17.685670852661133,17.29182243347168,17.5618896484375,286062,0.0006410849256579532,0.018490254227445213,-0.03801112157758235,-0.05547708599298651,0.008399709466604868,0.003106545763817564,-0.03255472055465604,-0.038584003248246394,0.006432453817556344,0.011097394192551067,0.017920461687808493,-0.3768866331942886,0.5117081534469758,-0.0014928555270248493,0.02242631214941578,0.6857135938786382,0
2015-04-10,NEOG,17.696924209594727,17.75318717956543,17.464366912841797,17.546886444091797,173823,-0.0008543046702857993,0.01102224373297056,-0.018052040470299846,-0.07749953998426673,0.005329668246155467,0.004099667273538921,-0.029440453862419138,-0.0391093768894484,0.006464967988805152,0.009278525903238459,0.016884335123177392,-0.39235899909809757,0.31873255844017007,-0.00847818319872692,0.016459915418263926,0.285712398877332,1
2015-04-13,NEOG,17.5618896484375,17.79069709777832,17.5618896484375,17.614404678344727,219412,0.00384787548879717,0.020426043202320665,-0.0012760062378200931,-0.0682539037146771,0.0051370385593417466,0.008093141088498266,-0.022216606936077826,-0.03493227077071627,0.004867308897080422,0.00851071860954576,0.016961966359029496,0.26227254160841773,0.40639005069318224,0.0029902835605107496,0.012989791793651579,0.22951625945098825,1
2015-04-14,NEOG,17.621904373168945,17.82070541381836,17.303075790405273,17.726932525634766,351645,0.0063883991167967835,0.02183786650693742,0.0004233545764114055,-0.07296972883968234,0.007203474084490269,0.014489687787964861,-0.012144351131558115,-0.029229877729640367,0.004972756917122939,0.00863354504460072,0.016762773525043313,0.6026698630886187,0.6615003752913446,0.005960090932381624,0.029200180158893602,0.8188417278646362,0
2015-04-15,NEOG,17.78319549560547,17.963241577148438,17.659414291381836,17.70817756652832,383904,-0.0010579923559433935,0.00897627572802917,0.010271835403402596,-0.04219923757112176,0.004339886423148657,0.012373235600771611,-0.011039625421998206,-0.030396361828890845,0.0032327810815872215,0.007777783145028538,0.015258293975107152,0.09173740562214738,0.7464621678482125,-0.004218472945185057,0.017157456470330998,0.160496694770015,1
2015-04-16,NEOG,17.685670852661133,17.9894962310791,17.685670852661133,17.745685577392578,273798,0.0021181180685219125,0.010465612336393981,0.029149378396585046,-0.03211950312724898,0.004373239403777932,0.011610703309542598,-0.007312487345470758,-0.028362580686447002,0.0031680406088005026,0.004853915575969312,0.015210700685493388,-0.2868060765191298,0.567763704890528,0.003393409570461106,0.017121084282313237,0.1975303216734048,0
2015-04-17,NEOG,17.606901168823242,17.606901168823242,16.961740493774414,17.055513381958008,430292,-0.03889239400893174,-0.028003433184537352,-0.017289850117486738,-0.08896014827676246,-0.029289993340074677,-0.026067238820332517,-0.04145544479965017,-0.0654686110767173,0.018851618625599434,0.013896940626592465,0.016387672751540135,0.5715673598784505,0.9061046116486198,-0.03131657192701141,0.0378271037992503,0.1453481152993348,1
2015-04-20,NEOG,17.115528106689453,17.340585708618164,16.976743698120117,17.231807708740234,463084,0.010336500745191213,-0.021720686937257594,-0.0017383114247015996,-0.08740568674554705,-0.014966347339349545,-0.01583154713917468,-0.0270350494479114,-0.05480642945850488,0.019854311711877095,0.014310303380850143,0.016464597044214064,0.07620871408253005,1.0354075327997518,0.0067938074318217734,0.02111455841707778,0.7010295767412114,1
2015-04-21,NEOG,17.344335556030273,17.951988220214844,17.239309310913086,17.854463577270508,578522,0.03613410032508968,0.007194197385888446,0.029189169814963556,-0.06243842823381229,0.019141020317168165,0.016789845788895735,0.011517703438127573,-0.020019603081516384,0.026999149889671815,0.0183538886604858,0.01862335400937432,0.24928090799941272,1.2660077695126286,0.02941179381546693,0.03991600790566614,0.8631576693634936,0
2015-04-22,NEOG,18.000749588012695,18.000749588012695,17.539384841918945,17.663166046142578,326052,-0.010714269308625957,-0.002541849392272977,0.006411609994751988,-0.08045298825427505,0.00874001573970564,0.005251487911443507,0.005079841567112572,-0.029840279113758143,0.027587177794243477,0.018547174241003807,0.01848523741567886,-0.4364051842453701,0.7347557980113378,-0.018753860233405247,0.026120161294328457,0.2682935904220135,0
2015-04-23,NEOG,17.588146209716797,17.966991424560547,17.348087310791016,17.460615158081055,253270,-0.011467416856773438,-0.01606420997758995,-0.005766719435311818,-0.04355864153933464,0.00042983641758330985,-0.005703060590925381,-0.004192871661303318,-0.04022993254995979,0.02796774777087592,0.01894921185157475,0.015213712123356055,-0.2232220627384589,0.5870177910868416,-0.007250966083354823,0.035445722167646104,0.18181790165308612,1
2015-04-24,NEOG,17.426856994628906,17.86196517944336,17.426856994628906,17.584396362304688,249271,0.007089166280968229,0.031009502235573416,0.0021376965270965,-0.01595293372742379,0.0014526312386628052,0.0011318332809544982,0.003682465494920637,-0.03297137138820108,0.01944320673732795,0.019094738667139483,0.01465321127229093,-0.015789473684210575,0.631820968808543,0.009040033307459637,0.024743993245465376,0.3620694189950991,0
2015-04-27,NEOG,17.663166046142578,17.764440536499023,17.089271545410156,17.265565872192383,354311,-0.018131443556161808,0.0019590610586390778,-0.019804178030564334,-0.021054914013682535,-0.01708309557948869,-0.015064007033552746,-0.013470244100405713,-0.04972483501360773,0.021961797325928813,0.019899025653210757,0.01492173616190413,0.4213887696523062,0.9416842335511703,-0.022510130568411113,0.03910494426228349,0.2611114093049666,1
2015-04-28,NEOG,17.32933235168457,17.805700302124023,17.0105037689209,17.764440536499023,312189,0.02889419715516639,-0.005042046790253996,0.0021158771157965273,0.002540127458467767,0.012355153231591288,0.013178138835671796,0.0149042353937899,-0.021823125263521488,0.019081587946229037,0.0220833308995716,0.01632004594374881,-0.11888425705100891,0.8621719102116566,0.025108190897623162,0.04476338737317987,0.9481137506236328,0
2015-04-29,NEOG,17.610652923583984,17.723180770874023,17.29182243347168,17.306827545166016,213280,-0.025760056467457604,-0.020174101293373825,-0.022664671158534655,-0.012625643526744779,-0.009701188431216578,-0.010656719068236136,-0.01061429679014149,-0.04622516459280687,0.021987950663662104,0.023597998017604357,0.017173953270048184,-0.31682410334765154,0.6371965264902028,-0.01725236308593018,0.024924171473750357,0.03478572312916748,0
2015-04-30,NEOG,17.243061065673828,17.280569076538086,16.60540008544922,16.706676483154297,526002,-0.034677127303978206,-0.0431793879024831,-0.058549955126103725,-0.03110727152659254,-0.035722026514085695,-0.03925798786514384,-0.04345679343737256,-0.07785062087351634,0.026063685850014603,0.02565657933778204,0.01850572205371091,1.4662509377344337,1.5781484278956175,-0.0311072715265925,0.040413124164441365,0.15000155374693136,0
2015-05-01,NEOG,16.72918128967285,16.935483932495117,16.020254135131836,16.06151580810547,752878,-0.038616937108907234,-0.08660408482737492,-0.05828013215386574,-0.07456232752158487,-0.05637090329744301,-0.07104889711008777,-0.07697611207127823,-0.11126421604065638,0.027211680701155486,0.025617123415777182,0.02016479853744465,0.43132155391044136,2.1011116625988824,-0.03991023051316574,0.056982778481057754,0.045083402105684345,1
2015-05-04,NEOG,16.091522216796875,16.552888870239258,16.091522216796875,16.361589431762695,677697,0.01868277111838923,-0.0523571858067865,-0.05050069567200144,-0.052151221160461,-0.028421292269218225,-0.04890657937226194,-0.057292960604591686,-0.09250542098360151,0.03166738312814754,0.02632356888523411,0.02076627356569799,-0.09985814434742413,1.783922045130769,0.016783198713414136,0.028198156136758534,0.5853635345137645,0
2015-05-05,NEOG,16.26031494140625,16.45911407470703,15.82520580291748,16.009002685546875,383637,-0.02154966347776366,-0.09881751397379535,-0.10336131823489692,-0.07718917949019033,-0.02911735954301705,-0.05931098797267432,-0.07403588140084431,-0.10930056349686415,0.022875788749467916,0.022365747586802473,0.021109537856421445,-0.4339107300165118,1.0005902287025374,-0.015455558933819804,0.039596987035416704,0.28994239515210596,1
2015-05-06,NEOG,16.016504287719727,16.174043655395508,15.85521411895752,16.054014205932617,379905,0.002811638005806527,-0.07238838752878907,-0.09110211815969316,-0.0852746194162769,-0.011364648104075298,-0.04766139102858935,-0.06739585929366729,-0.10403265148360026,0.02469355036224945,0.02276518382146976,0.020859181853937554,-0.009727945948904804,1.0011946184455096,0.0023419541205162014,0.01985980156415756,0.6235309601366368,1
2015-05-07,NEOG,16.065265655517578,16.2940731048584,15.87021827697754,16.091522216796875,298325,0.0023363633782258475,-0.03682086422022324,-0.0784103497436367,-0.0837248986911523,-0.0014896596336515242,-0.03762033578624829,-0.06120755922585963,-0.0989553282484416,0.02266057802626369,0.02303421515697723,0.020883486273962065,-0.2147378950000658,0.7849318346592694,0.0016343683224608937,0.02634025682408241,0.5221220221220201,0
2015-05-08,NEOG,16.30157470703125,16.474119186401367,15.922731399536133,15.95273780822754,261001,-0.008624691107499194,-0.006772586172908546,-0.09279013737286423,-0.09085079800017859,-0.00876335580616864,-0.03651852605747094,-0.064956217054796,-0.10329881625047185,0.014942681525995379,0.02242662391238897,0.020891144184072986,-0.1251118746333697,0.6789408822946033,-0.021398969429207822,0.03456383433951124,0.054419792034207576,1
2015-05-11,NEOG,16.07276725769043,16.316579818725586,15.813953399658203,15.960240364074709,331117,0.0004702989503970745,-0.02452995592890561,-0.07560282227529003,-0.09390974855390144,-0.0033261361067537477,-0.02840569883401354,-0.059959330684516345,-0.09961189298172571,0.01038939863327389,0.022399220190426287,0.020833319196051855,0.2686426488787399,0.8489983564481846,-0.007001090217484453,0.031492409111754785,0.2910451159490171,0
2015-05-12,NEOG,15.907727241516112,16.046512603759766,15.57014274597168,15.892723083496094,294860,-0.004230342340619808,-0.007263388253145875,-0.10536315225673887,-0.10347021062365058,-0.006098995778001889,-0.021365062223552687,-0.0588522774001977,-0.10055066897750563,0.0048834443531306495,0.018514589589293928,0.02067022011063085,-0.10949905924491943,0.7615780933298637,-0.0009431993516245228,0.029974086585751656,0.677163620347941,1
2015-05-13,NEOG,15.956488609313965,16.084020614624023,15.72768211364746,16.009002685546875,255669,0.007316531058892739,-0.00280375486207729,-0.07498918309737457,-0.09595424908056016,0.0017368767900215359,-0.006263215550803529,-0.0471725195971842,-0.09133873626478828,0.006123722411020764,0.018522564174894455,0.0208435447876572,-0.13291392525266232,0.6714737444781199,0.0032910797305528206,0.02225863209444465,0.789475656232605,1
2015-05-14,NEOG,16.09902572631836,16.466617584228516,15.851463317871094,16.41785430908203,383637,0.025538856577510094,0.020279752772209392,-0.017287829471259064,-0.07482558295759278,0.02314164393446875,0.02094606211433543,-0.018961814755451185,-0.06583345748375533,0.013364669544726636,0.01853274095273164,0.021885930133850148,0.5005221595109302,0.993235080030431,0.019804215993173883,0.03746861525121043,0.9207300057671199,1
2015-05-15,NEOG,16.402851104736328,16.691673278808594,16.316579818725586,16.680419921875,547330,0.01599268746389848,0.04561487328351621,0.0385333564505288,-0.021992504809605795,0.03016121536101372,0.03329692281570292,-0.002154118468120906,-0.04866831568623016,0.011969353899272955,0.013867298645645709,0.02064024042931695,0.4266872069169554,1.3958873185627663,0.016921986023425147,0.02248705139557689,0.9699985253512461,1
2015-05-18,NEOG,16.676668167114258,17.085521697998047,16.67291831970215,16.995498657226562,498275,0.018889136893871727,0.0648648309509261,0.03874374357745847,-0.013713538098142353,0.0363677845459806,0.04869692562977577,0.017413453888090992,-0.02908253429680306,0.011506537974299387,0.013891915863068349,0.02097142038341639,-0.08962600259441289,1.265102393887799,0.019118356671569806,0.024277215197828727,0.7818170051265931,1
2015-05-19,NEOG,17.02550506591797,17.25056266784668,16.90172576904297,17.070518493652344,683562,0.0044141003414384095,0.07410910037055518,0.06630742894832653,-0.0439075125514361,0.026201900806205276,0.04647157058155262,0.024307950103438548,-0.023143148676479767,0.008611798221189208,0.01065775964281589,0.019179497761433767,0.37185690632682755,1.7127012022147088,0.0026438820792743394,0.02043504999179876,0.48387290790689536,1
2015-05-20,NEOG,17.119279861450195,17.183046340942383,16.864215850830078,17.119279861450195,337782,0.0028564667099000296,0.0693533006216367,0.0663550961057402,-0.030792111859875848,0.015576322225067333,0.04265186585224935,0.028912812005229393,-0.01902202678950571,0.009695635787455399,0.010656049147844291,0.019097342624331666,-0.505850237432742,0.8450890280432894,0.0,0.018624059697175614,0.7999988035343595,1
2015-05-21,NEOG,17.153038024902344,17.24681282043457,16.90922737121582,17.17554473876953,481213,0.003286638093114913,0.04615039306740343,0.06736606440136006,-0.016326482012839483,0.00983595497548759,0.039217508661071945,0.033179573424354375,-0.014196044327155648,0.007714760824821799,0.010619006483757893,0.018972061124887148,0.4246259421757228,1.170558144360316,0.0013121123986615565,0.019655006834032727,0.788888763333936,1
2015-05-22,NEOG,17.198049545288086,17.348087310791016,17.033008575439453,17.21680450439453,374840,0.0024022391285132283,0.03215653952548925,0.07923822928469715,-0.02090443426867672,0.005917155806876283,0.03380707260467838,0.03680782086052017,-0.00977708555776972,0.007038279171823453,0.009361502318507737,0.01890023770443259,-0.22105180034620842,0.8980881724011113,0.0010905282635136836,0.018300651277717635,0.5833333333333334,0
2015-05-26,NEOG,17.070518493652344,17.078020095825195,16.7216796875,17.014253616333008,278064,-0.011764720219122116,0.0011035250853597134,0.06603993600439773,-0.014555691815704375,-0.00613499078796545,0.015219329176736109,0.02538598660700707,-0.019294131342744318,0.00675165897013577,0.011056529538572056,0.018646378792920585,-0.2581794899156974,0.6723616453738686,-0.0032960262654153113,0.02094364033595471,0.8210517864311522,1
2015-05-27,NEOG,17.02925682067871,17.295574188232422,16.852962493896484,17.21680450439453,272732,0.011904776584914734,0.008569511863191659,0.0833136910485428,-0.03082765432321455,0.003980926043684481,0.019252552223492824,0.039308043478254076,-0.005434342485152654,0.008511422568474291,0.01048396516406275,0.017590707327370777,-0.019175441624949663,0.6626298044438851,0.011013262979749076,0.025708121052484646,0.822034336539456,1
2015-05-28,NEOG,17.22055435180664,17.460615158081055,17.17554473876953,17.423105239868164,336982,0.011982521810070867,0.01774755602320255,0.0883317082330155,0.0067186024936514155,0.012423671375315418,0.022902404927709376,0.051392577582008554,0.00772331699907888,0.00970613633752077,0.010549655679349207,0.01685057049392989,0.2355792499596674,0.8066104418785788,0.011762158402309125,0.016361631028848706,0.8684187636743187,1
2015-05-29,NEOG,17.37059211730957,17.67816925048828,17.32183074951172,17.531883239746094,422828,0.0062433187643853305,0.020746852946807337,0.06785472143261773,0.04939383110841167,0.014543097570599304,0.022600482203637088,0.05532915170062057,0.014957279880533424,0.009774966280888394,0.008699522974069354,0.014706051634169045,0.2547495118433625,1.0247476653271668,0.009285297895850017,0.020325169641143653,0.5894745857063333,1
2015-06-01,NEOG,16.84170913696289,17.726932525634766,16.84170913696289,17.573143005371094,385770,0.002353413210707478,0.020697133482906693,0.05351922119930341,0.09411485287725951,0.012753985210918941,0.019697438307610383,0.05302193925905085,0.018699700593292873,0.009777177463455541,0.008116569874467938,0.011081469789699677,-0.0876432024369247,0.978462760610793,0.04342990740784783,0.05037365190741994,0.8262703830109973,0
2015-06-02,NEOG,17.43060874938965,17.835708618164062,17.419355392456055,17.55438995361328,265800,-0.0010671427275178447,0.03174610826076818,0.03288466597295603,0.07290248461650095,0.005413831320780878,0.015316586604400325,0.048152365953540895,0.019181596299798993,0.005778337675567577,0.006726682009941105,0.010627945957082082,-0.3109884127848199,0.7113295828405253,0.0071013701244351055,0.02371789773431052,0.3243269243983893,1
2015-06-03,NEOG,17.576894760131836,17.816953659057617,17.33308219909668,17.734434127807617,272998,0.010256361780164092,0.030065371496839743,0.03889252891774486,0.10777882146390572,0.009738609897323742,0.021806327931138465,0.05347595574760173,0.031202180873015004,0.005412895884145124,0.007082251829134804,0.00891103287919711,0.027080511662904483,0.7415713550346409,0.00896286686731005,0.027284290915278002,0.8294598088991202,0
2015-06-04,NEOG,17.66691780090332,17.693172454833984,17.190547943115234,17.25806427001953,283129,-0.026861294493808363,-0.009472534750635586,0.00810690693139815,0.07499993762569157,-0.015534095891995937,-0.006435202195774521,0.021525049614314007,0.005784170815615288,0.014627936487918543,0.012041744194912218,0.011436432621227429,0.03711016197920869,0.779334850371199,-0.023142323720037012,0.029124037542953313,0.13432756527018822,1
2015-06-05,NEOG,17.25806427001953,17.4793701171875,17.02175521850586,17.411853790283203,292993,0.008911168590954421,-0.00684635231831654,0.013758460363720637,0.08205137809200691,-0.005399360414602028,0.0010567276839679666,0.026616426579075047,0.01574607669278744,0.015038261010655285,0.012295656527915956,0.011490003414246004,0.03483924288928364,0.8070785510032117,0.008911168590954484,0.026281802282133542,0.8524603829577946,1
2015-06-08,NEOG,17.32933235168457,17.59564971923828,17.265565872192383,17.44561004638672,223677,0.0019386939788315072,-0.007257265188440942,0.013289663708139665,0.09358094241285886,-0.002017084410136921,0.001679792837414156,0.02409961282692564,0.018218833294157785,0.015014325116011524,0.012292482709199139,0.011115150252733234,-0.23657903089834909,0.6193244101207516,0.006709877353748436,0.018920739725823713,0.5454498176922321,1
2015-06-09,NEOG,17.40435028076172,17.66691780090332,17.0930233001709,17.453113555908203,346047,0.00043010874950955014,-0.005769291782437125,0.0257936639168177,0.09353701183560115,-0.00042962989018057016,-0.0004081626232451839,0.020070379549635857,0.01887537397382351,0.01503665113659705,0.011416151335578231,0.011115928665546336,0.5470835177510427,0.9561702459234271,0.002801786585528903,0.032882069946662776,0.6274502635549677,1
2015-06-10,NEOG,17.546886444091797,17.996999740600586,17.453113555908203,17.809452056884766,408964,0.02041690153651321,0.004230071765273902,0.03442262194119494,0.12060418867922706,0.019102803619178117,0.01654996128473672,0.03509916708794024,0.03956838851620138,0.017443156968795948,0.012456223746726716,0.011453595779831599,0.18181634286672033,1.1124802986606082,0.014963658289438414,0.03053918688543411,0.6551710835937199,0
2015-06-11,NEOG,17.768192291259766,17.993247985839844,17.516878128051758,17.809452056884766,348180,0.0,0.03194957315248259,0.02217439495989204,0.11246480537874848,0.012712218461057063,0.014313159148532319,0.02971153541718579,0.039227082101838937,0.008649623866398311,0.012117056105977533,0.011518330139390121,-0.14862921919777783,0.9353639041892713,0.0023221138621566935,0.026748147908566968,0.6141738904126044,0
2015-06-12,NEOG,17.79069709777832,17.9482364654541,17.62940788269043,17.704425811767578,285262,-0.005897219340703197,0.016803036885575384,0.00984164505672247,0.07836416857310291,0.003401366427173284,0.007341624617218942,0.019845920084764147,0.03254257369110355,0.009981563098751423,0.012280942083839114,0.010745377148034044,-0.18070538227353672,0.7766005465513307,-0.004849235841439605,0.018008411351683403,0.23529235812823796,0
2015-06-15,NEOG,17.621904373168945,17.835708618164062,17.351837158203125,17.693172454833984,289528,-0.0006356239424671895,0.014190527461579894,0.006830277852186484,0.060715050202713616,-4.242882790488253e-05,0.006014286453138349,0.01623339955677477,0.031480103892905745,0.01013948963508088,0.01228201707291997,0.010392638727840704,0.014954673247751238,0.8168804504568304,0.004044289434094967,0.02734791972418367,0.705425562107786,1
2015-06-16,NEOG,17.603151321411133,18.04576110839844,17.603151321411133,17.839460372924805,336716,0.008268043419813687,0.02213626902609689,0.0162392666486737,0.049657955481017035,0.003841487962668705,0.012690607328628672,0.022158247121086296,0.0393084366302088,0.010274343073704364,0.012481768533349645,0.009792162940851586,0.16298250946367876,0.9721748035640482,0.01342424701117257,0.024810716116674875,0.533899291116326,0
2015-06-17,NEOG,17.955738067626953,18.113277435302734,17.75318717956543,17.756938934326172,403632,-0.00462578109839451,-0.0029486096703515985,0.0012689892644088818,0.040210872383816154,-0.00021119629005887351,0.007877363125847848,0.015433105274494823,0.03400823685980109,0.005551317745625348,0.012230620810959488,0.009905772607042252,0.19873127502108612,1.214453681336792,-0.011071621369839616,0.020278847444883053,0.010418928868431229,1
2015-06-18,NEOG,17.831958770751953,18.237058639526367,17.764440536499023,18.188297271728516,431892,0.024292381642901262,0.021272143221121587,0.05390135226955728,0.062445232447281285,0.01972579328786679,0.026938899623906803,0.0369309152103802,0.058340800419694805,0.012484510382030403,0.010183400551577352,0.011089941137085559,0.07001427042454522,1.281341567813789,0.01998313845145438,0.025984736007255104,0.8968271264145157,1
2015-06-19,NEOG,18.24081039428711,18.529632568359375,18.139535903930664,18.458364486694336,523069,0.014848405594602099,0.04258475722074184,0.06010334735266065,0.07468873723865999,0.026191767441836832,0.03606544452720368,0.048493623286478646,0.07293609926868133,0.011677716685270234,0.010581976731913328,0.011397706574723077,0.21111064803237856,1.5422705508083836,0.011926777796855064,0.021133869401588158,0.8173066109924068,1
2015-06-22,NEOG,18.62340545654297,18.83720970153809,18.28957176208496,18.55213737487793,396967,0.005080238189639763,0.04854781821839227,0.06342726482759997,0.07755985555522571,0.021647493122940852,0.03490121245319446,0.04983864769016747,0.0771280825796392,0.010816460888289487,0.010497484646397383,0.011397761741020283,-0.24108100460933457,1.1666527068151995,-0.0038268018076146443,0.029518859654128232,0.4794511005851181,0
2015-06-23,NEOG,18.488372802734375,18.604650497436523,18.24456024169922,18.413352966308594,451087,-0.007480777323116916,0.03216984042044202,0.05501822968861236,0.08223101533131638,0.0076357747429959795,0.02168664008539408,0.037876448387632225,0.06807943685338826,0.013299397134521676,0.011252995804837693,0.011126820033048835,0.1363337506644129,1.2928364735414435,-0.004057676531419035,0.01955593076373279,0.4687511586887087,0
2015-06-24,NEOG,18.413352966308594,18.424606323242188,17.985746383666992,18.08702278137207,412164,-0.017722474854721892,0.018589006149466902,0.015585584755820836,0.050544703388797796,-0.013784867483941402,0.0020365537786298906,0.0169885334512262,0.048712330771393884,0.016838325177342083,0.01204336097601227,0.011962375662680495,-0.08628712421328921,1.1581406033000898,-0.017722474854721927,0.02426380200212827,0.23077157100078666,1
2015-06-25,NEOG,18.12078094482422,18.372093200683594,17.996999740600586,18.319580078125,288195,0.012857688054246363,0.007217982224237529,0.028643667397000527,0.05145321835085337,-0.002532463657587739,0.012060190333239183,0.027475080463646044,0.06144378267312264,0.013875803001736799,0.012528630938562083,0.012000288129431115,-0.3007759047369494,0.8153887635668247,0.010970781772932562,0.020475003165105216,0.8599998983000859,0
2015-06-26,NEOG,18.413352966308594,18.47711944580078,18.027006149291992,18.28582191467285,528135,-0.001842736749870011,-0.009347663068732914,0.032839026189645626,0.0430038612861352,-0.0024962987834081032,0.006960964989015035,0.02341792576991734,0.058825087443489486,0.011704501527799081,0.012275405402097655,0.01200659479497264,0.832561286628845,1.4723164448186246,-0.006926009177638053,0.02461542601744418,0.5750013771828348,0
2015-06-29,NEOG,18.188297271728516,18.297073364257812,17.700674057006836,17.730682373046875,264201,-0.0303590149907631,-0.044278186671009356,0.002120022189838755,0.008964780382634485,-0.02403273141162352,-0.023811018728988664,-0.008089325039156051,0.025878064821649536,0.016305988824907088,0.016280514450073353,0.014037543248531379,-0.4997472237212076,0.7492262467536961,-0.025159853715000968,0.03363656822128781,0.0503158130386811,1
2015-06-30,NEOG,17.831958770751953,18.06076431274414,17.78694725036621,17.794448852539062,291127,0.0035963917321717442,-0.033611700970592184,-0.0025231436066337487,0.013675149040218715,-0.013803430200036902,-0.020057413734970386,-0.005190023531980958,0.028897633517333994,0.01727248979609057,0.016093427328196908,0.014048163931912093,0.10191482999685841,0.8226293355870891,-0.002103522035639435,0.015387779899620726,0.027396401479531065,0
2015-07-01,NEOG,18.023256301879883,18.023256301879883,17.52813148498535,17.59189796447754,497209,-0.011382813243615675,-0.02737458911172841,-0.00929444936759849,-0.008037254659655657,-0.01964883627462822,-0.030330601401086628,-0.01612175433565968,0.017494833540868646,0.016474794668336613,0.01644100021402218,0.014112534624446569,0.707876631160971,1.361810879883169,-0.02393342968536444,0.028145048242907766,0.12878869593355624,0
2015-07-02,NEOG,17.618154525756836,17.618154525756836,17.393098831176758,17.456863403320312,282063,-0.0076759518177000885,-0.047092600983514754,-0.04021453231606942,0.011519202280763974,-0.01772904065893938,-0.03387864479762847,-0.024216415019914506,0.00992560700964048,0.012962584747487897,0.013934335738135422,0.012804047950501605,-0.43270737255359415,0.7726580677891629,-0.009154825052801309,0.012892103774912527,0.28332796582877096,1
2015-07-06,NEOG,17.33308219909668,17.573143005371094,17.254314422607422,17.468116760253906,440956,0.000644637966947359,-0.04471798742406019,-0.05364764181324122,0.003231302688867066,-0.007966941662482512,-0.02792854188050053,-0.023740900833972796,0.01056787192366286,0.013372736275395113,0.012442743307019173,0.012655932980720612,0.5633245055182707,1.1839221293500894,0.007790568325134,0.018252029519811704,0.6705871092020723,1
2015-07-07,NEOG,17.483121871948242,17.734434127807617,17.280569076538086,17.55813980102539,469483,0.0051535630318386705,-0.00973129902116876,-0.05357860141756732,0.006450319268828331,-0.0008964180548065067,-0.01748419282546277,-0.019018161169469423,0.01580675732152305,0.007240825778241546,0.012449643851736344,0.012699019119668122,0.06469352951314877,1.2202482248904045,0.004290877202973405,0.02584926742883239,0.6115710467481383,0
2015-07-08,NEOG,17.378095626831055,17.56939125061035,17.20930290222168,17.4381103515625,643572,-0.006836114236650537,-0.020025262031406865,-0.05296387988274165,-0.0008596291027180847,-0.003686035788741286,-0.018846384226406658,-0.025683429705602525,0.008661209698025677,0.006734623333986733,0.012439458664646103,0.01280158801592159,0.37081001868012264,1.6104595339423617,0.003453469587242061,0.020649505085647484,0.6354203082790402,1
2015-07-09,NEOG,17.62940788269043,17.674419403076172,17.423105239868164,17.55438995361328,397234,0.0066681308757954305,-0.0021321184865894516,-0.0294483417308099,-0.014321726600952989,0.0033875667000375313,-0.009335045746516182,-0.018487180305884567,0.01563389000130727,0.006638042405440638,0.012132849526640094,0.011993105884844655,-0.3827668077542218,0.9954901040914851,-0.00425527218930622,0.014316314259401474,0.5223928172979865,1
2015-07-10,NEOG,17.71192741394043,17.895723342895508,17.70817756652832,17.82820701599121,351645,0.015598210083146213,0.021272069563210705,-0.026822288504337877,0.001053090181918126,0.014730972367371043,0.008915292753835477,-0.003229599802994439,0.030854043619491345,0.008236293559014887,0.012552462895597857,0.012532799668402744,-0.11476610763429107,0.8808591335544468,0.006565045087033369,0.010519609526575846,0.6400008136034496,1
2015-07-13,NEOG,17.8507137298584,18.034509658813477,17.82445526123047,17.929481506347656,339115,0.0056805763061651415,0.026411819455175456,-0.01948725137912788,0.012711832452114269,0.015163676223914702,0.016696747593397916,0.001802356323480925,0.035245958832053594,0.007990077584335153,0.012828219641854504,0.01250723658880333,-0.03563252712252418,0.8437805968905162,0.0044125841510474235,0.011715586839956375,0.49999545986978905,1
2015-07-14,NEOG,17.9482364654541,18.345836639404297,17.918230056762695,18.259565353393555,269266,0.018410116708006186,0.039948739463117944,0.02982868731271493,0.0320119469815503,0.025705863442889373,0.03231828216058383,0.018633820988297776,0.051635589070950824,0.009916164959810677,0.009689380613194467,0.013110208688174972,-0.20597437447473566,0.6716765647325527,0.017345931926999285,0.023418223510020764,0.7982461226911223,0
2015-07-15,NEOG,18.308326721191406,18.39459991455078,18.12078094482422,18.184545516967773,180222,-0.004108522572901174,0.042804819464764554,0.021922379707368655,0.019343922788533918,0.012996744258208718,0.02581460573089515,0.013473220887614672,0.04512036106331014,0.008928354918077388,0.009938561039599135,0.013073860514902846,-0.3306915837870359,0.4585081680560584,-0.00676092392869302,0.015057784615571801,0.23287127333519086,1
2015-07-16,NEOG,18.402101516723633,18.50337600708008,18.105775833129883,18.364591598510746,428959,0.009901049293476794,0.04615379099122152,0.04392326715363337,0.034220575203415926,0.013874539855129391,0.03147518209006602,0.021777488090851272,0.0526180226435208,0.008884032662008353,0.008930856031075558,0.013145865897294821,1.3801700125400895,1.0878226897630032,-0.0020383497058093316,0.02165036841780036,0.6509447991672175,0
2015-07-17,NEOG,18.413352966308594,18.447111129760746,18.143285751342773,18.2783203125,683829,-0.004697696953834929,0.02524725543657058,0.047056386373708126,0.004949503487135853,0.004121200629663054,0.021914676009216434,0.016722861930379997,0.045008530576062196,0.009763686859187087,0.00852597541392231,0.012086945848354968,0.5941593485624501,1.680479616754836,-0.007333409295725043,0.016622171688839216,0.44444793209953526,0
2015-07-20,NEOG,18.28582191467285,18.465866088867188,18.038259506225582,18.16954231262207,684362,-0.005951203284447315,0.013389166116679174,0.04015461780998364,-0.01564722455667522,-0.0044802643016716,0.01186495511187524,0.011484642670225052,0.036327063711795324,0.01089251484226153,0.009104997839675975,0.011658007456217291,0.0007794346247380624,1.649106585936923,-0.006359003308321435,0.023534251732062295,0.3070177394965912,1
2015-07-21,NEOG,18.570892333984375,22.078020095825195,18.46961784362793,21.90922737121582,2229309,0.20582164339912157,0.19987671925301176,0.24781028169831099,0.18095435197045484,0.15425657714761212,0.1912628373683648,0.20837858256843902,0.24119201843668037,0.0928137070478548,0.06451294959866002,0.04768016510645195,2.257499685838781,4.40047322710825,0.17976169250210752,0.16469783215349518,0.9532223092626129,1
2015-07-22,NEOG,21.534133911132812,23.51837921142578,21.41035270690918,22.74943733215332,2021095,0.03834959337915134,0.2510313942642175,0.30458156724044994,0.23548586581588782,0.14351972600450288,0.20222802616282926,0.23989327355084272,0.2789530442105615,0.0896350478385135,0.06368652596075261,0.047931183687589946,-0.09339844768042471,3.4542311530855763,0.05643614115319562,0.09266279748981682,0.6352313988344328,0
2015-07-23,NEOG,22.584396362304688,22.86196517944336,21.661664962768555,21.94298553466797,1214630,-0.035449307414102016,0.19485290031973324,0.24999989134634482,0.21318946738250233,0.06468167218831748,0.13332557387292812,0.18350376088196477,0.22527970323200916,0.09656706711372007,0.06662074882587128,0.048660409202145885,-0.3990237965063492,1.9426920014359508,-0.028400618610612455,0.05470086168440648,0.23437517380339837,0
2015-07-24,NEOG,21.90547561645508,22.081769943237305,21.45911407470703,21.579145431518555,1226627,-0.016581157681327285,0.1805868954359673,0.21039347435010702,0.17792795137732043,0.014531116729257821,0.09335211443517247,0.15373819528429042,0.19751383154038948,0.0980649454883225,0.06785645202219763,0.04903610925639189,0.009877081909717367,1.8249251527128652,-0.014897196968021657,0.02885451930922254,0.19277318801290239,1
2015-07-27,NEOG,21.552888870239254,22.235559463500977,21.425355911254883,22.1080265045166,722486,0.02450889793928357,0.21676298302563923,0.2330544247299955,0.20902558319113607,0.002278656563346904,0.09692545208746026,0.17005962371638764,0.2191640522981975,0.09562700795117572,0.0676407845825222,0.04907646270519571,-0.410997801287596,1.05956638330355,0.025756994230313815,0.03664748421034196,0.8425914591082443,0
2015-07-28,NEOG,22.13053321838379,22.21305274963379,21.657913208007812,21.916728973388672,500408,-0.00865285425132123,0.0003423946470475503,0.2002875506188011,0.23609055265155354,-0.0064614928666847996,0.06805343688657649,0.14722714288287295,0.2016748841005901,0.0303186872605429,0.06838305374495317,0.048358582302275195,-0.3073803506227111,0.7213817728740427,-0.009661052577689833,0.025329488825637618,0.4662174930339148,0
2015-07-29,NEOG,21.920480728149418,22.17554473876953,21.45536422729492,21.63916015625,462018,-0.012664700899285508,-0.04880459941460136,0.1899753082120621,0.2160623987610799,-0.00906934402265192,0.037067675177168385,0.1214135904531056,0.18044501958335685,0.021739875956494285,0.06877499012230354,0.048637009684456584,-0.07671739860274018,0.6579349848851734,-0.01283368624019987,0.033281352246316474,0.2552081402185522,0
2015-07-30,NEOG,21.48162078857422,21.695423126220703,21.2678165435791,21.350337982177734,507873,-0.013347198874021249,-0.0270085194903813,0.162581692473309,0.2136460787397374,-0.016959678517396222,0.008790598721061178,0.0957743917002525,0.15927626390526825,0.016926765347853284,0.06952282669333494,0.04868620099390074,0.09924937989428972,0.7226858877086495,-0.006111401355074283,0.020028094309258598,0.1929844907644889,1
2015-07-31,NEOG,21.399099349975582,22.003000259399418,21.361589431762695,21.82670783996582,599317,0.02231205230501443,0.011472298995013785,0.19413094129000363,0.2503224282441461,0.0026881216374383785,0.014293231042368498,0.10780072386501972,0.1791143940282175,0.019250801206049998,0.06910384213952526,0.04855082150308246,0.18005288723755752,0.8339828418429036,0.01998254613415428,0.029386512722833363,0.725148981218252,0
2015-08-03,NEOG,21.875469207763672,22.17554473876953,21.2115535736084,21.549137115478516,488411,-0.012717022032019853,-0.025279931201634187,0.1860032985260558,0.23362680769974942,-0.004953603857293883,-0.014089355754511444,0.08250188839764418,0.1586445437935651,0.015388846374677212,0.06941676989431965,0.04880998771105053,-0.18505398645458082,0.6774142968507116,-0.014917718526894042,0.044734559903501114,0.3501936055748908,0
2015-08-04,NEOG,21.63916015625,21.747936248779297,21.436609268188477,21.504125595092773,504940,-0.0020887852791753314,-0.01882595613592164,-0.018490007395480568,0.22473826036155264,-0.0032339151915806164,-0.014321844313793923,0.06963941161077901,0.15091821843681985,0.015280411204011204,0.022739160334776777,0.04888690001563731,0.03384239912696474,0.6986217805792996,-0.006240286599950358,0.014477546609096484,0.21686628886506357,1
2015-08-05,NEOG,21.594148635864254,22.05926513671875,21.48912239074707,21.766691207885746,422294,0.012210011127022469,0.005893530558251037,-0.04319870025438355,0.2482253391598359,0.00774518089240669,0.0022279167092788786,0.07116814130119709,0.15907463015787102,0.01567667425531635,0.01879218394914357,0.048702066999065464,-0.16367489206638408,0.5933578941748091,0.007990246567763605,0.026193358491028967,0.48684091677010116,0
2015-08-06,NEOG,21.90172576904297,22.115528106689453,21.440359115600582,21.579145431518555,440690,-0.008616182155386398,0.010716806897006492,-0.016581157681327285,0.22927344604628908,-0.00304991980119243,-0.004740133221778636,0.0515253154961798,0.14377398803495195,0.014684975226539014,0.015462571480068805,0.04891224509112649,0.043562068132628085,0.6173211325011052,-0.014728535135818647,0.03128803192098224,0.2055578940231635,0
2015-08-07,NEOG,21.511627197265625,21.51913070678711,20.967742919921875,21.357839584350582,489211,-0.01025554268913409,-0.021481400633251546,-0.01025554268913409,0.19798023240326001,-0.008980776756873745,-0.013940599339484038,0.03186756664759618,0.12734170162070968,0.010030128413777257,0.01489907800445876,0.04913646420022648,0.11010233951303627,0.6787497688181987,-0.007149046025425301,0.025816646140054814,0.7074815106923135,1
2015-08-10,NEOG,21.37659454345703,21.770442962646484,21.21905517578125,21.49662399291992,598784,0.006498054638027551,-0.002436901407104508,-0.02765522790882191,0.19895402359010617,-0.002054751654818288,-0.004723711712759839,0.029699755042504064,0.12993792128927376,0.009670472576470595,0.01235314334389057,0.04913293152587702,0.22397901927798025,0.8160749249849962,0.005614993970104831,0.025649971225567246,0.5034003722075719,0
2015-08-11,NEOG,21.286571502685547,21.654163360595703,21.10277557373047,21.215303421020508,399900,-0.013086732688447511,-0.013431012239724538,-0.03200411672836012,0.1618734077411994,-0.012466406064331345,-0.01454832925760277,0.009080993101522493,0.11089721761526569,0.011256907131207902,0.012664901095500029,0.04935830002528774,-0.33214648353997434,0.540209579432861,-0.0033480300787774946,0.025990096673277334,0.20408113848474158,1
2015-08-12,NEOG,21.076519012451172,21.545385360717773,20.948986053466797,21.41785430908203,313788,0.009547395294890348,-0.016026179425807086,-0.010227099645734095,0.17780531215901418,0.00021019413590255554,-0.004116097300640706,0.01094152737002356,0.11698401626952165,0.010409251078514849,0.012763191590904945,0.04926806444996531,-0.21533383345836454,0.420094315985528,0.01619505082548081,0.027845894301282984,0.7861649903257272,0
2015-08-13,NEOG,21.29782485961914,21.29782485961914,20.172542572021484,20.626407623291016,906173,-0.03695265988691554,-0.04415085904356375,-0.03390720837726424,0.12316179277102401,-0.028101758497525803,-0.037677363358397005,-0.031584836775590076,0.07247342951143969,0.018599138969314064,0.01684129594727444,0.05033790484143861,1.8878510331816387,1.1756155640726005,-0.031525155303588674,0.05455541789676478,0.4033343955306353,1
2015-08-14,NEOG,20.53263282775879,21.076519012451172,20.438859939575195,20.630157470703125,414030,0.00018179837616871808,-0.034070960724915667,-0.05482046940087548,0.12866812256237647,-0.021212989452823572,-0.03209911595476288,-0.03672698007513299,0.06892007408948499,0.018983676849108982,0.014372708795648795,0.050290490230077686,-0.5431004896416027,0.546706116445511,0.004749738806632189,0.030909074435399527,0.2999997008826952,0
2015-08-17,NEOG,20.596399307250977,20.825206756591797,20.322580337524418,20.483871459960938,981888,-0.0070908819261281675,-0.0471121666961537,-0.04943426039794463,0.12737410263389748,-0.018723480758307307,-0.03413510505683149,-0.0486974062624032,0.05797249820890537,0.01752751812475992,0.014168696573747207,0.05030676344839943,1.371538294326498,1.2715567702192818,-0.00546347182395243,0.024537667112871923,0.32089662683428927,1
2015-08-18,NEOG,20.3713436126709,20.930233001708984,20.3713436126709,20.76519012451172,501475,0.013733666758291463,-0.021216443978020583,-0.03436249789899293,-0.052217142454193954,-0.0009384824686725677,-0.01744676516729134,-0.033063826181487066,0.0688372295932691,0.020067798833948408,0.01535907747297205,0.018907043514997515,-0.48927474416634076,0.7312242791978266,0.019333359611874067,0.026914725349822814,0.7046949173944351,0
2015-08-19,NEOG,20.596399307250977,20.855213165283203,20.416353225708008,20.55888938903809,401500,-0.009934931211157405,-0.0401050874493859,-0.0554885355478415,-0.09629020318753911,-0.0026203889817670457,-0.021616909464169116,-0.03776269660503981,0.05484580595903923,0.018588439084694208,0.014429339531673602,0.01632126266874257,-0.199361882446782,0.6638315081549179,-0.0018211881432926812,0.021346480895470626,0.3247873648892466,0
2015-08-20,NEOG,20.442611694335938,20.53263282775879,19.478620529174805,19.53863525390625,690227,-0.04962593629575318,-0.0527368793078864,-0.09455935982673025,-0.10957261385252515,-0.04200533644484109,-0.0610522990963432,-0.08034001432376657,0.0007223774068997238,0.023686180226263964,0.020097139078082582,0.01794400156162336,0.7191207970112079,1.192921904867249,-0.04422020307122272,0.05394503172237997,0.056939302142937284,1
2015-08-21,NEOG,19.23855972290039,20.07501983642578,19.133533477783203,19.80120086669922,593718,0.013438278026121298,-0.040181787520580325,-0.0728837161410254,-0.08239179676793251,-0.02117478614363772,-0.04126255105031464,-0.06406514933927525,0.012105412206163216,0.02583208732278209,0.02137994679879507,0.018233049615824566,-0.13982211649211052,1.085493902577819,0.029245491965237656,0.04754693237953705,0.7091631044751929,0
2015-08-24,NEOG,18.735933303833008,19.636159896850582,17.9894962310791,18.96849250793457,921370,-0.042053427182038305,-0.07397912816375662,-0.11760597784182336,-0.14200878562998986,-0.048076180147988076,-0.07019929402315582,-0.09672232270092222,-0.03170832841193151,0.029961622854198493,0.02331612214279052,0.018796540519717825,0.5518646899706594,1.6544599733435446,0.012412469682200748,0.08681046556982201,0.594533235417445,1
2015-08-25,NEOG,19.632408142089844,19.632408142089844,18.908477783203125,18.983495712280273,519337,0.0007909539642871888,-0.0858019792522049,-0.10519801034421783,-0.13383535766993038,-0.02997663539332955,-0.05917128110126211,-0.08964997484281112,-0.032217364856211746,0.027312589757614754,0.023666805101745698,0.018883371062870344,-0.4363426202285726,0.9309664008352109,-0.0330531244620149,0.03813472343865592,0.10362589185030616,1
2015-08-26,NEOG,19.306076049804688,19.77869415283203,18.95348739624023,19.73368263244629,394568,0.03951784916414125,-0.04013868361156692,-0.07863400564460776,-0.08805690747907124,0.016932724602176062,-0.013759790090821273,-0.049331446293683065,0.004088070773009377,0.037703865881285915,0.028025584103619338,0.02148349563814115,-0.24024669915680952,0.711606859609645,0.02214880856878876,0.04181716975801508,0.9454542512816485,0
2015-08-27,NEOG,19.789947509765625,19.917478561401367,19.212303161621097,19.54988670349121,513472,-0.009313818022637088,0.0005758564730211635,-0.052191391708181656,-0.08432893569129707,0.007344382749255824,-0.01766028459678665,-0.05408352153838803,-0.0070754862975826345,0.029987407970367305,0.026129799406240464,0.02141367627651534,0.30135236511830654,0.9255839495892463,-0.012130441788991746,0.03607056196670132,0.4787227999945878,0
2015-08-28,NEOG,19.39985084533691,19.61740493774414,19.227306365966797,19.48987197875977,323919,-0.003069824681936617,-0.015722727628253552,-0.05527274784803149,-0.10706313926680155,0.007484385051248981,-0.015032336827106894,-0.05162581716862245,-0.011430598483838308,0.029099081574454674,0.02607783900184502,0.02049363921534073,-0.3691593699364327,0.5987580980794746,0.004640300285839404,0.020015450701906946,0.6730750425378041,0
2015-08-31,NEOG,19.362340927124023,19.722431182861328,19.00975227355957,19.369842529296875,402566,-0.006158555048165648,0.021158772696060035,-0.05438566302476622,-0.1011314083948297,-0.0028577793998535617,-0.015555880470942533,-0.05244228460498907,-0.018426363376855687,0.020010171281346165,0.02607263252845631,0.020423495057038304,0.24279835390946491,0.7500868747001309,0.00038743260440904804,0.03679322163945481,0.5052629606930569,0
2015-09-01,NEOG,19.077268600463867,19.403600692749023,18.923480987548828,18.975994110107425,467616,-0.020333072847327216,-0.00039516442527465223,-0.086163237787661,-0.11756495160920499,-0.0230572904858575,-0.026722320383185,-0.0659330437567406,-0.038797686661246666,0.022962526551701196,0.025534088984134323,0.020686888194475613,0.16158841034761995,0.8743324701870494,-0.005308647295241167,0.0253014257073606,0.109375062072699,1
2015-09-02,NEOG,19.283571243286133,19.512378692626953,18.803451538085938,19.40735244750977,639573,0.022731791277938118,-0.016536709899244273,-0.056011631744189216,-0.10839216387290063,0.0025189280211328287,0.0013160239720465077,-0.039120432889803686,-0.017936767036512022,0.01590711029077608,0.027377902351287366,0.0212998380726811,0.3677312153561898,1.1720440304733317,0.006418997947111724,0.03652879270670332,0.8518518518518569,0
2015-09-03,NEOG,19.46736717224121,19.688671112060547,19.144786834716797,19.36609268188477,676364,-0.002125986310425043,-0.009401283209156341,-0.008830840525925976,-0.10255516172579271,0.0022907732164130154,7.753661447967096e-05,-0.035881291669204,-0.02129154464086173,0.015540261443643493,0.022548285889090587,0.021299344919439255,0.05752431700525196,1.2132656602160514,-0.005202269493373016,0.028084357865978026,0.4068987767927346,0
2015-09-04,NEOG,19.062265396118164,19.632408142089844,18.983495712280273,19.336084365844727,295659,-0.001549528680512391,-0.007890642538988524,-0.023489307743789656,-0.09466103584686747,0.002333262560694928,0.0009320180521441035,-0.03250627210103017,-0.02381104336144756,0.015523852233058104,0.021998650609733925,0.02127906778847222,-0.5628699930806489,0.5397242971772266,0.014364450606291681,0.03355966065993225,0.5433532128024173,1
2015-09-08,NEOG,19.681169509887695,19.996248245239254,19.23855972290039,19.943735122680664,328451,0.031425739841583145,0.029628149661814485,0.051413817641973836,-0.07223873249821511,0.027717586639658967,0.027201383944451176,0.0017898786682237328,0.005183732704030143,0.020873873690800477,0.01929746266898949,0.02265753238423815,0.11091155689493637,0.6147547810631773,0.013340955813680557,0.03799130492247641,0.9306929945348907,0
2015-09-09,NEOG,20.063766479492188,20.210052490234375,19.48987197875977,19.54238510131836,394301,-0.020124115111510688,0.02984776386019483,0.02944080466046861,-0.07885431975696333,0.0011914033841469332,0.003640826865791345,-0.014228436660161726,-0.016840178119442054,0.02080800263364669,0.0208947160673223,0.022867975740950657,0.20048652614849694,0.7383917314568031,-0.025986216431832406,0.036852232096583816,0.0729166114910093,1
2015-09-10,NEOG,19.50487518310547,20.176294326782227,19.50487518310547,20.11252784729004,375639,0.02917467560974507,0.03633547655134972,0.019197897417324805,-0.06094571580116137,0.023009106125946897,0.03091593081330003,0.01788221351595134,0.00948864994411498,0.02224736010749991,0.019067815450176814,0.023872194010651465,-0.047329324551548146,0.6993937541089306,0.031153886322271913,0.033383130592767575,0.905027314021766,1
2015-09-11,NEOG,19.96624183654785,20.472618103027344,19.96624183654785,20.333833694458008,302324,0.011003383008256984,0.04997089647714392,0.04009982271799051,-0.014184434545094438,0.02418290536720329,0.03808813513876213,0.029844805942621008,0.017794993536064698,0.021613596636601996,0.018801131503219562,0.022645213083188724,-0.19517409001727726,0.5964176158268739,0.018410668413185595,0.024903137995935572,0.7259263165428063,0
2015-09-14,NEOG,20.423856735229492,20.626407623291016,19.984996795654297,20.056264877319336,375373,-0.013650589520377676,0.037245416282250865,0.02906088347716329,-0.02781813925554244,0.0029261067205362543,0.020965433564017144,0.017265201480977894,0.0012958973187788929,0.023795607758898715,0.019532795069777082,0.02283472559481513,0.24162487926859932,0.7433614473817101,-0.017998160811424524,0.03198057223317086,0.1111114415196679,1
2015-09-15,NEOG,20.123781204223633,20.57764434814453,20.03750991821289,20.431358337402344,210614,0.018702059549840833,0.02444994439216841,0.054802500665657394,-0.0025636326932259035,0.016724547588672468,0.03446967479840681,0.03642818194945159,0.01701309725471555,0.021138030960090922,0.019812127436794467,0.023207494687401877,-0.43892075349052806,0.45157056135752044,0.01528426144457165,0.026436540391093433,0.7291674023433362,1
2015-09-16,NEOG,20.34508514404297,20.543886184692383,20.041259765625,20.4538631439209,345780,0.0011014836188036892,0.04664108489710661,0.07788098084549344,-0.014992734413894038,0.008694018439762814,0.02791756043106185,0.038389743930341017,0.015206670235800473,0.0164335212816596,0.017756527468211696,0.022988609072765617,0.6417712022942443,0.7539599085122047,0.005346647561697712,0.02457366686824482,0.8208947294523017,1
2015-09-17,NEOG,20.483871459960938,21.005250930786133,20.26256561279297,20.76144027709961,351645,0.015037605904297147,0.03226409105491945,0.06977189873024581,0.009852229088285203,0.017351012023201606,0.036322776404939125,0.05346300247002585,0.027084593987932778,0.013011849726880475,0.017188934943148243,0.023127106976212123,0.016961651917404064,0.7709386314038803,0.013550603345721307,0.03577234084344161,0.6717174181585644,0
2015-09-18,NEOG,20.408851623535156,20.941484451293945,20.15753936767578,20.326332092285156,886178,-0.02095751445984162,-0.00036892217599360233,0.049583538929285575,0.040314834078364115,-0.0038969043934878214,0.00976411972957537,0.029327987076784925,0.0028091467250699284,0.017339658542533273,0.019201347006495683,0.020590005344249332,1.5200927071336148,1.901982375427203,-0.0040433206518508775,0.03856795609059786,0.21531192444034616,0
2015-09-21,NEOG,20.176294326782227,20.176294326782227,18.195798873901367,18.514629364013672,1532417,-0.0891308239994325,-0.07686553417276742,-0.042483006708538884,-0.06497441803387016,-0.0787607084480612,-0.07646824525267523,-0.059352604990108845,-0.08719030428029893,0.044238566844850113,0.035546138347781066,0.028782108334272593,0.7292428834839051,2.987992979737288,-0.08235729197124385,0.10696921952595437,0.16098521693070736,0
2015-09-22,NEOG,18.39834976196289,18.54088592529297,17.5618896484375,17.85821533203125,749413,-0.03545380353431615,-0.12594086809493277,-0.10457017092438681,-0.05853270498110952,-0.08807076880515192,-0.099846826303343,-0.09013593728741529,-0.11949100528861492,0.04036956230863064,0.03446956509767712,0.028344696756583708,-0.5109601368295966,1.486162557464104,-0.029357765066969493,0.05482049906182392,0.3026831568201124,1
2015-09-23,NEOG,17.8507137298584,18.2783203125,17.498125076293945,18.027006149291992,784870,0.009451718109703355,-0.11865029982613307,-0.07754319363628437,-0.0503853229924105,-0.05605535343806201,-0.08434473592946098,-0.07929274031916829,-0.11096480078712209,0.04190823607180502,0.03481247884856632,0.028465436722672904,0.047313030331739725,1.5165482822390899,0.009875931130905666,0.04327924613464986,0.677882981662254,1
2015-09-24,NEOG,17.839460372924805,18.31207847595215,17.584396362304688,18.17329216003418,706490,0.008114825586162722,-0.12466129914504165,-0.09641929159676221,-0.0790724418485631,-0.021884023514107478,-0.06773144971500715,-0.06810800335606895,-0.10374048708092443,0.040373654781891165,0.03293560909298383,0.02686508689352915,-0.0998636716908533,1.3251660185484604,0.018713110157526743,0.040041292862046426,0.8092761752486796,1
2015-09-25,NEOG,18.525880813598633,18.85596466064453,18.027006149291992,18.31207847595215,1089861,0.00763682852263714,-0.09909577424928107,-0.09942813779660686,-0.06331536577744035,0.0074288304240558364,-0.05076703127313709,-0.05800175663072663,-0.09684912707392974,0.04312613972309683,0.03271834624272174,0.026947779260948018,0.5426417925236027,1.9394178495287815,-0.0115407380516853,0.04526840098687578,0.3438921523286234,0
2015-09-28,NEOG,18.20705223083496,18.20705223083496,16.466617584228516,16.890472412109375,753678,-0.07763215222726683,-0.08772289846974313,-0.1578455651924503,-0.13337181329273184,-0.05387234058011041,-0.10985037035488289,-0.12528289552338664,-0.1658207051112902,0.03857641788012956,0.03915315876336601,0.03170843061168037,-0.30846410689069526,1.2917818883361907,-0.07231153083066696,0.10304239006119606,0.24353389465516845,0
2015-09-29,NEOG,16.834209442138672,17.13053321838379,16.504125595092773,16.699174880981445,430026,-0.011325765583133252,-0.06490236731387711,-0.18266937492788404,-0.13787761280330735,-0.05228199603410502,-0.10227455650106648,-0.12916760470311997,-0.17406887714246236,0.037267955833930395,0.037275820309417014,0.031725375470517396,-0.4294300749126285,0.7353214767919214,-0.008021437633965385,0.0375112918905009,0.31137757370180685,1
2015-09-30,NEOG,16.90922737121582,17.153038024902344,16.815454483032227,16.875469207763672,469749,0.010557068120952806,-0.06387843505415047,-0.1749495394086844,-0.11069380029080655,-0.02959317633232934,-0.07500306952071309,-0.115127782218449,-0.16117266548337186,0.03743548756056777,0.0379648407947288,0.031788596414279696,0.09237348439396698,0.8030992259201147,-0.0019964344148340075,0.020004394409063875,0.17777740111079093,0
2015-10-01,NEOG,16.84170913696289,16.864215850830078,16.230308532714844,16.440359115600586,577989,-0.025783584847697827,-0.09535603286258587,-0.20813012506966022,-0.1528798603484881,-0.03538893537280003,-0.07699116752853767,-0.13118463986650328,-0.17764273840419215,0.03579560749885452,0.03612355639027552,0.031381335488373255,0.23042092692054683,0.9933795492772467,-0.023830718016703688,0.038557997039961676,0.33135850759741237,1
2015-10-02,NEOG,16.286571502685547,17.205551147460938,16.129032135009766,17.05926513671875,642773,0.03764552932002996,-0.06841458990461524,-0.16073076739735148,-0.11911682873044638,0.0158588583550125,-0.024348365952747166,-0.09294879714656741,-0.14249512132243702,0.043194240520807156,0.04083882597389988,0.032977754730217454,0.11208517809162455,1.1079208117050166,0.04744360308772114,0.06310465332612997,0.8641120044790452,1
2015-10-05,NEOG,17.164291381835938,17.164291381835938,16.71792984008789,17.119279861450195,471882,0.0035180134812646813,0.01354653936007022,-0.07536470080657276,-0.11464598842515894,0.016662216223052882,-0.013039803795400703,-0.08436151811290123,-0.13560278568289355,0.02393419317087497,0.032135894232858425,0.03303145673154363,-0.2658652432507277,0.8011950979387582,-0.002622393164064757,0.026073616726903316,0.8991590534223278,1
2015-10-06,NEOG,17.02175521850586,17.348087310791016,16.920480728149414,17.123031616210938,731550,0.00021915377230263822,0.025381896905111168,-0.04116781560482452,-0.14143306101483122,0.01179134652078526,-0.008621571194894302,-0.0771998200367988,-0.13103890525653514,0.022743274341485497,0.030610495829117006,0.031911736834874076,0.5502816382061617,1.200979893211209,0.005949821061635969,0.02497259785684051,0.47368514958361024,1
2015-10-07,NEOG,17.273067474365234,17.771942138671875,17.0667667388916,17.745685577392578,630242,0.03636353509924928,0.05156694364554659,-0.015605507069206936,-0.09193859984903141,0.037909659083125366,0.02910462991616239,-0.03899089773156159,-0.09561172595006315,0.02681737740958899,0.03299147580490047,0.03317270687032664,-0.13848404073542475,1.0150056049473957,0.027361561791427666,0.039737850459755905,0.9627659142853279,0
2015-10-08,NEOG,17.674419403076172,17.996999740600586,17.36309051513672,17.674419403076172,669166,-0.004015971882607716,0.07506285469789775,-0.02745087420402037,-0.12122337195631916,0.01903117409833828,0.027945676996294733,-0.03648944698564617,-0.09558884619978501,0.020498870690507594,0.03283895387001811,0.03222825718425894,0.061760403146727816,1.052808286959901,0.0,0.035865915083668175,0.4911253463958285,1
2015-10-09,NEOG,17.756938934326172,17.82070541381836,17.4793701171875,17.730682373046875,373773,0.003183299472961032,0.03935792256859605,-0.031749323468047375,-0.12802068515592424,0.014421196306269604,0.03471673172670796,-0.026514977416438636,-0.08933637133175878,0.016221875066693172,0.032719476585388534,0.032058997032518285,-0.4414345618277079,0.5847755409740502,-0.0014786648406240768,0.019251108865936086,0.7362621397199343,1
2015-10-12,NEOG,17.704425811767578,17.959489822387695,17.67816925048828,17.79069709777832,390036,0.0033847949824354906,0.039219946268887584,0.053297780174789144,-0.11296060325285373,0.010094524572249757,0.03279327868742826,-0.017106891029346163,-0.08244992558797905,0.016230883237697544,0.01945161846679557,0.03208030575015349,0.0435103659172813,0.6095202018544582,0.004872865515548116,0.015812790828446235,0.3999986440034442,0
2015-10-13,NEOG,17.67066764831543,18.000749588012695,17.625656127929688,17.67066764831543,438824,-0.006746753587181242,0.031982422527680576,0.05817609398416512,-0.13512027166755225,-0.002920749038363147,0.020072321982853046,-0.016235970235138474,-0.08497976259288867,0.017310227855562653,0.019064852332121438,0.031571785651130065,0.12508588950763522,0.6737486241340815,0.0,0.021226898018127008,0.12000081359931251,1
2015-10-14,NEOG,17.74193572998047,18.038259506225582,17.700674057006836,17.756938934326172,741948,0.004882174670913786,0.0006341460793113374,0.05223379069999279,-0.13185402633322496,0.0018199392616094327,0.019862972745747158,-0.003955579419894278,-0.07693029266495807,0.005171509281563379,0.01899291849905502,0.031632477501604785,0.6907644066869634,1.1055279526705513,0.000845635142300205,0.01901146647332078,0.16666854999096178,1
2015-10-15,NEOG,17.798200607299805,18.297073364257812,17.771942138671875,18.263315200805664,312455,0.02851709229571142,0.033319102840062564,0.1108829845131083,-0.12032522999136241,0.023587271263839037,0.03807774399492043,0.0316770510337857,-0.04713635398420457,0.013071412912440697,0.01676095108216748,0.03225418804750888,-0.5788721042445023,0.4669319720368339,0.026132675081496495,0.02875333529603497,0.9357148045910214,0
2015-10-16,NEOG,18.338335037231445,18.379594802856445,17.78694725036621,18.20705223083496,347913,-0.0030806548182567006,0.02686697825641704,0.0672823292748812,-0.10426277853910326,0.015014048323135127,0.028172026780122195,0.03469227501428846,-0.046717494650911344,0.01376766050944977,0.014243703580555045,0.03206145137223426,0.11348194139956158,0.5417072951419827,-0.007158927248844956,0.03255043952071181,0.7088614113118648,1
2015-10-19,NEOG,18.143285751342773,18.424606323242188,18.038259506225582,18.233308792114254,240740,0.001442109406091907,0.02487882806971098,0.06507452063872554,-0.015194501945915873,0.011486146895285461,0.02321765761811749,0.037013362722974626,-0.042208983880859245,0.013865508117631653,0.014308953553607801,0.025216296816432417,-0.30804540215513654,0.41674391680078327,0.004961782667443149,0.021189067843994214,0.504855423411677,0
2015-10-20,NEOG,18.19955062866211,18.323331832885746,17.813203811645508,18.030757904052734,255936,-0.011108838794477105,0.020377852320233814,0.05301200793102678,0.00966180375885628,-0.003730560499267883,0.006722669906674515,0.02499042145713301,-0.0493875397627911,0.014889060944391087,0.01527007485570234,0.02399603029316792,0.06312204037550884,0.46281788598288537,-0.009274554523535691,0.0282921008620263,0.42646959851039506,1
2015-10-21,NEOG,18.05326271057129,18.420854568481445,17.82820701599121,18.12078094482422,536666,0.004992748571664318,0.020490131313944948,0.021137271129693547,0.0052019062264485605,-0.0027660530912820554,0.009634511976797327,0.029833449389357093,-0.0415138586840095,0.014890538799808093,0.010719612499236439,0.02393166367695124,1.0968757814453611,0.9927507217414621,0.0037399463651184577,0.032705409016023146,0.4936727193146197,1
2015-10-22,NEOG,18.263315200805664,18.349586486816406,17.8657169342041,18.192047119140625,347913,0.0039328423280102776,-0.0039022532810415456,0.029286829980642137,0.001032006690988574,0.001941847766917009,0.010690350298553359,0.03382852537995556,-0.0344493066550424,0.006566010570939549,0.010504555993661697,0.02388019402118035,-0.3517141015082006,0.6656634574174983,-0.003902253281041503,0.026597861661385266,0.6744176879382862,1
2015-10-23,NEOG,18.428356170654297,19.04351043701172,18.379594802856445,18.975994110107425,382571,0.04309284083493692,0.04223318907001361,0.07023484549887371,0.03625561320235415,0.036340542842000896,0.047000153384280964,0.07634863436688719,0.008926582505128467,0.020396938243755398,0.016485802023611613,0.025698136059850437,0.09961685823754785,0.7850968055055342,0.02971713452799435,0.03498713323280616,0.8983058638313329,1
2015-10-26,NEOG,18.825956344604492,19.377344131469727,18.7884464263916,19.261064529418945,550796,0.015022686962138154,0.05636693531725778,0.08264810667954325,0.14035084747600135,0.04023171425668906,0.0541766376194102,0.08522213035786012,0.025576460764171367,0.02012952529378786,0.01661791074227588,0.017663039382438416,0.4397222999129573,1.1543518837155982,0.02311214245108748,0.03057451493289247,0.802547028035446,1
2015-10-27,NEOG,19.227306365966797,19.688671112060547,19.16354179382324,19.50112533569336,538532,0.01246352743939716,0.08154773301626617,0.10358735299695532,0.16778975456464207,0.036731286185872444,0.05672880108202541,0.09014279985850598,0.039446591728889466,0.015923336700032095,0.01580194054740835,0.017177131010024688,-0.02226595690600508,1.1159603516734369,0.014241150815136253,0.026928154616603174,0.6428579211750757,1
2015-10-28,NEOG,19.493623733520508,20.251312255859375,19.46361541748047,20.206302642822266,480680,0.036160852001612565,0.11509005623699275,0.13793839791616325,0.19737723402240115,0.05091695411351713,0.08059862381273783,0.11914413345164196,0.0776759400763902,0.016668807230692112,0.017659417374316803,0.018301032055032133,-0.10742537119428375,0.9949510395207808,0.03655959092286478,0.03898272990871558,0.9428592183640855,1
2015-10-29,NEOG,20.097524642944336,20.49512481689453,20.03375816345215,20.236309051513672,468150,0.001485002438190497,0.1123711871998283,0.10803043308484161,0.2308921544366409,0.03056350855122663,0.0709039562935006,0.10914660078629763,0.07964778506056017,0.017358713992233606,0.017104892575156468,0.01648266399089988,-0.02606723807938749,0.980157541246072,0.006905547376356081,0.022798952727393372,0.4390236844172327,1
2015-10-30,NEOG,20.213802337646484,20.51012802124023,19.92123031616211,20.27381706237793,526002,0.0018535005948356886,0.06839288338412941,0.11351452202914825,0.18843437275267538,0.019003748908599186,0.06128132099988858,0.10149882142956006,0.08080105842236572,0.014114312340992781,0.016738771862206854,0.015287698769700505,0.12357577699455313,1.1149100100415705,0.002968997308322987,0.02904720424704519,0.5987232471368643,1
2015-11-02,NEOG,20.3300838470459,20.8402099609375,20.3300838470459,20.693923950195312,383637,0.020721647360475215,0.07439149682447965,0.13495165283139676,0.2088080875875291,0.025350354171742785,0.0694969731461388,0.11351070356782827,0.10214798507985605,0.014503154176685242,0.01663403761462512,0.015459186638876993,-0.2706548644301733,0.8208307435226204,0.017896635640402562,0.024651009403501112,0.7132355965347182,1
2015-11-03,NEOG,20.663915634155273,21.084020614624023,20.138784408569336,21.005250930786133,571057,0.015044366710736057,0.07713019475546568,0.16496772030114326,0.2267249983291375,0.025490754567739186,0.06915115621132074,0.11857938886636778,0.11630723637322093,0.014456766546414578,0.014344957106687364,0.015338735079533218,0.4885347346580231,1.2431799284143517,0.016518422871736282,0.044999995913846076,0.9166666666666666,0
2015-11-04,NEOG,20.99024772644043,21.14403533935547,20.45011329650879,20.585145950317383,534533,-0.01999999818393161,0.018748769341514926,0.1359966224963971,0.16000849110851956,0.0012771390896872457,0.034788341147578734,0.08798222267142566,0.09212189988261109,0.01571912636310912,0.0180684942458578,0.015490514991722886,-0.06395858907254437,1.1759184136794976,-0.019299523350206068,0.03370984322974794,0.19459340598930774,1
2015-11-05,NEOG,20.630157470703125,20.896474838256836,20.30007553100586,20.80270195007324,471349,0.01056859156019252,0.02798894290049403,0.143505280842519,0.17699492558452024,0.006314479522446162,0.03217887942066724,0.09046586646363884,0.10241360865077828,0.01590547289014547,0.01781954307580005,0.015258368355750559,-0.11820411461967739,1.0599840715326039,0.00836370151876659,0.028669319431790297,0.842768281177537,1
2015-11-06,NEOG,20.67892074584961,21.350337982177734,20.55888938903809,21.264066696166992,451354,0.02217811643896228,0.04884376882470076,0.1205772183940994,0.1992807861975665,0.018871331513215864,0.043227059217537715,0.10442239963005276,0.12481947464146056,0.0172379426483151,0.014979862485250435,0.015512774111324781,-0.04242079647989072,1.0062409347713746,0.028296735478074955,0.03722000144414095,0.8909957175253702,0
2015-11-09,NEOG,21.091522216796875,21.2265567779541,19.133533477783203,20.80270195007324,330051,-0.021696919629062172,0.005256518780088593,0.08003905590470506,0.16930223901519037,-0.0042730068286492544,0.012931083321231857,0.07207413464652102,0.09888809716120764,0.020574410350991716,0.018190410007753788,0.016957607637965316,-0.2687535725838256,0.7407631846413695,-0.013693666287093568,0.10061305041980519,0.7974915865264115,1
2015-11-10,NEOG,20.697673797607425,21.312828063964844,20.660165786743164,21.234058380126953,378572,0.020735596322486227,0.01089286912566556,0.08886323299823973,0.20165569308023445,0.014152600316257013,0.025283423756920755,0.08434772207062374,0.11946938225101948,0.021659328896061973,0.018605463139970607,0.016813793394765394,0.14701061351124523,0.8554472985943166,0.02591521094421402,0.03073657732016547,0.8793101936683003,0
2015-11-11,NEOG,21.33533477783203,21.477869033813477,21.08027076721191,21.12903213500977,253803,-0.004946122085426663,0.026421293587379324,0.0456654296680683,0.1899028437927981,0.003920835521257204,0.015686969321639908,0.06977361290987569,0.11140924739534294,0.01860564546589505,0.01625842186300132,0.01709287465604382,-0.3295779930898217,0.6069874478488433,-0.009669529209197874,0.018817627994552825,0.12263978969184623,0
2015-11-12,NEOG,20.971492767333984,21.035259246826172,20.472618103027344,20.547637939453125,407365,-0.027516366667515335,-0.012261100083646337,0.01538466758670931,0.12507711297380952,-0.021331308760520543,-0.013737066312524781,0.0343558353424469,0.07953229149834595,0.023178176962858822,0.01919592059629972,0.018255518552328764,0.6050440696130464,0.9633088268330807,-0.020210999406826784,0.027382278462212518,0.13333514132874102,0
2015-11-13,NEOG,20.393848419189453,20.61140251159668,19.984996795654297,20.22880744934082,470016,-0.015516649215437273,-0.048685854009891005,-0.0022200857834824284,0.11104242426909017,-0.02692072698328972,-0.028830749957612034,0.013150482277235953,0.0618190216844586,0.019000450569776735,0.019950960668082537,0.018787543041550548,0.15379573601070295,1.0956437637905092,-0.008092683953330683,0.030966022960626626,0.3892216298181885,1
2015-11-16,NEOG,20.236309051513672,20.87771987915039,20.093772888183594,20.851463317871097,343381,0.030780651310740925,0.0023439920407881676,0.007612832059059382,0.14359184915955425,0.002560965559968374,0.00030590652129175243,0.03753337514973753,0.09276407007964461,0.024481075252868276,0.02132075534508551,0.019586878417747516,-0.2694269982298475,0.7909850358727185,0.030398540800670962,0.03759673740954679,0.9665072235982275,1
2015-11-17,NEOG,20.855213165283203,21.515378952026367,20.58139419555664,21.342836380004883,725952,0.02356539944669711,0.00512280779917873,0.016071478999756694,0.1836904745533574,0.025114411847177772,0.022223028160161834,0.05330386092566167,0.11687764007210248,0.02508510510065297,0.0221020162235113,0.019441832617925703,1.114129785864681,1.586367698893621,0.023381358457337926,0.04376104187092648,0.8152618971281069,1
2015-11-18,NEOG,21.361589431762695,21.732933044433594,21.32408142089844,21.665416717529297,462018,0.015114220611587736,0.025386140694573678,0.05247816895829471,0.19561164518781515,0.035273864406015855,0.03233185090839263,0.05995266272664212,0.1312447731712271,0.025443334499640965,0.02101362052902156,0.019473435799272343,-0.3635694921978313,1.0179150475030547,0.014223065504425371,0.01887116360906894,0.8348634981059532,0
2015-11-19,NEOG,21.56039047241211,21.725431442260746,21.200300216674805,21.2528133392334,361243,-0.0190443315111527,0.034319049316431594,0.02163715993434079,0.16824748748987206,0.008759424521076184,0.010504523262631543,0.03203948408153918,0.10838112974202083,0.022864148130885015,0.022243412517995914,0.020450819071525385,-0.21811920747676494,0.7947212327888645,-0.014265842428608863,0.02470878641824475,0.09999999999999933,1
2015-11-20,NEOG,21.41035270690918,21.804201126098633,21.30157470703125,21.52663230895996,320187,0.012883892845427791,0.06415726002975197,0.01234785502437763,0.1344139434304501,0.009321148647139248,0.022247564000572796,0.03890228290302327,0.12126637928518569,0.019095311626140154,0.021505504595201577,0.01876923735634572,-0.11365202924347328,0.7092666279603724,0.005430998902379479,0.02334905023012709,0.44776317636924573,0
2015-11-23,NEOG,21.534133911132812,22.02925682067871,21.33533477783203,21.500375747680664,278064,-0.0012197245208842578,0.03112071416366291,0.03353765291075428,0.1162610308916956,0.0019928053141475043,0.017629212851516425,0.032058279799408375,0.11821649861506835,0.016718294628578594,0.019978801197328422,0.01873209617931947,-0.13155749608822342,0.6351432500840001,-0.0015676582857458684,0.03227487979699778,0.23783791212566827,1
2015-11-24,NEOG,21.33533477783203,22.17554473876953,21.264066696166992,22.115528106689453,514538,0.028611237600121964,0.0362037975143954,0.04151207040984084,0.13406420019314957,0.0232912869433875,0.04239590208058954,0.054967025416745495,0.14819859044156453,0.01811777768574376,0.020869796902787115,0.019376736558916977,0.8504301168076414,1.1785177014257522,0.03656813155179843,0.04121439190623882,0.934154604636758,0
2015-11-25,NEOG,22.276819229125977,22.28056907653809,21.706676483154297,21.95423889160156,254603,-0.007293030232414344,0.013331023254151253,0.03905558718065749,0.08650450701826928,0.013120548817140743,0.030784400888532647,0.042925111466765094,0.13805173118488548,0.01846013527394079,0.020997771043277547,0.01827961188886677,-0.5051813471502591,0.5986521081017532,-0.014480538455986472,0.026140400321658666,0.4313741130332098,1
2015-11-27,NEOG,21.95048713684082,22.40810203552246,21.732933044433594,22.37059211730957,129834,0.01896459393394334,0.052594391162920306,0.08871842998343982,0.10546800112425903,0.02179273582558197,0.04141925636910982,0.0573436622637158,0.15770303976984915,0.014656329026664094,0.018194539281604822,0.01855298109408752,-0.4900531415576407,0.31792607803628964,0.019138754317833,0.030181096126036172,0.9444436597237721,0
2015-11-30,NEOG,22.415603637695312,22.415603637695312,21.819204330444336,22.153038024902344,287661,-0.009725003757897421,0.029099104167894296,0.09512328299037853,0.09269201535865101,0.006098594123121212,0.022135285060890905,0.042431491451461884,0.1442809028509024,0.016995337230545846,0.01741401021775451,0.018840965931502272,1.2156060816119045,0.7255721812668033,-0.011713519610572699,0.026921784117400108,0.5597486288117435,1
2015-12-01,NEOG,22.29182243347168,22.648162841796875,22.13053321838379,22.505626678466797,482279,0.01591604064273744,0.04675504012503473,0.07933080452813934,0.08754756867918156,0.012863385511765793,0.03053828968756456,0.0545278781776286,0.15772007233815835,0.01693649573212053,0.015945780482333777,0.01865440475070922,0.6765533040627683,1.2015132301759124,0.009591151447271769,0.02300000932248422,0.7246367733163342,0
2015-12-02,NEOG,22.509376525878903,22.618154525756836,22.235559463500977,22.276819229125977,342048,-0.01016667754289824,0.007293116477184114,0.043760952503768324,0.06053573473269869,0.0011125368851312714,0.015717190119186212,0.040706524654676494,0.14076401529472313,0.01459671235968745,0.015802075009384717,0.018746724720917762,-0.29076737738943637,0.8771753685254405,-0.010331574332392384,0.0171745821663639,0.10784186649384317,0
2015-12-03,NEOG,22.374343872070312,22.460615158081055,21.51913070678711,21.665416717529297,367108,-0.02744568267615588,-0.01315564504414446,0.0,0.05247816895829471,-0.023829626093539606,-0.012159861569541698,0.009596058047775077,0.10533609244236428,0.019577695722831075,0.01815341860621679,0.01929569771733653,0.07326457105435491,0.9620954196502725,-0.031684824305662114,0.04345563547513945,0.155378042134564,1
2015-12-04,NEOG,21.594148635864254,21.961740493774418,21.594148635864254,21.83795928955078,506007,0.00796396276476341,-0.02380950959928574,0.027532634902372344,0.0497655228615097,-0.011309999872370111,-0.006942205486215423,0.015187688864229314,0.10998835391444935,0.01701395036136141,0.01694996312998965,0.01924879381945115,0.37836004663477785,1.3201185898823962,0.011290588844127822,0.016832701858092203,0.6632645648699663,0
2015-12-07,NEOG,21.736684799194336,21.90922737121582,19.932483673095703,21.612903594970703,608648,-0.010305710876920893,-0.024381957423829315,0.004007653625171637,0.01640499457550093,-0.016689980036475354,-0.017561791771342792,0.00391146233102725,0.09487526704538746,0.01705882337326462,0.01701071887423549,0.01887739551381335,0.20284501993055426,1.5559723689690053,-0.005694576029745839,0.09146127402243644,0.8500949938391502,1
2015-12-08,NEOG,21.440359115600582,21.90922737121582,21.395349502563477,21.75543975830078,288195,0.0065949566981480245,-0.03333330508338117,0.011863235024980101,0.04579875299440084,-0.0034021508924668175,-0.012227898442957604,0.008301130781952283,0.09669030270798258,0.014553230429476148,0.017100670035030928,0.018133801993231023,-0.5264997174064484,0.7407162763274332,0.014695679349462842,0.02362066105587564,0.700731200356321,0
2015-12-09,NEOG,21.7216796875,21.83795928955078,21.387847900390625,21.49287223815918,310856,-0.01206905137559533,-0.03519115466636369,-0.028154691379128072,0.01218861949981509,-0.008307422142559117,-0.02138274857943616,-0.004465192652016457,0.07824314259979767,0.014691649809332664,0.014530307718574751,0.017869487250061513,0.07863078818161306,0.8059730825483555,-0.01053359835116666,0.02094235633900122,0.2333296608302117,1
2015-12-10,NEOG,21.462865829467773,21.706676483154297,21.076519012451172,21.680419921875,346847,0.008726040970124194,0.0006924955352261009,-0.01247225973437438,0.026096216018887564,0.00020764800384701806,-0.011611013100746363,0.002941134221891117,0.08243347599494213,0.010425520771419956,0.014854023353134328,0.0179013047103953,0.11578029698638592,0.8885709344998303,0.010136302119940214,0.02906574102226276,0.9583333333333334,0
2015-12-11,NEOG,21.346586227416992,21.699174880981445,21.192798614501953,21.45536422729492,383904,-0.010380596657770691,-0.01751972595896034,-0.04091209947484942,0.044176673275855505,-0.00666850566085904,-0.01777280256506755,-0.009549524342005561,0.0658597068323397,0.01022829799179913,0.013249729552465674,0.016819817477019744,0.10683961516172835,0.9864700325269622,0.005095803081535095,0.023601382904294598,0.5185187975305688,0
2015-12-14,NEOG,21.474119186401367,21.642911911010746,20.79519844055176,21.33158302307129,463351,-0.005769242736329727,-0.013016324746151997,-0.03708091869420582,0.054515105573680556,-0.009819963644179263,-0.01975317054027531,-0.0177638458089131,0.055231252933569126,0.009657497934253462,0.013121200969356832,0.016412755541566248,0.20694496540801866,1.1916354495800545,-0.006637579036086385,0.03973982941360401,0.6327427854002469,1
2015-12-15,NEOG,21.45911407470703,21.79669952392578,21.14778709411621,21.684171676635746,394835,0.016528949266592763,-0.0032758741012276493,-0.03649998347377781,0.039935248000122936,0.00721307579559148,0.0002249477665974252,-0.003439069560043054,0.06785035908191701,0.012592616521446815,0.013224006604581624,0.015412194787714469,-0.1478706207605034,1.0087532501177157,0.010487739668338898,0.029925626834469324,0.8265900880908417,1
2015-12-16,NEOG,21.79294776916504,22.21680450439453,21.432857513427734,22.078020095825195,493477,0.01816294507637628,0.02722520522999816,-0.008924035844437794,0.03444639235060021,0.019962582823863383,0.019326701134543763,0.012950155904659966,0.08196542739372072,0.012957369200863694,0.01462853876640584,0.015058967807300334,0.24983094203907963,1.2993583345741664,0.013080943875959114,0.03550802959523694,0.8229671008773424,0
2015-12-17,NEOG,22.10052490234375,22.340585708618164,21.64666175842285,21.79294776916504,408964,-0.01291204217691877,0.005190298328885179,0.005886388122530617,0.005886388122530617,0.005747093048230234,0.005573028447885949,-0.00042153519963269575,0.06377521893399621,0.01503762872632535,0.012208897981217852,0.015059030853346454,-0.17126026136983086,1.0844041662286021,-0.013917186787997625,0.03184167454286057,0.210809859929195,0
2015-12-18,NEOG,21.59039878845215,22.003000259399418,21.571643829345703,21.747936248779297,1777422,-0.002065416797328745,0.013636311105461374,-0.004122319287157894,0.02329681730333011,0.0009667488402595966,0.003913111958676175,-0.0036174653842444174,0.0573731216555962,0.013860699835056582,0.011950899357332713,0.014367835644547326,3.3461576080046163,3.9679788472331423,0.007296644303365485,0.01983436152834623,0.40869315292608716,1
2015-12-21,NEOG,20.900224685668945,22.644411087036133,20.630157470703125,22.59564971923828,684895,0.038979030504862955,0.059257988251496974,0.045470342286459964,0.049660225293733706,0.028021463144971857,0.038334284563416275,0.032691649075982585,0.09341594076502126,0.02002789148461885,0.016633523989113812,0.016505728895937734,-0.6146694482233257,1.4691743561670165,0.08111994292252132,0.08914342545406169,0.9757918429921338,0
2015-12-22,NEOG,21.56789207458496,22.17554473876953,20.828956604003903,21.320329666137695,1140781,-0.05644095518150816,-0.016779151905077505,-0.020000059617138688,-0.008374089999910406,-0.02677900477686557,-0.018307444696238923,-0.02519338603850358,0.028190185199042,0.03593418377672722,0.025412498171650522,0.02113879345992272,0.6656290380277268,2.239844229276457,-0.011478284831505935,0.06315981768820234,0.3649022662889535,1
2015-12-23,NEOG,21.399099349975582,21.82295608520508,21.33533477783203,21.785446166992188,583854,0.0218156336294002,-0.013251819119792008,0.013612602614999192,-0.014925347389620924,-0.0028842189128999458,0.0017592765331890215,-0.003175158899109804,0.04646761566484617,0.03650096600904466,0.026128815391103507,0.020701296046092808,-0.4881979976875491,1.138608691531401,0.018054349423684786,0.02238289285586727,0.9230757195271667,1
2015-12-24,NEOG,21.811702728271484,22.01800537109375,21.71792984008789,21.849212646484375,241540,0.0029270219670232134,0.0025817928770033305,0.007785491481143714,-0.004783870925143319,-0.0004804382442802445,0.003912252519221448,-1.7153367649089063e-05,0.04542061866992873,0.036014794235894605,0.026018796461522845,0.020652064733306327,-0.5863006847602312,0.4716423890793913,0.001719715268458694,0.013733928808374828,0.43749920547144144,0
2015-12-28,NEOG,21.770442962646484,21.95048713684082,21.549137115478516,21.781694412231445,302591,-0.0030901907242774085,0.0015522467541739804,0.015209724779287503,-0.02632463646871719,-0.0038768088067279317,-0.0006883946108786846,-0.0017620482042242332,0.038692912972247424,0.03603981382594177,0.025762729424328907,0.020167292521754313,0.2527573072782976,0.5810530180562891,0.0005168222623795972,0.0184260238788828,0.57943760900662,1
2015-12-29,NEOG,21.87921905517578,22.325580596923828,21.511627197265625,21.811702728271484,402566,0.0013776851089779552,-0.034694598327895454,0.022507457823496724,-0.015408058084275478,0.004699544984717856,-0.0015110469776358404,0.0003956752684411313,0.03656035143272302,0.02940349326267652,0.02562777809001245,0.020071055573978657,0.330396475770925,0.7645955885983965,-0.003085865484231034,0.037317279159649844,0.3686642639884147,0
2015-12-30,NEOG,21.84170913696289,22.078020095825195,21.59039878845215,21.72918128967285,415896,-0.0037833561013864703,0.01917660889571149,0.0020756897569484956,-0.03450005635865461,-0.0028573668272432913,-0.005493597856017367,-0.0016114603360477305,0.029218893046834817,0.010442253009764289,0.02519613188543962,0.019698693503334367,0.0331125827814569,0.7949245899069983,-0.005151970781426043,0.022440850433918413,0.2846112323687484,0
2015-12-31,NEOG,21.706676483154297,21.744186401367188,21.16279029846191,21.200300216674805,390569,-0.0243396686671028,-0.026859488937341802,-0.03975537096808612,-0.04832462845699581,-0.02187454520504151,-0.025785971308100165,-0.023496881948334367,0.0011620024728408378,0.010976502650419263,0.025468359140338737,0.020270941470992607,-0.0608974358974359,0.7430700742539267,-0.02332813440475197,0.027423956121526424,0.0645169756478492,0
2016-01-04,NEOG,20.862716674804688,20.896474838256836,20.292573928833008,20.49512481689453,812064,-0.0332625195196824,-0.06197421625660826,-0.05955242796969418,-0.05401658855183211,-0.042445002076788876,-0.05254026229597582,-0.05342660298587858,-0.034304757253620664,0.015234032408224199,0.027045714714017625,0.02068850007544457,1.0791819115188352,1.4822389023827303,-0.017619558547429564,0.029465588271315176,0.33540417790523597,1
2016-01-05,NEOG,20.656414031982425,20.933982849121097,20.49512481689453,20.746437072753903,434558,0.012262050517116707,-0.047528778977644515,-0.046050308616368496,-0.04998279382813753,-0.021235161786232883,-0.03646148729537887,-0.039398366430877026,-0.024810799349388162,0.018771333924339703,0.02763786264628834,0.020825520328149532,-0.464872226819561,0.7983932849112877,0.004358115626075957,0.0211534168825024,0.5726504641702178,1
2016-01-06,NEOG,20.442611694335938,21.10277557373047,20.322580337524418,20.963991165161133,639040,0.010486335154528348,-0.03886498792281723,-0.07221118110571212,-0.030024305941038443,-0.0029968957224081588,-0.018922893157704342,-0.027864739545830384,-0.01642286713965265,0.020462670657060325,0.023888343747231915,0.020926310235445524,0.47055168700150496,1.1708098189801308,0.025504543089748883,0.03721596856530894,0.8221157959843237,0
2016-01-07,NEOG,20.53638458251953,20.69017219543457,20.255064010620117,20.506376266479492,609448,-0.02182861531835245,-0.05627478582336265,-0.0381773364860758,-0.05741384709746944,-0.013283789710835742,-0.03666897011974565,-0.04632320291970434,-0.03901593960538698,0.021172180638195856,0.017656387080803304,0.021322437020218934,-0.04630696044066096,1.0846723520568442,-0.001461226824977849,0.021218189852767775,0.577585677839051,0
2016-01-08,NEOG,20.57014274597168,20.71267890930176,19.913728713989254,19.958740234375,380705,-0.026705646331072086,-0.05856332078369686,-0.08384982885431502,-0.07137864063884536,-0.028021326794107265,-0.05427979836486935,-0.06846866516566498,-0.0650806282329731,0.021558372521869158,0.016479904864414013,0.021902981226895567,-0.37532816581562334,0.6733787275785472,-0.0297228132612941,0.04003009137502941,0.05633833078686414,0
2016-01-11,NEOG,20.123781204223633,20.14253616333008,19.41860580444336,19.752437591552734,426293,-0.010336456128977045,-0.03623726286016982,-0.09596570315173436,-0.08892735183496048,-0.031059129202607665,-0.054662978257916585,-0.0739308073094606,-0.07435079116809776,0.017999158664188452,0.015975504718851712,0.02175881393921705,0.11974626022773549,0.7487525197042563,-0.01845297406597523,0.036650178264393866,0.46113798518237253,1
2016-01-12,NEOG,19.95123863220215,20.131282806396484,19.6699161529541,20.090023040771484,505207,0.017090824747783007,-0.031639843973232384,-0.07766481979978601,-0.06363635555468616,-0.008111389092568092,-0.030658391998229353,-0.055079189846983255,-0.05840158335487234,0.01938249519932194,0.01807159848244255,0.022224758703037393,0.18511680933067165,0.8780058074100439,0.006956180071212821,0.022964963878143254,0.9105705509551902,0
2016-01-13,NEOG,20.15003776550293,20.367591857910156,19.403600692749023,19.486122131347656,487611,-0.030059742002199186,-0.07049559514552095,-0.10662077261439573,-0.08651307733362612,-0.023679737550606057,-0.049126895600548864,-0.07948824367160781,-0.08603094260219325,0.01910510445831023,0.018988722007041586,0.02303055479771726,-0.03482928779688321,0.8456428006308533,-0.03294860495457253,0.04947065191643974,0.08560393661371285,1
2016-01-14,NEOG,19.647411346435547,20.011253356933594,19.32107925415039,19.688671112060547,314055,0.010394524849407949,-0.03987565349396216,-0.09390644545738547,-0.09202567634738434,-0.005381492296123221,-0.029580388745854475,-0.06551544825747793,-0.07565901561044128,0.021271289716606277,0.020088804426050894,0.022778590316590536,-0.35593126488122706,0.5484941059435171,0.0021000102709452045,0.035054377151966756,0.5326074340196214,0
2016-01-15,NEOG,19.08102035522461,20.063766479492188,18.99850082397461,19.61740493774414,616379,-0.0036196538563109115,-0.017102046152340677,-0.07466381432116043,-0.11145089765301652,-0.005552146997248314,-0.02549003065775699,-0.06342893070844072,-0.0778030693764394,0.018500157054292192,0.019461797538105084,0.022146601574994373,0.9626466701692378,1.0650694228091246,0.02811089619600258,0.05430206792887235,0.5809857011383942,0
2016-01-19,NEOG,19.95123863220215,19.95123863220215,18.990997314453125,19.27606964111328,547330,-0.01739961517408073,-0.024116919657712232,-0.059480251360867986,-0.11549048594577471,-0.01811301563870464,-0.036612090701230955,-0.07416245638218076,-0.09273230277581515,0.019418076996082827,0.017700666862066453,0.022246497852691106,-0.11202360885104778,0.9345840671456639,-0.03384095611984289,0.04981520276835673,0.29687571383453537,1
2016-01-20,NEOG,19.099775314331055,19.789947509765625,18.89347267150879,19.553638458251953,604915,0.014399658348746236,-0.026699052630799414,-0.05749414274456022,-0.10089682834390823,0.001498495740513671,-0.016878834277727173,-0.055855399324937716,-0.07858456258225391,0.018685920261207693,0.01795639063677045,0.022695215282962818,0.10521075036997796,1.1478139562860517,0.023762747804700782,0.045846957852414875,0.7364019139977575,0
2016-01-21,NEOG,19.636159896850582,20.011253356933594,19.141035079956055,19.527381896972656,469483,-0.0013427967043246891,0.0021173923342410195,-0.06852746964403877,-0.135790201228569,-0.0002688481475900999,-0.011055813822971841,-0.05008666939035284,-0.07831327742761418,0.012568461257938663,0.017138372348840053,0.020235117418149946,-0.22388600051246865,0.9094202986280234,-0.005539677841764412,0.04456400154249299,0.44396541331959805,1
2016-01-22,NEOG,19.61740493774414,19.981245040893555,19.354839324951172,19.54238510131836,437224,0.0007683162251272968,-0.007429958574125317,-0.04700933761451109,-0.0833919828004902,0.002000120093265917,-0.00544051857846292,-0.04522799742356585,-0.0765064209380429,0.01134946128777863,0.016432465755050307,0.016607480742337852,-0.06871175314122135,0.9088641401685921,-0.003824146805546238,0.03205369829193083,0.29939984836351347,0
2016-01-25,NEOG,19.478620529174805,19.752437591552734,19.186046600341797,19.31732940673828,289794,-0.011516285929955128,-0.01529639276745065,-0.032136839304718,-0.11329199968341375,-0.006481980907679873,-0.01367449190890926,-0.05049871640271241,-0.08548495995088412,0.01224304943274188,0.014790385684197256,0.015493127940113495,-0.33719557938265055,0.6213909582098424,-0.008280418122779479,0.02932035683014075,0.23178830248659715,1
2016-01-26,NEOG,19.42610740661621,19.68492126464844,19.069766998291016,19.57989501953125,278330,0.013592231475919148,0.015761790866845038,-0.008735254634864575,-0.10386267293335472,0.003884769974301885,0.0006133999973292293,-0.03219526514245081,-0.07169304201637831,0.010914989994406958,0.015422849881685541,0.015987818976253614,-0.03955913510976761,0.5944644939191961,0.007916542912897801,0.03141764885581866,0.8292684439318068,0
2016-01-27,NEOG,19.557388305664062,19.827457427978516,18.85221290588379,19.069766998291016,469483,-0.026053664778660668,-0.024745852849536343,-0.05078421465271199,-0.12450488757282152,-0.017394680725433067,-0.020348412060130678,-0.05104995415867159,-0.09461006881733201,0.01481551852945712,0.015898822532364396,0.016629026086092184,0.6867854704846765,0.985175664545507,-0.024932843780159832,0.051140872470131674,0.22307645670230722,0
2016-01-28,NEOG,19.31357765197754,19.40735244750977,18.63090705871582,18.81470489501953,282063,-0.013375208165592345,-0.03649629047627789,-0.03445617510771959,-0.1374032037107933,-0.023364426762262393,-0.030106095081523142,-0.05670839087224743,-0.10551876630627938,0.015066243683071702,0.013711561138891668,0.01658863940520134,-0.3992050830381505,0.5994678042392673,-0.02583015772362236,0.04126800782293869,0.23671701700644235,1
2016-01-29,NEOG,18.85971450805664,19.609901428222656,18.825956344604492,19.5723934173584,569991,0.040271081931209984,0.0015355503376102142,-0.005905817311911976,-0.09925766845801509,0.01564933417948586,0.009557719773213206,-0.013386772534377608,-0.06836400156318026,0.026434447954903045,0.019208178212273195,0.01970311085212044,1.0207932270450217,1.1918835214482826,0.037788425110958604,0.040053613623099234,0.9521547980234202,1
2016-02-01,NEOG,19.437358856201172,20.11252784729004,19.20480155944824,19.872468948364254,444689,0.015331570575304543,0.0287379031509567,0.01300192412959622,-0.06263266344059426,0.025313538055342217,0.02368902105023712,0.005103330206796412,-0.052754628228090954,0.026086646066318855,0.019784489184343192,0.019653550747943362,-0.21983154119977333,0.9246379590009505,0.02238524767598596,0.04567757988201649,0.7355382320186561,0
2016-02-02,NEOG,19.639909744262695,20.045011520385746,19.444860458374023,19.65491485595703,442023,-0.010947512006309168,0.0038314728629007533,0.019653654603722925,-0.04099560107313416,0.013304481671709806,0.010510119706512167,-0.0037832958588445236,-0.0613254881667924,0.026593664577783418,0.01919732407213952,0.01844399826931928,-0.005995201140572393,0.9558679072263855,0.000764011234762385,0.030534401517889453,0.35000254249138524,0
2016-02-03,NEOG,19.748687744140625,19.973743438720703,19.021005630493164,19.27981948852539,314588,-0.01908404946958886,0.011014947914843365,-0.014003479214938941,-0.07069250392659499,-0.008181592433551717,-0.007377116423167085,-0.01914951668929247,-0.07750073533523548,0.02495002174950607,0.01972887014757227,0.018506320845672032,-0.2882994776289921,0.6892321768024652,-0.023741742321807997,0.049416324089267126,0.27165276301327906,0
2016-02-04,NEOG,19.2010498046875,19.69992446899414,19.066017150878903,19.15603828430176,229276,-0.006420247051446726,0.018141841245279622,-0.019016559138860467,-0.08624087210377696,-0.017997971439842386,-0.011860811595641821,-0.020944208405091723,-0.08133937187934968,0.024024647066505284,0.019797153436387913,0.018217867682387482,-0.27118644067796616,0.5259295137097201,-0.002344221844305101,0.03309177548651698,0.14200992929142006,0
2016-02-05,NEOG,19.08477020263672,19.354839324951172,18.39834976196289,18.50337600708008,466550,-0.03407083800602606,-0.05461863490492813,-0.05316695423058593,-0.09767694854373621,-0.040944086646133804,-0.0403843931419464,-0.04943588469882499,-0.11008081426674661,0.01811033283200709,0.02222292370676814,0.019024154003197905,1.0348837209302326,1.0880377761678566,-0.030463777629154407,0.05169270529995676,0.10980385900821149,0
2016-02-08,NEOG,18.263315200805664,18.653413772583008,17.9482364654541,18.195798873901367,569724,-0.016622757547650968,-0.08437150304873908,-0.058058259981097704,-0.08832929031449155,-0.04020419084910004,-0.050814970687497636,-0.06098470801569875,-0.12156167474724774,0.010530222171441022,0.022441089858646193,0.018544961528840324,0.2211424284642589,1.299996531663177,-0.0036968275563309815,0.03875495173451041,0.35106405998117474,0
2016-02-09,NEOG,18.004501342773438,18.488372802734375,17.959489822387695,18.08702278137207,455886,-0.005978088309456786,-0.079770992959034,-0.07624516049090235,-0.08431439423420273,-0.02989573138363307,-0.04908394996963743,-0.0625698215060117,-0.12354039964730473,0.011486054334453233,0.021397105343940466,0.018497697656559016,-0.19981254080923394,1.036740609380687,0.00458337818013243,0.02924101919589438,0.24113643986194808,1
2016-02-10,NEOG,18.28582191467285,18.54463577270508,18.068267822265625,18.124530792236328,504407,0.0020737526190814926,-0.059922173907107745,-0.04956726561679525,-0.09783424561267595,-0.015685494656346173,-0.04235292811080717,-0.05581665998946787,-0.11809370094959941,0.013908199167964713,0.02054749574562405,0.017881116489431158,0.10643230983184382,1.1471876609443403,-0.008820556340817293,0.02628305007727481,0.11810821848699032,0
2016-02-11,NEOG,17.813203811645508,18.180795669555664,17.696924209594727,17.726932525634766,534000,-0.02193702397922903,-0.07460340898556972,-0.057815010942463,-0.09027910190929433,-0.02209896339323886,-0.05794642997510128,-0.07227824379856661,-0.13370870424934522,0.014025772773194013,0.021111347899287317,0.017366405369314962,0.05866889238254025,1.2081188300251464,-0.0048431089052235355,0.027295836956631674,0.06201712339566712,1
2016-02-12,NEOG,17.895723342895508,18.004501342773438,17.588146209716797,17.805700302124023,576123,0.004443395741217548,-0.037705319542179816,-0.09026454136506001,-0.09563727278592637,-0.010134355279898793,-0.044792403864311076,-0.06354191866252742,-0.1258439221603304,0.011491472846371047,0.014413090196698671,0.017145969113745045,0.07888202247191001,1.2658902878824132,-0.00503042202019864,0.023383249520771393,0.5225205002519584,1
2016-02-16,NEOG,17.805700302124023,18.267066955566406,16.87921905517578,18.09827423095703,880580,0.016431475531355932,-0.005359734058404952,-0.08927902828869494,-0.07743790331127243,0.0072227599054367425,-0.019767200510707773,-0.04433685285153678,-0.10781977168596249,0.014195729668435629,0.01462476855466004,0.01779704869337269,0.5284583326824306,1.880283680310777,0.016431475531355932,0.07668399111870657,0.8783780812278734,1
2016-02-17,NEOG,18.259565353393555,18.687171936035156,18.109527587890625,18.447111129760746,535333,0.019274594602342265,0.01990865786709417,-0.06145046849847957,-0.043004540177862705,0.022538239673532155,0.005705378975990754,-0.023780258521517845,-0.08772870510541142,0.016313144120214524,0.017133599834326562,0.018214323507459898,-0.3920677280883055,1.1445511243725188,0.010271097517243779,0.03131353977765207,0.5844141692972207,0
2016-02-18,NEOG,18.443361282348633,18.743436813354492,18.143285751342773,18.19955062866211,318587,-0.013420014622194554,0.004139132609044749,-0.05603106712208672,-0.06924991645319067,0.007977444847131941,-0.001913024982901175,-0.03341796399455317,-0.09672083229452218,0.018152021186538612,0.016749258987074557,0.01795333176524364,-0.4048807004238484,0.7026517252612279,-0.013219426218140854,0.03297614728280998,0.0937511917928378,1
2016-02-19,NEOG,18.16954231262207,18.777193069458008,17.97824478149414,18.57839584350586,299392,0.020816185112126462,0.048032185864068655,-0.030154587927989085,-0.04859771056220896,0.0193456140289923,0.02210121805581493,-0.010804598818261162,-0.07513214610281368,0.014339979066842387,0.01870540185489167,0.018754719579131635,-0.06025041825309885,0.6729389822009176,0.02250213702960286,0.04300415895396815,0.7511763540306389,0
2016-02-22,NEOG,18.7059268951416,19.092273712158203,18.237058639526367,18.293323516845703,351645,-0.015344291781779651,0.027385792552259813,-0.011352117049018728,-0.0639155137920393,-0.0016376690999052711,0.007582176772593701,-0.02273342032028275,-0.08617361548990933,0.01827744707151096,0.015976230348732585,0.01895996765787468,0.1745303815733219,0.7980628346396649,-0.022057360782429973,0.046750120165113644,0.06579032470298564,0
2016-02-23,NEOG,18.293323516845703,18.563390731811523,18.143285751342773,18.150787353515625,381238,-0.007791704071642425,0.0029015541420391866,-0.0024737314749232464,-0.0603883709109263,-0.009984073380010776,-2.0690517056901045e-05,-0.027317158725453084,-0.09025623090077403,0.017878614152647628,0.015245696942974694,0.018891394886705017,0.08415589586088235,0.8563385875056211,-0.007791704071642388,0.023145275865257706,0.017856494261223304,1
2016-02-24,NEOG,17.9482364654541,18.50337600708008,17.9482364654541,18.379594802856445,526268,0.012605924188545004,-0.0036599945882787033,0.016175797698761984,-0.061302689083750805,0.003234896554334773,0.010955450369842445,-0.011877647409736737,-0.07572980515490066,0.016328758028699188,0.015584315931938281,0.01884720076903498,0.38041853120622804,1.1500805411279866,0.02403346636493237,0.03020412297335868,0.7770268645229513,1
2016-02-25,NEOG,18.458364486694336,19.15228843688965,18.28207015991211,19.03976058959961,358577,0.035918408094642196,0.04616652235436347,0.050496744321531395,-0.0015735068338326164,0.029823510462217487,0.04202166640804851,0.023696705988002227,-0.04019964657473087,0.02092570971176615,0.018976655119031405,0.01991959001955864,-0.3186418326784072,0.7932294650777464,0.03149770410722853,0.045705316139998745,0.8706900897544083,0
2016-02-26,NEOG,19.1185302734375,19.302326202392575,18.604650497436523,18.7884464263916,328185,-0.013199439248479106,0.01130617436807202,0.05988142050079959,-0.0013956354231673407,0.013926527853529267,0.022328318333667063,0.010255798457057416,-0.05043377915899464,0.021735401197701773,0.017755313946407517,0.0199133656504176,-0.08475724879175184,0.7223126682749607,-0.017265126676839975,0.037133230131047225,0.2634403457787827,0
2016-02-29,NEOG,18.743436813354492,18.743436813354492,18.263315200805664,18.47336769104004,576922,-0.016769813118182042,0.009842070197279229,0.037497395642246634,-0.05615183094284493,-0.005010326442730404,0.0015454965686389596,-0.003742326372730701,-0.06331784937295051,0.02203425624804551,0.019169349466039837,0.017836230019570118,0.7579170285052639,1.2687979856593248,-0.01440873010663828,0.02598993429777814,0.43749851026132003,1
2016-03-01,NEOG,18.559640884399418,18.93098258972168,18.43585968017578,18.915979385375977,335116,0.0239594480951415,0.04215751179037097,0.04518138823536355,-0.048131390491718884,0.010499764610521567,0.02101556581643343,0.02276531822669506,-0.03779004785134647,0.023005713028542138,0.01985383495919364,0.018391865018247477,-0.4191311823782071,0.7459936200667378,0.01919964417393898,0.026174849287934836,0.969698020316888,1
2016-03-02,NEOG,18.89722442626953,19.268566131591797,18.615903854370117,19.24606132507324,442823,0.017449899525289636,0.047142852250591005,0.04331031507819927,-0.02080159257265246,0.018702345872300782,0.034371517971269853,0.041763944543497675,-0.018456324035497285,0.023321516069568424,0.01971190867816454,0.018781415016835848,0.32140214134807055,0.9856697999603794,0.018459689684310464,0.033911472388971825,0.9655184506535922,1
2016-03-03,NEOG,19.24606132507324,19.414854049682617,18.885971069335938,19.362340927124023,446288,0.006041734986020231,0.016942457653623233,0.06389115435799053,0.004280197677563713,0.02136923910155223,0.03415808230328847,0.04782398642303971,-0.010117422214709213,0.018092717173591833,0.018688755580182438,0.01833491201837185,0.007824796814980273,0.979032392518526,0.006041734986020175,0.0273150329465476,0.9007093733207832,1
2016-03-04,NEOG,19.302326202392575,19.88747215270996,19.212303161621097,19.782445907592773,459885,0.02169701391220924,0.05290482558498977,0.06480915113603825,0.03270026996157904,0.03270022883158483,0.04984474914556679,0.06874716244262377,0.014277593850146599,0.01672084655779314,0.018766329706284193,0.018857143881740816,0.03046687340909915,0.9839712719800067,0.02487367067398782,0.034129702375666524,0.8444445072220974,0
2016-03-07,NEOG,19.714929580688477,19.793697357177734,19.384845733642575,19.72618293762207,386037,-0.002844085621844572,0.06781737188015113,0.07832690541206988,0.06608561216472597,0.016467635059160705,0.03895854055341435,0.06219899511888894,0.013048921428696523,0.011343076871354541,0.017528299592541527,0.016926557833438275,-0.16057927525359605,0.833141973640706,0.0005708038107636378,0.02072634248744555,0.8348681632424579,0
2016-03-08,NEOG,19.647411346435547,19.85371208190918,18.994749069213867,19.028507232666016,519870,-0.03536800338728674,0.005948824800318553,0.04835712424234773,0.045763770227149614,-0.020618570869845896,-0.0023991215880323847,0.022339105172371743,-0.02000556349472342,0.02269918488715895,0.021869202157814495,0.018532895527722894,0.34668438517551436,1.1280478741721152,-0.03150054237968675,0.04514085115519418,0.03930106762830192,1
2016-03-09,NEOG,19.096023559570312,19.41860580444336,18.87846946716309,19.31357765197754,251137,0.014981228733599528,0.0035080594290917144,0.050816291607034714,0.06781408335863359,-0.006636623027341353,0.00761233197939869,0.034247220742185246,-0.0027193708928461373,0.022285760382904782,0.021974253694182332,0.01862638477866388,-0.5169234616346394,0.5573135629714262,0.011392638458397558,0.027966664023274048,0.8055525147693914,0
2016-03-10,NEOG,19.369842529296875,19.5461368560791,18.934734344482425,19.182296752929688,336982,-0.006797337159043071,-0.009298678030305596,0.007486237164554321,0.05836101209011457,-0.011558197695397524,1.960852397246014e-05,0.02431604377686079,-0.006832101400202589,0.022285108157577234,0.019329082892603943,0.018766007363183533,0.3418253781800371,0.7619727692112188,-0.009682359373005982,0.0318732693728814,0.40490904723429,1
2016-03-11,NEOG,19.34733772277832,19.673667907714844,19.12228012084961,19.609901428222656,326318,0.022291630705153276,-0.008722100400329835,0.043721283984245796,0.10622079707614085,0.012275814754528996,0.017952352428341898,0.04191157533591356,0.017627396196202558,0.02244198854821527,0.019704195151297805,0.0182712716336828,-0.03164560718376652,0.755601341436786,0.013571050922174692,0.028117825522145392,0.8843527531599593,0
2016-03-14,NEOG,19.519880294799805,19.763690948486328,18.95348739624023,19.606151580810547,322586,-0.00019122214488609401,-0.006084874970037846,0.06131983668142604,0.1011165665004341,0.013337993178962268,0.011807968203192472,0.03675347326740511,0.019679596894013853,0.022435024114524322,0.01837148567409339,0.01831097053219424,-0.011436696719151263,0.7695488747364103,0.004419662657138594,0.04132394615570968,0.8055558171288676,0
2016-03-15,NEOG,19.512378692626953,19.512378692626953,18.645910263061523,18.735933303833008,373773,-0.04438496118887825,-0.015375558642390486,-0.009518200346642525,0.03523314238355746,-0.028701457741076346,-0.03220185213019876,-0.01093029994829175,-0.023074647586189795,0.02597043233916124,0.023101924700876967,0.0211414206871174,0.15867706596070508,0.9490283182780367,-0.039792451808417235,0.04624634468506392,0.10389650413072143,0
2016-03-16,NEOG,18.70217514038086,18.882221221923828,18.604650497436523,18.735933303833008,320986,0.0,-0.029908718030053127,-0.026505580161258813,0.015656769888825917,-0.022849117623957162,-0.029644919302679235,-0.01168373885680143,-0.02127913682854286,0.024207595269209375,0.022219807128910665,0.020745544790333033,-0.14122742948260036,0.8377975403958048,0.0018050394244923625,0.014814886453002003,0.47297065149422446,1
2016-03-17,NEOG,18.6909236907959,19.452362060546875,18.342086791992188,19.377344131469727,449488,0.03423426083105774,0.010168093062695949,0.0007748652088181984,0.06471552659947188,0.00855102955146308,0.0034964946550101223,0.018985144934317466,0.01367657452913894,0.030043317287568747,0.025028959435601766,0.02171813788751197,0.4003352171122727,1.1534922107043857,0.03672480033781567,0.05729759770078851,0.9324330360210547,0
2016-03-18,NEOG,19.512378692626953,19.512378692626953,18.784696578979492,19.182296752929688,765142,-0.010065743644572689,-0.02180554944950197,-0.030337459658248855,0.032505546469714375,0.002863147158001878,-0.0035073460935241157,0.007129132375461997,0.0053472301613430055,0.028107252568947364,0.02401549884724187,0.021508926114051717,0.7022523404406791,1.8528087120574637,-0.016916540258722638,0.03793508791048825,0.5463926713235391,1
2016-03-21,NEOG,19.19354820251465,19.5723934173584,19.017253875732425,19.328582763671875,282329,0.007626094655210913,-0.014157231009595095,-0.020155960999017508,0.056592190362392936,0.01345241556695042,0.006170221216092776,0.012059107742395903,0.014266282884659314,0.02859100614642163,0.024241238351882535,0.02115445371468921,-0.6310109757404507,0.6894523165587092,0.007035414178371406,0.028721171563046998,0.560811948339303,1
2016-03-22,NEOG,19.219804763793945,19.759939193725582,19.212303161621097,19.606151580810547,424427,0.014360536441417882,0.046446486698343836,0.030356787375990013,0.08018187855707715,0.018709795269188083,0.01755957392982458,0.022696144441296067,0.029212542042488247,0.016670532338047248,0.02153177567419553,0.021141274237913607,0.5033064261907207,1.031021096570822,0.020101495398350634,0.027931847300440234,0.7191791556810967,0
2016-03-23,NEOG,19.343585968017575,19.343585968017575,17.243061065673828,17.276819229125977,1672115,-0.11880619927290559,-0.07787784312877144,-0.10545733470789742,-0.059999993773479865,-0.0884983919464492,-0.09375307525675283,-0.0962070541701604,-0.09070091047029279,0.06040894817829526,0.04362825528852818,0.034531656045367405,2.939699877717487,3.5656626419956274,-0.10684506700612609,0.12158053369005532,0.01607129885224469,0
2016-03-24,NEOG,16.882970809936523,17.14178466796875,16.425355911254883,16.736684799194336,1464434,-0.03126353426335904,-0.13627560693350305,-0.1274931769242823,-0.12096138391904565,-0.091686335244149,-0.11067702364553969,-0.11915663465577757,-0.11600849888966967,0.05394673842579311,0.044101352462990344,0.03385951069093316,-0.1242025817602258,2.7934304786442676,-0.008664707911245717,0.04280589407696525,0.43455666041026053,1
2016-03-28,NEOG,16.785446166992188,16.961740493774414,16.52663230895996,16.84170913696289,604382,0.006275098027394899,-0.12201811107991134,-0.14116298857452547,-0.10361353170181142,-0.062160653611520796,-0.09173669189021989,-0.10906518370484473,-0.1079695401268536,0.05574191141851905,0.042968872715908116,0.03391708009361643,-0.5872931111951785,1.1232780474749653,0.003351890048734104,0.025835156116044724,0.7241344543709068,1
2016-03-29,NEOG,16.785446166992188,18.58589553833008,16.669166564941406,18.267066955566406,1424444,0.08463261103798847,-0.0549194848419301,-0.06829920801768996,-0.011167467617379412,0.029380695975077115,-0.0077020141541553466,-0.03313545438826336,-0.031015458971691858,0.07432894390414979,0.05320057005020888,0.03921180763574425,1.3568603962394645,2.4541265317788716,0.08826818029345912,0.10492811889566118,0.8336600598257753,1
2016-03-30,NEOG,18.488372802734375,18.833457946777344,18.184545516967773,18.724681854248047,812597,0.02505136154560339,-0.044958834625416055,-0.000600527841474463,-0.010113012243808117,0.06575580038590356,0.01721857362358837,-0.00841217686944278,-0.005799471855293683,0.07531474045118704,0.05211645843210523,0.03924738624611782,-0.4295339093709546,1.344686594280692,0.012781495377393216,0.03465545822677635,0.8323716921846939,1
2016-03-31,NEOG,18.754688262939453,19.04726219177246,18.67591857910156,18.885971069335938,472682,0.008613722590501638,0.09313935735908996,0.0080080219687928,-0.018709815460693058,0.055599794348778944,0.025145036658579593,0.0010835691051933884,0.003179864273612987,0.042248987125241416,0.05216549964573662,0.03909295957362841,-0.41830698365856633,0.7802671233227209,0.0069999993898010125,0.019662405036393982,0.5656553204822041,0
2016-04-01,NEOG,18.67591857910156,18.95348739624023,18.330833435058594,18.379594802856445,425760,-0.026812297054805256,0.09816221213302612,-0.051490509836840226,-0.050755542832679024,0.008770129051000138,0.0030911447209957606,-0.02321363542210435,-0.022498502899836185,0.0409612591069342,0.05155107835148275,0.03950515799590571,-0.09926758370320854,0.7040046880733081,-0.01586662390875388,0.03387745855446541,0.07831214581099753,0
2016-04-04,NEOG,18.443361282348633,18.67591857910156,18.072017669677734,18.15829086303711,567591,-0.012040740951750561,0.0781738786347217,-0.05338286145198867,-0.08210082070449598,-0.017574426096973128,-0.0034172637112282623,-0.030791960537746257,-0.03285992190600386,0.04320310691602792,0.0515805087244369,0.03916614189446697,0.3331242953776776,0.9302422011492181,-0.015456532838423133,0.03325758541808145,0.14285985004011226,0
2016-04-05,NEOG,18.01200294494629,18.154539108276367,17.52813148498535,17.576894760131836,397767,-0.032018217314095265,-0.03778232143744664,-0.09062682064990002,-0.10895611098643321,-0.04187453150873077,-0.025961857057592602,-0.056411883251713535,-0.0618618393028652,0.024051777758135193,0.05208848086000633,0.03967935159913311,-0.29920136154378774,0.6512864301614189,-0.024156568602856764,0.03563812788546941,0.07784591587550012,1
2016-04-06,NEOG,17.55063819885254,17.86196517944336,17.29182243347168,17.854463577270508,269533,0.015791686809677907,-0.04647439586697777,-0.08934379581429419,-0.06169919905120258,-0.017422194037116062,-0.0008815856506455555,-0.038480966737350936,-0.045556633104989176,0.021099784227185087,0.05215927439566245,0.039264388905505744,-0.3223847126584156,0.45055557398976115,0.01731135785351856,0.031932784959022555,0.9868425894640354,0
2016-04-07,NEOG,17.689422607421875,18.222055435180664,17.509376525878906,17.674419403076172,521470,-0.010083986752956298,-0.06415088013276116,0.0230135054767433,-0.08487077218101702,-0.014184676782194386,-0.013152351317569573,-0.04395723417653207,-0.053252499681794754,0.018647059622073907,0.03502716765715793,0.03907911497453304,0.9347167137233661,0.8524368919294674,-0.000848145509249595,0.04032262067843193,0.2315809757285581,1
2016-04-08,NEOG,17.82070541381836,18.28957176208496,17.434358596801758,18.01575469970703,509206,0.019312390910642963,-0.01979587183787468,0.07642313372444387,-0.060813471308877154,0.00894883262256256,-0.0012268629534601526,-0.02240944159257399,-0.03387761199699156,0.02134058687602268,0.03316154183768585,0.03940423457535159,-0.02351813143613246,0.8208346397163544,0.010945093438188403,0.04747029361457227,0.6798259504257569,0
2016-04-11,NEOG,18.139535903930664,18.345836639404297,17.618154525756836,17.655664443969727,309256,-0.01998751990906944,-0.027680271389997735,0.048329733068505965,-0.09965562506297876,-0.005619400947718879,-0.025586877223302013,-0.03684224827759132,-0.05200954953940467,0.02237774997142122,0.034321728641720305,0.039144575005715096,-0.39267015706806285,0.49920387203582767,-0.026674963600148514,0.041215221095573094,0.051547121345163364,1
2016-04-12,NEOG,17.63315773010254,18.04576110839844,17.498125076293945,17.925731658935547,274598,0.015296349555287359,0.019846332561252344,-0.01868582939237795,-0.08570881006141484,0.0056394802998049765,-0.008814695111344317,-0.017606609588818933,-0.0358037745470054,0.017852582887250862,0.020869540790117266,0.03938649051409419,-0.11206896551724133,0.44498208553246726,0.01659225949833924,0.030550275019402755,0.78082258575712,1
